{
  "type": "FeatureCollection",
  "features": [
    {
      "type": "Feature",
      "properties": {
        "idx": "1186",
        "nama_kewilayahan": "Lewolema "
      },
      "geometry": {
        "type": "Polygon",
        "coordinates": [
          [
            [
              122.957441947,
              -8.196640374
            ],
            [
              122.957621091,
              -8.19665808
            ],
            [
              122.957800231,
              -8.196658057
            ],
            [
              122.957979362,
              -8.19658711
            ],
            [
              122.958122657,
              -8.196462972
            ],
            [
              122.958265955,
              -8.196356566
            ],
            [
              122.958427167,
              -8.19626789
            ],
            [
              122.958624223,
              -8.196267864
            ],
            [
              122.958803363,
              -8.196267841
            ],
            [
              122.958982492,
              -8.196196893
            ],
            [
              122.959161624,
              -8.196125944
            ],
            [
              122.959304917,
              -8.196001807
            ],
            [
              122.959448212,
              -8.195877672
            ],
            [
              122.959484035,
              -8.195842204
            ],
            [
              122.959800483,
              -8.195655978
            ],
            [
              122.96007515,
              -8.195487503
            ],
            [
              122.960355852,
              -8.195797758
            ],
            [
              122.960552958,
              -8.196116898
            ],
            [
              122.960750026,
              -8.196187798
            ],
            [
              122.960911267,
              -8.196276431
            ],
            [
              122.961090415,
              -8.196311871
            ],
            [
              122.961287471,
              -8.196311844
            ],
            [
              122.961466613,
              -8.19631182
            ],
            [
              122.961663667,
              -8.196311793
            ],
            [
              122.961824906,
              -8.196382695
            ],
            [
              122.961986145,
              -8.196471329
            ],
            [
              122.9621653,
              -8.196559961
            ],
            [
              122.962290715,
              -8.19666633
            ],
            [
              122.962416136,
              -8.196825892
            ],
            [
              122.962487816,
              -8.196985461
            ],
            [
              122.9625595,
              -8.197162761
            ],
            [
              122.962649094,
              -8.197322329
            ],
            [
              122.96273869,
              -8.197499626
            ],
            [
              122.962828284,
              -8.197659193
            ],
            [
              122.962917878,
              -8.197818759
            ],
            [
              122.962989561,
              -8.197996059
            ],
            [
              122.96311498,
              -8.198137888
            ],
            [
              122.963294128,
              -8.198191055
            ],
            [
              122.963312044,
              -8.198208785
            ],
            [
              122.963571999,
              -8.198235999
            ],
            [
              122.963684,
              -8.198312999
            ],
            [
              122.963912999,
              -8.198496999
            ],
            [
              122.964240999,
              -8.198621999
            ],
            [
              122.964454999,
              -8.198957
            ],
            [
              122.964454999,
              -8.199064
            ],
            [
              122.964432,
              -8.19937
            ],
            [
              122.964333,
              -8.199504
            ],
            [
              122.964057,
              -8.199777999
            ],
            [
              122.964036,
              -8.199919999
            ],
            [
              122.964001,
              -8.200118
            ],
            [
              122.964036,
              -8.20035
            ],
            [
              122.964049999,
              -8.20051
            ],
            [
              122.964119,
              -8.200589
            ],
            [
              122.964272,
              -8.200886
            ],
            [
              122.964317,
              -8.2011
            ],
            [
              122.964286999,
              -8.201304
            ],
            [
              122.964264,
              -8.201423998
            ],
            [
              122.964325,
              -8.201544
            ],
            [
              122.964477999,
              -8.201877
            ],
            [
              122.964524,
              -8.202098999
            ],
            [
              122.964557999,
              -8.202115
            ],
            [
              122.96486,
              -8.202115
            ],
            [
              122.965037,
              -8.202079
            ],
            [
              122.965149,
              -8.201956
            ],
            [
              122.965316999,
              -8.201933
            ],
            [
              122.965568999,
              -8.201988
            ],
            [
              122.965721,
              -8.202088999
            ],
            [
              122.965797,
              -8.202239
            ],
            [
              122.966125,
              -8.202855999
            ],
            [
              122.966168,
              -8.203051
            ],
            [
              122.966450999,
              -8.203061
            ],
            [
              122.966834001,
              -8.203015
            ],
            [
              122.967147,
              -8.203002999
            ],
            [
              122.967344999,
              -8.203049
            ],
            [
              122.967518999,
              -8.203153998
            ],
            [
              122.967587,
              -8.203315
            ],
            [
              122.967606,
              -8.203337999
            ],
            [
              122.967758,
              -8.203627
            ],
            [
              122.967766,
              -8.203799
            ],
            [
              122.967717,
              -8.203979
            ],
            [
              122.967763,
              -8.20406
            ],
            [
              122.967867137,
              -8.204446296
            ],
            [
              122.968010564,
              -8.205120057
            ],
            [
              122.968010593,
              -8.205297366
            ],
            [
              122.968046448,
              -8.205456941
            ],
            [
              122.968153963,
              -8.205634236
            ],
            [
              122.968297301,
              -8.205776061
            ],
            [
              122.968422725,
              -8.205917889
            ],
            [
              122.968530235,
              -8.20605972
            ],
            [
              122.968637748,
              -8.206219282
            ],
            [
              122.968727346,
              -8.206378848
            ],
            [
              122.96885277,
              -8.206520674
            ],
            [
              122.968960287,
              -8.206697968
            ],
            [
              122.9690678,
              -8.206857529
            ],
            [
              122.969175311,
              -8.20701709
            ],
            [
              122.969264911,
              -8.207176654
            ],
            [
              122.969336596,
              -8.207353954
            ],
            [
              122.969390367,
              -8.207513523
            ],
            [
              122.969497879,
              -8.207673083
            ],
            [
              122.969659128,
              -8.207779445
            ],
            [
              122.969802461,
              -8.207885808
            ],
            [
              122.969981608,
              -8.207903509
            ],
            [
              122.97010701,
              -8.20790349
            ],
            [
              122.970374999,
              -8.207862
            ],
            [
              122.970448999,
              -8.207923
            ],
            [
              122.970504999,
              -8.207946
            ],
            [
              122.970679999,
              -8.208092
            ],
            [
              122.970682,
              -8.208093999
            ],
            [
              122.970886,
              -8.208221999
            ],
            [
              122.971153,
              -8.208373
            ],
            [
              122.97142,
              -8.208605
            ],
            [
              122.971462,
              -8.208642
            ],
            [
              122.971837,
              -8.208739
            ],
            [
              122.97184,
              -8.208739
            ],
            [
              122.972107,
              -8.208789001
            ],
            [
              122.972221,
              -8.208874001
            ],
            [
              122.972237,
              -8.208973
            ],
            [
              122.97229,
              -8.209329
            ],
            [
              122.97242,
              -8.209384
            ],
            [
              122.972741467,
              -8.210063694
            ],
            [
              122.972996695,
              -8.210088913
            ],
            [
              122.973251937,
              -8.210189916
            ],
            [
              122.973456139,
              -8.210316188
            ],
            [
              122.973711379,
              -8.21041719
            ],
            [
              122.973941103,
              -8.210543456
            ],
            [
              122.974119795,
              -8.210745512
            ],
            [
              122.974298487,
              -8.210947567
            ],
            [
              122.974553727,
              -8.211048567
            ],
            [
              122.974808958,
              -8.211099047
            ],
            [
              122.975038676,
              -8.211200048
            ],
            [
              122.975293921,
              -8.211326308
            ],
            [
              122.975498125,
              -8.211477836
            ],
            [
              122.975727856,
              -8.211654621
            ],
            [
              122.975983092,
              -8.211730356
            ],
            [
              122.976238322,
              -8.211780833
            ],
            [
              122.976493553,
              -8.211831309
            ],
            [
              122.97672328,
              -8.211982831
            ],
            [
              122.976953,
              -8.212083831
            ],
            [
              122.97720825,
              -8.21223535
            ],
            [
              122.977412454,
              -8.212386875
            ],
            [
              122.9776677,
              -8.212513131
            ],
            [
              122.977820872,
              -8.212715187
            ],
            [
              122.977974048,
              -8.212942504
            ],
            [
              122.978152742,
              -8.213144555
            ],
            [
              122.978382477,
              -8.213321338
            ],
            [
              122.978586689,
              -8.213498122
            ],
            [
              122.978739865,
              -8.213725438
            ],
            [
              122.978841995,
              -8.213927505
            ],
            [
              122.979097268,
              -8.214180062
            ],
            [
              122.97927597,
              -8.214407375
            ],
            [
              122.979378094,
              -8.214584179
            ],
            [
              122.979556801,
              -8.214836752
            ],
            [
              122.979633419,
              -8.215089345
            ],
            [
              122.979710035,
              -8.215341937
            ],
            [
              122.979735607,
              -8.215594539
            ],
            [
              122.979735657,
              -8.215847146
            ],
            [
              122.979710188,
              -8.216125017
            ],
            [
              122.979480506,
              -8.216251364
            ],
            [
              122.979225302,
              -8.216377712
            ],
            [
              122.978995622,
              -8.216504058
            ],
            [
              122.978842523,
              -8.216706168
            ],
            [
              122.978740481,
              -8.216958794
            ],
            [
              122.978663962,
              -8.217211416
            ],
            [
              122.978638444,
              -8.217236681
            ],
            [
              122.978536461,
              -8.217792438
            ],
            [
              122.978281247,
              -8.217868264
            ],
            [
              122.978153638,
              -8.217893547
            ],
            [
              122.977609,
              -8.217958
            ],
            [
              122.977178999,
              -8.217946
            ],
            [
              122.976494,
              -8.217946
            ],
            [
              122.976122999,
              -8.217946
            ],
            [
              122.975751,
              -8.218005001
            ],
            [
              122.975541999,
              -8.218051
            ],
            [
              122.975321999,
              -8.218154999
            ],
            [
              122.974996,
              -8.218398999
            ],
            [
              122.974752999,
              -8.218573
            ],
            [
              122.974416,
              -8.218654999
            ],
            [
              122.974068,
              -8.218846
            ],
            [
              122.973533,
              -8.219101999
            ],
            [
              122.973068999,
              -8.219357
            ],
            [
              122.972824999,
              -8.219530999
            ],
            [
              122.972326,
              -8.219775
            ],
            [
              122.971826999,
              -8.220065999
            ],
            [
              122.971351,
              -8.220437
            ],
            [
              122.970944,
              -8.220751001
            ],
            [
              122.970712,
              -8.221006
            ],
            [
              122.970456999,
              -8.221401
            ],
            [
              122.970212999,
              -8.221784
            ],
            [
              122.970015,
              -8.222073998
            ],
            [
              122.969863999,
              -8.222358999
            ],
            [
              122.969748,
              -8.222661
            ],
            [
              122.969655,
              -8.222881
            ],
            [
              122.969597,
              -8.223125001
            ],
            [
              122.969492999,
              -8.223321998
            ],
            [
              122.969353,
              -8.223496998
            ],
            [
              122.969203,
              -8.223624
            ],
            [
              122.968969999,
              -8.223728999
            ],
            [
              122.96839,
              -8.223972999
            ],
            [
              122.968041,
              -8.224134999
            ],
            [
              122.96774,
              -8.224308999
            ],
            [
              122.967425999,
              -8.224576
            ],
            [
              122.967147,
              -8.22496
            ],
            [
              122.966927,
              -8.225261
            ],
            [
              122.966798999,
              -8.225529
            ],
            [
              122.96666,
              -8.226034
            ],
            [
              122.966589999,
              -8.226312
            ],
            [
              122.966439,
              -8.226590999
            ],
            [
              122.966335,
              -8.226903999
            ],
            [
              122.966194999,
              -8.227148
            ],
            [
              122.966126,
              -8.22745
            ],
            [
              122.965951,
              -8.227845
            ],
            [
              122.9658,
              -8.228227999
            ],
            [
              122.965638,
              -8.228472
            ],
            [
              122.965393999,
              -8.228726999
            ],
            [
              122.965080999,
              -8.228948
            ],
            [
              122.964883,
              -8.229082
            ],
            [
              122.964523,
              -8.229314
            ],
            [
              122.964337,
              -8.229464999
            ],
            [
              122.964127999,
              -8.229522999
            ],
            [
              122.963930999,
              -8.229569001
            ],
            [
              122.963489999,
              -8.229546
            ],
            [
              122.963268999,
              -8.229581
            ],
            [
              122.962920999,
              -8.229709
            ],
            [
              122.962514999,
              -8.229801
            ],
            [
              122.962282,
              -8.229858998
            ],
            [
              122.961863999,
              -8.230034
            ],
            [
              122.961353,
              -8.230149999
            ],
            [
              122.961052,
              -8.230231
            ],
            [
              122.960819,
              -8.230358999
            ],
            [
              122.960621999,
              -8.230521
            ],
            [
              122.960343,
              -8.2308
            ],
            [
              122.960018,
              -8.231159999
            ],
            [
              122.959785999,
              -8.231462
            ],
            [
              122.959622999,
              -8.231671
            ],
            [
              122.959438,
              -8.231845
            ],
            [
              122.959182,
              -8.232019
            ],
            [
              122.958834,
              -8.232245999
            ],
            [
              122.958311,
              -8.232513
            ],
            [
              122.957846999,
              -8.232722
            ],
            [
              122.957416999,
              -8.232895999
            ],
            [
              122.957010999,
              -8.233046998
            ],
            [
              122.956754999,
              -8.233150999
            ],
            [
              122.956511999,
              -8.233174
            ],
            [
              122.956152,
              -8.233150999
            ],
            [
              122.95585,
              -8.233116
            ],
            [
              122.955478,
              -8.233116
            ],
            [
              122.955199999,
              -8.233150999
            ],
            [
              122.955036999,
              -8.233150999
            ],
            [
              122.954874,
              -8.233116
            ],
            [
              122.954445,
              -8.233128
            ],
            [
              122.954188999,
              -8.233070001
            ],
            [
              122.953736999,
              -8.232988999
            ],
            [
              122.953538999,
              -8.232895999
            ],
            [
              122.953202001,
              -8.232826001
            ],
            [
              122.952448,
              -8.232715999
            ],
            [
              122.952146,
              -8.23289
            ],
            [
              122.951936999,
              -8.232983
            ],
            [
              122.951716,
              -8.233018
            ],
            [
              122.951403,
              -8.233202999
            ],
            [
              122.951042999,
              -8.233366
            ],
            [
              122.950706,
              -8.233505
            ],
            [
              122.950393,
              -8.233551998
            ],
            [
              122.949963,
              -8.233597999
            ],
            [
              122.94951,
              -8.233632999
            ],
            [
              122.949081,
              -8.233645
            ],
            [
              122.948779,
              -8.233621
            ],
            [
              122.948593,
              -8.23361
            ],
            [
              122.948384,
              -8.233551998
            ],
            [
              122.947757,
              -8.233597999
            ],
            [
              122.947223,
              -8.233621
            ],
            [
              122.946688999,
              -8.233591999
            ],
            [
              122.94612,
              -8.233604
            ],
            [
              122.945677999,
              -8.233616
            ],
            [
              122.945156,
              -8.233697
            ],
            [
              122.944726,
              -8.233801
            ],
            [
              122.94425,
              -8.233941
            ],
            [
              122.943821,
              -8.234115
            ],
            [
              122.943356,
              -8.234324
            ],
            [
              122.943146999,
              -8.234475
            ],
            [
              122.942694,
              -8.234869999
            ],
            [
              122.942369,
              -8.235194999
            ],
            [
              122.942195,
              -8.235381
            ],
            [
              122.941963,
              -8.235822
            ],
            [
              122.941834999,
              -8.236008
            ],
            [
              122.941335999,
              -8.236471999
            ],
            [
              122.940779,
              -8.237022999
            ],
            [
              122.940314,
              -8.237417999
            ],
            [
              122.939757,
              -8.237825
            ],
            [
              122.938955999,
              -8.238382001
            ],
            [
              122.938828,
              -8.238614001
            ],
            [
              122.938595999,
              -8.238846
            ],
            [
              122.938352,
              -8.239079001
            ],
            [
              122.938154999,
              -8.239346
            ],
            [
              122.938037999,
              -8.239555
            ],
            [
              122.937946,
              -8.239844999
            ],
            [
              122.937748,
              -8.240176001
            ],
            [
              122.937538999,
              -8.240396999
            ],
            [
              122.937318999,
              -8.240629
            ],
            [
              122.93704,
              -8.240884001
            ],
            [
              122.936749999,
              -8.241105
            ],
            [
              122.93639,
              -8.241349001
            ],
            [
              122.935856,
              -8.241651
            ],
            [
              122.935542,
              -8.241825
            ],
            [
              122.935356,
              -8.241963999
            ],
            [
              122.935054,
              -8.242219
            ],
            [
              122.934717999,
              -8.242498
            ],
            [
              122.934416,
              -8.242707
            ],
            [
              122.934194999,
              -8.242834999
            ],
            [
              122.934032999,
              -8.242938998
            ],
            [
              122.93387,
              -8.243113999
            ],
            [
              122.933731,
              -8.243322999
            ],
            [
              122.933625999,
              -8.243595
            ],
            [
              122.93358,
              -8.24392
            ],
            [
              122.933567999,
              -8.244362
            ],
            [
              122.93351,
              -8.244838
            ],
            [
              122.933439999,
              -8.245291
            ],
            [
              122.933417,
              -8.245568999
            ],
            [
              122.933417,
              -8.245870999
            ],
            [
              122.933393999,
              -8.246196
            ],
            [
              122.933417,
              -8.24651
            ],
            [
              122.933451999,
              -8.246764998
            ],
            [
              122.933603001,
              -8.247177
            ],
            [
              122.933766,
              -8.247478999
            ],
            [
              122.933857999,
              -8.247769999
            ],
            [
              122.933928,
              -8.247919999
            ],
            [
              122.934044,
              -8.248153
            ],
            [
              122.93416,
              -8.248489
            ],
            [
              122.934265,
              -8.248872999
            ],
            [
              122.934345999,
              -8.249267
            ],
            [
              122.934368999,
              -8.249569
            ],
            [
              122.934393,
              -8.249836
            ],
            [
              122.934426999,
              -8.250114999
            ],
            [
              122.934426999,
              -8.250295
            ],
            [
              122.934275999,
              -8.250632
            ],
            [
              122.934067,
              -8.250909998
            ],
            [
              122.933905,
              -8.251166
            ],
            [
              122.933835,
              -8.251397999
            ],
            [
              122.933731,
              -8.251677
            ],
            [
              122.933638,
              -8.252071
            ],
            [
              122.933557,
              -8.252548
            ],
            [
              122.933429,
              -8.252907001
            ],
            [
              122.933406,
              -8.253279001
            ],
            [
              122.933417,
              -8.253580999
            ],
            [
              122.933475,
              -8.253841999
            ],
            [
              122.933567999,
              -8.254109
            ],
            [
              122.933696,
              -8.254329999
            ],
            [
              122.933766,
              -8.254654999
            ],
            [
              122.933881999,
              -8.255108
            ],
            [
              122.933928,
              -8.255397999
            ],
            [
              122.933998,
              -8.255676998
            ],
            [
              122.933962999,
              -8.256083
            ],
            [
              122.933951,
              -8.256362001
            ],
            [
              122.933916,
              -8.256594
            ],
            [
              122.933857999,
              -8.256941999
            ],
            [
              122.933812,
              -8.257401
            ],
            [
              122.933799999,
              -8.257795999
            ],
            [
              122.933812,
              -8.257969999
            ],
            [
              122.933916,
              -8.258132
            ],
            [
              122.933998,
              -8.258376
            ],
            [
              122.934067,
              -8.258631998
            ],
            [
              122.934067,
              -8.258910001
            ],
            [
              122.933974999,
              -8.259235
            ],
            [
              122.933812,
              -8.259664999
            ],
            [
              122.933706999,
              -8.260118
            ],
            [
              122.933614999,
              -8.260407999
            ],
            [
              122.93358,
              -8.260819999
            ],
            [
              122.93358,
              -8.261365999
            ],
            [
              122.933638,
              -8.261621998
            ],
            [
              122.933777,
              -8.261957999
            ],
            [
              122.933962999,
              -8.262272
            ],
            [
              122.934091,
              -8.262492
            ],
            [
              122.934149,
              -8.262725
            ],
            [
              122.934149,
              -8.263154
            ],
            [
              122.93416,
              -8.263514
            ],
            [
              122.934113999,
              -8.263827998
            ],
            [
              122.934055999,
              -8.264147001
            ],
            [
              122.933928,
              -8.264553
            ],
            [
              122.933857999,
              -8.264854999
            ],
            [
              122.933847,
              -8.265086999
            ],
            [
              122.933847,
              -8.265296001
            ],
            [
              122.933881999,
              -8.265400999
            ],
            [
              122.933998,
              -8.265703001
            ],
            [
              122.934101999,
              -8.265982
            ],
            [
              122.934149,
              -8.26633
            ],
            [
              122.934218,
              -8.266516
            ],
            [
              122.934345999,
              -8.266689999
            ],
            [
              122.934474,
              -8.267050001
            ],
            [
              122.934519999,
              -8.267269999
            ],
            [
              122.934497,
              -8.267531999
            ],
            [
              122.934393,
              -8.267892
            ],
            [
              122.934275999,
              -8.268227999
            ],
            [
              122.934229999,
              -8.268472
            ],
            [
              122.934194999,
              -8.268936999
            ],
            [
              122.934125,
              -8.269482
            ],
            [
              122.934067,
              -8.269981999
            ],
            [
              122.933928,
              -8.27062
            ],
            [
              122.934456,
              -8.270653
            ],
            [
              122.933777,
              -8.271497
            ],
            [
              122.933847,
              -8.271879998
            ],
            [
              122.933928,
              -8.272088999
            ],
            [
              122.934020999,
              -8.27224
            ],
            [
              122.934067,
              -8.272600001
            ],
            [
              122.934055999,
              -8.272994998
            ],
            [
              122.933986,
              -8.273529
            ],
            [
              122.933905,
              -8.274051
            ],
            [
              122.933835,
              -8.274590999
            ],
            [
              122.933835,
              -8.274893
            ],
            [
              122.93387,
              -8.275078999
            ],
            [
              122.933974999,
              -8.275265
            ],
            [
              122.933986,
              -8.275589999
            ],
            [
              122.934055999,
              -8.276066
            ],
            [
              122.934113999,
              -8.276426
            ],
            [
              122.934113999,
              -8.276704
            ],
            [
              122.934044,
              -8.27696
            ],
            [
              122.933905,
              -8.277262001
            ],
            [
              122.933754,
              -8.277511
            ],
            [
              122.933649,
              -8.27786
            ],
            [
              122.933557,
              -8.278230999
            ],
            [
              122.933464,
              -8.278609999
            ],
            [
              122.933451999,
              -8.278661
            ],
            [
              122.933451999,
              -8.278881
            ],
            [
              122.933475,
              -8.279600999
            ],
            [
              122.93351,
              -8.27981
            ],
            [
              122.933661,
              -8.280088999
            ],
            [
              122.933824,
              -8.280507
            ],
            [
              122.933939999,
              -8.280901999
            ],
            [
              122.933998,
              -8.281233
            ],
            [
              122.934032999,
              -8.281441999
            ],
            [
              122.934008999,
              -8.281651
            ],
            [
              122.933916,
              -8.282021998
            ],
            [
              122.933847,
              -8.282371
            ],
            [
              122.933857999,
              -8.282579999
            ],
            [
              122.933928,
              -8.282834999
            ],
            [
              122.934067,
              -8.283252999
            ],
            [
              122.934149,
              -8.283648
            ],
            [
              122.934207,
              -8.284042999
            ],
            [
              122.934184,
              -8.284286
            ],
            [
              122.934091,
              -8.284594001
            ],
            [
              122.933986,
              -8.284651999
            ],
            [
              122.933893,
              -8.284757001
            ],
            [
              122.933754,
              -8.284896
            ],
            [
              122.933557,
              -8.285082001
            ],
            [
              122.933393999,
              -8.285209001
            ],
            [
              122.933185,
              -8.285268
            ],
            [
              122.932882999,
              -8.285337
            ],
            [
              122.932662,
              -8.285407001
            ],
            [
              122.932372,
              -8.2855
            ],
            [
              122.932094,
              -8.285569001
            ],
            [
              122.931849999,
              -8.285581
            ],
            [
              122.93171,
              -8.285581
            ],
            [
              122.931384999,
              -8.285546
            ],
            [
              122.930677,
              -8.285581
            ],
            [
              122.930027,
              -8.285603999
            ],
            [
              122.929504,
              -8.285626999
            ],
            [
              122.928726,
              -8.285626999
            ],
            [
              122.928308,
              -8.285626999
            ],
            [
              122.927959999,
              -8.28561
            ],
            [
              122.927728,
              -8.285633001
            ],
            [
              122.927414,
              -8.285667999
            ],
            [
              122.927101,
              -8.285702999
            ],
            [
              122.926892,
              -8.285691
            ],
            [
              122.926543,
              -8.285633001
            ],
            [
              122.9263,
              -8.285564
            ],
            [
              122.926091,
              -8.285551999
            ],
            [
              122.925997999,
              -8.285633001
            ],
            [
              122.925916,
              -8.285784
            ],
            [
              122.925719,
              -8.286294998
            ],
            [
              122.925648999,
              -8.286562
            ],
            [
              122.925661,
              -8.286806
            ],
            [
              122.925753999,
              -8.287073
            ],
            [
              122.92587,
              -8.287236
            ],
            [
              122.925985999,
              -8.287491
            ],
            [
              122.926114,
              -8.287805
            ],
            [
              122.926148999,
              -8.288037
            ],
            [
              122.926033,
              -8.288187999
            ],
            [
              122.925951,
              -8.288431999
            ],
            [
              122.92587,
              -8.288686999
            ],
            [
              122.925789,
              -8.288989
            ],
            [
              122.925696,
              -8.289272998
            ],
            [
              122.925568,
              -8.289656999
            ],
            [
              122.925579999,
              -8.289911999
            ],
            [
              122.925707,
              -8.290341999
            ],
            [
              122.925823999,
              -8.290654999
            ],
            [
              122.925939999,
              -8.290818001
            ],
            [
              122.926252999,
              -8.291085
            ],
            [
              122.926391999,
              -8.29141
            ],
            [
              122.926391999,
              -8.291816
            ],
            [
              122.926310999,
              -8.292291999
            ],
            [
              122.92623,
              -8.292797
            ],
            [
              122.92623,
              -8.293146
            ],
            [
              122.926195,
              -8.293401
            ],
            [
              122.926207,
              -8.293656998
            ],
            [
              122.926217999,
              -8.293982
            ],
            [
              122.926195,
              -8.294318
            ],
            [
              122.926207,
              -8.294469
            ],
            [
              122.926310999,
              -8.29462
            ],
            [
              122.926358,
              -8.294945
            ],
            [
              122.926323,
              -8.295329
            ],
            [
              122.926217999,
              -8.295688
            ],
            [
              122.926136999,
              -8.29595
            ],
            [
              122.926091,
              -8.296205
            ],
            [
              122.926078999,
              -8.296367999
            ],
            [
              122.926136999,
              -8.296495
            ],
            [
              122.926207,
              -8.296622998
            ],
            [
              122.926276,
              -8.296971999
            ],
            [
              122.926346,
              -8.297307999
            ],
            [
              122.926415999,
              -8.297448001
            ],
            [
              122.926578,
              -8.297749
            ],
            [
              122.926728999,
              -8.298098
            ],
            [
              122.926856999,
              -8.298538998
            ],
            [
              122.926914999,
              -8.298957001
            ],
            [
              122.926938,
              -8.299166
            ],
            [
              122.926972999,
              -8.299694
            ],
            [
              122.926960999,
              -8.300332998
            ],
            [
              122.926914999,
              -8.300809
            ],
            [
              122.926879999,
              -8.301076001
            ],
            [
              122.926821999,
              -8.301506
            ],
            [
              122.926718,
              -8.302098
            ],
            [
              122.926625,
              -8.302526999
            ],
            [
              122.92652,
              -8.303125
            ],
            [
              122.926439,
              -8.30345
            ],
            [
              122.9263,
              -8.303821999
            ],
            [
              122.926195,
              -8.304169999
            ],
            [
              122.926207,
              -8.304356001
            ],
            [
              122.926195,
              -8.304657999
            ],
            [
              122.926183,
              -8.304889999
            ],
            [
              122.926159999,
              -8.305052999
            ],
            [
              122.926159999,
              -8.305330999
            ],
            [
              122.926136999,
              -8.305599
            ],
            [
              122.926056,
              -8.305773
            ],
            [
              122.926020999,
              -8.305981999
            ],
            [
              122.925951,
              -8.306242999
            ],
            [
              122.925882,
              -8.306522
            ],
            [
              122.925696,
              -8.306811998
            ],
            [
              122.925603,
              -8.307033001
            ],
            [
              122.925533,
              -8.307207
            ],
            [
              122.925416999,
              -8.307381
            ],
            [
              122.925358999,
              -8.307624999
            ],
            [
              122.925277999,
              -8.307926999
            ],
            [
              122.925184999,
              -8.308217001
            ],
            [
              122.925138,
              -8.308496
            ],
            [
              122.925138,
              -8.308879
            ],
            [
              122.92515,
              -8.309215
            ],
            [
              122.925173,
              -8.309413
            ],
            [
              122.925208,
              -8.309905999
            ],
            [
              122.925277999,
              -8.310487
            ],
            [
              122.925323999,
              -8.310777001
            ],
            [
              122.925406,
              -8.311194999
            ],
            [
              122.925429,
              -8.311647998
            ],
            [
              122.925429,
              -8.312019
            ],
            [
              122.925301,
              -8.312519001
            ],
            [
              122.92515,
              -8.312879
            ],
            [
              122.924883,
              -8.313349
            ],
            [
              122.924651,
              -8.313767
            ],
            [
              122.924476999,
              -8.314149999
            ],
            [
              122.924337,
              -8.314556
            ],
            [
              122.924243999,
              -8.314973999
            ],
            [
              122.924163,
              -8.315334
            ],
            [
              122.92414,
              -8.31566
            ],
            [
              122.924163,
              -8.316088999
            ],
            [
              122.924198,
              -8.316310001
            ],
            [
              122.924243999,
              -8.316803
            ],
            [
              122.924255999,
              -8.317174999
            ],
            [
              122.924243999,
              -8.317465
            ],
            [
              122.924152,
              -8.317895001
            ],
            [
              122.924001,
              -8.318278
            ],
            [
              122.923896,
              -8.318557
            ],
            [
              122.923838,
              -8.318754
            ],
            [
              122.923664,
              -8.319149
            ],
            [
              122.923536,
              -8.319543
            ],
            [
              122.92349,
              -8.319775999
            ],
            [
              122.923455,
              -8.32035
            ],
            [
              122.923465999,
              -8.320767999
            ],
            [
              122.923524999,
              -8.320988999
            ],
            [
              122.923605999,
              -8.321303
            ],
            [
              122.923640999,
              -8.321638999
            ],
            [
              122.923640999,
              -8.322127
            ],
            [
              122.923542667,
              -8.322423236
            ],
            [
              122.923430435,
              -8.323063699
            ],
            [
              122.923311865,
              -8.323631101
            ],
            [
              122.923174072,
              -8.323842567
            ],
            [
              122.922957843,
              -8.324131707
            ],
            [
              122.922555703,
              -8.324422275
            ],
            [
              122.922558951,
              -8.324748348
            ],
            [
              122.922649627,
              -8.325235959
            ],
            [
              122.922673797,
              -8.325629191
            ],
            [
              122.922853286,
              -8.326443708
            ],
            [
              122.923095011,
              -8.327025226
            ],
            [
              122.923552999,
              -8.327406
            ],
            [
              122.923233,
              -8.327401001
            ],
            [
              122.923071773,
              -8.327632992
            ],
            [
              122.922983085,
              -8.327753618
            ],
            [
              122.922880281,
              -8.327875387
            ],
            [
              122.922774883,
              -8.327969109
            ],
            [
              122.92263452,
              -8.327995328
            ],
            [
              122.922478658,
              -8.328008786
            ],
            [
              122.922338311,
              -8.328035004
            ],
            [
              122.922217561,
              -8.328115904
            ],
            [
              122.922096862,
              -8.328196772
            ],
            [
              122.921947891,
              -8.328280052
            ],
            [
              122.921827296,
              -8.328360851
            ],
            [
              122.921687098,
              -8.328387032
            ],
            [
              122.921546911,
              -8.328413209
            ],
            [
              122.921392578,
              -8.328440607
            ],
            [
              122.921251022,
              -8.32845283
            ],
            [
              122.921096708,
              -8.328480225
            ],
            [
              122.920941001,
              -8.32849367
            ],
            [
              122.920785295,
              -8.328507117
            ],
            [
              122.92064516,
              -8.328533286
            ],
            [
              122.920505036,
              -8.328559453
            ],
            [
              122.92035077,
              -8.328586841
            ],
            [
              122.920210669,
              -8.328613005
            ],
            [
              122.92007058,
              -8.328639165
            ],
            [
              122.919914903,
              -8.328652608
            ],
            [
              122.919787529,
              -8.328663605
            ],
            [
              122.919425999,
              -8.328652
            ],
            [
              122.919205,
              -8.328583
            ],
            [
              122.918757094,
              -8.328269666
            ],
            [
              122.918626476,
              -8.328188063
            ],
            [
              122.918479153,
              -8.328092363
            ],
            [
              122.918335335,
              -8.3280428
            ],
            [
              122.918203316,
              -8.327945678
            ],
            [
              122.918055761,
              -8.327849836
            ],
            [
              122.917924799,
              -8.327768022
            ],
            [
              122.917794992,
              -8.327701593
            ],
            [
              122.917621176,
              -8.327670005
            ],
            [
              122.91745102,
              -8.327684697
            ],
            [
              122.917280864,
              -8.327699389
            ],
            [
              122.91711071,
              -8.327714081
            ],
            [
              122.916940555,
              -8.327728773
            ],
            [
              122.916770399,
              -8.327743465
            ],
            [
              122.916600246,
              -8.327758157
            ],
            [
              122.916430091,
              -8.327772848
            ],
            [
              122.916259938,
              -8.327787539
            ],
            [
              122.916089784,
              -8.327802231
            ],
            [
              122.915933801,
              -8.327800162
            ],
            [
              122.915777806,
              -8.327798094
            ],
            [
              122.915607639,
              -8.327812786
            ],
            [
              122.915437472,
              -8.327827477
            ],
            [
              122.915267304,
              -8.327842169
            ],
            [
              122.915097137,
              -8.32785686
            ],
            [
              122.914947795,
              -8.327931891
            ],
            [
              122.914795812,
              -8.327976072
            ],
            [
              122.914642505,
              -8.328004835
            ],
            [
              122.914491926,
              -8.328064413
            ],
            [
              122.914377754,
              -8.328182906
            ],
            [
              122.914228636,
              -8.328257829
            ],
            [
              122.914097768,
              -8.328362164
            ],
            [
              122.913964211,
              -8.32843569
            ],
            [
              122.913816634,
              -8.328525899
            ],
            [
              122.913719611,
              -8.328658157
            ],
            [
              122.913605824,
              -8.32877631
            ],
            [
              122.913588876,
              -8.32893242
            ],
            [
              122.913720639,
              -8.329013772
            ],
            [
              122.913763949,
              -8.329149037
            ],
            [
              122.913779165,
              -8.329317474
            ],
            [
              122.913699154,
              -8.329463155
            ],
            [
              122.91360241,
              -8.329594772
            ],
            [
              122.913554707,
              -8.329752859
            ],
            [
              122.913458084,
              -8.329884281
            ],
            [
              122.91345663,
              -8.330038146
            ],
            [
              122.913471949,
              -8.330205786
            ],
            [
              122.913487254,
              -8.330373277
            ],
            [
              122.913531885,
              -8.330522755
            ],
            [
              122.913607197,
              -8.330669458
            ],
            [
              122.913696416,
              -8.330799531
            ],
            [
              122.913785572,
              -8.330929506
            ],
            [
              122.91386069,
              -8.331075872
            ],
            [
              122.913875782,
              -8.33124256
            ],
            [
              122.913935472,
              -8.331389991
            ],
            [
              122.91405367,
              -8.331501766
            ],
            [
              122.914128559,
              -8.331647659
            ],
            [
              122.914142146,
              -8.33179872
            ],
            [
              122.91415708,
              -8.331964742
            ],
            [
              122.914060846,
              -8.332094636
            ],
            [
              122.914032974,
              -8.332127427
            ],
            [
              122.914033374,
              -8.332643157
            ],
            [
              122.914031695,
              -8.332794723
            ],
            [
              122.913935715,
              -8.332924055
            ],
            [
              122.913945252,
              -8.333029086
            ],
            [
              122.914035846,
              -8.333519462
            ],
            [
              122.914113037,
              -8.333693628
            ],
            [
              122.914188806,
              -8.33385269
            ],
            [
              122.914216158,
              -8.333985712
            ],
            [
              122.913844091,
              -8.33394263
            ],
            [
              122.913613,
              -8.333691001
            ],
            [
              122.913072999,
              -8.333210999
            ],
            [
              122.912784999,
              -8.332670999
            ],
            [
              122.912255999,
              -8.331830998
            ],
            [
              122.91174,
              -8.330991
            ],
            [
              122.91132,
              -8.330006998
            ],
            [
              122.910983999,
              -8.329286999
            ],
            [
              122.91072,
              -8.328091
            ],
            [
              122.910607,
              -8.32743
            ],
            [
              122.910554999,
              -8.327229999
            ],
            [
              122.910508,
              -8.326755999
            ],
            [
              122.910474,
              -8.326523
            ],
            [
              122.910322999,
              -8.325696999
            ],
            [
              122.910172,
              -8.325024
            ],
            [
              122.910102,
              -8.324507
            ],
            [
              122.910044,
              -8.323892
            ],
            [
              122.90994,
              -8.323194999
            ],
            [
              122.909931999,
              -8.323139
            ],
            [
              122.909911999,
              -8.323022
            ],
            [
              122.909906,
              -8.322937999
            ],
            [
              122.909892999,
              -8.322834998
            ],
            [
              122.909895999,
              -8.322779
            ],
            [
              122.909892999,
              -8.322726
            ],
            [
              122.909902,
              -8.322664
            ],
            [
              122.909928,
              -8.322173
            ],
            [
              122.909928,
              -8.321825
            ],
            [
              122.909951,
              -8.321535
            ],
            [
              122.909951,
              -8.321041001
            ],
            [
              122.909986,
              -8.320669999
            ],
            [
              122.910007999,
              -8.320484
            ],
            [
              122.910012,
              -8.320426
            ],
            [
              122.909957999,
              -8.320111
            ],
            [
              122.909919,
              -8.319936
            ],
            [
              122.909915999,
              -8.319927
            ],
            [
              122.909823,
              -8.319554999
            ],
            [
              122.909789,
              -8.319404
            ],
            [
              122.909660999,
              -8.319124999
            ],
            [
              122.909598999,
              -8.318972999
            ],
            [
              122.909489,
              -8.318767001
            ],
            [
              122.909397,
              -8.318621
            ],
            [
              122.909282,
              -8.318543998
            ],
            [
              122.909098,
              -8.318513001
            ],
            [
              122.908897999,
              -8.318520999
            ],
            [
              122.908705999,
              -8.318513001
            ],
            [
              122.908468,
              -8.31846
            ],
            [
              122.908053,
              -8.318429
            ],
            [
              122.907904,
              -8.318403999
            ],
            [
              122.907767999,
              -8.318394
            ],
            [
              122.907623,
              -8.318402
            ],
            [
              122.907462,
              -8.318421
            ],
            [
              122.907206,
              -8.318430999
            ],
            [
              122.906931999,
              -8.318452001
            ],
            [
              122.906764,
              -8.318458001
            ],
            [
              122.906417,
              -8.318498
            ],
            [
              122.905856,
              -8.318513001
            ],
            [
              122.905342,
              -8.318525
            ],
            [
              122.905225,
              -8.318533
            ],
            [
              122.904992,
              -8.318533
            ],
            [
              122.904607999,
              -8.318563
            ],
            [
              122.904323999,
              -8.318548001
            ],
            [
              122.904025,
              -8.318501999
            ],
            [
              122.903425999,
              -8.318481001
            ],
            [
              122.903275,
              -8.318481001
            ],
            [
              122.902962,
              -8.318498
            ],
            [
              122.902856999,
              -8.31851
            ],
            [
              122.902712999,
              -8.318504
            ],
            [
              122.902617999,
              -8.318504
            ],
            [
              122.902441999,
              -8.318517
            ],
            [
              122.902127,
              -8.318578998
            ],
            [
              122.901835,
              -8.318624999
            ],
            [
              122.901681999,
              -8.318644001
            ],
            [
              122.901358999,
              -8.318713
            ],
            [
              122.901183999,
              -8.318726
            ],
            [
              122.900941,
              -8.318767001
            ],
            [
              122.900464,
              -8.318844
            ],
            [
              122.900218999,
              -8.318867
            ],
            [
              122.899741999,
              -8.318928
            ],
            [
              122.899495,
              -8.31896
            ],
            [
              122.899443,
              -8.318968999
            ],
            [
              122.899412,
              -8.318969999
            ],
            [
              122.899381,
              -8.318974
            ],
            [
              122.899005,
              -8.318997
            ],
            [
              122.898912999,
              -8.319001
            ],
            [
              122.898502999,
              -8.319038
            ],
            [
              122.898188999,
              -8.319038
            ],
            [
              122.898018999,
              -8.319042999
            ],
            [
              122.897783999,
              -8.319059
            ],
            [
              122.897583999,
              -8.319074
            ],
            [
              122.897437999,
              -8.319089999
            ],
            [
              122.897325,
              -8.319103999
            ],
            [
              122.897201999,
              -8.319124999
            ],
            [
              122.897136999,
              -8.319127998
            ],
            [
              122.897042999,
              -8.319139
            ],
            [
              122.8969,
              -8.319135001
            ],
            [
              122.896842,
              -8.319136999
            ],
            [
              122.896729,
              -8.319129999
            ],
            [
              122.896519999,
              -8.319124
            ],
            [
              122.896363,
              -8.319103999
            ],
            [
              122.895902,
              -8.319056
            ],
            [
              122.895379,
              -8.319009
            ],
            [
              122.895224,
              -8.318981
            ],
            [
              122.894960999,
              -8.318946999
            ],
            [
              122.894616,
              -8.318901
            ],
            [
              122.894523,
              -8.318878
            ],
            [
              122.894338999,
              -8.318843
            ],
            [
              122.894101,
              -8.318825
            ],
            [
              122.893708999,
              -8.318816999
            ],
            [
              122.893307,
              -8.318831001
            ],
            [
              122.893189,
              -8.318851999
            ],
            [
              122.893098999,
              -8.318873999
            ],
            [
              122.892974999,
              -8.318923
            ],
            [
              122.892835999,
              -8.318986001
            ],
            [
              122.892647,
              -8.319003
            ],
            [
              122.89263,
              -8.319005
            ],
            [
              122.892625,
              -8.319004
            ],
            [
              122.892569,
              -8.319009
            ],
            [
              122.892220999,
              -8.318963
            ],
            [
              122.892116,
              -8.318945
            ],
            [
              122.891861999,
              -8.318912999
            ],
            [
              122.891731,
              -8.318878
            ],
            [
              122.891722,
              -8.318875999
            ],
            [
              122.891706999,
              -8.318871
            ],
            [
              122.891493,
              -8.318813
            ],
            [
              122.891323,
              -8.318744999
            ],
            [
              122.891092999,
              -8.318674001
            ],
            [
              122.891050999,
              -8.318665999
            ],
            [
              122.890793,
              -8.318655
            ],
            [
              122.890479,
              -8.318667
            ],
            [
              122.890172,
              -8.318735998
            ],
            [
              122.889723,
              -8.318886
            ],
            [
              122.889527,
              -8.318968999
            ],
            [
              122.889409,
              -8.318991999
            ],
            [
              122.889346,
              -8.319009
            ],
            [
              122.889240999,
              -8.319024
            ],
            [
              122.889167,
              -8.319038
            ],
            [
              122.888772999,
              -8.319095999
            ],
            [
              122.888755,
              -8.319094
            ],
            [
              122.888709,
              -8.319101
            ],
            [
              122.88859,
              -8.319074998
            ],
            [
              122.888471,
              -8.319062
            ],
            [
              122.888273,
              -8.319027
            ],
            [
              122.888059999,
              -8.318948999
            ],
            [
              122.887994999,
              -8.318931999
            ],
            [
              122.887855999,
              -8.318866001
            ],
            [
              122.887658,
              -8.318782999
            ],
            [
              122.887274999,
              -8.318609001
            ],
            [
              122.886858999,
              -8.318452001
            ],
            [
              122.886263,
              -8.318344
            ],
            [
              122.885755999,
              -8.318290999
            ],
            [
              122.885233,
              -8.318267999
            ],
            [
              122.885088,
              -8.318272999
            ],
            [
              122.884975999,
              -8.318278
            ],
            [
              122.884973,
              -8.318278
            ],
            [
              122.884842,
              -8.318283
            ],
            [
              122.884665,
              -8.318290999
            ],
            [
              122.884303999,
              -8.318206
            ],
            [
              122.884157,
              -8.318139999
            ],
            [
              122.883883999,
              -8.318022001
            ],
            [
              122.883773,
              -8.317972
            ],
            [
              122.883597,
              -8.317898999
            ],
            [
              122.883297999,
              -8.317753001
            ],
            [
              122.883205999,
              -8.317738
            ],
            [
              122.882968,
              -8.317721999
            ],
            [
              122.88286,
              -8.31773
            ],
            [
              122.882718,
              -8.317718001
            ],
            [
              122.882518,
              -8.317771999
            ],
            [
              122.882433999,
              -8.317767
            ],
            [
              122.882305,
              -8.317779
            ],
            [
              122.882158999,
              -8.317764
            ],
            [
              122.882019,
              -8.317771999
            ],
            [
              122.881727,
              -8.317788001
            ],
            [
              122.88149,
              -8.317837999
            ],
            [
              122.881340999,
              -8.31788
            ],
            [
              122.881285,
              -8.317915
            ],
            [
              122.881086,
              -8.318057001
            ],
            [
              122.880909,
              -8.318136999
            ],
            [
              122.880875,
              -8.318156001
            ],
            [
              122.880597999,
              -8.318402
            ],
            [
              122.880337,
              -8.318655
            ],
            [
              122.880316999,
              -8.318680999
            ],
            [
              122.880183,
              -8.318878
            ],
            [
              122.880007,
              -8.319146999
            ],
            [
              122.879872,
              -8.319364999
            ],
            [
              122.879739,
              -8.319664999
            ],
            [
              122.879695,
              -8.319760001
            ],
            [
              122.879653,
              -8.319869001
            ],
            [
              122.879592,
              -8.320029999
            ],
            [
              122.879377,
              -8.32053
            ],
            [
              122.879297999,
              -8.320735
            ],
            [
              122.879089,
              -8.321424
            ],
            [
              122.878926999,
              -8.3223
            ],
            [
              122.878739,
              -8.323448001
            ],
            [
              122.878682,
              -8.323551
            ],
            [
              122.878543,
              -8.323828
            ],
            [
              122.878351,
              -8.324201
            ],
            [
              122.87834,
              -8.324223999
            ],
            [
              122.878295,
              -8.324272
            ],
            [
              122.878125,
              -8.324477999
            ],
            [
              122.877788,
              -8.325001
            ],
            [
              122.877611,
              -8.325246
            ],
            [
              122.877338,
              -8.325663998
            ],
            [
              122.877313,
              -8.325690001
            ],
            [
              122.877311999,
              -8.325692
            ],
            [
              122.877309,
              -8.325695
            ],
            [
              122.877115,
              -8.325902
            ],
            [
              122.876639,
              -8.326448
            ],
            [
              122.876413999,
              -8.326784999
            ],
            [
              122.876363,
              -8.326878999
            ],
            [
              122.876289,
              -8.327035
            ],
            [
              122.876066,
              -8.327319999
            ],
            [
              122.875883,
              -8.327515999
            ],
            [
              122.875840999,
              -8.327566
            ],
            [
              122.875811,
              -8.327613999
            ],
            [
              122.875722,
              -8.327793
            ],
            [
              122.875655,
              -8.328024999
            ],
            [
              122.875652,
              -8.328041
            ],
            [
              122.875653999,
              -8.328172999
            ],
            [
              122.875674999,
              -8.328356
            ],
            [
              122.875661,
              -8.328572
            ],
            [
              122.875664,
              -8.328744999
            ],
            [
              122.875664,
              -8.328869
            ],
            [
              122.875682,
              -8.329101
            ],
            [
              122.875664,
              -8.329566998
            ],
            [
              122.875664,
              -8.329589
            ],
            [
              122.875665999,
              -8.329616999
            ],
            [
              122.875709999,
              -8.329993001
            ],
            [
              122.875757,
              -8.330458
            ],
            [
              122.875779,
              -8.331189
            ],
            [
              122.875817,
              -8.331387
            ],
            [
              122.875812999,
              -8.332118999
            ],
            [
              122.875815,
              -8.332165
            ],
            [
              122.875823999,
              -8.33248
            ],
            [
              122.875827999,
              -8.332603999
            ],
            [
              122.875851,
              -8.33288
            ],
            [
              122.875867,
              -8.333072
            ],
            [
              122.875936,
              -8.333372
            ],
            [
              122.875997999,
              -8.333702001
            ],
            [
              122.876012,
              -8.333761
            ],
            [
              122.876039999,
              -8.333923999
            ],
            [
              122.876109,
              -8.33429
            ],
            [
              122.876127,
              -8.334552
            ],
            [
              122.876151,
              -8.334829
            ],
            [
              122.876157999,
              -8.334951
            ],
            [
              122.876177999,
              -8.335181001
            ],
            [
              122.876177999,
              -8.335473
            ],
            [
              122.876155,
              -8.335625999
            ],
            [
              122.876084,
              -8.335800998
            ],
            [
              122.876023999,
              -8.336008
            ],
            [
              122.875961999,
              -8.336104999
            ],
            [
              122.875884,
              -8.336299
            ],
            [
              122.875694,
              -8.336380001
            ],
            [
              122.875628999,
              -8.336425998
            ],
            [
              122.875489,
              -8.33653
            ],
            [
              122.875304,
              -8.33653
            ],
            [
              122.875001999,
              -8.336589
            ],
            [
              122.874665,
              -8.336635
            ],
            [
              122.874304999,
              -8.336693
            ],
            [
              122.873934,
              -8.336715999
            ],
            [
              122.873539,
              -8.336738999
            ],
            [
              122.873121,
              -8.336738999
            ],
            [
              122.872772,
              -8.336809
            ],
            [
              122.872607999,
              -8.33684
            ],
            [
              122.872264,
              -8.337003
            ],
            [
              122.871872999,
              -8.33714
            ],
            [
              122.871704,
              -8.337261998
            ],
            [
              122.871498999,
              -8.337393
            ],
            [
              122.871258999,
              -8.337573
            ],
            [
              122.870643,
              -8.337916001
            ],
            [
              122.869753,
              -8.338257999
            ],
            [
              122.869506999,
              -8.338347
            ],
            [
              122.869170999,
              -8.338449
            ],
            [
              122.869152999,
              -8.338451999
            ],
            [
              122.868952,
              -8.338509999
            ],
            [
              122.868763999,
              -8.338528999
            ],
            [
              122.868514,
              -8.338623999
            ],
            [
              122.868045999,
              -8.338814
            ],
            [
              122.867374,
              -8.339135999
            ],
            [
              122.866907,
              -8.339427999
            ],
            [
              122.866147,
              -8.339836999
            ],
            [
              122.865402,
              -8.340158
            ],
            [
              122.865039999,
              -8.340262
            ],
            [
              122.865005,
              -8.340275
            ],
            [
              122.864843999,
              -8.340318
            ],
            [
              122.864584,
              -8.340391999
            ],
            [
              122.864510999,
              -8.340405998
            ],
            [
              122.864436,
              -8.340426
            ],
            [
              122.864335,
              -8.340440001
            ],
            [
              122.863824,
              -8.340537999
            ],
            [
              122.8634,
              -8.340552999
            ],
            [
              122.862743,
              -8.340640001
            ],
            [
              122.862203,
              -8.340713999
            ],
            [
              122.861996999,
              -8.340745
            ],
            [
              122.861568,
              -8.340802999
            ],
            [
              122.861359,
              -8.340802999
            ],
            [
              122.861021999,
              -8.340769
            ],
            [
              122.860407,
              -8.340618
            ],
            [
              122.859652,
              -8.340432
            ],
            [
              122.859649,
              -8.340430999
            ],
            [
              122.859435,
              -8.340389
            ],
            [
              122.859088999,
              -8.340243
            ],
            [
              122.858828,
              -8.340152999
            ],
            [
              122.858502,
              -8.340072
            ],
            [
              122.857945,
              -8.339938001
            ],
            [
              122.857464,
              -8.339820001
            ],
            [
              122.857354999,
              -8.339804999
            ],
            [
              122.856919,
              -8.339643999
            ],
            [
              122.856796,
              -8.339601999
            ],
            [
              122.856156999,
              -8.339346
            ],
            [
              122.855583999,
              -8.339100999
            ],
            [
              122.855397,
              -8.339020999
            ],
            [
              122.855099999,
              -8.338905
            ],
            [
              122.854972999,
              -8.338846999
            ],
            [
              122.854775,
              -8.338707999
            ],
            [
              122.854623999,
              -8.338661
            ],
            [
              122.854457,
              -8.338548999
            ],
            [
              122.854442,
              -8.338543
            ],
            [
              122.854125,
              -8.338464
            ],
            [
              122.853759,
              -8.338342
            ],
            [
              122.853141999,
              -8.338220998
            ],
            [
              122.852515999,
              -8.338142
            ],
            [
              122.852372,
              -8.338143999
            ],
            [
              122.852,
              -8.338121
            ],
            [
              122.851515,
              -8.338056
            ],
            [
              122.851444999,
              -8.338049998
            ],
            [
              122.85106,
              -8.338028001
            ],
            [
              122.850878999,
              -8.337996001
            ],
            [
              122.850254999,
              -8.337952
            ],
            [
              122.849151,
              -8.337747999
            ],
            [
              122.847982,
              -8.337666
            ],
            [
              122.847784999,
              -8.337652999
            ],
            [
              122.847552999,
              -8.337645
            ],
            [
              122.847031,
              -8.33761
            ],
            [
              122.846682,
              -8.337634
            ],
            [
              122.846369,
              -8.337580999
            ],
            [
              122.846147999,
              -8.337580999
            ],
            [
              122.845893,
              -8.337580999
            ],
            [
              122.845660999,
              -8.337580999
            ],
            [
              122.845300999,
              -8.337546
            ],
            [
              122.845009999,
              -8.337512
            ],
            [
              122.844734,
              -8.337475999
            ],
            [
              122.844428999,
              -8.337466999
            ],
            [
              122.844327999,
              -8.337465
            ],
            [
              122.844197999,
              -8.337465
            ],
            [
              122.843976999,
              -8.337465
            ],
            [
              122.843628999,
              -8.337454
            ],
            [
              122.843314999,
              -8.337418999
            ],
            [
              122.843105999,
              -8.337395
            ],
            [
              122.842549,
              -8.337279
            ],
            [
              122.842467,
              -8.337255
            ],
            [
              122.842377999,
              -8.337239
            ],
            [
              122.841524,
              -8.337016999
            ],
            [
              122.840753,
              -8.336819
            ],
            [
              122.840064,
              -8.336607998
            ],
            [
              122.839351,
              -8.336374
            ],
            [
              122.839256,
              -8.336342
            ],
            [
              122.839112,
              -8.336298
            ],
            [
              122.839061,
              -8.336273
            ],
            [
              122.838847999,
              -8.336199
            ],
            [
              122.838404,
              -8.336
            ],
            [
              122.838087999,
              -8.335884
            ],
            [
              122.837904,
              -8.335778
            ],
            [
              122.837891,
              -8.335751
            ],
            [
              122.837891999,
              -8.335740999
            ],
            [
              122.837831999,
              -8.33568
            ],
            [
              122.837786,
              -8.33564
            ],
            [
              122.837706,
              -8.335554
            ],
            [
              122.837672,
              -8.335520001
            ],
            [
              122.837603,
              -8.335323
            ],
            [
              122.837523999,
              -8.335155
            ],
            [
              122.837444,
              -8.335038999
            ],
            [
              122.837412,
              -8.334992
            ],
            [
              122.837335,
              -8.334882
            ],
            [
              122.837243,
              -8.334416999
            ],
            [
              122.837201,
              -8.334207
            ],
            [
              122.837130999,
              -8.333872
            ],
            [
              122.837115,
              -8.333771999
            ],
            [
              122.837103,
              -8.333709
            ],
            [
              122.837101,
              -8.333679999
            ],
            [
              122.837099,
              -8.333669999
            ],
            [
              122.837096,
              -8.333618
            ],
            [
              122.83708,
              -8.333419
            ],
            [
              122.837065999,
              -8.333336999
            ],
            [
              122.837035999,
              -8.333173
            ],
            [
              122.836973999,
              -8.332834001
            ],
            [
              122.836882999,
              -8.332415
            ],
            [
              122.836840999,
              -8.332273001
            ],
            [
              122.836836,
              -8.332250999
            ],
            [
              122.836742999,
              -8.331927
            ],
            [
              122.83662,
              -8.331508001
            ],
            [
              122.836617,
              -8.331499001
            ],
            [
              122.836549999,
              -8.331268999
            ],
            [
              122.836526,
              -8.331173999
            ],
            [
              122.836453,
              -8.330905
            ],
            [
              122.836429,
              -8.330759001
            ],
            [
              122.836373999,
              -8.330503001
            ],
            [
              122.836366,
              -8.330365999
            ],
            [
              122.836367,
              -8.330312
            ],
            [
              122.836348999,
              -8.32986
            ],
            [
              122.836319,
              -8.329615
            ],
            [
              122.83629,
              -8.329440001
            ],
            [
              122.836288,
              -8.329363001
            ],
            [
              122.836279,
              -8.329285
            ],
            [
              122.836268,
              -8.329223
            ],
            [
              122.836246,
              -8.329132
            ],
            [
              122.836234,
              -8.329034998
            ],
            [
              122.836198,
              -8.328832
            ],
            [
              122.836047,
              -8.328438
            ],
            [
              122.835958,
              -8.328249
            ],
            [
              122.835917,
              -8.328175998
            ],
            [
              122.835854,
              -8.328029
            ],
            [
              122.835849,
              -8.328019999
            ],
            [
              122.835841999,
              -8.328001998
            ],
            [
              122.835809999,
              -8.327928
            ],
            [
              122.835775,
              -8.327839001
            ],
            [
              122.835686999,
              -8.327625001
            ],
            [
              122.835489,
              -8.327137
            ],
            [
              122.835292,
              -8.326637998
            ],
            [
              122.835292,
              -8.326636999
            ],
            [
              122.835118,
              -8.326313
            ],
            [
              122.834924,
              -8.325982
            ],
            [
              122.834854,
              -8.325873999
            ],
            [
              122.83476,
              -8.325739
            ],
            [
              122.834574,
              -8.325486
            ],
            [
              122.834525,
              -8.325394998
            ],
            [
              122.834281999,
              -8.325006
            ],
            [
              122.834014999,
              -8.324507
            ],
            [
              122.833864,
              -8.324042999
            ],
            [
              122.833771,
              -8.323670999
            ],
            [
              122.833771,
              -8.323194999
            ],
            [
              122.833829,
              -8.322754
            ],
            [
              122.833872,
              -8.322471001
            ],
            [
              122.833892999,
              -8.322319
            ],
            [
              122.833895999,
              -8.322309999
            ],
            [
              122.833899,
              -8.322295
            ],
            [
              122.833985,
              -8.322036998
            ],
            [
              122.834002999,
              -8.321968
            ],
            [
              122.834032,
              -8.321831
            ],
            [
              122.834054999,
              -8.321720999
            ],
            [
              122.834061,
              -8.321679999
            ],
            [
              122.834061,
              -8.321354999
            ],
            [
              122.834051999,
              -8.32123
            ],
            [
              122.83404,
              -8.321107
            ],
            [
              122.834030999,
              -8.321017
            ],
            [
              122.834038,
              -8.320914
            ],
            [
              122.834038,
              -8.320565
            ],
            [
              122.834050999,
              -8.320448
            ],
            [
              122.834057,
              -8.320371001
            ],
            [
              122.834075999,
              -8.320233
            ],
            [
              122.834083,
              -8.32017
            ],
            [
              122.834084,
              -8.320133
            ],
            [
              122.834084,
              -8.319869001
            ],
            [
              122.834084,
              -8.319842001
            ],
            [
              122.834077,
              -8.319768
            ],
            [
              122.834081,
              -8.319616001
            ],
            [
              122.834075999,
              -8.319575999
            ],
            [
              122.834014999,
              -8.319303999
            ],
            [
              122.834009999,
              -8.319285998
            ],
            [
              122.833977,
              -8.319177999
            ],
            [
              122.833967,
              -8.319136
            ],
            [
              122.833892999,
              -8.318895001
            ],
            [
              122.833846,
              -8.318773
            ],
            [
              122.833837,
              -8.318765999
            ],
            [
              122.833852,
              -8.318759999
            ],
            [
              122.833778999,
              -8.318513001
            ],
            [
              122.833733,
              -8.318395
            ],
            [
              122.833694,
              -8.318310999
            ],
            [
              122.833597,
              -8.318109
            ],
            [
              122.833551,
              -8.317777999
            ],
            [
              122.833537,
              -8.317704999
            ],
            [
              122.833530999,
              -8.317564
            ],
            [
              122.833530999,
              -8.317553
            ],
            [
              122.833515,
              -8.317285
            ],
            [
              122.833515,
              -8.317155
            ],
            [
              122.833515,
              -8.317139998
            ],
            [
              122.833515,
              -8.317063
            ],
            [
              122.833376,
              -8.316634999
            ],
            [
              122.833332999,
              -8.316444
            ],
            [
              122.833309,
              -8.316361999
            ],
            [
              122.833298,
              -8.316288
            ],
            [
              122.833271999,
              -8.31617
            ],
            [
              122.833225,
              -8.315822
            ],
            [
              122.833259999,
              -8.315526
            ],
            [
              122.833267,
              -8.315496999
            ],
            [
              122.833267999,
              -8.315484999
            ],
            [
              122.833289,
              -8.315407
            ],
            [
              122.833338,
              -8.315204
            ],
            [
              122.833343,
              -8.315167999
            ],
            [
              122.833356,
              -8.315135
            ],
            [
              122.833492,
              -8.314736
            ],
            [
              122.833573,
              -8.314353
            ],
            [
              122.833585,
              -8.314016999
            ],
            [
              122.833591,
              -8.313912
            ],
            [
              122.83359,
              -8.313888999
            ],
            [
              122.833598,
              -8.313797
            ],
            [
              122.833607999,
              -8.313610001
            ],
            [
              122.83355,
              -8.313203999
            ],
            [
              122.833457,
              -8.312669999
            ],
            [
              122.833387999,
              -8.312287001
            ],
            [
              122.833387,
              -8.312281
            ],
            [
              122.83338,
              -8.312245999
            ],
            [
              122.833374,
              -8.312177
            ],
            [
              122.833352999,
              -8.312002
            ],
            [
              122.833364,
              -8.311537999
            ],
            [
              122.833399,
              -8.311037999
            ],
            [
              122.833411,
              -8.310678
            ],
            [
              122.833417,
              -8.310641
            ],
            [
              122.833419,
              -8.310602999
            ],
            [
              122.833432,
              -8.310541
            ],
            [
              122.833469,
              -8.310307
            ],
            [
              122.833457,
              -8.309924
            ],
            [
              122.833423,
              -8.309529001
            ],
            [
              122.833352999,
              -8.309134001
            ],
            [
              122.833248001,
              -8.308739
            ],
            [
              122.833120999,
              -8.308257
            ],
            [
              122.832957999,
              -8.307824
            ],
            [
              122.832931,
              -8.307768
            ],
            [
              122.832828999,
              -8.307555999
            ],
            [
              122.832735,
              -8.307371998
            ],
            [
              122.83268,
              -8.307291
            ],
            [
              122.832482,
              -8.307014999
            ],
            [
              122.832239999,
              -8.306713
            ],
            [
              122.832227,
              -8.306697001
            ],
            [
              122.832222999,
              -8.306692
            ],
            [
              122.832202999,
              -8.306667001
            ],
            [
              122.831853,
              -8.306193
            ],
            [
              122.831366999,
              -8.305602
            ],
            [
              122.831019,
              -8.305206999
            ],
            [
              122.830994,
              -8.305179
            ],
            [
              122.830764,
              -8.304953998
            ],
            [
              122.830736999,
              -8.304919999
            ],
            [
              122.830714999,
              -8.304898999
            ],
            [
              122.830596,
              -8.304752
            ],
            [
              122.830444999,
              -8.304600999
            ],
            [
              122.830319,
              -8.304458
            ],
            [
              122.830259,
              -8.304394
            ],
            [
              122.830157,
              -8.304291999
            ],
            [
              122.829959999,
              -8.304104
            ],
            [
              122.829879999,
              -8.304048
            ],
            [
              122.829728999,
              -8.303942
            ],
            [
              122.82965,
              -8.303880999
            ],
            [
              122.829611999,
              -8.303855
            ],
            [
              122.829476,
              -8.303784
            ],
            [
              122.829231,
              -8.303665001
            ],
            [
              122.829005,
              -8.303585998
            ],
            [
              122.828993,
              -8.303582999
            ],
            [
              122.828979,
              -8.303581
            ],
            [
              122.82886,
              -8.303565999
            ],
            [
              122.828854,
              -8.303562
            ],
            [
              122.828847999,
              -8.303561
            ],
            [
              122.828776,
              -8.303503
            ],
            [
              122.828728999,
              -8.303468
            ],
            [
              122.828685999,
              -8.303430998
            ],
            [
              122.828615999,
              -8.303375
            ],
            [
              122.828348,
              -8.303153999
            ],
            [
              122.828333999,
              -8.303138
            ],
            [
              122.828329,
              -8.303133
            ],
            [
              122.828215,
              -8.303015
            ],
            [
              122.828159,
              -8.302930999
            ],
            [
              122.828151,
              -8.302922
            ],
            [
              122.828092999,
              -8.302702
            ],
            [
              122.828092999,
              -8.302699
            ],
            [
              122.828092,
              -8.302696999
            ],
            [
              122.828092999,
              -8.302685
            ],
            [
              122.828092999,
              -8.302481
            ],
            [
              122.828100999,
              -8.302457
            ],
            [
              122.828099999,
              -8.302448
            ],
            [
              122.828112999,
              -8.302419999
            ],
            [
              122.828174,
              -8.302236999
            ],
            [
              122.828191,
              -8.302224999
            ],
            [
              122.828211,
              -8.302195
            ],
            [
              122.828329,
              -8.302121001
            ],
            [
              122.828386,
              -8.302079
            ],
            [
              122.828392999,
              -8.302076
            ],
            [
              122.828395,
              -8.302075
            ],
            [
              122.828697,
              -8.301958
            ],
            [
              122.829092,
              -8.301819
            ],
            [
              122.829102,
              -8.301817001
            ],
            [
              122.829195999,
              -8.301783
            ],
            [
              122.829268,
              -8.301777999
            ],
            [
              122.82944,
              -8.301738
            ],
            [
              122.829590999,
              -8.301738
            ],
            [
              122.82963,
              -8.301751998
            ],
            [
              122.829654,
              -8.301749999
            ],
            [
              122.829727,
              -8.301787
            ],
            [
              122.829881,
              -8.301842
            ],
            [
              122.830167999,
              -8.301968999
            ],
            [
              122.830406,
              -8.302012
            ],
            [
              122.830573,
              -8.302060001
            ],
            [
              122.83081,
              -8.302017
            ],
            [
              122.831193,
              -8.3019
            ],
            [
              122.831507,
              -8.301842
            ],
            [
              122.831514999,
              -8.301844
            ],
            [
              122.831583,
              -8.301815998
            ],
            [
              122.831710999,
              -8.301884999
            ],
            [
              122.831785,
              -8.3019
            ],
            [
              122.832145,
              -8.30204
            ],
            [
              122.832458999,
              -8.302236999
            ],
            [
              122.832771999,
              -8.302446
            ],
            [
              122.833096999,
              -8.302596999
            ],
            [
              122.833340999,
              -8.302667
            ],
            [
              122.833515,
              -8.302667
            ],
            [
              122.833592,
              -8.302637
            ],
            [
              122.833672,
              -8.302601999
            ],
            [
              122.833676,
              -8.302596999
            ],
            [
              122.833708,
              -8.302372001
            ],
            [
              122.833512,
              -8.302012
            ],
            [
              122.833458999,
              -8.301925999
            ],
            [
              122.833457,
              -8.301924001
            ],
            [
              122.833271999,
              -8.301656999
            ],
            [
              122.833167,
              -8.301488
            ],
            [
              122.833074,
              -8.301221
            ],
            [
              122.832993,
              -8.300966
            ],
            [
              122.832982999,
              -8.300916
            ],
            [
              122.832858001,
              -8.300541
            ],
            [
              122.832791999,
              -8.300017999
            ],
            [
              122.832891,
              -8.299462
            ],
            [
              122.833013,
              -8.299074
            ],
            [
              122.833038999,
              -8.298968999
            ],
            [
              122.833120999,
              -8.298713
            ],
            [
              122.833122,
              -8.29871
            ],
            [
              122.833185,
              -8.298481
            ],
            [
              122.833287999,
              -8.297760998
            ],
            [
              122.833294999,
              -8.297604
            ],
            [
              122.833294999,
              -8.297267999
            ],
            [
              122.833259999,
              -8.297011998
            ],
            [
              122.833213999,
              -8.296802999
            ],
            [
              122.833411,
              -8.296895999
            ],
            [
              122.833502999,
              -8.296965
            ],
            [
              122.833675,
              -8.296551999
            ],
            [
              122.833969,
              -8.295408
            ],
            [
              122.833904,
              -8.294884998
            ],
            [
              122.833889,
              -8.294759
            ],
            [
              122.833984,
              -8.294862
            ],
            [
              122.834305,
              -8.295059999
            ],
            [
              122.834510999,
              -8.295191001
            ],
            [
              122.834679,
              -8.295398999
            ],
            [
              122.834716999,
              -8.295618
            ],
            [
              122.834679,
              -8.29576
            ],
            [
              122.834388999,
              -8.295893
            ],
            [
              122.834311999,
              -8.295954
            ],
            [
              122.834311999,
              -8.296029
            ],
            [
              122.834724,
              -8.296366999
            ],
            [
              122.834854,
              -8.296421
            ],
            [
              122.83506,
              -8.296362
            ],
            [
              122.835280999,
              -8.296229999
            ],
            [
              122.835784999,
              -8.295649998
            ],
            [
              122.835959999,
              -8.295405
            ],
            [
              122.83606,
              -8.295213
            ],
            [
              122.836280999,
              -8.295020999
            ],
            [
              122.836815,
              -8.294828999
            ],
            [
              122.837814,
              -8.29439
            ],
            [
              122.837814999,
              -8.294389
            ],
            [
              122.838188,
              -8.29423
            ],
            [
              122.838592999,
              -8.294032
            ],
            [
              122.839118999,
              -8.293696999
            ],
            [
              122.839492999,
              -8.293506
            ],
            [
              122.84063,
              -8.293216998
            ],
            [
              122.840828,
              -8.293172
            ],
            [
              122.84137,
              -8.292683999
            ],
            [
              122.841544999,
              -8.292518
            ],
            [
              122.841720999,
              -8.292296
            ],
            [
              122.841881,
              -8.292089001
            ],
            [
              122.842018,
              -8.291995
            ],
            [
              122.842238999,
              -8.291941
            ],
            [
              122.842369,
              -8.291949
            ],
            [
              122.842658999,
              -8.292232999
            ],
            [
              122.842750999,
              -8.292294999
            ],
            [
              122.843048,
              -8.292313
            ],
            [
              122.843277,
              -8.292302999
            ],
            [
              122.84359,
              -8.292339
            ],
            [
              122.844322,
              -8.292337999
            ],
            [
              122.844658,
              -8.292318999
            ],
            [
              122.844855999,
              -8.292356999
            ],
            [
              122.845436,
              -8.29248
            ],
            [
              122.846122999,
              -8.292516
            ],
            [
              122.846367,
              -8.292509999
            ],
            [
              122.847114999,
              -8.292253
            ],
            [
              122.847388999,
              -8.292089001
            ],
            [
              122.847618,
              -8.29188
            ],
            [
              122.847885,
              -8.291599
            ],
            [
              122.848198,
              -8.291281999
            ],
            [
              122.848495,
              -8.290985998
            ],
            [
              122.848953,
              -8.29066
            ],
            [
              122.84996,
              -8.290322999
            ],
            [
              122.850456,
              -8.290355
            ],
            [
              122.850662,
              -8.290327001
            ],
            [
              122.850944999,
              -8.290276
            ],
            [
              122.851119999,
              -8.290165999
            ],
            [
              122.851379,
              -8.290148999
            ],
            [
              122.851424999,
              -8.290153
            ],
            [
              122.851493999,
              -8.290159
            ],
            [
              122.85199,
              -8.290287001
            ],
            [
              122.85228,
              -8.290360999
            ],
            [
              122.85276,
              -8.29033
            ],
            [
              122.853134,
              -8.290217
            ],
            [
              122.853661,
              -8.290081
            ],
            [
              122.853989,
              -8.290044
            ],
            [
              122.854698,
              -8.290201
            ],
            [
              122.855087,
              -8.290257
            ],
            [
              122.855453,
              -8.290306998
            ],
            [
              122.855927,
              -8.290469998
            ],
            [
              122.85672,
              -8.290789999
            ],
            [
              122.857490999,
              -8.291047999
            ],
            [
              122.857986,
              -8.291177001
            ],
            [
              122.858833,
              -8.291265
            ],
            [
              122.860573,
              -8.290993998
            ],
            [
              122.860939,
              -8.290938
            ],
            [
              122.861931,
              -8.29108
            ],
            [
              122.862395999,
              -8.291120999
            ],
            [
              122.862754999,
              -8.291196001
            ],
            [
              122.862999,
              -8.291237999
            ],
            [
              122.863335,
              -8.291260001
            ],
            [
              122.863762,
              -8.291372999
            ],
            [
              122.864662,
              -8.291474999
            ],
            [
              122.864921999,
              -8.291526
            ],
            [
              122.865172999,
              -8.29172
            ],
            [
              122.865607999,
              -8.292023999
            ],
            [
              122.866034999,
              -8.292202
            ],
            [
              122.866264,
              -8.29228
            ],
            [
              122.866638,
              -8.292552001
            ],
            [
              122.867325,
              -8.292981999
            ],
            [
              122.867690999,
              -8.29312
            ],
            [
              122.868141,
              -8.29329
            ],
            [
              122.86837,
              -8.293331
            ],
            [
              122.869026,
              -8.293216
            ],
            [
              122.869568,
              -8.292921999
            ],
            [
              122.869758999,
              -8.292822
            ],
            [
              122.869965,
              -8.29281
            ],
            [
              122.870117,
              -8.292855
            ],
            [
              122.870712,
              -8.2932
            ],
            [
              122.870758,
              -8.29322
            ],
            [
              122.870795999,
              -8.293228999
            ],
            [
              122.871047999,
              -8.293265999
            ],
            [
              122.871269,
              -8.293304
            ],
            [
              122.87149,
              -8.293487999
            ],
            [
              122.871681,
              -8.293644999
            ],
            [
              122.871871999,
              -8.293726999
            ],
            [
              122.872086,
              -8.293737999
            ],
            [
              122.873375,
              -8.293232999
            ],
            [
              122.87384,
              -8.293093998
            ],
            [
              122.874007999,
              -8.292983
            ],
            [
              122.874366999,
              -8.292700999
            ],
            [
              122.87468,
              -8.292364
            ],
            [
              122.874725,
              -8.292314999
            ],
            [
              122.875,
              -8.292006998
            ],
            [
              122.875862,
              -8.291038
            ],
            [
              122.876068,
              -8.290896999
            ],
            [
              122.876488,
              -8.290592
            ],
            [
              122.877112999,
              -8.290179
            ],
            [
              122.877639999,
              -8.289913
            ],
            [
              122.878631999,
              -8.289396
            ],
            [
              122.878822,
              -8.289368998
            ],
            [
              122.878937,
              -8.289404999
            ],
            [
              122.879096999,
              -8.289490999
            ],
            [
              122.879211,
              -8.28951
            ],
            [
              122.879378999,
              -8.289449
            ],
            [
              122.879669,
              -8.289354999
            ],
            [
              122.879791,
              -8.289404
            ],
            [
              122.880149999,
              -8.289597999
            ],
            [
              122.880478,
              -8.289679
            ],
            [
              122.880722,
              -8.289123999
            ],
            [
              122.880981,
              -8.28909
            ],
            [
              122.881515999,
              -8.288975999
            ],
            [
              122.881949999,
              -8.288818
            ],
            [
              122.882087999,
              -8.288768
            ],
            [
              122.882538,
              -8.288390999
            ],
            [
              122.882827999,
              -8.288164999
            ],
            [
              122.882897,
              -8.288108998
            ],
            [
              122.88313,
              -8.287857
            ],
            [
              122.883443,
              -8.287508
            ],
            [
              122.883605999,
              -8.287358
            ],
            [
              122.883931,
              -8.287114001
            ],
            [
              122.884163,
              -8.286905
            ],
            [
              122.884464999,
              -8.286603001
            ],
            [
              122.884592,
              -8.286455
            ],
            [
              122.884719999,
              -8.286092
            ],
            [
              122.884827,
              -8.28581
            ],
            [
              122.884926,
              -8.285680999
            ],
            [
              122.885191999,
              -8.285348
            ],
            [
              122.885196,
              -8.285337
            ],
            [
              122.885439999,
              -8.284843999
            ],
            [
              122.88558,
              -8.284542
            ],
            [
              122.885707,
              -8.284286
            ],
            [
              122.885858,
              -8.284054
            ],
            [
              122.886101999,
              -8.283751999
            ],
            [
              122.886369,
              -8.283555001
            ],
            [
              122.8866,
              -8.283396
            ],
            [
              122.887222,
              -8.282626001
            ],
            [
              122.887229999,
              -8.282467
            ],
            [
              122.887099999,
              -8.282251999
            ],
            [
              122.886932,
              -8.282125
            ],
            [
              122.886802999,
              -8.281986
            ],
            [
              122.886749,
              -8.281855
            ],
            [
              122.886840999,
              -8.281777
            ],
            [
              122.88694,
              -8.281685
            ],
            [
              122.887053999,
              -8.281587001
            ],
            [
              122.887627,
              -8.2815
            ],
            [
              122.887977999,
              -8.281409
            ],
            [
              122.888176,
              -8.281306
            ],
            [
              122.888556999,
              -8.281109
            ],
            [
              122.889533999,
              -8.280619999
            ],
            [
              122.889915,
              -8.280288
            ],
            [
              122.889992,
              -8.280123999
            ],
            [
              122.890083,
              -8.279951
            ],
            [
              122.890228,
              -8.279685001
            ],
            [
              122.890327,
              -8.279326999
            ],
            [
              122.890388,
              -8.279083999
            ],
            [
              122.890487999,
              -8.279052001
            ],
            [
              122.890579,
              -8.279065001
            ],
            [
              122.890998999,
              -8.279177998
            ],
            [
              122.891158999,
              -8.279057
            ],
            [
              122.891425999,
              -8.278866
            ],
            [
              122.891594,
              -8.278665998
            ],
            [
              122.891693,
              -8.278553
            ],
            [
              122.892311,
              -8.278006
            ],
            [
              122.892708,
              -8.27782
            ],
            [
              122.893127,
              -8.27747
            ],
            [
              122.893380999,
              -8.277085
            ],
            [
              122.893543072,
              -8.276954119
            ],
            [
              122.89363108,
              -8.27664062
            ],
            [
              122.893657484,
              -8.276553535
            ],
            [
              122.893675086,
              -8.276466452
            ],
            [
              122.893701488,
              -8.276379368
            ],
            [
              122.89375429,
              -8.276300995
            ],
            [
              122.893798292,
              -8.27621391
            ],
            [
              122.893842294,
              -8.276135536
            ],
            [
              122.893895097,
              -8.276065869
            ],
            [
              122.893921498,
              -8.275978785
            ],
            [
              122.893921502,
              -8.275882992
            ],
            [
              122.893921504,
              -8.275787199
            ],
            [
              122.893939105,
              -8.275700113
            ],
            [
              122.893939107,
              -8.27560432
            ],
            [
              122.89393911,
              -8.275508526
            ],
            [
              122.893939112,
              -8.275412733
            ],
            [
              122.893947913,
              -8.275325647
            ],
            [
              122.893947917,
              -8.275229853
            ],
            [
              122.893947919,
              -8.275134058
            ],
            [
              122.893956721,
              -8.275046973
            ],
            [
              122.89393388,
              -8.274278756
            ],
            [
              122.893881096,
              -8.273704
            ],
            [
              122.893916302,
              -8.273442748
            ],
            [
              122.893916305,
              -8.273355664
            ],
            [
              122.893925106,
              -8.27326858
            ],
            [
              122.893942709,
              -8.273181494
            ],
            [
              122.89395151,
              -8.273094411
            ],
            [
              122.893960312,
              -8.273007327
            ],
            [
              122.893977914,
              -8.272920241
            ],
            [
              122.894030717,
              -8.272841866
            ],
            [
              122.894074719,
              -8.272754784
            ],
            [
              122.894109921,
              -8.272676408
            ],
            [
              122.894145123,
              -8.272598032
            ],
            [
              122.894215524,
              -8.272528365
            ],
            [
              122.894241927,
              -8.272441281
            ],
            [
              122.894250728,
              -8.272354195
            ],
            [
              122.89425073,
              -8.272284526
            ],
            [
              122.894259578,
              -8.271912902
            ],
            [
              122.894259579,
              -8.27181711
            ],
            [
              122.894259582,
              -8.271721319
            ],
            [
              122.894197985,
              -8.271651649
            ],
            [
              122.894145187,
              -8.271573272
            ],
            [
              122.89414519,
              -8.27147748
            ],
            [
              122.894145192,
              -8.271381689
            ],
            [
              122.894153994,
              -8.271294604
            ],
            [
              122.894171596,
              -8.27120752
            ],
            [
              122.894180398,
              -8.271120437
            ],
            [
              122.8942244,
              -8.271042062
            ],
            [
              122.894277202,
              -8.270963687
            ],
            [
              122.894277203,
              -8.270867895
            ],
            [
              122.894277206,
              -8.270772102
            ],
            [
              122.894277208,
              -8.270676309
            ],
            [
              122.894277212,
              -8.270580519
            ],
            [
              122.894277213,
              -8.270484725
            ],
            [
              122.894277216,
              -8.270388932
            ],
            [
              122.894277216,
              -8.270380224
            ],
            [
              122.894294822,
              -8.270136388
            ],
            [
              122.894294826,
              -8.270040594
            ],
            [
              122.894294828,
              -8.269944802
            ],
            [
              122.89429483,
              -8.269849008
            ],
            [
              122.894294834,
              -8.269753214
            ],
            [
              122.894294836,
              -8.26965742
            ],
            [
              122.894294838,
              -8.269561628
            ],
            [
              122.89430364,
              -8.269474542
            ],
            [
              122.894303644,
              -8.26937875
            ],
            [
              122.894303646,
              -8.269282955
            ],
            [
              122.894321249,
              -8.26919587
            ],
            [
              122.894356451,
              -8.269108784
            ],
            [
              122.894356454,
              -8.26901299
            ],
            [
              122.894422384,
              -8.268834275
            ],
            [
              122.894422386,
              -8.268747191
            ],
            [
              122.894422388,
              -8.268651397
            ],
            [
              122.89446639,
              -8.268573023
            ],
            [
              122.894492793,
              -8.268485938
            ],
            [
              122.894457594,
              -8.268398854
            ],
            [
              122.894395998,
              -8.268329185
            ],
            [
              122.894351999,
              -8.268250809
            ],
            [
              122.894316803,
              -8.268172432
            ],
            [
              122.894290406,
              -8.268085346
            ],
            [
              122.894281607,
              -8.268041804
            ],
            [
              122.894231866,
              -8.267769263
            ],
            [
              122.894231868,
              -8.267673471
            ],
            [
              122.89426707,
              -8.267586387
            ],
            [
              122.89431987,
              -8.267508015
            ],
            [
              122.894319873,
              -8.267412221
            ],
            [
              122.894328674,
              -8.267325137
            ],
            [
              122.894363877,
              -8.267238055
            ],
            [
              122.894381477,
              -8.267150971
            ],
            [
              122.89439908,
              -8.267063886
            ],
            [
              122.894451881,
              -8.266985512
            ],
            [
              122.894478282,
              -8.266898429
            ],
            [
              122.894478285,
              -8.266802637
            ],
            [
              122.894478288,
              -8.266706845
            ],
            [
              122.894487089,
              -8.266619761
            ],
            [
              122.894487092,
              -8.266523967
            ],
            [
              122.894487095,
              -8.266428176
            ],
            [
              122.894487097,
              -8.266332385
            ],
            [
              122.894513499,
              -8.2662453
            ],
            [
              122.8945487,
              -8.266166925
            ],
            [
              122.894592702,
              -8.266088551
            ],
            [
              122.894619102,
              -8.266001465
            ],
            [
              122.894619105,
              -8.265905674
            ],
            [
              122.894619109,
              -8.265809882
            ],
            [
              122.89461911,
              -8.265714089
            ],
            [
              122.894592713,
              -8.265627004
            ],
            [
              122.894583916,
              -8.265539918
            ],
            [
              122.894665676,
              -8.265305161
            ],
            [
              122.894665678,
              -8.26520937
            ],
            [
              122.89470088,
              -8.265122286
            ],
            [
              122.894762481,
              -8.265052621
            ],
            [
              122.894771282,
              -8.264965537
            ],
            [
              122.894806484,
              -8.264878453
            ],
            [
              122.894850485,
              -8.264791371
            ],
            [
              122.894885686,
              -8.264712996
            ],
            [
              122.894920886,
              -8.264625912
            ],
            [
              122.894929689,
              -8.264538831
            ],
            [
              122.89492969,
              -8.264451746
            ],
            [
              122.894929692,
              -8.264355954
            ],
            [
              122.894938495,
              -8.264260161
            ],
            [
              122.894903297,
              -8.264173077
            ],
            [
              122.894841701,
              -8.264103408
            ],
            [
              122.894780105,
              -8.264033739
            ],
            [
              122.894718507,
              -8.26397278
            ],
            [
              122.89464811,
              -8.263911819
            ],
            [
              122.894568915,
              -8.263859567
            ],
            [
              122.894507318,
              -8.263789897
            ],
            [
              122.89444572,
              -8.263720227
            ],
            [
              122.894428123,
              -8.263624436
            ],
            [
              122.894428127,
              -8.263528642
            ],
            [
              122.894463327,
              -8.26344156
            ],
            [
              122.894524927,
              -8.263380602
            ],
            [
              122.894568928,
              -8.263302228
            ],
            [
              122.894648127,
              -8.263258687
            ],
            [
              122.894718526,
              -8.263206439
            ],
            [
              122.894780125,
              -8.263145482
            ],
            [
              122.894841727,
              -8.263067107
            ],
            [
              122.894885727,
              -8.262988731
            ],
            [
              122.894948468,
              -8.262907294
            ],
            [
              122.894860489,
              -8.26209741
            ],
            [
              122.8945525,
              -8.262001611
            ],
            [
              122.894473304,
              -8.261966774
            ],
            [
              122.894394108,
              -8.261905816
            ],
            [
              122.894314911,
              -8.261862272
            ],
            [
              122.894244515,
              -8.26181002
            ],
            [
              122.894174119,
              -8.261740352
            ],
            [
              122.894103723,
              -8.26167068
            ],
            [
              122.894033326,
              -8.26160972
            ],
            [
              122.893980531,
              -8.261540052
            ],
            [
              122.893936534,
              -8.261461676
            ],
            [
              122.893892538,
              -8.261392007
            ],
            [
              122.893839742,
              -8.261304923
            ],
            [
              122.893839744,
              -8.26120913
            ],
            [
              122.893839746,
              -8.261122046
            ],
            [
              122.893839748,
              -8.261026253
            ],
            [
              122.89383095,
              -8.26093917
            ],
            [
              122.893778154,
              -8.2608695
            ],
            [
              122.893760557,
              -8.260782416
            ],
            [
              122.893813357,
              -8.26071275
            ],
            [
              122.893901356,
              -8.260660502
            ],
            [
              122.893954156,
              -8.260582127
            ],
            [
              122.893998157,
              -8.260486335
            ],
            [
              122.894042158,
              -8.26040796
            ],
            [
              122.894086159,
              -8.260312168
            ],
            [
              122.894138959,
              -8.2602425
            ],
            [
              122.894182959,
              -8.260164126
            ],
            [
              122.89422696,
              -8.260085752
            ],
            [
              122.894279759,
              -8.260007378
            ],
            [
              122.894341359,
              -8.259955126
            ],
            [
              122.894411759,
              -8.25988546
            ],
            [
              122.894473359,
              -8.259815794
            ],
            [
              122.894526159,
              -8.259746127
            ],
            [
              122.894570159,
              -8.259667751
            ],
            [
              122.894578961,
              -8.259580665
            ],
            [
              122.894587764,
              -8.259493578
            ],
            [
              122.894587766,
              -8.259397786
            ],
            [
              122.894587769,
              -8.259301991
            ],
            [
              122.894587769,
              -8.259293283
            ],
            [
              122.894500844,
              -8.259025176
            ],
            [
              122.894430451,
              -8.258816171
            ],
            [
              122.894430456,
              -8.258528794
            ],
            [
              122.89451846,
              -8.258302378
            ],
            [
              122.894650458,
              -8.258110796
            ],
            [
              122.894932054,
              -8.257832135
            ],
            [
              122.894923266,
              -8.257353172
            ],
            [
              122.894932074,
              -8.257065795
            ],
            [
              122.89509048,
              -8.25661296
            ],
            [
              122.895354475,
              -8.256403961
            ],
            [
              122.896007167,
              -8.255767664
            ],
            [
              122.896150505,
              -8.255643548
            ],
            [
              122.896293841,
              -8.255519434
            ],
            [
              122.896437178,
              -8.255395322
            ],
            [
              122.896562598,
              -8.255235744
            ],
            [
              122.896670103,
              -8.255076166
            ],
            [
              122.896688023,
              -8.254898857
            ],
            [
              122.896795526,
              -8.25475701
            ],
            [
              122.896974693,
              -8.254668359
            ],
            [
              122.897118029,
              -8.254544245
            ],
            [
              122.897261365,
              -8.254420131
            ],
            [
              122.897333033,
              -8.254260553
            ],
            [
              122.897440535,
              -8.254100975
            ],
            [
              122.897530122,
              -8.253959128
            ],
            [
              122.897655539,
              -8.253799552
            ],
            [
              122.897834707,
              -8.253746362
            ],
            [
              122.898013873,
              -8.253693172
            ],
            [
              122.898175125,
              -8.253586786
            ],
            [
              122.898300543,
              -8.25342721
            ],
            [
              122.898443877,
              -8.253303094
            ],
            [
              122.898551379,
              -8.253161248
            ],
            [
              122.89865888,
              -8.253001667
            ],
            [
              122.898802213,
              -8.252895283
            ],
            [
              122.898981381,
              -8.252859824
            ],
            [
              122.899160547,
              -8.252842095
            ],
            [
              122.89930388,
              -8.25273571
            ],
            [
              122.899429299,
              -8.252593862
            ],
            [
              122.899554717,
              -8.252452014
            ],
            [
              122.899680135,
              -8.252292433
            ],
            [
              122.899805554,
              -8.252168315
            ],
            [
              122.899895139,
              -8.252008734
            ],
            [
              122.899984725,
              -8.251849152
            ],
            [
              122.900110143,
              -8.251689569
            ],
            [
              122.900217646,
              -8.251547721
            ],
            [
              122.900289315,
              -8.251388139
            ],
            [
              122.900414735,
              -8.251228555
            ],
            [
              122.900558069,
              -8.251139898
            ],
            [
              122.901009628,
              -8.250920063
            ],
            [
              122.901188795,
              -8.25040586
            ],
            [
              122.90133213,
              -8.249696615
            ],
            [
              122.901350048,
              -8.249253339
            ],
            [
              122.9012963,
              -8.248898716
            ],
            [
              122.901278385,
              -8.248419979
            ],
            [
              122.901457556,
              -8.247533428
            ],
            [
              122.901959227,
              -8.246593683
            ],
            [
              122.902425061,
              -8.246203597
            ],
            [
              122.902675895,
              -8.246008555
            ],
            [
              122.903016324,
              -8.245121987
            ],
            [
              122.903159663,
              -8.244749628
            ],
            [
              122.90342842,
              -8.244465921
            ],
            [
              122.90359154,
              -8.243891456
            ],
            [
              122.903645289,
              -8.243465912
            ],
            [
              122.903645289,
              -8.24327087
            ],
            [
              122.903645289,
              -8.243093561
            ],
            [
              122.903699037,
              -8.24291625
            ],
            [
              122.903770702,
              -8.242738941
            ],
            [
              122.903896114,
              -8.242614824
            ],
            [
              122.904057359,
              -8.242490707
            ],
            [
              122.904146939,
              -8.242331129
            ],
            [
              122.904254435,
              -8.242189281
            ],
            [
              122.904379848,
              -8.242029701
            ],
            [
              122.90450526,
              -8.241870124
            ],
            [
              122.904630672,
              -8.241728275
            ],
            [
              122.904738168,
              -8.241568695
            ],
            [
              122.904791916,
              -8.241391386
            ],
            [
              122.904845665,
              -8.241214076
            ],
            [
              122.90486358,
              -8.241036765
            ],
            [
              122.90486358,
              -8.240859456
            ],
            [
              122.904899413,
              -8.240682143
            ],
            [
              122.904935244,
              -8.240504834
            ],
            [
              122.905006909,
              -8.240327524
            ],
            [
              122.905096489,
              -8.240150212
            ],
            [
              122.905221901,
              -8.240008362
            ],
            [
              122.905383145,
              -8.239919705
            ],
            [
              122.905580222,
              -8.239919704
            ],
            [
              122.905723552,
              -8.239813316
            ],
            [
              122.90586688,
              -8.239706928
            ],
            [
              122.906010211,
              -8.239565077
            ],
            [
              122.906135624,
              -8.239423226
            ],
            [
              122.906261038,
              -8.239281374
            ],
            [
              122.906404367,
              -8.239157252
            ],
            [
              122.906547698,
              -8.2390154
            ],
            [
              122.906673113,
              -8.238873548
            ],
            [
              122.906816442,
              -8.238749426
            ],
            [
              122.90697769,
              -8.238696228
            ],
            [
              122.907174771,
              -8.23864303
            ],
            [
              122.907336019,
              -8.238554369
            ],
            [
              122.907371852,
              -8.238536636
            ],
            [
              122.90769344,
              -8.238045678
            ],
            [
              122.907800937,
              -8.237886092
            ],
            [
              122.907890517,
              -8.237708772
            ],
            [
              122.908015929,
              -8.237549186
            ],
            [
              122.908087593,
              -8.237407332
            ],
            [
              122.908177172,
              -8.237212284
            ],
            [
              122.90826675,
              -8.237052699
            ],
            [
              122.908338412,
              -8.236875383
            ],
            [
              122.908463822,
              -8.23673353
            ],
            [
              122.908571317,
              -8.236573946
            ],
            [
              122.908642979,
              -8.236396629
            ],
            [
              122.908714641,
              -8.236237047
            ],
            [
              122.908804219,
              -8.236059734
            ],
            [
              122.908804217,
              -8.235882421
            ],
            [
              122.90882213,
              -8.235687377
            ],
            [
              122.90885796,
              -8.235510064
            ],
            [
              122.908857957,
              -8.235315022
            ],
            [
              122.908857955,
              -8.235137712
            ],
            [
              122.908857953,
              -8.234924937
            ],
            [
              122.908857951,
              -8.234729894
            ],
            [
              122.908857949,
              -8.234552585
            ],
            [
              122.908857946,
              -8.234357543
            ],
            [
              122.908822113,
              -8.234197964
            ],
            [
              122.908714617,
              -8.234020655
            ],
            [
              122.908607121,
              -8.233861077
            ],
            [
              122.908499626,
              -8.233719231
            ],
            [
              122.908445877,
              -8.233541922
            ],
            [
              122.908445875,
              -8.233364611
            ],
            [
              122.90846378,
              -8.232407139
            ],
            [
              122.908463778,
              -8.232212098
            ],
            [
              122.908463776,
              -8.232017057
            ],
            [
              122.908463773,
              -8.231839748
            ],
            [
              122.908463771,
              -8.231644705
            ],
            [
              122.908463769,
              -8.231467396
            ],
            [
              122.908463768,
              -8.231254624
            ],
            [
              122.908463764,
              -8.231059581
            ],
            [
              122.908463762,
              -8.230829078
            ],
            [
              122.90846376,
              -8.230616305
            ],
            [
              122.908499589,
              -8.230438993
            ],
            [
              122.908535418,
              -8.230261681
            ],
            [
              122.908535416,
              -8.230084369
            ],
            [
              122.908535414,
              -8.229871595
            ],
            [
              122.908535411,
              -8.229676551
            ],
            [
              122.908535409,
              -8.229499239
            ],
            [
              122.908589154,
              -8.229304194
            ],
            [
              122.908589151,
              -8.229109148
            ],
            [
              122.908589149,
              -8.228914103
            ],
            [
              122.908589146,
              -8.228719058
            ],
            [
              122.908589144,
              -8.228524011
            ],
            [
              122.908589142,
              -8.228328965
            ],
            [
              122.908589139,
              -8.228133917
            ],
            [
              122.908589137,
              -8.227938869
            ],
            [
              122.908589134,
              -8.227743821
            ],
            [
              122.908589132,
              -8.227566503
            ],
            [
              122.908589129,
              -8.227371453
            ],
            [
              122.90866079,
              -8.227229597
            ],
            [
              122.908921941,
              -8.226301256
            ],
            [
              122.908921937,
              -8.226106212
            ],
            [
              122.908921935,
              -8.225911166
            ],
            [
              122.908921931,
              -8.225716124
            ],
            [
              122.908921929,
              -8.225521081
            ],
            [
              122.908921926,
              -8.225326036
            ],
            [
              122.908921924,
              -8.22513099
            ],
            [
              122.908939836,
              -8.224953675
            ],
            [
              122.908957749,
              -8.224776361
            ],
            [
              122.908957746,
              -8.224581314
            ],
            [
              122.909047321,
              -8.224421728
            ],
            [
              122.909172727,
              -8.224279876
            ],
            [
              122.909280217,
              -8.224138021
            ],
            [
              122.909405622,
              -8.223996166
            ],
            [
              122.909513114,
              -8.223854312
            ],
            [
              122.909656436,
              -8.223730187
            ],
            [
              122.909763927,
              -8.223606063
            ],
            [
              122.910222837,
              -8.223236904
            ],
            [
              122.910366161,
              -8.223095051
            ],
            [
              122.910384075,
              -8.22291774
            ],
            [
              122.910401988,
              -8.222740428
            ],
            [
              122.910401985,
              -8.222545387
            ],
            [
              122.910437812,
              -8.222368075
            ],
            [
              122.910509473,
              -8.222190762
            ],
            [
              122.910563216,
              -8.22201345
            ],
            [
              122.91065279,
              -8.221836138
            ],
            [
              122.910652787,
              -8.221658826
            ],
            [
              122.910688614,
              -8.221481514
            ],
            [
              122.910778188,
              -8.221304202
            ],
            [
              122.910814015,
              -8.221126889
            ],
            [
              122.910885673,
              -8.220949577
            ],
            [
              122.911011078,
              -8.220807726
            ],
            [
              122.91110065,
              -8.220648143
            ],
            [
              122.911261888,
              -8.220577217
            ],
            [
              122.911441041,
              -8.220541755
            ],
            [
              122.91154853,
              -8.220399904
            ],
            [
              122.911691848,
              -8.220258052
            ],
            [
              122.911799335,
              -8.22009847
            ],
            [
              122.911853076,
              -8.219921158
            ],
            [
              122.911906818,
              -8.219743844
            ],
            [
              122.911978475,
              -8.219566531
            ],
            [
              122.912068046,
              -8.219406948
            ],
            [
              122.912157619,
              -8.219265096
            ],
            [
              122.912265106,
              -8.219105512
            ],
            [
              122.912318846,
              -8.218928199
            ],
            [
              122.912354672,
              -8.218786345
            ],
            [
              122.912587548,
              -8.21804162
            ],
            [
              122.912605458,
              -8.217864302
            ],
            [
              122.912677112,
              -8.217686983
            ],
            [
              122.912766684,
              -8.217509666
            ],
            [
              122.912874171,
              -8.21736781
            ],
            [
              122.912963742,
              -8.217208223
            ],
            [
              122.913017482,
              -8.217030903
            ],
            [
              122.913178717,
              -8.216977705
            ],
            [
              122.913250377,
              -8.21694224
            ],
            [
              122.913721912,
              -8.216558344
            ],
            [
              122.913847321,
              -8.216416486
            ],
            [
              122.914026476,
              -8.216381015
            ],
            [
              122.91411605,
              -8.216221429
            ],
            [
              122.914169795,
              -8.216044112
            ],
            [
              122.914187709,
              -8.215866798
            ],
            [
              122.914259368,
              -8.215689482
            ],
            [
              122.914384773,
              -8.215547628
            ],
            [
              122.914510177,
              -8.215388042
            ],
            [
              122.914599752,
              -8.215228457
            ],
            [
              122.914725155,
              -8.215104334
            ],
            [
              122.914868474,
              -8.21496248
            ],
            [
              122.915011793,
              -8.214838356
            ],
            [
              122.915137196,
              -8.214714235
            ],
            [
              122.915280514,
              -8.214590111
            ],
            [
              122.915423831,
              -8.21446599
            ],
            [
              122.915495487,
              -8.214288677
            ],
            [
              122.915531312,
              -8.214111366
            ],
            [
              122.915602968,
              -8.213934051
            ],
            [
              122.915728368,
              -8.2137922
            ],
            [
              122.91585377,
              -8.213685809
            ],
            [
              122.916015001,
              -8.213579417
            ],
            [
              122.916176231,
              -8.213455294
            ],
            [
              122.916319546,
              -8.213331174
            ],
            [
              122.916444945,
              -8.213189322
            ],
            [
              122.916570345,
              -8.213047471
            ],
            [
              122.916695744,
              -8.212905619
            ],
            [
              122.91673157,
              -8.212799232
            ],
            [
              122.917143581,
              -8.211965862
            ],
            [
              122.917143575,
              -8.211788554
            ],
            [
              122.917197313,
              -8.21161124
            ],
            [
              122.917215222,
              -8.21143393
            ],
            [
              122.917215215,
              -8.211256619
            ],
            [
              122.917268953,
              -8.211079305
            ],
            [
              122.917376435,
              -8.210919724
            ],
            [
              122.917483919,
              -8.210777871
            ],
            [
              122.917573487,
              -8.210618287
            ],
            [
              122.917663054,
              -8.210458705
            ],
            [
              122.917770537,
              -8.210299121
            ],
            [
              122.917878018,
              -8.210121806
            ],
            [
              122.917967586,
              -8.209944491
            ],
            [
              122.918021323,
              -8.209767177
            ],
            [
              122.918128806,
              -8.209607589
            ],
            [
              122.918254202,
              -8.209465735
            ],
            [
              122.918415431,
              -8.209341609
            ],
            [
              122.918558744,
              -8.209217485
            ],
            [
              122.918684143,
              -8.20909336
            ],
            [
              122.918827455,
              -8.208951502
            ],
            [
              122.918952853,
              -8.208791915
            ],
            [
              122.919024506,
              -8.208614596
            ],
            [
              122.919131988,
              -8.208455009
            ],
            [
              122.919239472,
              -8.208295421
            ],
            [
              122.919293215,
              -8.208259953
            ],
            [
              122.919242673,
              -8.2079666
            ],
            [
              122.919547235,
              -8.207895654
            ],
            [
              122.920210096,
              -8.207877886
            ],
            [
              122.920425077,
              -8.207877874
            ],
            [
              122.920604228,
              -8.207824669
            ],
            [
              122.920747544,
              -8.207700541
            ],
            [
              122.920890861,
              -8.207576413
            ],
            [
              122.920998344,
              -8.207416825
            ],
            [
              122.921123745,
              -8.207274967
            ],
            [
              122.92126706,
              -8.207150842
            ],
            [
              122.92142829,
              -8.207044446
            ],
            [
              122.921571603,
              -8.206920319
            ],
            [
              122.921697001,
              -8.206778463
            ],
            [
              122.921822401,
              -8.206672069
            ],
            [
              122.921983628,
              -8.206565674
            ],
            [
              122.922144858,
              -8.206512472
            ],
            [
              122.922306088,
              -8.206494732
            ],
            [
              122.922521063,
              -8.206494722
            ],
            [
              122.922700208,
              -8.20645925
            ],
            [
              122.922861435,
              -8.206370589
            ],
            [
              122.923022661,
              -8.206281923
            ],
            [
              122.923165972,
              -8.206157798
            ],
            [
              122.923291366,
              -8.206015944
            ],
            [
              122.923398848,
              -8.205891822
            ],
            [
              122.923506328,
              -8.205767698
            ],
            [
              122.923631722,
              -8.205608114
            ],
            [
              122.9237392,
              -8.205430797
            ],
            [
              122.923846678,
              -8.205271215
            ],
            [
              122.923954157,
              -8.20512936
            ],
            [
              122.924079552,
              -8.204987506
            ],
            [
              122.92422286,
              -8.204863381
            ],
            [
              122.924384083,
              -8.204739258
            ],
            [
              122.924509476,
              -8.204615132
            ],
            [
              122.924616955,
              -8.204473281
            ],
            [
              122.924760265,
              -8.204366888
            ],
            [
              122.924903573,
              -8.204260494
            ],
            [
              122.925064798,
              -8.204171831
            ],
            [
              122.92522602,
              -8.204065438
            ],
            [
              122.925387243,
              -8.203941312
            ],
            [
              122.925476811,
              -8.203870383
            ],
            [
              122.925957,
              -8.203577999
            ],
            [
              122.926186,
              -8.203421999
            ],
            [
              122.926422,
              -8.203336
            ],
            [
              122.926810999,
              -8.203286999
            ],
            [
              122.927016999,
              -8.2033
            ],
            [
              122.9272,
              -8.203371999
            ],
            [
              122.928191999,
              -8.203452
            ],
            [
              122.928474,
              -8.203500998
            ],
            [
              122.928649999,
              -8.203654
            ],
            [
              122.92878,
              -8.203739999
            ],
            [
              122.928888999,
              -8.203595
            ],
            [
              122.929051,
              -8.203501999
            ],
            [
              122.929307,
              -8.203466998
            ],
            [
              122.929521,
              -8.203461999
            ],
            [
              122.929817,
              -8.203328998
            ],
            [
              122.930382,
              -8.203177
            ],
            [
              122.930656,
              -8.20314
            ],
            [
              122.931007,
              -8.203203
            ],
            [
              122.931282,
              -8.203310999
            ],
            [
              122.931503,
              -8.203543999
            ],
            [
              122.931536,
              -8.203543
            ],
            [
              122.931814999,
              -8.203484999
            ],
            [
              122.931988999,
              -8.203403999
            ],
            [
              122.932175,
              -8.203298999
            ],
            [
              122.932383999,
              -8.203113001
            ],
            [
              122.932557999,
              -8.202986
            ],
            [
              122.932918,
              -8.202845999
            ],
            [
              122.933243,
              -8.202753
            ],
            [
              122.933532999,
              -8.202719
            ],
            [
              122.933733,
              -8.2027
            ],
            [
              122.933837999,
              -8.202636
            ],
            [
              122.934578,
              -8.20244
            ],
            [
              122.93467,
              -8.202444999
            ],
            [
              122.934889718,
              -8.202531119
            ],
            [
              122.935033078,
              -8.203116233
            ],
            [
              122.935104756,
              -8.203382193
            ],
            [
              122.935237,
              -8.203352
            ],
            [
              122.935445127,
              -8.203382167
            ],
            [
              122.935839223,
              -8.203151633
            ],
            [
              122.936018352,
              -8.20297431
            ],
            [
              122.936534204,
              -8.202745382
            ],
            [
              122.937089536,
              -8.202497095
            ],
            [
              122.93725076,
              -8.202408423
            ],
            [
              122.937394067,
              -8.202302021
            ],
            [
              122.937591118,
              -8.202213348
            ],
            [
              122.93771651,
              -8.202089218
            ],
            [
              122.937859811,
              -8.201929624
            ],
            [
              122.938003119,
              -8.201840955
            ],
            [
              122.938110592,
              -8.201681364
            ],
            [
              122.938235979,
              -8.201521772
            ],
            [
              122.938361367,
              -8.201379912
            ],
            [
              122.938468838,
              -8.201220321
            ],
            [
              122.938612144,
              -8.201113923
            ],
            [
              122.938737532,
              -8.200972062
            ],
            [
              122.938880833,
              -8.200830201
            ],
            [
              122.939024134,
              -8.20068834
            ],
            [
              122.939131607,
              -8.200564214
            ],
            [
              122.939292824,
              -8.200440084
            ],
            [
              122.939454042,
              -8.200333681
            ],
            [
              122.939597345,
              -8.200209553
            ],
            [
              122.939722729,
              -8.200049962
            ],
            [
              122.939812285,
              -8.199890376
            ],
            [
              122.939901842,
              -8.199730789
            ],
            [
              122.939919739,
              -8.199553476
            ],
            [
              122.939937638,
              -8.199376166
            ],
            [
              122.939937621,
              -8.199181125
            ],
            [
              122.939937605,
              -8.199003814
            ],
            [
              122.939955512,
              -8.198932889
            ],
            [
              122.939847946,
              -8.198028618
            ],
            [
              122.939776275,
              -8.197851316
            ],
            [
              122.939650863,
              -8.197709478
            ],
            [
              122.939525453,
              -8.19756764
            ],
            [
              122.93938213,
              -8.197443536
            ],
            [
              122.939238805,
              -8.197301701
            ],
            [
              122.939077571,
              -8.19721306
            ],
            [
              122.938934249,
              -8.197106686
            ],
            [
              122.938790925,
              -8.19696485
            ],
            [
              122.938665516,
              -8.196840743
            ],
            [
              122.938540105,
              -8.196698904
            ],
            [
              122.938468434,
              -8.1965216
            ],
            [
              122.938468431,
              -8.196486138
            ],
            [
              122.938431,
              -8.196094001
            ],
            [
              122.9384,
              -8.19591
            ],
            [
              122.938422999,
              -8.195618
            ],
            [
              122.938507,
              -8.195394999
            ],
            [
              122.938576,
              -8.195289
            ],
            [
              122.938598999,
              -8.195087
            ],
            [
              122.938644,
              -8.19467
            ],
            [
              122.938682999,
              -8.194588999
            ],
            [
              122.939109999,
              -8.194472999
            ],
            [
              122.939242477,
              -8.194301627
            ],
            [
              122.939367862,
              -8.194159768
            ],
            [
              122.939600729,
              -8.19400017
            ],
            [
              122.939367808,
              -8.193539185
            ],
            [
              122.939952,
              -8.193129001
            ],
            [
              122.940001,
              -8.193093999
            ],
            [
              122.940047,
              -8.193028999
            ],
            [
              122.940278999,
              -8.192866999
            ],
            [
              122.940535,
              -8.192727
            ],
            [
              122.940976,
              -8.192617
            ],
            [
              122.941521999,
              -8.192523999
            ],
            [
              122.941799999,
              -8.192465999
            ],
            [
              122.942067,
              -8.192396
            ],
            [
              122.942566999,
              -8.192338
            ],
            [
              122.943065999,
              -8.192222001
            ],
            [
              122.943345,
              -8.192141
            ],
            [
              122.943567,
              -8.192111999
            ],
            [
              122.943848,
              -8.192040999
            ],
            [
              122.944699,
              -8.191875
            ],
            [
              122.94475,
              -8.191862
            ],
            [
              122.94497,
              -8.191804
            ],
            [
              122.945319,
              -8.191804
            ],
            [
              122.945644,
              -8.191804
            ],
            [
              122.94598,
              -8.191769
            ],
            [
              122.946294,
              -8.191699999
            ],
            [
              122.946599999,
              -8.191695
            ],
            [
              122.947516,
              -8.191535
            ],
            [
              122.947676,
              -8.191511
            ],
            [
              122.947744999,
              -8.191496
            ],
            [
              122.947784,
              -8.191494999
            ],
            [
              122.949515,
              -8.191232
            ],
            [
              122.949591,
              -8.191223999
            ],
            [
              122.949963,
              -8.191135999
            ],
            [
              122.950369,
              -8.191055
            ],
            [
              122.95066,
              -8.191055
            ],
            [
              122.950996,
              -8.191148
            ],
            [
              122.95131,
              -8.191264001
            ],
            [
              122.951564999,
              -8.191427
            ],
            [
              122.951632999,
              -8.191491999
            ],
            [
              122.951716,
              -8.191535
            ],
            [
              122.952095999,
              -8.19189
            ],
            [
              122.952525999,
              -8.192369999
            ],
            [
              122.952556,
              -8.192395
            ],
            [
              122.952715,
              -8.192478
            ],
            [
              122.952924,
              -8.192675
            ],
            [
              122.952931999,
              -8.192684
            ],
            [
              122.953057,
              -8.192775
            ],
            [
              122.953625,
              -8.193489001
            ],
            [
              122.953725,
              -8.193592
            ],
            [
              122.954003999,
              -8.193941
            ],
            [
              122.954364,
              -8.194324
            ],
            [
              122.954459,
              -8.19443
            ],
            [
              122.954634999,
              -8.194606
            ],
            [
              122.954746999,
              -8.194695
            ],
            [
              122.954991,
              -8.194846
            ],
            [
              122.95542,
              -8.195077999
            ],
            [
              122.955908,
              -8.195346
            ],
            [
              122.956152,
              -8.195479
            ],
            [
              122.956487999,
              -8.195676
            ],
            [
              122.956848,
              -8.195884999
            ],
            [
              122.957091999,
              -8.195977999
            ],
            [
              122.957119448,
              -8.196285793
            ],
            [
              122.957441947,
              -8.196640374
            ]
          ]
        ]
      }
    }
  ]
}