{
  "type": "FeatureCollection",
  "features": [
    {
      "type": "Feature",
      "properties": {
        "idx": "1465",
        "nama_kewilayahan": "Bulutana"
      },
      "geometry": {
        "type": "Polygon",
        "coordinates": [
          [
            [
              119.918266049,
              -5.248508191
            ],
            [
              119.918323156,
              -5.248679512
            ],
            [
              119.91838978,
              -5.248888905
            ],
            [
              119.91843737,
              -5.249079262
            ],
            [
              119.918475442,
              -5.249269618
            ],
            [
              119.918513513,
              -5.249450458
            ],
            [
              119.918542066,
              -5.249669368
            ],
            [
              119.918551584,
              -5.249840689
            ],
            [
              119.918589655,
              -5.250116707
            ],
            [
              119.918637245,
              -5.250230921
            ],
            [
              119.918703869,
              -5.25041176
            ],
            [
              119.918780012,
              -5.250573564
            ],
            [
              119.918827602,
              -5.250697296
            ],
            [
              119.918865673,
              -5.250887652
            ],
            [
              119.91892278,
              -5.251078009
            ],
            [
              119.918960852,
              -5.251268364
            ],
            [
              119.918998923,
              -5.251382581
            ],
            [
              119.91905603,
              -5.251506312
            ],
            [
              119.91914169,
              -5.251630043
            ],
            [
              119.919246386,
              -5.251744258
            ],
            [
              119.919379636,
              -5.251791847
            ],
            [
              119.919493851,
              -5.251858472
            ],
            [
              119.919676474,
              -5.251962334
            ],
            [
              119.919754996,
              -5.252005166
            ],
            [
              119.919876349,
              -5.252055135
            ],
            [
              119.920040532,
              -5.25211938
            ],
            [
              119.920190438,
              -5.252169348
            ],
            [
              119.920376036,
              -5.252212179
            ],
            [
              119.920533081,
              -5.252233594
            ],
            [
              119.920661571,
              -5.252247871
            ],
            [
              119.920775785,
              -5.252247871
            ],
            [
              119.920773668,
              -5.252295951
            ],
            [
              119.920925691,
              -5.252247871
            ],
            [
              119.921032767,
              -5.252247871
            ],
            [
              119.921146981,
              -5.252247871
            ],
            [
              119.921296887,
              -5.252255008
            ],
            [
              119.921453931,
              -5.252247871
            ],
            [
              119.921603838,
              -5.252247871
            ],
            [
              119.921782297,
              -5.252262148
            ],
            [
              119.921967895,
              -5.252283562
            ],
            [
              119.922153493,
              -5.252276424
            ],
            [
              119.922324814,
              -5.25229784
            ],
            [
              119.922453305,
              -5.25229784
            ],
            [
              119.922617488,
              -5.252319255
            ],
            [
              119.922853054,
              -5.252340671
            ],
            [
              119.922967268,
              -5.252369224
            ],
            [
              119.923124313,
              -5.252404915
            ],
            [
              119.923295634,
              -5.252440607
            ],
            [
              119.923438402,
              -5.252469161
            ],
            [
              119.92358117,
              -5.252504853
            ],
            [
              119.92375368,
              -5.252529837
            ],
            [
              119.923914294,
              -5.252571478
            ],
            [
              119.924086806,
              -5.252601221
            ],
            [
              119.924312854,
              -5.252672605
            ],
            [
              119.924556749,
              -5.252743988
            ],
            [
              119.9247709,
              -5.252803475
            ],
            [
              119.924967206,
              -5.252851064
            ],
            [
              119.925139717,
              -5.252886757
            ],
            [
              119.925294382,
              -5.252904602
            ],
            [
              119.925413355,
              -5.252898654
            ],
            [
              119.925526379,
              -5.252880808
            ],
            [
              119.925692942,
              -5.252839167
            ],
            [
              119.925817863,
              -5.252761834
            ],
            [
              119.925954682,
              -5.252672605
            ],
            [
              119.926109347,
              -5.25255363
            ],
            [
              119.926234269,
              -5.252482248
            ],
            [
              119.926412728,
              -5.25242276
            ],
            [
              119.926586429,
              -5.252337101
            ],
            [
              119.926814858,
              -5.252232404
            ],
            [
              119.926957625,
              -5.252156262
            ],
            [
              119.92710991,
              -5.252089638
            ],
            [
              119.927224125,
              -5.252023012
            ],
            [
              119.927319303,
              -5.251832656
            ],
            [
              119.92737641,
              -5.251708923
            ],
            [
              119.927404963,
              -5.25159471
            ],
            [
              119.927443035,
              -5.251442424
            ],
            [
              119.927481106,
              -5.251252066
            ],
            [
              119.927509659,
              -5.251137852
            ],
            [
              119.927566767,
              -5.250985567
            ],
            [
              119.927595321,
              -5.250861835
            ],
            [
              119.927642909,
              -5.250757139
            ],
            [
              119.927680981,
              -5.250652441
            ],
            [
              119.927757124,
              -5.250595335
            ],
            [
              119.927833265,
              -5.250576301
            ],
            [
              119.927917694,
              -5.25064666
            ],
            [
              119.9279748,
              -5.250770392
            ],
            [
              119.928004544,
              -5.250890951
            ],
            [
              119.928033141,
              -5.251004602
            ],
            [
              119.928052177,
              -5.251128335
            ],
            [
              119.928090248,
              -5.251233032
            ],
            [
              119.928194945,
              -5.251375798
            ],
            [
              119.928290123,
              -5.251451941
            ],
            [
              119.928404337,
              -5.251499531
            ],
            [
              119.928537587,
              -5.251518567
            ],
            [
              119.928680355,
              -5.251556638
            ],
            [
              119.928813604,
              -5.251613745
            ],
            [
              119.928946854,
              -5.251670852
            ],
            [
              119.929042032,
              -5.251737477
            ],
            [
              119.929108658,
              -5.251823137
            ],
            [
              119.929184801,
              -5.251918315
            ],
            [
              119.929260943,
              -5.252042049
            ],
            [
              119.929355394,
              -5.252153869
            ],
            [
              119.929288768,
              -5.252306155
            ],
            [
              119.929222144,
              -5.252429886
            ],
            [
              119.929193591,
              -5.252582172
            ],
            [
              119.929231662,
              -5.252705904
            ],
            [
              119.929355394,
              -5.252801083
            ],
            [
              119.929517197,
              -5.252877226
            ],
            [
              119.929679,
              -5.252972402
            ],
            [
              119.92981225,
              -5.2530771
            ],
            [
              119.929935982,
              -5.253219867
            ],
            [
              119.930021643,
              -5.253381671
            ],
            [
              119.930012125,
              -5.253533956
            ],
            [
              119.929985951,
              -5.25365055
            ],
            [
              119.929968105,
              -5.253775473
            ],
            [
              119.929932413,
              -5.253876599
            ],
            [
              119.929878875,
              -5.25395988
            ],
            [
              119.929825337,
              -5.254055059
            ],
            [
              119.929736107,
              -5.25413834
            ],
            [
              119.92968257,
              -5.254245415
            ],
            [
              119.929664724,
              -5.254316799
            ],
            [
              119.929670672,
              -5.25444172
            ],
            [
              119.92968257,
              -5.254548796
            ],
            [
              119.929700415,
              -5.25466182
            ],
            [
              119.929765851,
              -5.254745102
            ],
            [
              119.929801543,
              -5.254834332
            ],
            [
              119.929753954,
              -5.25492951
            ],
            [
              119.929694467,
              -5.254988997
            ],
            [
              119.929640929,
              -5.255084175
            ],
            [
              119.929581442,
              -5.255232893
            ],
            [
              119.929575494,
              -5.255339967
            ],
            [
              119.929545751,
              -5.25545894
            ],
            [
              119.929545751,
              -5.255583862
            ],
            [
              119.92959334,
              -5.25567904
            ],
            [
              119.929652827,
              -5.255756373
            ],
            [
              119.929742056,
              -5.255833705
            ],
            [
              119.92986103,
              -5.255881296
            ],
            [
              119.930039488,
              -5.255845603
            ],
            [
              119.930093027,
              -5.255750425
            ],
            [
              119.930283384,
              -5.25567904
            ],
            [
              119.93039046,
              -5.255756373
            ],
            [
              119.930503484,
              -5.255869398
            ],
            [
              119.930580816,
              -5.256006216
            ],
            [
              119.930604611,
              -5.256119241
            ],
            [
              119.930634354,
              -5.256244162
            ],
            [
              119.930658148,
              -5.256363135
            ],
            [
              119.930640303,
              -5.256494007
            ],
            [
              119.930640303,
              -5.256674845
            ],
            [
              119.93069384,
              -5.256737901
            ],
            [
              119.930794967,
              -5.256815233
            ],
            [
              119.9308723,
              -5.256821183
            ],
            [
              119.930943684,
              -5.256916361
            ],
            [
              119.930979376,
              -5.257029385
            ],
            [
              119.93100317,
              -5.257112664
            ],
            [
              119.931038863,
              -5.257166204
            ],
            [
              119.931062657,
              -5.257255434
            ],
            [
              119.931074554,
              -5.257308971
            ],
            [
              119.931038863,
              -5.257374406
            ],
            [
              119.931032914,
              -5.257475535
            ],
            [
              119.931032914,
              -5.257582609
            ],
            [
              119.931074554,
              -5.257671839
            ],
            [
              119.931122143,
              -5.257737274
            ],
            [
              119.931163784,
              -5.257826504
            ],
            [
              119.93118163,
              -5.25792763
            ],
            [
              119.931163784,
              -5.258028758
            ],
            [
              119.931145938,
              -5.258117988
            ],
            [
              119.931163784,
              -5.258219115
            ],
            [
              119.931205424,
              -5.258296448
            ],
            [
              119.931276808,
              -5.258361883
            ],
            [
              119.931300603,
              -5.258457061
            ],
            [
              119.931342244,
              -5.258546291
            ],
            [
              119.931395781,
              -5.258635521
            ],
            [
              119.931413627,
              -5.258754494
            ],
            [
              119.931425524,
              -5.258885364
            ],
            [
              119.931502857,
              -5.259016234
            ],
            [
              119.931603984,
              -5.259105464
            ],
            [
              119.931728906,
              -5.259087618
            ],
            [
              119.931818136,
              -5.259010286
            ],
            [
              119.931919263,
              -5.25890321
            ],
            [
              119.931984698,
              -5.258956748
            ],
            [
              119.932008493,
              -5.259034079
            ],
            [
              119.932008493,
              -5.259159002
            ],
            [
              119.931996596,
              -5.259307718
            ],
            [
              119.93206203,
              -5.259379103
            ],
            [
              119.932216696,
              -5.259450486
            ],
            [
              119.932348056,
              -5.259564039
            ],
            [
              119.932500341,
              -5.259621145
            ],
            [
              119.932671663,
              -5.259659218
            ],
            [
              119.932900091,
              -5.259678253
            ],
            [
              119.932995269,
              -5.259792468
            ],
            [
              119.932995269,
              -5.260097039
            ],
            [
              119.932995269,
              -5.260420645
            ],
            [
              119.933109483,
              -5.260611002
            ],
            [
              119.933223697,
              -5.260858466
            ],
            [
              119.93316659,
              -5.261067859
            ],
            [
              119.932938162,
              -5.26127725
            ],
            [
              119.932938162,
              -5.261600858
            ],
            [
              119.932881055,
              -5.261867358
            ],
            [
              119.933052376,
              -5.262057714
            ],
            [
              119.933414054,
              -5.262171928
            ],
            [
              119.933509233,
              -5.262419391
            ],
            [
              119.933680554,
              -5.262628784
            ],
            [
              119.93383284,
              -5.262857214
            ],
            [
              119.933908982,
              -5.263123713
            ],
            [
              119.934023196,
              -5.263390214
            ],
            [
              119.934194517,
              -5.263675749
            ],
            [
              119.934194517,
              -5.263980319
            ],
            [
              119.934308732,
              -5.264113569
            ],
            [
              119.934308732,
              -5.26441814
            ],
            [
              119.934346803,
              -5.264779818
            ],
            [
              119.934346803,
              -5.26512246
            ],
            [
              119.934327767,
              -5.265427031
            ],
            [
              119.934480053,
              -5.265617388
            ],
            [
              119.934518124,
              -5.265979066
            ],
            [
              119.93440391,
              -5.26622653
            ],
            [
              119.934289696,
              -5.266569173
            ],
            [
              119.934289696,
              -5.266702421
            ],
            [
              119.934441982,
              -5.266911815
            ],
            [
              119.93427066,
              -5.267216386
            ],
            [
              119.93413741,
              -5.267349636
            ],
            [
              119.934129181,
              -5.267766637
            ],
            [
              119.934376645,
              -5.268052172
            ],
            [
              119.934662181,
              -5.268318671
            ],
            [
              119.934966752,
              -5.2685471
            ],
            [
              119.935271323,
              -5.268642278
            ],
            [
              119.93572818,
              -5.268661314
            ],
            [
              119.936051786,
              -5.268680349
            ],
            [
              119.9364325,
              -5.268813599
            ],
            [
              119.93656575,
              -5.269137206
            ],
            [
              119.936489607,
              -5.26938467
            ],
            [
              119.936394428,
              -5.269632135
            ],
            [
              119.93629925,
              -5.269803455
            ],
            [
              119.936108893,
              -5.270050919
            ],
            [
              119.935956607,
              -5.270260311
            ],
            [
              119.935975643,
              -5.270564883
            ],
            [
              119.936013714,
              -5.27088849
            ],
            [
              119.936070821,
              -5.271174024
            ],
            [
              119.936146964,
              -5.271516666
            ],
            [
              119.936127929,
              -5.271840274
            ],
            [
              119.936013714,
              -5.272201951
            ],
            [
              119.935842394,
              -5.272468451
            ],
            [
              119.935690108,
              -5.272734951
            ],
            [
              119.935633001,
              -5.273039521
            ],
            [
              119.935480715,
              -5.273286986
            ],
            [
              119.935214216,
              -5.273553486
            ],
            [
              119.935004823,
              -5.273800949
            ],
            [
              119.934795431,
              -5.274048413
            ],
            [
              119.934662181,
              -5.274295877
            ],
            [
              119.934419475,
              -5.27456555
            ],
            [
              119.934348092,
              -5.274803497
            ],
            [
              119.934133941,
              -5.274970058
            ],
            [
              119.933824611,
              -5.275184209
            ],
            [
              119.933681842,
              -5.275469745
            ],
            [
              119.933634254,
              -5.275707691
            ],
            [
              119.933610459,
              -5.275921841
            ],
            [
              119.933467691,
              -5.276088404
            ],
            [
              119.933372513,
              -5.276445324
            ],
            [
              119.933467691,
              -5.276873627
            ],
            [
              119.933681842,
              -5.277230545
            ],
            [
              119.933848405,
              -5.277587465
            ],
            [
              119.934014968,
              -5.277968179
            ],
            [
              119.933895994,
              -5.278372687
            ],
            [
              119.933729432,
              -5.27884858
            ],
            [
              119.933372513,
              -5.27941965
            ],
            [
              119.933134567,
              -5.27977657
            ],
            [
              119.933229745,
              -5.280514202
            ],
            [
              119.933408205,
              -5.281263732
            ],
            [
              119.933408205,
              -5.281941879
            ],
            [
              119.933836508,
              -5.28254864
            ],
            [
              119.934300502,
              -5.283655091
            ],
            [
              119.934407578,
              -5.284440312
            ],
            [
              119.934835881,
              -5.285368303
            ],
            [
              119.935249809,
              -5.285752387
            ],
            [
              119.935927955,
              -5.285895155
            ],
            [
              119.936534718,
              -5.286394841
            ],
            [
              119.936927328,
              -5.287322832
            ],
            [
              119.93714148,
              -5.288000977
            ],
            [
              119.937105788,
              -5.288500665
            ],
            [
              119.937534091,
              -5.288893275
            ],
            [
              119.937676859,
              -5.289500038
            ],
            [
              119.937284248,
              -5.289892649
            ],
            [
              119.936784561,
              -5.290392336
            ],
            [
              119.936820252,
              -5.2909991
            ],
            [
              119.937034404,
              -5.291356018
            ],
            [
              119.937284248,
              -5.291855705
            ],
            [
              119.936963021,
              -5.292355391
            ],
            [
              119.937034404,
              -5.292926462
            ],
            [
              119.936927328,
              -5.293533224
            ],
            [
              119.936534718,
              -5.293961527
            ],
            [
              119.936142106,
              -5.294461214
            ],
            [
              119.936320869,
              -5.294972269
            ],
            [
              119.936558815,
              -5.295876465
            ],
            [
              119.936701583,
              -5.296733071
            ],
            [
              119.936844351,
              -5.297446909
            ],
            [
              119.936606404,
              -5.298113159
            ],
            [
              119.936710342,
              -5.298537112
            ],
            [
              119.936781725,
              -5.29894162
            ],
            [
              119.936781725,
              -5.299346129
            ],
            [
              119.93649619,
              -5.299774432
            ],
            [
              119.936139271,
              -5.30017894
            ],
            [
              119.935734763,
              -5.300512065
            ],
            [
              119.93530646,
              -5.300868984
            ],
            [
              119.93464021,
              -5.301535233
            ],
            [
              119.934092934,
              -5.301868358
            ],
            [
              119.933688426,
              -5.302225276
            ],
            [
              119.933093561,
              -5.302558401
            ],
            [
              119.932403517,
              -5.303010499
            ],
            [
              119.931784857,
              -5.303438802
            ],
            [
              119.931308965,
              -5.303819516
            ],
            [
              119.930975841,
              -5.304176435
            ],
            [
              119.930714099,
              -5.304628532
            ],
            [
              119.930618922,
              -5.305009246
            ],
            [
              119.930353181,
              -5.305237264
            ],
            [
              119.930162824,
              -5.305218229
            ],
            [
              119.92991536,
              -5.305351478
            ],
            [
              119.929287182,
              -5.305579906
            ],
            [
              119.928830326,
              -5.305694121
            ],
            [
              119.928468648,
              -5.305808334
            ],
            [
              119.928297327,
              -5.306036763
            ],
            [
              119.928202148,
              -5.306322299
            ],
            [
              119.928049862,
              -5.306664941
            ],
            [
              119.927783363,
              -5.306988548
            ],
            [
              119.927231328,
              -5.306988548
            ],
            [
              119.926590856,
              -5.307016704
            ],
            [
              119.926089815,
              -5.307204656
            ],
            [
              119.925590128,
              -5.307418807
            ],
            [
              119.925185621,
              -5.307656753
            ],
            [
              119.924685934,
              -5.307751931
            ],
            [
              119.924091068,
              -5.307823316
            ],
            [
              119.923282052,
              -5.307823316
            ],
            [
              119.922520624,
              -5.307680548
            ],
            [
              119.921901964,
              -5.30753778
            ],
            [
              119.921116742,
              -5.307418807
            ],
            [
              119.920736029,
              -5.307395013
            ],
            [
              119.920379109,
              -5.307157067
            ],
            [
              119.92002219,
              -5.306895326
            ],
            [
              119.919570093,
              -5.306752558
            ],
            [
              119.91914179,
              -5.306752558
            ],
            [
              119.918737281,
              -5.306800146
            ],
            [
              119.918332773,
              -5.306942915
            ],
            [
              119.918023442,
              -5.307038094
            ],
            [
              119.917642729,
              -5.30727604
            ],
            [
              119.917238221,
              -5.30753778
            ],
            [
              119.916833712,
              -5.30784711
            ],
            [
              119.916381615,
              -5.308108851
            ],
            [
              119.915929517,
              -5.308370593
            ],
            [
              119.915501215,
              -5.308560949
            ],
            [
              119.914953938,
              -5.308703716
            ],
            [
              119.91450184,
              -5.30887028
            ],
            [
              119.913835592,
              -5.308965457
            ],
            [
              119.913145547,
              -5.308846484
            ],
            [
              119.912669656,
              -5.308703716
            ],
            [
              119.912288941,
              -5.308370593
            ],
            [
              119.911884434,
              -5.308085055
            ],
            [
              119.911432335,
              -5.307823316
            ],
            [
              119.911123005,
              -5.307680548
            ],
            [
              119.910742292,
              -5.307442602
            ],
            [
              119.910337784,
              -5.30722845
            ],
            [
              119.90995707,
              -5.30696671
            ],
            [
              119.909719124,
              -5.306752558
            ],
            [
              119.909433588,
              -5.306633585
            ],
            [
              119.908957696,
              -5.306467023
            ],
            [
              119.908481804,
              -5.306395639
            ],
            [
              119.908005912,
              -5.306371844
            ],
            [
              119.907577609,
              -5.306490818
            ],
            [
              119.907244485,
              -5.306752558
            ],
            [
              119.906887566,
              -5.307133272
            ],
            [
              119.90655444,
              -5.307299834
            ],
            [
              119.906340289,
              -5.307513986
            ],
            [
              119.906054754,
              -5.307751931
            ],
            [
              119.905793013,
              -5.308108851
            ],
            [
              119.905317121,
              -5.308346797
            ],
            [
              119.904983997,
              -5.308441976
            ],
            [
              119.904674667,
              -5.308323004
            ],
            [
              119.904412926,
              -5.308085055
            ],
            [
              119.904151185,
              -5.307775726
            ],
            [
              119.903841855,
              -5.307775726
            ],
            [
              119.903532525,
              -5.3078947
            ],
            [
              119.903032838,
              -5.307989878
            ],
            [
              119.902533152,
              -5.308061262
            ],
            [
              119.901771724,
              -5.308108851
            ],
            [
              119.901272038,
              -5.307918494
            ],
            [
              119.900748556,
              -5.307704343
            ],
            [
              119.900367842,
              -5.307561575
            ],
            [
              119.900082307,
              -5.307418807
            ],
            [
              119.89984436,
              -5.307180861
            ],
            [
              119.899558826,
              -5.30691912
            ],
            [
              119.899392263,
              -5.306443228
            ],
            [
              119.899368469,
              -5.305991132
            ],
            [
              119.899344674,
              -5.305443855
            ],
            [
              119.89896396,
              -5.30515832
            ],
            [
              119.898559452,
              -5.305039348
            ],
            [
              119.898545691,
              -5.304807646
            ],
            [
              119.8983453,
              -5.304634838
            ],
            [
              119.898178738,
              -5.304492071
            ],
            [
              119.897964587,
              -5.304301714
            ],
            [
              119.897821819,
              -5.304087562
            ],
            [
              119.897607667,
              -5.303825821
            ],
            [
              119.897369721,
              -5.303373723
            ],
            [
              119.897131775,
              -5.303064393
            ],
            [
              119.896584499,
              -5.302921625
            ],
            [
              119.895942045,
              -5.302850241
            ],
            [
              119.895513742,
              -5.302921625
            ],
            [
              119.895204412,
              -5.302969215
            ],
            [
              119.895100231,
              -5.303020671
            ],
            [
              119.89483611,
              -5.302835073
            ],
            [
              119.894336424,
              -5.302520984
            ],
            [
              119.894136549,
              -5.302371078
            ],
            [
              119.893858153,
              -5.302242587
            ],
            [
              119.893665416,
              -5.302135511
            ],
            [
              119.893572617,
              -5.302049851
            ],
            [
              119.8934912,
              -5.301910356
            ],
            [
              119.893375111,
              -5.301840702
            ],
            [
              119.893372226,
              -5.301838972
            ],
            [
              119.893253253,
              -5.301648614
            ],
            [
              119.893253253,
              -5.301386872
            ],
            [
              119.893158075,
              -5.300982366
            ],
            [
              119.893015308,
              -5.300601651
            ],
            [
              119.89282495,
              -5.300363706
            ],
            [
              119.892468032,
              -5.300149554
            ],
            [
              119.892182496,
              -5.300054376
            ],
            [
              119.89194455,
              -5.299935403
            ],
            [
              119.891801783,
              -5.299745046
            ],
            [
              119.891611426,
              -5.299554688
            ],
            [
              119.891254506,
              -5.299292948
            ],
            [
              119.891040355,
              -5.29919777
            ],
            [
              119.890897587,
              -5.299007413
            ],
            [
              119.890731025,
              -5.298650494
            ],
            [
              119.890659641,
              -5.298341164
            ],
            [
              119.890516874,
              -5.298103217
            ],
            [
              119.890374106,
              -5.297889066
            ],
            [
              119.890207544,
              -5.297793888
            ],
            [
              119.889993392,
              -5.297865271
            ],
            [
              119.88982683,
              -5.298031834
            ],
            [
              119.889612678,
              -5.298150806
            ],
            [
              119.889541294,
              -5.297984244
            ],
            [
              119.8895175,
              -5.297674914
            ],
            [
              119.889422321,
              -5.297436968
            ],
            [
              119.889327143,
              -5.297175228
            ],
            [
              119.889184375,
              -5.296770719
            ],
            [
              119.88889884,
              -5.296461389
            ],
            [
              119.88858951,
              -5.296294827
            ],
            [
              119.888327769,
              -5.296247238
            ],
            [
              119.888089824,
              -5.296413801
            ],
            [
              119.887851877,
              -5.296699334
            ],
            [
              119.887637726,
              -5.297008666
            ],
            [
              119.887423574,
              -5.297246611
            ],
            [
              119.887161834,
              -5.297460763
            ],
            [
              119.886862537,
              -5.297545532
            ],
            [
              119.886655524,
              -5.297474147
            ],
            [
              119.886529888,
              -5.297521261
            ],
            [
              119.886487058,
              -5.297478431
            ],
            [
              119.886201523,
              -5.297464154
            ],
            [
              119.886158692,
              -5.297392769
            ],
            [
              119.885844603,
              -5.297364217
            ],
            [
              119.885659006,
              -5.297292832
            ],
            [
              119.885487685,
              -5.297250002
            ],
            [
              119.885316363,
              -5.297235725
            ],
            [
              119.885130765,
              -5.297207172
            ],
            [
              119.88484523,
              -5.297135787
            ],
            [
              119.884759569,
              -5.297164342
            ],
            [
              119.88448831,
              -5.297164342
            ],
            [
              119.88444548,
              -5.297164342
            ],
            [
              119.884145669,
              -5.297335662
            ],
            [
              119.883902963,
              -5.297592643
            ],
            [
              119.883760196,
              -5.29783535
            ],
            [
              119.883731643,
              -5.297878179
            ],
            [
              119.883645981,
              -5.298106608
            ],
            [
              119.883603151,
              -5.298192269
            ],
            [
              119.883617428,
              -5.298420698
            ],
            [
              119.883631704,
              -5.298691957
            ],
            [
              119.88347466,
              -5.299091705
            ],
            [
              119.883231956,
              -5.29924875
            ],
            [
              119.882974974,
              -5.299391517
            ],
            [
              119.882660884,
              -5.299505731
            ],
            [
              119.882318243,
              -5.299562838
            ],
            [
              119.881961323,
              -5.299534285
            ],
            [
              119.881690065,
              -5.299534285
            ],
            [
              119.881461637,
              -5.299534285
            ],
            [
              119.881261762,
              -5.299462901
            ],
            [
              119.881190378,
              -5.29924875
            ],
            [
              119.881118994,
              -5.299091705
            ],
            [
              119.880961949,
              -5.299034598
            ],
            [
              119.880719245,
              -5.299134536
            ],
            [
              119.880476539,
              -5.299205919
            ],
            [
              119.880248111,
              -5.299277303
            ],
            [
              119.879962576,
              -5.29933441
            ],
            [
              119.879791255,
              -5.299305857
            ],
            [
              119.879705594,
              -5.299163088
            ],
            [
              119.879562826,
              -5.298991767
            ],
            [
              119.879334398,
              -5.298977491
            ],
            [
              119.8791488,
              -5.299034598
            ],
            [
              119.878891819,
              -5.299034598
            ],
            [
              119.878606283,
              -5.298948937
            ],
            [
              119.878306471,
              -5.298877554
            ],
            [
              119.878035213,
              -5.298948937
            ],
            [
              119.877821061,
              -5.298977491
            ],
            [
              119.877521249,
              -5.298977491
            ],
            [
              119.877278544,
              -5.298863277
            ],
            [
              119.877078669,
              -5.298791893
            ],
            [
              119.876893071,
              -5.298649125
            ],
            [
              119.87676458,
              -5.298463527
            ],
            [
              119.876650366,
              -5.298235099
            ],
            [
              119.876407661,
              -5.298078054
            ],
            [
              119.876207787,
              -5.298063778
            ],
            [
              119.876034086,
              -5.298118505
            ],
            [
              119.875772345,
              -5.298213684
            ],
            [
              119.875498707,
              -5.29822558
            ],
            [
              119.875332145,
              -5.298106608
            ],
            [
              119.875201274,
              -5.297963841
            ],
            [
              119.875022815,
              -5.29788056
            ],
            [
              119.874844355,
              -5.297785381
            ],
            [
              119.874642101,
              -5.297690201
            ],
            [
              119.874451744,
              -5.297630716
            ],
            [
              119.874344668,
              -5.297559332
            ],
            [
              119.874237593,
              -5.297392769
            ],
            [
              119.874178107,
              -5.29721431
            ],
            [
              119.874166209,
              -5.297023953
            ],
            [
              119.874237593,
              -5.296797905
            ],
            [
              119.874344668,
              -5.296631342
            ],
            [
              119.874261387,
              -5.296440984
            ],
            [
              119.874130517,
              -5.296357704
            ],
            [
              119.873856879,
              -5.296274423
            ],
            [
              119.873595138,
              -5.296226834
            ],
            [
              119.873476165,
              -5.296262527
            ],
            [
              119.873262014,
              -5.296238731
            ],
            [
              119.873083554,
              -5.296143553
            ],
            [
              119.872976478,
              -5.296024579
            ],
            [
              119.872976478,
              -5.295881812
            ],
            [
              119.872928889,
              -5.295727147
            ],
            [
              119.872821814,
              -5.295465406
            ],
            [
              119.872786122,
              -5.295191769
            ],
            [
              119.872726635,
              -5.295013309
            ],
            [
              119.872643354,
              -5.294882439
            ],
            [
              119.872524381,
              -5.294858645
            ],
            [
              119.872322126,
              -5.294846746
            ],
            [
              119.871989002,
              -5.29478726
            ],
            [
              119.871727262,
              -5.29478726
            ],
            [
              119.871489315,
              -5.294632595
            ],
            [
              119.871298959,
              -5.294489828
            ],
            [
              119.871168088,
              -5.294501725
            ],
            [
              119.870906347,
              -5.294489828
            ],
            [
              119.870727888,
              -5.294358957
            ],
            [
              119.870478045,
              -5.294228086
            ],
            [
              119.870216303,
              -5.294156703
            ],
            [
              119.87001405,
              -5.294132908
            ],
            [
              119.869680925,
              -5.294132908
            ],
            [
              119.869419184,
              -5.293966346
            ],
            [
              119.869300211,
              -5.293811681
            ],
            [
              119.869133649,
              -5.293621324
            ],
            [
              119.868978984,
              -5.293454762
            ],
            [
              119.868836216,
              -5.293335789
            ],
            [
              119.868693449,
              -5.293181124
            ],
            [
              119.868503091,
              -5.293002663
            ],
            [
              119.868387886,
              -5.292781791
            ],
            [
              119.868273672,
              -5.29247722
            ],
            [
              119.868083315,
              -5.292229756
            ],
            [
              119.868007173,
              -5.29194422
            ],
            [
              119.867911994,
              -5.291563507
            ],
            [
              119.867816815,
              -5.291316043
            ],
            [
              119.867721637,
              -5.290992436
            ],
            [
              119.867607423,
              -5.290744972
            ],
            [
              119.867493208,
              -5.290459436
            ],
            [
              119.86739803,
              -5.290116794
            ],
            [
              119.867146799,
              -5.289873672
            ],
            [
              119.867182491,
              -5.28962383
            ],
            [
              119.867134901,
              -5.289433472
            ],
            [
              119.866932648,
              -5.289290705
            ],
            [
              119.866801777,
              -5.289183629
            ],
            [
              119.866825572,
              -5.288921888
            ],
            [
              119.866896955,
              -5.288731532
            ],
            [
              119.866825572,
              -5.288469791
            ],
            [
              119.866599523,
              -5.288362716
            ],
            [
              119.866278295,
              -5.288231845
            ],
            [
              119.866004658,
              -5.288184256
            ],
            [
              119.865754814,
              -5.288136666
            ],
            [
              119.865457382,
              -5.288077181
            ],
            [
              119.865231333,
              -5.288017693
            ],
            [
              119.864933901,
              -5.287886823
            ],
            [
              119.864648365,
              -5.287779748
            ],
            [
              119.864303343,
              -5.287791645
            ],
            [
              119.864029705,
              -5.287755952
            ],
            [
              119.863851246,
              -5.287625083
            ],
            [
              119.863732272,
              -5.287470418
            ],
            [
              119.863506223,
              -5.287303854
            ],
            [
              119.863244483,
              -5.287125396
            ],
            [
              119.862923256,
              -5.286946936
            ],
            [
              119.862709104,
              -5.286863655
            ],
            [
              119.862435466,
              -5.286875552
            ],
            [
              119.862138033,
              -5.286875552
            ],
            [
              119.861923882,
              -5.286792271
            ],
            [
              119.861650244,
              -5.286899347
            ],
            [
              119.861507476,
              -5.286839861
            ],
            [
              119.861471784,
              -5.2866614
            ],
            [
              119.861305223,
              -5.286471045
            ],
            [
              119.861186249,
              -5.28626879
            ],
            [
              119.861055379,
              -5.28605464
            ],
            [
              119.860900714,
              -5.285888077
            ],
            [
              119.860793638,
              -5.285745308
            ],
            [
              119.860638973,
              -5.285566848
            ],
            [
              119.860474195,
              -5.285419322
            ],
            [
              119.860468247,
              -5.285306297
            ],
            [
              119.860515836,
              -5.28516353
            ],
            [
              119.860569374,
              -5.285038608
            ],
            [
              119.860611014,
              -5.28486015
            ],
            [
              119.860664553,
              -5.284747125
            ],
            [
              119.860652655,
              -5.284598408
            ],
            [
              119.860563425,
              -5.284497281
            ],
            [
              119.860414709,
              -5.28450323
            ],
            [
              119.860230301,
              -5.284509178
            ],
            [
              119.860105379,
              -5.28450323
            ],
            [
              119.859962611,
              -5.284497281
            ],
            [
              119.859855535,
              -5.284437794
            ],
            [
              119.859813895,
              -5.284336668
            ],
            [
              119.859796049,
              -5.284199848
            ],
            [
              119.859766305,
              -5.284045183
            ],
            [
              119.859688974,
              -5.283938107
            ],
            [
              119.859611641,
              -5.283866724
            ],
            [
              119.859575949,
              -5.283741802
            ],
            [
              119.859599744,
              -5.283640674
            ],
            [
              119.859599744,
              -5.283557394
            ],
            [
              119.85957,
              -5.283426524
            ],
            [
              119.859546205,
              -5.28330755
            ],
            [
              119.859510514,
              -5.283200475
            ],
            [
              119.859486719,
              -5.283093399
            ],
            [
              119.859427232,
              -5.282992272
            ],
            [
              119.859367747,
              -5.282920889
            ],
            [
              119.859290414,
              -5.282831658
            ],
            [
              119.859165492,
              -5.282790018
            ],
            [
              119.859070314,
              -5.282724582
            ],
            [
              119.859010827,
              -5.282611558
            ],
            [
              119.858975135,
              -5.282486637
            ],
            [
              119.858963238,
              -5.282361715
            ],
            [
              119.858945392,
              -5.282218947
            ],
            [
              119.858945392,
              -5.282094025
            ],
            [
              119.858874008,
              -5.281963155
            ],
            [
              119.858766932,
              -5.281737106
            ],
            [
              119.858725292,
              -5.281641928
            ],
            [
              119.8586896,
              -5.281505109
            ],
            [
              119.858564678,
              -5.281392084
            ],
            [
              119.858457602,
              -5.281285008
            ],
            [
              119.858368372,
              -5.281195779
            ],
            [
              119.858243451,
              -5.281124395
            ],
            [
              119.858118529,
              -5.281058959
            ],
            [
              119.858022166,
              -5.28098897
            ],
            [
              119.857796118,
              -5.280941382
            ],
            [
              119.857576017,
              -5.28094733
            ],
            [
              119.857338072,
              -5.280786717
            ],
            [
              119.857135817,
              -5.280762921
            ],
            [
              119.856885974,
              -5.280869997
            ],
            [
              119.856653977,
              -5.280917586
            ],
            [
              119.856421979,
              -5.280917586
            ],
            [
              119.856172136,
              -5.2808581
            ],
            [
              119.855868754,
              -5.280810511
            ],
            [
              119.855652217,
              -5.280740112
            ],
            [
              119.855642706,
              -5.280697488
            ],
            [
              119.855528486,
              -5.280625899
            ],
            [
              119.855440451,
              -5.28050713
            ],
            [
              119.8552263,
              -5.28050713
            ],
            [
              119.854857484,
              -5.280578513
            ],
            [
              119.854643332,
              -5.280358414
            ],
            [
              119.854328054,
              -5.280150211
            ],
            [
              119.854137697,
              -5.279995545
            ],
            [
              119.853893802,
              -5.279876572
            ],
            [
              119.853685599,
              -5.279745702
            ],
            [
              119.853477396,
              -5.279733805
            ],
            [
              119.853287039,
              -5.279918213
            ],
            [
              119.853126425,
              -5.280144262
            ],
            [
              119.852983658,
              -5.280364362
            ],
            [
              119.852799249,
              -5.28054877
            ],
            [
              119.852478022,
              -5.280542821
            ],
            [
              119.852204385,
              -5.280376259
            ],
            [
              119.851972388,
              -5.280179954
            ],
            [
              119.851799876,
              -5.279930111
            ],
            [
              119.851448906,
              -5.279751651
            ],
            [
              119.851413114,
              -5.279612084
            ],
            [
              119.851288292,
              -5.279567242
            ],
            [
              119.851157422,
              -5.279210324
            ],
            [
              119.85107414,
              -5.278918839
            ],
            [
              119.850858502,
              -5.278741867
            ],
            [
              119.850596761,
              -5.27872997
            ],
            [
              119.850311225,
              -5.278480126
            ],
            [
              119.850192252,
              -5.27824218
            ],
            [
              119.850013794,
              -5.278254077
            ],
            [
              119.849728258,
              -5.27842064
            ],
            [
              119.849395134,
              -5.278622894
            ],
            [
              119.848990625,
              -5.278694278
            ],
            [
              119.848550425,
              -5.278575304
            ],
            [
              119.848169711,
              -5.278444434
            ],
            [
              119.847836586,
              -5.278313565
            ],
            [
              119.847539153,
              -5.278135104
            ],
            [
              119.84728931,
              -5.278004234
            ],
            [
              119.846861007,
              -5.278028029
            ],
            [
              119.84653978,
              -5.278063721
            ],
            [
              119.84623045,
              -5.278075618
            ],
            [
              119.845980607,
              -5.278087515
            ],
            [
              119.845706969,
              -5.278075618
            ],
            [
              119.845492817,
              -5.278075618
            ],
            [
              119.845207282,
              -5.27811131
            ],
            [
              119.844957439,
              -5.278265974
            ],
            [
              119.844695698,
              -5.27842064
            ],
            [
              119.844505341,
              -5.278634791
            ],
            [
              119.844326881,
              -5.278872737
            ],
            [
              119.844207908,
              -5.279122581
            ],
            [
              119.844053244,
              -5.279420013
            ],
            [
              119.843958065,
              -5.279681753
            ],
            [
              119.843720118,
              -5.279919699
            ],
            [
              119.843398891,
              -5.279836419
            ],
            [
              119.843101459,
              -5.279753138
            ],
            [
              119.842732642,
              -5.279538986
            ],
            [
              119.842399518,
              -5.279408116
            ],
            [
              119.842006907,
              -5.279312937
            ],
            [
              119.841661885,
              -5.27930104
            ],
            [
              119.841400145,
              -5.27908689
            ],
            [
              119.841185993,
              -5.279146375
            ],
            [
              119.840852868,
              -5.279253451
            ],
            [
              119.840484052,
              -5.279396219
            ],
            [
              119.840115236,
              -5.279455706
            ],
            [
              119.839710727,
              -5.279420013
            ],
            [
              119.839353808,
              -5.279527089
            ],
            [
              119.839044478,
              -5.279634165
            ],
            [
              119.838687559,
              -5.279538986
            ],
            [
              119.838413921,
              -5.279396219
            ],
            [
              119.837985618,
              -5.279289143
            ],
            [
              119.83766439,
              -5.279205862
            ],
            [
              119.837390753,
              -5.279134478
            ],
            [
              119.837188498,
              -5.278944121
            ],
            [
              119.83696245,
              -5.278825148
            ],
            [
              119.836712607,
              -5.278694278
            ],
            [
              119.83652225,
              -5.278492024
            ],
            [
              119.836296201,
              -5.278313565
            ],
            [
              119.836117741,
              -5.278123207
            ],
            [
              119.835879795,
              -5.277944747
            ],
            [
              119.835606157,
              -5.277837671
            ],
            [
              119.835368211,
              -5.27767111
            ],
            [
              119.835201648,
              -5.277468855
            ],
            [
              119.835035086,
              -5.27718332
            ],
            [
              119.834934846,
              -5.276983241
            ],
            [
              119.834877739,
              -5.276849992
            ],
            [
              119.834939908,
              -5.27674312
            ],
            [
              119.834763525,
              -5.276650116
            ],
            [
              119.83451606,
              -5.276564456
            ],
            [
              119.834201972,
              -5.276545419
            ],
            [
              119.833935472,
              -5.276583491
            ],
            [
              119.833688008,
              -5.27663108
            ],
            [
              119.83345958,
              -5.276745295
            ],
            [
              119.833155009,
              -5.276849992
            ],
            [
              119.832898027,
              -5.276916616
            ],
            [
              119.832555384,
              -5.276964205
            ],
            [
              119.832231778,
              -5.276964205
            ],
            [
              119.831908171,
              -5.276859509
            ],
            [
              119.831403726,
              -5.276888061
            ],
            [
              119.831013494,
              -5.276888061
            ],
            [
              119.830718441,
              -5.276869025
            ],
            [
              119.83076603,
              -5.27641217
            ],
            [
              119.830804101,
              -5.276021939
            ],
            [
              119.830851691,
              -5.27570785
            ],
            [
              119.830908798,
              -5.2753081
            ],
            [
              119.830937351,
              -5.274984493
            ],
            [
              119.830908798,
              -5.274727513
            ],
            [
              119.830889762,
              -5.274546674
            ],
            [
              119.830823137,
              -5.274308726
            ],
            [
              119.830746994,
              -5.274108852
            ],
            [
              119.830699405,
              -5.273924205
            ],
            [
              119.83041387,
              -5.273695777
            ],
            [
              119.830394834,
              -5.273429278
            ],
            [
              119.83028062,
              -5.273162779
            ],
            [
              119.830355295,
              -5.27305828
            ],
            [
              119.830528084,
              -5.273105671
            ],
            [
              119.830545652,
              -5.272891718
            ],
            [
              119.83068842,
              -5.272820335
            ],
            [
              119.830878776,
              -5.272772745
            ],
            [
              119.831164312,
              -5.272867924
            ],
            [
              119.831473642,
              -5.272891718
            ],
            [
              119.831830561,
              -5.272891718
            ],
            [
              119.832187481,
              -5.272748951
            ],
            [
              119.832473015,
              -5.272653771
            ],
            [
              119.832829935,
              -5.272582389
            ],
            [
              119.832972702,
              -5.272677567
            ],
            [
              119.833091675,
              -5.272748951
            ],
            [
              119.833282032,
              -5.272867924
            ],
            [
              119.833496184,
              -5.272939307
            ],
            [
              119.833615157,
              -5.273153458
            ],
            [
              119.833543773,
              -5.273438995
            ],
            [
              119.833686541,
              -5.273510378
            ],
            [
              119.833900692,
              -5.273629351
            ],
            [
              119.834186227,
              -5.273700734
            ],
            [
              119.834471763,
              -5.273772118
            ],
            [
              119.834995244,
              -5.273748324
            ],
            [
              119.835375958,
              -5.273653146
            ],
            [
              119.835566315,
              -5.27336761
            ],
            [
              119.835756672,
              -5.273296226
            ],
            [
              119.835994617,
              -5.273177253
            ],
            [
              119.83616118,
              -5.272844127
            ],
            [
              119.836351537,
              -5.272534798
            ],
            [
              119.83673225,
              -5.272487209
            ],
            [
              119.836898813,
              -5.272296852
            ],
            [
              119.837112965,
              -5.27213029
            ],
            [
              119.8373985,
              -5.272011317
            ],
            [
              119.837779213,
              -5.271678192
            ],
            [
              119.837874392,
              -5.271416452
            ],
            [
              119.838064749,
              -5.271249889
            ],
            [
              119.838297936,
              -5.270931042
            ],
            [
              119.8385454,
              -5.270626471
            ],
            [
              119.838659614,
              -5.270264793
            ],
            [
              119.838811899,
              -5.269922149
            ],
            [
              119.838926114,
              -5.269598543
            ],
            [
              119.839078399,
              -5.26935108
            ],
            [
              119.839173578,
              -5.269122653
            ],
            [
              119.839306828,
              -5.268856151
            ],
            [
              119.83951622,
              -5.268513509
            ],
            [
              119.839668505,
              -5.268285081
            ],
            [
              119.83978272,
              -5.268056652
            ],
            [
              119.840049219,
              -5.267866296
            ],
            [
              119.840410898,
              -5.267675939
            ],
            [
              119.840791611,
              -5.267618832
            ],
            [
              119.841248468,
              -5.267523654
            ],
            [
              119.841553039,
              -5.267466547
            ],
            [
              119.841819538,
              -5.267238118
            ],
            [
              119.84199086,
              -5.267104869
            ],
            [
              119.842238324,
              -5.266895476
            ],
            [
              119.842619037,
              -5.266762226
            ],
            [
              119.843018787,
              -5.266762226
            ],
            [
              119.843437572,
              -5.266609941
            ],
            [
              119.8439325,
              -5.266628977
            ],
            [
              119.84450357,
              -5.266648012
            ],
            [
              119.844960427,
              -5.266552834
            ],
            [
              119.845797998,
              -5.266095977
            ],
            [
              119.846292925,
              -5.266115014
            ],
            [
              119.846711711,
              -5.26617212
            ],
            [
              119.847073388,
              -5.26608646
            ],
            [
              119.847120978,
              -5.265972245
            ],
            [
              119.847101942,
              -5.265877067
            ],
            [
              119.847035317,
              -5.265772369
            ],
            [
              119.84711146,
              -5.265658157
            ],
            [
              119.847187602,
              -5.265524907
            ],
            [
              119.847235192,
              -5.265410692
            ],
            [
              119.847339888,
              -5.265286962
            ],
            [
              119.847520727,
              -5.265058532
            ],
            [
              119.847663495,
              -5.26489673
            ],
            [
              119.84786337,
              -5.264782515
            ],
            [
              119.848006137,
              -5.264668302
            ],
            [
              119.848072762,
              -5.264573122
            ],
            [
              119.848148905,
              -5.264392283
            ],
            [
              119.848158423,
              -5.264192408
            ],
            [
              119.848129869,
              -5.264049641
            ],
            [
              119.848091798,
              -5.263906873
            ],
            [
              119.848101315,
              -5.263678446
            ],
            [
              119.848091798,
              -5.263526159
            ],
            [
              119.848196494,
              -5.263450016
            ],
            [
              119.848339261,
              -5.263383391
            ],
            [
              119.848491547,
              -5.263202552
            ],
            [
              119.848729493,
              -5.262964606
            ],
            [
              119.84883419,
              -5.262745696
            ],
            [
              119.848929368,
              -5.262536303
            ],
            [
              119.84891985,
              -5.262374499
            ],
            [
              119.848872261,
              -5.262184143
            ],
            [
              119.848805636,
              -5.262012821
            ],
            [
              119.848824671,
              -5.261879572
            ],
            [
              119.848881778,
              -5.26167018
            ],
            [
              119.849005511,
              -5.261451269
            ],
            [
              119.849157796,
              -5.261289467
            ],
            [
              119.849348153,
              -5.261089591
            ],
            [
              119.849548028,
              -5.260927787
            ],
            [
              119.849719349,
              -5.260861163
            ],
            [
              119.84989067,
              -5.260889716
            ],
            [
              119.850081027,
              -5.26091827
            ],
            [
              119.850214277,
              -5.260889716
            ],
            [
              119.850471259,
              -5.260756467
            ],
            [
              119.850832937,
              -5.260708877
            ],
            [
              119.850966186,
              -5.26078502
            ],
            [
              119.851185097,
              -5.26078502
            ],
            [
              119.851404007,
              -5.260670806
            ],
            [
              119.851594365,
              -5.260575627
            ],
            [
              119.851727614,
              -5.260356717
            ],
            [
              119.851737132,
              -5.260242503
            ],
            [
              119.851727614,
              -5.260071181
            ],
            [
              119.851698648,
              -5.259952978
            ],
            [
              119.851727614,
              -5.25985227
            ],
            [
              119.851632436,
              -5.259709504
            ],
            [
              119.85156581,
              -5.259585771
            ],
            [
              119.8516134,
              -5.259404933
            ],
            [
              119.851729835,
              -5.259235039
            ],
            [
              119.852015371,
              -5.258985196
            ],
            [
              119.852205727,
              -5.258901914
            ],
            [
              119.852372289,
              -5.258949504
            ],
            [
              119.852526954,
              -5.259008989
            ],
            [
              119.852776798,
              -5.258878121
            ],
            [
              119.85294336,
              -5.25874725
            ],
            [
              119.853086128,
              -5.258533097
            ],
            [
              119.853300279,
              -5.25825946
            ],
            [
              119.853621507,
              -5.258033411
            ],
            [
              119.853859452,
              -5.257878747
            ],
            [
              119.853978425,
              -5.257652698
            ],
            [
              119.854085501,
              -5.257295778
            ],
            [
              119.854037912,
              -5.257010243
            ],
            [
              119.854037912,
              -5.256807989
            ],
            [
              119.854144988,
              -5.256558145
            ],
            [
              119.854240167,
              -5.256284508
            ],
            [
              119.85431155,
              -5.256094151
            ],
            [
              119.85444242,
              -5.255891897
            ],
            [
              119.854597085,
              -5.255677745
            ],
            [
              119.854835031,
              -5.255558772
            ],
            [
              119.854977799,
              -5.255404107
            ],
            [
              119.855180053,
              -5.255249442
            ],
            [
              119.855406103,
              -5.255285134
            ],
            [
              119.855584561,
              -5.255416004
            ],
            [
              119.855916667,
              -5.255666667
            ],
            [
              119.856,
              -5.255638889
            ],
            [
              119.856388889,
              -5.255583333
            ],
            [
              119.856805556,
              -5.2555
            ],
            [
              119.857111111,
              -5.255333333
            ],
            [
              119.857361111,
              -5.255222222
            ],
            [
              119.857527778,
              -5.25511111
            ],
            [
              119.857944444,
              -5.254694444
            ],
            [
              119.858388889,
              -5.254361111
            ],
            [
              119.858722222,
              -5.254083333
            ],
            [
              119.859111111,
              -5.253833333
            ],
            [
              119.859555556,
              -5.253611111
            ],
            [
              119.860138889,
              -5.253361111
            ],
            [
              119.860527778,
              -5.253277778
            ],
            [
              119.860944444,
              -5.253111111
            ],
            [
              119.861388889,
              -5.252972222
            ],
            [
              119.861833333,
              -5.252833332
            ],
            [
              119.862277778,
              -5.25275
            ],
            [
              119.862722222,
              -5.252722222
            ],
            [
              119.863138889,
              -5.252694445
            ],
            [
              119.863777778,
              -5.252638888
            ],
            [
              119.864361111,
              -5.252555556
            ],
            [
              119.864694444,
              -5.252472222
            ],
            [
              119.865,
              -5.252416667
            ],
            [
              119.865305555,
              -5.252361111
            ],
            [
              119.865777778,
              -5.252305555
            ],
            [
              119.865916666,
              -5.252333334
            ],
            [
              119.866111111,
              -5.252388889
            ],
            [
              119.866416667,
              -5.252527778
            ],
            [
              119.866861111,
              -5.25275
            ],
            [
              119.867138889,
              -5.252888889
            ],
            [
              119.867194445,
              -5.252972222
            ],
            [
              119.86725,
              -5.253055556
            ],
            [
              119.867361112,
              -5.253361111
            ],
            [
              119.867472222,
              -5.253666667
            ],
            [
              119.867638889,
              -5.253944445
            ],
            [
              119.86775,
              -5.254083333
            ],
            [
              119.867944444,
              -5.254166666
            ],
            [
              119.868083334,
              -5.254194445
            ],
            [
              119.868194444,
              -5.254138889
            ],
            [
              119.86825,
              -5.254027778
            ],
            [
              119.868277778,
              -5.253777777
            ],
            [
              119.868333334,
              -5.253638889
            ],
            [
              119.868444445,
              -5.2535
            ],
            [
              119.868666666,
              -5.253333334
            ],
            [
              119.868861111,
              -5.25325
            ],
            [
              119.869472222,
              -5.253083333
            ],
            [
              119.869916666,
              -5.252916667
            ],
            [
              119.870305556,
              -5.252666666
            ],
            [
              119.870833334,
              -5.252388889
            ],
            [
              119.871,
              -5.25225
            ],
            [
              119.87125,
              -5.25211111
            ],
            [
              119.8715,
              -5.252027778
            ],
            [
              119.871583333,
              -5.251972222
            ],
            [
              119.871666667,
              -5.251861111
            ],
            [
              119.871722222,
              -5.251694443
            ],
            [
              119.871777777,
              -5.251555556
            ],
            [
              119.872194444,
              -5.251416666
            ],
            [
              119.872361111,
              -5.251694443
            ],
            [
              119.8725,
              -5.251805556
            ],
            [
              119.872611111,
              -5.251805556
            ],
            [
              119.872833333,
              -5.251722223
            ],
            [
              119.873,
              -5.251722223
            ],
            [
              119.873083333,
              -5.251694443
            ],
            [
              119.873166667,
              -5.251638889
            ],
            [
              119.873222223,
              -5.251583333
            ],
            [
              119.87325,
              -5.2515
            ],
            [
              119.873472222,
              -5.251444446
            ],
            [
              119.873527778,
              -5.251527776
            ],
            [
              119.873472222,
              -5.251777778
            ],
            [
              119.873472222,
              -5.251888889
            ],
            [
              119.873444444,
              -5.252027778
            ],
            [
              119.873472222,
              -5.252083334
            ],
            [
              119.873527778,
              -5.252194444
            ],
            [
              119.873611111,
              -5.252444445
            ],
            [
              119.873638889,
              -5.252527778
            ],
            [
              119.873638889,
              -5.252611112
            ],
            [
              119.873527778,
              -5.25275
            ],
            [
              119.873416667,
              -5.252861111
            ],
            [
              119.873388889,
              -5.252916667
            ],
            [
              119.873361111,
              -5.253055556
            ],
            [
              119.873194444,
              -5.25325
            ],
            [
              119.873222223,
              -5.253305556
            ],
            [
              119.873305556,
              -5.253305556
            ],
            [
              119.8735,
              -5.253222223
            ],
            [
              119.873555555,
              -5.253222223
            ],
            [
              119.873611111,
              -5.253305556
            ],
            [
              119.87375,
              -5.253416667
            ],
            [
              119.873916667,
              -5.253472222
            ],
            [
              119.873972222,
              -5.253527779
            ],
            [
              119.874027778,
              -5.253638889
            ],
            [
              119.874083333,
              -5.253722222
            ],
            [
              119.874166666,
              -5.253750001
            ],
            [
              119.874138889,
              -5.253888889
            ],
            [
              119.874166666,
              -5.253944445
            ],
            [
              119.87425,
              -5.254027778
            ],
            [
              119.874222222,
              -5.254138889
            ],
            [
              119.874194445,
              -5.25425
            ],
            [
              119.874222222,
              -5.254333334
            ],
            [
              119.874361111,
              -5.254416667
            ],
            [
              119.874416667,
              -5.254472223
            ],
            [
              119.874416667,
              -5.254555556
            ],
            [
              119.874444444,
              -5.254611111
            ],
            [
              119.874638889,
              -5.254777778
            ],
            [
              119.874666667,
              -5.254833334
            ],
            [
              119.874611111,
              -5.254916667
            ],
            [
              119.874555556,
              -5.254972222
            ],
            [
              119.874472222,
              -5.255055556
            ],
            [
              119.874388889,
              -5.255083335
            ],
            [
              119.874305556,
              -5.255055556
            ],
            [
              119.874222222,
              -5.255027778
            ],
            [
              119.873944445,
              -5.25525
            ],
            [
              119.873888889,
              -5.255333333
            ],
            [
              119.873805555,
              -5.2555
            ],
            [
              119.87375,
              -5.255694444
            ],
            [
              119.873777778,
              -5.25575
            ],
            [
              119.873833334,
              -5.255722222
            ],
            [
              119.873888889,
              -5.255583333
            ],
            [
              119.874111111,
              -5.255416666
            ],
            [
              119.874277778,
              -5.255305555
            ],
            [
              119.874361111,
              -5.255277778
            ],
            [
              119.874638889,
              -5.255277778
            ],
            [
              119.87475,
              -5.25525
            ],
            [
              119.874944444,
              -5.255138889
            ],
            [
              119.875333333,
              -5.254916667
            ],
            [
              119.875638889,
              -5.254833334
            ],
            [
              119.87575,
              -5.254805555
            ],
            [
              119.875916667,
              -5.254583333
            ],
            [
              119.876138889,
              -5.254055556
            ],
            [
              119.876222222,
              -5.253833333
            ],
            [
              119.876444444,
              -5.2535
            ],
            [
              119.87675,
              -5.253138889
            ],
            [
              119.877083333,
              -5.252833332
            ],
            [
              119.877305556,
              -5.252694445
            ],
            [
              119.877888889,
              -5.252444445
            ],
            [
              119.87825,
              -5.252277777
            ],
            [
              119.878666667,
              -5.252055555
            ],
            [
              119.878805556,
              -5.252
            ],
            [
              119.879277778,
              -5.252055555
            ],
            [
              119.879361111,
              -5.252083334
            ],
            [
              119.879638889,
              -5.252027778
            ],
            [
              119.880055556,
              -5.251972222
            ],
            [
              119.880305556,
              -5.251944444
            ],
            [
              119.880388889,
              -5.251916667
            ],
            [
              119.880472222,
              -5.251805556
            ],
            [
              119.880638889,
              -5.251527776
            ],
            [
              119.88075,
              -5.251472222
            ],
            [
              119.880833333,
              -5.251388889
            ],
            [
              119.881055556,
              -5.251194445
            ],
            [
              119.881194445,
              -5.250999999
            ],
            [
              119.881416667,
              -5.250944444
            ],
            [
              119.881555556,
              -5.250861111
            ],
            [
              119.881861111,
              -5.250555555
            ],
            [
              119.881972222,
              -5.250527778
            ],
            [
              119.882166667,
              -5.250638888
            ],
            [
              119.882388889,
              -5.250638888
            ],
            [
              119.88275,
              -5.250527778
            ],
            [
              119.883055556,
              -5.250388889
            ],
            [
              119.883361111,
              -5.250333333
            ],
            [
              119.883473,
              -5.250348
            ],
            [
              119.8835,
              -5.250305556
            ],
            [
              119.883582,
              -5.250172
            ],
            [
              119.88358846,
              -5.250184011
            ],
            [
              119.883638889,
              -5.250277777
            ],
            [
              119.884,
              -5.250361111
            ],
            [
              119.884277777,
              -5.250388889
            ],
            [
              119.8845,
              -5.250416667
            ],
            [
              119.884694444,
              -5.250388889
            ],
            [
              119.884888889,
              -5.250416667
            ],
            [
              119.885111111,
              -5.250555555
            ],
            [
              119.885138889,
              -5.250638888
            ],
            [
              119.885194445,
              -5.250666667
            ],
            [
              119.885388889,
              -5.25075
            ],
            [
              119.885722223,
              -5.250805555
            ],
            [
              119.885916667,
              -5.250833334
            ],
            [
              119.886194444,
              -5.250888889
            ],
            [
              119.886388889,
              -5.250833334
            ],
            [
              119.88675,
              -5.250638888
            ],
            [
              119.886888889,
              -5.250611111
            ],
            [
              119.887416667,
              -5.250527778
            ],
            [
              119.887555555,
              -5.250444444
            ],
            [
              119.887777778,
              -5.250277777
            ],
            [
              119.887972222,
              -5.250138889
            ],
            [
              119.888222222,
              -5.249972222
            ],
            [
              119.888555556,
              -5.249833333
            ],
            [
              119.888972222,
              -5.249888889
            ],
            [
              119.889194445,
              -5.249916666
            ],
            [
              119.88925,
              -5.249944445
            ],
            [
              119.889277778,
              -5.250055556
            ],
            [
              119.889333333,
              -5.250166668
            ],
            [
              119.889416666,
              -5.250194444
            ],
            [
              119.889555556,
              -5.250222222
            ],
            [
              119.889638889,
              -5.25025
            ],
            [
              119.88975,
              -5.250194444
            ],
            [
              119.889861111,
              -5.25025
            ],
            [
              119.889944444,
              -5.250277777
            ],
            [
              119.89,
              -5.250277777
            ],
            [
              119.890222222,
              -5.250055556
            ],
            [
              119.890444445,
              -5.249972222
            ],
            [
              119.890583333,
              -5.249888889
            ],
            [
              119.890861112,
              -5.24975
            ],
            [
              119.891027778,
              -5.249694445
            ],
            [
              119.891138889,
              -5.249694445
            ],
            [
              119.891194444,
              -5.249666666
            ],
            [
              119.891416667,
              -5.249527778
            ],
            [
              119.892014,
              -5.249351
            ],
            [
              119.892205,
              -5.249457
            ],
            [
              119.892225,
              -5.249437
            ],
            [
              119.892259,
              -5.249422
            ],
            [
              119.892303,
              -5.249448
            ],
            [
              119.892388889,
              -5.249222223
            ],
            [
              119.892611111,
              -5.249194444
            ],
            [
              119.892722223,
              -5.249138889
            ],
            [
              119.892861111,
              -5.248888888
            ],
            [
              119.893083334,
              -5.248611112
            ],
            [
              119.893222222,
              -5.248499999
            ],
            [
              119.89325,
              -5.24825
            ],
            [
              119.893333333,
              -5.248
            ],
            [
              119.893361111,
              -5.247972222
            ],
            [
              119.893444445,
              -5.247944444
            ],
            [
              119.893898,
              -5.247894
            ],
            [
              119.893972223,
              -5.247833334
            ],
            [
              119.894527778,
              -5.247749999
            ],
            [
              119.894888889,
              -5.247777778
            ],
            [
              119.895321,
              -5.247898
            ],
            [
              119.895857,
              -5.248066
            ],
            [
              119.896185,
              -5.248172
            ],
            [
              119.896235,
              -5.248186999
            ],
            [
              119.89675,
              -5.248231
            ],
            [
              119.896830833,
              -5.2481966
            ],
            [
              119.896898647,
              -5.248185893
            ],
            [
              119.897041415,
              -5.248135923
            ],
            [
              119.897169906,
              -5.248114509
            ],
            [
              119.897287689,
              -5.24806811
            ],
            [
              119.89741618,
              -5.248018141
            ],
            [
              119.897523256,
              -5.247975311
            ],
            [
              119.897623193,
              -5.247946757
            ],
            [
              119.897715992,
              -5.247907496
            ],
            [
              119.897833776,
              -5.247864665
            ],
            [
              119.897923006,
              -5.247839681
            ],
            [
              119.898022943,
              -5.247811128
            ],
            [
              119.89812288,
              -5.247779005
            ],
            [
              119.898262079,
              -5.247743313
            ],
            [
              119.898369155,
              -5.247707621
            ],
            [
              119.898472661,
              -5.24766836
            ],
            [
              119.898586875,
              -5.247621961
            ],
            [
              119.898672536,
              -5.2475827
            ],
            [
              119.898765335,
              -5.247550576
            ],
            [
              119.898843856,
              -5.247507747
            ],
            [
              119.898925948,
              -5.247475624
            ],
            [
              119.899008039,
              -5.24745064
            ],
            [
              119.899104408,
              -5.247414948
            ],
            [
              119.899207915,
              -5.247357842
            ],
            [
              119.899343544,
              -5.247322148
            ],
            [
              119.899443481,
              -5.247311441
            ],
            [
              119.899525572,
              -5.247279317
            ],
            [
              119.899618371,
              -5.247247195
            ],
            [
              119.899711171,
              -5.247232918
            ],
            [
              119.899786123,
              -5.247232918
            ],
            [
              119.899868215,
              -5.247225782
            ],
            [
              119.899943168,
              -5.247218642
            ],
            [
              119.900028828,
              -5.247218642
            ],
            [
              119.90010973,
              -5.247222211
            ],
            [
              119.900233462,
              -5.247203176
            ],
            [
              119.900347676,
              -5.24718414
            ],
            [
              119.900499962,
              -5.247169863
            ],
            [
              119.900614176,
              -5.247136551
            ],
            [
              119.900690318,
              -5.247107997
            ],
            [
              119.900809292,
              -5.247079444
            ],
            [
              119.900942541,
              -5.247036615
            ],
            [
              119.901090068,
              -5.246979507
            ],
            [
              119.901194764,
              -5.246941435
            ],
            [
              119.901299461,
              -5.246903364
            ],
            [
              119.901375604,
              -5.246898604
            ],
            [
              119.901485058,
              -5.246855774
            ],
            [
              119.901580237,
              -5.246846257
            ],
            [
              119.901680174,
              -5.246841499
            ],
            [
              119.901784871,
              -5.246822462
            ],
            [
              119.901865772,
              -5.246793908
            ],
            [
              119.901994263,
              -5.246755837
            ],
            [
              119.902132272,
              -5.246713007
            ],
            [
              119.902260763,
              -5.246703488
            ],
            [
              119.9023607,
              -5.246689212
            ],
            [
              119.90245112,
              -5.246665416
            ],
            [
              119.902546298,
              -5.2466559
            ],
            [
              119.902655753,
              -5.246660658
            ],
            [
              119.902746173,
              -5.246674935
            ],
            [
              119.902841351,
              -5.246713007
            ],
            [
              119.902969843,
              -5.246770114
            ],
            [
              119.90306978,
              -5.246817703
            ],
            [
              119.903183994,
              -5.246870051
            ],
            [
              119.903283931,
              -5.24691764
            ],
            [
              119.903350556,
              -5.246941435
            ],
            [
              119.903455253,
              -5.246993783
            ],
            [
              119.90359802,
              -5.247036615
            ],
            [
              119.90373127,
              -5.247069925
            ],
            [
              119.90385976,
              -5.24709848
            ],
            [
              119.903964457,
              -5.247131791
            ],
            [
              119.904059636,
              -5.247146068
            ],
            [
              119.904140537,
              -5.247174622
            ],
            [
              119.904254751,
              -5.247212694
            ],
            [
              119.904373724,
              -5.24726504
            ],
            [
              119.904487939,
              -5.247341184
            ],
            [
              119.904545046,
              -5.247422086
            ],
            [
              119.904592635,
              -5.247488711
            ],
            [
              119.90464,
              -5.24747
            ],
            [
              119.904654,
              -5.247490999
            ],
            [
              119.904671,
              -5.247507001
            ],
            [
              119.904716366,
              -5.247545818
            ],
            [
              119.904792509,
              -5.247579129
            ],
            [
              119.90487,
              -5.247593
            ],
            [
              119.90491,
              -5.247603
            ],
            [
              119.904973349,
              -5.247631478
            ],
            [
              119.905092322,
              -5.24762672
            ],
            [
              119.905183439,
              -5.247641726
            ],
            [
              119.905368339,
              -5.247621961
            ],
            [
              119.905473035,
              -5.247607684
            ],
            [
              119.905572973,
              -5.247598166
            ],
            [
              119.905658633,
              -5.247579129
            ],
            [
              119.905772847,
              -5.247569613
            ],
            [
              119.905857556,
              -5.247547841
            ],
            [
              119.905914266,
              -5.247594478
            ],
            [
              119.905964235,
              -5.247701553
            ],
            [
              119.906078449,
              -5.247780076
            ],
            [
              119.906199802,
              -5.247822906
            ],
            [
              119.906378261,
              -5.247880012
            ],
            [
              119.906592413,
              -5.247929982
            ],
            [
              119.906770872,
              -5.247965673
            ],
            [
              119.906935055,
              -5.248001366
            ],
            [
              119.9070921,
              -5.248029919
            ],
            [
              119.907277698,
              -5.248101303
            ],
            [
              119.907456157,
              -5.248179825
            ],
            [
              119.907613201,
              -5.248258348
            ],
            [
              119.907763108,
              -5.248351146
            ],
            [
              119.907905875,
              -5.24842253
            ],
            [
              119.908034367,
              -5.248472498
            ],
            [
              119.908162857,
              -5.248501052
            ],
            [
              119.908291348,
              -5.248515329
            ],
            [
              119.908484084,
              -5.248543883
            ],
            [
              119.908662544,
              -5.248586713
            ],
            [
              119.908783897,
              -5.248572436
            ],
            [
              119.908912387,
              -5.248508191
            ],
            [
              119.909055155,
              -5.248451084
            ],
            [
              119.909226476,
              -5.248365423
            ],
            [
              119.909440627,
              -5.248301178
            ],
            [
              119.909611949,
              -5.248286901
            ],
            [
              119.909811824,
              -5.248294039
            ],
            [
              119.91000456,
              -5.248315455
            ],
            [
              119.91018302,
              -5.248308316
            ],
            [
              119.91035434,
              -5.248365423
            ],
            [
              119.910504247,
              -5.248408253
            ],
            [
              119.91066843,
              -5.248486776
            ],
            [
              119.910818336,
              -5.248529606
            ],
            [
              119.910961103,
              -5.248565298
            ],
            [
              119.911103871,
              -5.248593852
            ],
            [
              119.911246639,
              -5.248572436
            ],
            [
              119.91141796,
              -5.248551022
            ],
            [
              119.911624973,
              -5.248515329
            ],
            [
              119.911760602,
              -5.248493915
            ],
            [
              119.911910508,
              -5.248436808
            ],
            [
              119.912088968,
              -5.248401115
            ],
            [
              119.912224598,
              -5.248372562
            ],
            [
              119.912345949,
              -5.248329732
            ],
            [
              119.912502994,
              -5.248286901
            ],
            [
              119.912710008,
              -5.248222657
            ],
            [
              119.912867052,
              -5.248151272
            ],
            [
              119.913031235,
              -5.248079888
            ],
            [
              119.913174002,
              -5.248008505
            ],
            [
              119.9133596,
              -5.247915705
            ],
            [
              119.913516645,
              -5.247830045
            ],
            [
              119.913680828,
              -5.247730107
            ],
            [
              119.913830734,
              -5.247644447
            ],
            [
              119.913952086,
              -5.247573063
            ],
            [
              119.914101992,
              -5.247480264
            ],
            [
              119.914230482,
              -5.247416019
            ],
            [
              119.914344697,
              -5.247323219
            ],
            [
              119.914430358,
              -5.247237559
            ],
            [
              119.914523157,
              -5.247137622
            ],
            [
              119.914601678,
              -5.247030546
            ],
            [
              119.914708754,
              -5.246930609
            ],
            [
              119.914822968,
              -5.246816394
            ],
            [
              119.914965737,
              -5.246723596
            ],
            [
              119.91517275,
              -5.246637935
            ],
            [
              119.915344071,
              -5.246573689
            ],
            [
              119.91552253,
              -5.246559413
            ],
            [
              119.915726659,
              -5.246552374
            ],
            [
              119.915729543,
              -5.246552274
            ],
            [
              119.915915141,
              -5.24652372
            ],
            [
              119.916065047,
              -5.246473752
            ],
            [
              119.916243507,
              -5.246416646
            ],
            [
              119.916379136,
              -5.246366675
            ],
            [
              119.916557596,
              -5.246288154
            ],
            [
              119.916664671,
              -5.246188217
            ],
            [
              119.916750332,
              -5.246088279
            ],
            [
              119.916821716,
              -5.24599548
            ],
            [
              119.916921653,
              -5.245895543
            ],
            [
              119.917014452,
              -5.245831297
            ],
            [
              119.917128666,
              -5.245795606
            ],
            [
              119.917250019,
              -5.245795606
            ],
            [
              119.917342817,
              -5.245852714
            ],
            [
              119.917390407,
              -5.245947891
            ],
            [
              119.917409443,
              -5.246100176
            ],
            [
              119.917409443,
              -5.246242944
            ],
            [
              119.917428479,
              -5.246319088
            ],
            [
              119.917476067,
              -5.24639523
            ],
            [
              119.917561729,
              -5.246480891
            ],
            [
              119.917675942,
              -5.246566551
            ],
            [
              119.917790156,
              -5.246623657
            ],
            [
              119.917894853,
              -5.246728353
            ],
            [
              119.917970996,
              -5.246814015
            ],
            [
              119.918009067,
              -5.246947265
            ],
            [
              119.918018585,
              -5.247080515
            ],
            [
              119.91803762,
              -5.24718521
            ],
            [
              119.91803762,
              -5.247308944
            ],
            [
              119.918056656,
              -5.247442193
            ],
            [
              119.91808521,
              -5.247594478
            ],
            [
              119.918104246,
              -5.247765799
            ],
            [
              119.918151835,
              -5.24793712
            ],
            [
              119.918180388,
              -5.248108442
            ],
            [
              119.918218459,
              -5.24828928
            ],
            [
              119.918266049,
              -5.248508191
            ]
          ]
        ]
      }
    }
  ]
}