{
  "type": "FeatureCollection",
  "features": [
    {
      "type": "Feature",
      "properties": {
        "idx": "1503",
        "nama_kewilayahan": "Limosua"
      },
      "geometry": {
        "type": "MultiPolygon",
        "coordinates": [
          [
            [
              [
                100.360823843,
                -3.177278642
              ],
              [
                100.361082145,
                -3.178182863
              ],
              [
                100.361839381,
                -3.178311084
              ],
              [
                100.362672454,
                -3.178026156
              ],
              [
                100.363725014,
                -3.178394733
              ],
              [
                100.364383373,
                -3.179370211
              ],
              [
                100.36484189,
                -3.18031555
              ],
              [
                100.365727755,
                -3.18063194
              ],
              [
                100.366641324,
                -3.180156907
              ],
              [
                100.367154952,
                -3.179696764
              ],
              [
                100.367739793,
                -3.179078586
              ],
              [
                100.368924418,
                -3.178344747
              ],
              [
                100.369824286,
                -3.178314832
              ],
              [
                100.371166741,
                -3.177898277
              ],
              [
                100.372194478,
                -3.177565051
              ],
              [
                100.373151442,
                -3.17750634
              ],
              [
                100.373837405,
                -3.177749512
              ],
              [
                100.374266899,
                -3.178481198
              ],
              [
                100.375049997,
                -3.179226822
              ],
              [
                100.375353919,
                -3.179598917
              ],
              [
                100.37578169,
                -3.180027718
              ],
              [
                100.376166495,
                -3.180241856
              ],
              [
                100.376530015,
                -3.180584782
              ],
              [
                100.3768082,
                -3.180949339
              ],
              [
                100.37693,
                -3.181229999
              ],
              [
                100.377129294,
                -3.181485577
              ],
              [
                100.377386329,
                -3.182021899
              ],
              [
                100.377814302,
                -3.182600849
              ],
              [
                100.378263712,
                -3.183222815
              ],
              [
                100.378926171,
                -3.183458036
              ],
              [
                100.37950302,
                -3.183564558
              ],
              [
                100.379951716,
                -3.183649854
              ],
              [
                100.38040047,
                -3.183778005
              ],
              [
                100.380763733,
                -3.183927795
              ],
              [
                100.38121266,
                -3.184184762
              ],
              [
                100.381533644,
                -3.184635161
              ],
              [
                100.381854658,
                -3.185106955
              ],
              [
                100.382025996,
                -3.185450196
              ],
              [
                100.382197679,
                -3.18605101
              ],
              [
                100.382219402,
                -3.186308552
              ],
              [
                100.382219604,
                -3.186458829
              ],
              [
                100.382348119,
                -3.186694769
              ],
              [
                100.382604813,
                -3.186973454
              ],
              [
                100.383160857,
                -3.187509371
              ],
              [
                100.383909189,
                -3.188066486
              ],
              [
                100.384123261,
                -3.188388146
              ],
              [
                100.384294744,
                -3.188838745
              ],
              [
                100.384487474,
                -3.189246334
              ],
              [
                100.384530636,
                -3.189546765
              ],
              [
                100.384851049,
                -3.189567792
              ],
              [
                100.385043339,
                -3.189588991
              ],
              [
                100.385342487,
                -3.189695944
              ],
              [
                100.385599155,
                -3.189953169
              ],
              [
                100.385919913,
                -3.19023183
              ],
              [
                100.386412301,
                -3.19106832
              ],
              [
                100.38656214,
                -3.191261312
              ],
              [
                100.386818635,
                -3.191389718
              ],
              [
                100.387203369,
                -3.191603914
              ],
              [
                100.387438543,
                -3.191775268
              ],
              [
                100.387481819,
                -3.192161598
              ],
              [
                100.387482282,
                -3.192505069
              ],
              [
                100.387824593,
                -3.192912454
              ],
              [
                100.388123829,
                -3.193083782
              ],
              [
                100.38949963,
                -3.194207631
              ],
              [
                100.389841721,
                -3.194507719
              ],
              [
                100.39033347,
                -3.19480754
              ],
              [
                100.390718263,
                -3.195064652
              ],
              [
                100.391017635,
                -3.195278896
              ],
              [
                100.391423808,
                -3.195535916
              ],
              [
                100.391488623,
                -3.196093952
              ],
              [
                100.391531679,
                -3.196372924
              ],
              [
                100.391788466,
                -3.196716045
              ],
              [
                100.392002397,
                -3.196930407
              ],
              [
                100.39228071,
                -3.197380794
              ],
              [
                100.392559464,
                -3.198217567
              ],
              [
                100.392538684,
                -3.198603983
              ],
              [
                100.39234674,
                -3.198840422
              ],
              [
                100.392026789,
                -3.199162805
              ],
              [
                100.391386113,
                -3.199292494
              ],
              [
                100.390702175,
                -3.198992873
              ],
              [
                100.390467114,
                -3.198907358
              ],
              [
                100.390210558,
                -3.198735972
              ],
              [
                100.389975296,
                -3.19850018
              ],
              [
                100.389782657,
                -3.198221347
              ],
              [
                100.389525928,
                -3.197921208
              ],
              [
                100.38920534,
                -3.197771368
              ],
              [
                100.388863602,
                -3.197793291
              ],
              [
                100.388906826,
                -3.198136703
              ],
              [
                100.389355594,
                -3.198329289
              ],
              [
                100.389591108,
                -3.198693896
              ],
              [
                100.389847817,
                -3.199036955
              ],
              [
                100.390104459,
                -3.199272782
              ],
              [
                100.390557447,
                -3.200978346
              ],
              [
                100.390600824,
                -3.201493494
              ],
              [
                100.39060149,
                -3.201987177
              ],
              [
                100.390730077,
                -3.202330471
              ],
              [
                100.391051149,
                -3.2027808
              ],
              [
                100.391222209,
                -3.202909384
              ],
              [
                100.391542827,
                -3.203080681
              ],
              [
                100.391799384,
                -3.203252067
              ],
              [
                100.39204,
                -3.20389
              ],
              [
                100.392571001,
                -3.205204415
              ],
              [
                100.392764087,
                -3.205869569
              ],
              [
                100.392892928,
                -3.206341618
              ],
              [
                100.393107018,
                -3.206727713
              ],
              [
                100.393342361,
                -3.206963504
              ],
              [
                100.393534954,
                -3.207263792
              ],
              [
                100.393727741,
                -3.207649917
              ],
              [
                100.393856098,
                -3.207821476
              ],
              [
                100.394134008,
                -3.20797131
              ],
              [
                100.394326563,
                -3.208185761
              ],
              [
                100.394455095,
                -3.208486074
              ],
              [
                100.394498262,
                -3.208786567
              ],
              [
                100.394627056,
                -3.209280074
              ],
              [
                100.394691895,
                -3.209795191
              ],
              [
                100.394927365,
                -3.210181192
              ],
              [
                100.395082732,
                -3.211521659
              ],
              [
                100.394997727,
                -3.211843788
              ],
              [
                100.39495554,
                -3.212208776
              ],
              [
                100.394913274,
                -3.212573762
              ],
              [
                100.394850466,
                -3.213496837
              ],
              [
                100.394808192,
                -3.213797447
              ],
              [
                100.394872983,
                -3.214334022
              ],
              [
                100.395001751,
                -3.214806068
              ],
              [
                100.395194365,
                -3.215063375
              ],
              [
                100.39545116,
                -3.215406492
              ],
              [
                100.395622222,
                -3.215535074
              ],
              [
                100.396541294,
                -3.215963117
              ],
              [
                100.396691121,
                -3.216199023
              ],
              [
                100.396947682,
                -3.216370406
              ],
              [
                100.397118772,
                -3.216520382
              ],
              [
                100.39714059,
                -3.216842364
              ],
              [
                100.397290272,
                -3.216970974
              ],
              [
                100.3975466,
                -3.21697062
              ],
              [
                100.397781636,
                -3.217034675
              ],
              [
                100.39799572,
                -3.217356389
              ],
              [
                100.398188337,
                -3.217613696
              ],
              [
                100.398338224,
                -3.217892518
              ],
              [
                100.398573376,
                -3.218042471
              ],
              [
                100.399043829,
                -3.218449669
              ],
              [
                100.399172295,
                -3.218642685
              ],
              [
                100.399023316,
                -3.219029278
              ],
              [
                100.39891702,
                -3.219415811
              ],
              [
                100.398511743,
                -3.219824216
              ],
              [
                100.397871628,
                -3.220029211
              ],
              [
                100.397529826,
                -3.220008224
              ],
              [
                100.397166878,
                -3.220158998
              ],
              [
                100.397081816,
                -3.220438145
              ],
              [
                100.397253082,
                -3.220716939
              ],
              [
                100.397573845,
                -3.220931149
              ],
              [
                100.397830301,
                -3.221081073
              ],
              [
                100.398300775,
                -3.221445352
              ],
              [
                100.398450721,
                -3.221767156
              ],
              [
                100.39849392,
                -3.222089043
              ],
              [
                100.398601105,
                -3.222410906
              ],
              [
                100.398622925,
                -3.222732823
              ],
              [
                100.398666067,
                -3.223011857
              ],
              [
                100.39873057,
                -3.223333713
              ],
              [
                100.398773575,
                -3.223569829
              ],
              [
                100.398560534,
                -3.223956511
              ],
              [
                100.398325907,
                -3.224192946
              ],
              [
                100.398197965,
                -3.224386316
              ],
              [
                100.398241049,
                -3.224622368
              ],
              [
                100.398284143,
                -3.224922797
              ],
              [
                100.39815689,
                -3.225789599
              ],
              [
                100.39794373,
                -3.226090381
              ],
              [
                100.397687752,
                -3.226348368
              ],
              [
                100.397517099,
                -3.226520276
              ],
              [
                100.397538744,
                -3.226713439
              ],
              [
                100.397901908,
                -3.226777378
              ],
              [
                100.39813676,
                -3.226648237
              ],
              [
                100.398371271,
                -3.226325904
              ],
              [
                100.398520337,
                -3.226003749
              ],
              [
                100.398776345,
                -3.225767285
              ],
              [
                100.399010972,
                -3.225530786
              ],
              [
                100.399138824,
                -3.225273039
              ],
              [
                100.399330631,
                -3.224993745
              ],
              [
                100.399629458,
                -3.224800138
              ],
              [
                100.400141971,
                -3.224692072
              ],
              [
                100.400419593,
                -3.224627312
              ],
              [
                100.400697166,
                -3.22458401
              ],
              [
                100.401038939,
                -3.224583538
              ],
              [
                100.401466214,
                -3.224625865
              ],
              [
                100.401786635,
                -3.22464688
              ],
              [
                100.402235467,
                -3.224817994
              ],
              [
                100.402726895,
                -3.224924609
              ],
              [
                100.402983342,
                -3.225010151
              ],
              [
                100.403389472,
                -3.225224241
              ],
              [
                100.403710159,
                -3.225438449
              ],
              [
                100.403817218,
                -3.225610035
              ],
              [
                100.403924483,
                -3.225931896
              ],
              [
                100.404074343,
                -3.226189257
              ],
              [
                100.40424573,
                -3.226553948
              ],
              [
                100.40445985,
                -3.226897057
              ],
              [
                100.404631061,
                -3.227132993
              ],
              [
                100.404994843,
                -3.227647627
              ],
              [
                100.405529415,
                -3.228033271
              ],
              [
                100.405785921,
                -3.228161731
              ],
              [
                100.40623449,
                -3.228139648
              ],
              [
                100.40655503,
                -3.228246498
              ],
              [
                100.406832929,
                -3.228439305
              ],
              [
                100.407068429,
                -3.228782445
              ],
              [
                100.407111259,
                -3.22888968
              ],
              [
                100.407132966,
                -3.229125825
              ],
              [
                100.406983754,
                -3.229340683
              ],
              [
                100.406578065,
                -3.229448542
              ],
              [
                100.406728074,
                -3.22981326
              ],
              [
                100.406984847,
                -3.230134912
              ],
              [
                100.407091831,
                -3.230306432
              ],
              [
                100.40719892,
                -3.230499478
              ],
              [
                100.407442349,
                -3.230954383
              ],
              [
                100.407698828,
                -3.231061383
              ],
              [
                100.407933896,
                -3.231146891
              ],
              [
                100.408083729,
                -3.231382855
              ],
              [
                100.408105553,
                -3.231704771
              ],
              [
                100.408447386,
                -3.231747214
              ],
              [
                100.408661104,
                -3.231854274
              ],
              [
                100.408917791,
                -3.232111484
              ],
              [
                100.409174595,
                -3.232454594
              ],
              [
                100.409260483,
                -3.232776483
              ],
              [
                100.409282456,
                -3.233205756
              ],
              [
                100.409517792,
                -3.233484456
              ],
              [
                100.409689184,
                -3.233849143
              ],
              [
                100.409753858,
                -3.234235438
              ],
              [
                100.409797075,
                -3.234621763
              ],
              [
                100.409990916,
                -3.235759126
              ],
              [
                100.410376145,
                -3.236316707
              ],
              [
                100.410590685,
                -3.236960361
              ],
              [
                100.410740697,
                -3.237325078
              ],
              [
                100.410997623,
                -3.237754022
              ],
              [
                100.41121164,
                -3.238075729
              ],
              [
                100.411425824,
                -3.238461818
              ],
              [
                100.411618788,
                -3.239019665
              ],
              [
                100.411704828,
                -3.239448849
              ],
              [
                100.411726475,
                -3.239642011
              ],
              [
                100.41092,
                -3.24062
              ],
              [
                100.41024,
                -3.24097
              ],
              [
                100.40852,
                -3.24114
              ],
              [
                100.40783,
                -3.242
              ],
              [
                100.40732,
                -3.244399999
              ],
              [
                100.4068,
                -3.244399999
              ],
              [
                100.40577,
                -3.24509
              ],
              [
                100.40526,
                -3.24663
              ],
              [
                100.40595,
                -3.24749
              ],
              [
                100.40595,
                -3.24938
              ],
              [
                100.40543,
                -3.25006
              ],
              [
                100.4044,
                -3.25075
              ],
              [
                100.40422,
                -3.252469999
              ],
              [
                100.40389,
                -3.25264
              ],
              [
                100.40251,
                -3.25127
              ],
              [
                100.402160001,
                -3.252300001
              ],
              [
                100.40114,
                -3.252979999
              ],
              [
                100.40114,
                -3.25333
              ],
              [
                100.39925,
                -3.25161
              ],
              [
                100.39873,
                -3.25195
              ],
              [
                100.39771,
                -3.25195
              ],
              [
                100.3965,
                -3.250919999
              ],
              [
                100.39547,
                -3.250919999
              ],
              [
                100.395129999,
                -3.250579999
              ],
              [
                100.3941,
                -3.250919999
              ],
              [
                100.39376,
                -3.250919999
              ],
              [
                100.393239999,
                -3.250919999
              ],
              [
                100.39238,
                -3.25092
              ],
              [
                100.39153,
                -3.25024
              ],
              [
                100.39101,
                -3.25058
              ],
              [
                100.39084,
                -3.25041
              ],
              [
                100.38947,
                -3.25024
              ],
              [
                100.38809,
                -3.25144
              ],
              [
                100.38723,
                -3.25161
              ],
              [
                100.387129243,
                -3.25147152
              ],
              [
                100.38637,
                -3.251090001
              ],
              [
                100.38568,
                -3.25075
              ],
              [
                100.38483,
                -3.251090002
              ],
              [
                100.38466,
                -3.250919999
              ],
              [
                100.384140001,
                -3.25075
              ],
              [
                100.38311,
                -3.250919999
              ],
              [
                100.381909999,
                -3.25006
              ],
              [
                100.381017172,
                -3.249942392
              ],
              [
                100.38054,
                -3.25041
              ],
              [
                100.38019,
                -3.251090001
              ],
              [
                100.37985,
                -3.25144
              ],
              [
                100.37934,
                -3.25144
              ],
              [
                100.378649999,
                -3.25144
              ],
              [
                100.37796,
                -3.251090002
              ],
              [
                100.377841199,
                -3.2511789
              ],
              [
                100.37728,
                -3.25144
              ],
              [
                100.37693,
                -3.25178
              ],
              [
                100.37642,
                -3.25178
              ],
              [
                100.376296624,
                -3.251839925
              ],
              [
                100.376206191,
                -3.251768499
              ],
              [
                100.375891249,
                -3.251610826
              ],
              [
                100.375565916,
                -3.251474249
              ],
              [
                100.374831238,
                -3.251169587
              ],
              [
                100.372149665,
                -3.249736056
              ],
              [
                100.371152592,
                -3.249263043
              ],
              [
                100.370837521,
                -3.249010507
              ],
              [
                100.370564655,
                -3.248863315
              ],
              [
                100.3702288,
                -3.248705669
              ],
              [
                100.369976891,
                -3.248590069
              ],
              [
                100.369231974,
                -3.248475141
              ],
              [
                100.369001129,
                -3.248412212
              ],
              [
                100.368801702,
                -3.248296542
              ],
              [
                100.368455348,
                -3.248138909
              ],
              [
                100.367631922,
                -3.24774638
              ],
              [
                100.367380028,
                -3.247641319
              ],
              [
                100.367201564,
                -3.247504539
              ],
              [
                100.366949685,
                -3.247410018
              ],
              [
                100.366456606,
                -3.247357986
              ],
              [
                100.366120921,
                -3.247326821
              ],
              [
                100.365512447,
                -3.247264406
              ],
              [
                100.364956441,
                -3.247191378
              ],
              [
                100.364683633,
                -3.247086346
              ],
              [
                100.364389585,
                -3.246854858
              ],
              [
                100.364043149,
                -3.246633982
              ],
              [
                100.363707306,
                -3.246486873
              ],
              [
                100.363476349,
                -3.246339621
              ],
              [
                100.362941018,
                -3.246087381
              ],
              [
                100.362076739,
                -3.245611587
              ],
              [
                100.361803924,
                -3.245559253
              ],
              [
                100.361405156,
                -3.24539115
              ],
              [
                100.361090201,
                -3.245222931
              ],
              [
                100.360575997,
                -3.24501282
              ],
              [
                100.360114224,
                -3.244823718
              ],
              [
                100.35956858,
                -3.244708512
              ],
              [
                100.359327197,
                -3.244613975
              ],
              [
                100.35885497,
                -3.244456508
              ],
              [
                100.358519171,
                -3.244341017
              ],
              [
                100.358015717,
                -3.244320616
              ],
              [
                100.355659704,
                -3.243700523
              ],
              [
                100.355009268,
                -3.243595996
              ],
              [
                100.354358797,
                -3.243523088
              ],
              [
                100.353865894,
                -3.243544832
              ],
              [
                100.353310021,
                -3.243629901
              ],
              [
                100.352880073,
                -3.24369372
              ],
              [
                100.352513038,
                -3.243767995
              ],
              [
                100.352135571,
                -3.243831743
              ],
              [
                100.351259932,
                -3.243990772
              ],
              [
                100.350997846,
                -3.244054365
              ],
              [
                100.350452525,
                -3.244181581
              ],
              [
                100.350148577,
                -3.244340157
              ],
              [
                100.349844659,
                -3.244519749
              ],
              [
                100.349582661,
                -3.244709827
              ],
              [
                100.349048435,
                -3.245290263
              ],
              [
                100.348849429,
                -3.245490795
              ],
              [
                100.348576808,
                -3.245586024
              ],
              [
                100.348272708,
                -3.245628591
              ],
              [
                100.347968522,
                -3.245607919
              ],
              [
                100.347653541,
                -3.245418614
              ],
              [
                100.347391229,
                -3.245313561
              ],
              [
                100.346919197,
                -3.245303653
              ],
              [
                100.346615018,
                -3.245346221
              ],
              [
                100.346248009,
                -3.245441575
              ],
              [
                100.346059512,
                -3.245652636
              ],
              [
                100.345923404,
                -3.245853083
              ],
              [
                100.345375218,
                -3.246815387
              ],
              [
                100.345197223,
                -3.247089674
              ],
              [
                100.345029801,
                -3.247363948
              ],
              [
                100.345082428,
                -3.247532524
              ],
              [
                100.345155999,
                -3.247606207
              ],
              [
                100.345093161,
                -3.247711695
              ],
              [
                100.344915034,
                -3.247827877
              ],
              [
                100.344726262,
                -3.247891371
              ],
              [
                100.344527031,
                -3.247923259
              ],
              [
                100.344443417,
                -3.248134178
              ],
              [
                100.34432819,
                -3.248250276
              ],
              [
                100.344118449,
                -3.248271637
              ],
              [
                100.343887547,
                -3.248166542
              ],
              [
                100.34362506,
                -3.247987706
              ],
              [
                100.343341538,
                -3.247777278
              ],
              [
                100.343152538,
                -3.247608884
              ],
              [
                100.34296358,
                -3.247472111
              ],
              [
                100.342711741,
                -3.247409205
              ],
              [
                100.342481202,
                -3.247578159
              ],
              [
                100.342260964,
                -3.247599534
              ],
              [
                100.342040648,
                -3.247620908
              ],
              [
                100.341820549,
                -3.247747685
              ],
              [
                100.341474684,
                -3.247958955
              ],
              [
                100.341359344,
                -3.24799073
              ],
              [
                100.341202071,
                -3.248001479
              ],
              [
                100.340578818,
                -3.248056338
              ],
              [
                100.340368953,
                -3.247982836
              ],
              [
                100.34022193,
                -3.247867087
              ],
              [
                100.338510724,
                -3.246804722
              ],
              [
                100.33827967,
                -3.246583682
              ],
              [
                100.338111441,
                -3.246246613
              ],
              [
                100.337953673,
                -3.245941152
              ],
              [
                100.337008093,
                -3.24477236
              ],
              [
                100.33669294,
                -3.244393326
              ],
              [
                100.336419792,
                -3.244088016
              ],
              [
                100.336167714,
                -3.24378268
              ],
              [
                100.336020596,
                -3.243593147
              ],
              [
                100.335831465,
                -3.24338259
              ],
              [
                100.335663459,
                -3.243214166
              ],
              [
                100.335558394,
                -3.24307728
              ],
              [
                100.335432268,
                -3.24288772
              ],
              [
                100.335358609,
                -3.242687487
              ],
              [
                100.335388787,
                -3.242102548
              ],
              [
                100.335566799,
                -3.241838803
              ],
              [
                100.335765823,
                -3.241648811
              ],
              [
                100.335923008,
                -3.241511579
              ],
              [
                100.336153438,
                -3.241258304
              ],
              [
                100.336425866,
                -3.241015513
              ],
              [
                100.336677238,
                -3.240783292
              ],
              [
                100.336792438,
                -3.240646114
              ],
              [
                100.336886586,
                -3.240403559
              ],
              [
                100.336896174,
                -3.23977106
              ],
              [
                100.336853866,
                -3.239465445
              ],
              [
                100.336769726,
                -3.23927583
              ],
              [
                100.336559907,
                -3.239297188
              ],
              [
                100.336423558,
                -3.239255207
              ],
              [
                100.336318401,
                -3.239107782
              ],
              [
                100.336349669,
                -3.238939093
              ],
              [
                100.336454331,
                -3.238770309
              ],
              [
                100.3365904,
                -3.238538239
              ],
              [
                100.336642577,
                -3.238306281
              ],
              [
                100.336641872,
                -3.237768658
              ],
              [
                100.336526216,
                -3.237558005
              ],
              [
                100.336305729,
                -3.237389649
              ],
              [
                100.33613773,
                -3.237284468
              ],
              [
                100.335938294,
                -3.237158247
              ],
              [
                100.335506058,
                -3.236426671
              ],
              [
                100.335442653,
                -3.236100004
              ],
              [
                100.335400227,
                -3.235762766
              ],
              [
                100.335378844,
                -3.235404357
              ],
              [
                100.335409744,
                -3.235014322
              ],
              [
                100.335587067,
                -3.234223557
              ],
              [
                100.335744182,
                -3.234033622
              ],
              [
                100.335901276,
                -3.233885848
              ],
              [
                100.336058419,
                -3.233716994
              ],
              [
                100.336173634,
                -3.233590356
              ],
              [
                100.336215265,
                -3.233379493
              ],
              [
                100.336256946,
                -3.23314755
              ],
              [
                100.336393041,
                -3.2329365
              ],
              [
                100.336560645,
                -3.232799252
              ],
              [
                100.336707457,
                -3.232756896
              ],
              [
                100.336938189,
                -3.232735509
              ],
              [
                100.337095512,
                -3.232703682
              ],
              [
                100.337389032,
                -3.232597889
              ],
              [
                100.337525267,
                -3.232492305
              ],
              [
                100.337776523,
                -3.232055271
              ],
              [
                100.337776316,
                -3.231897167
              ],
              [
                100.337650302,
                -3.231791929
              ],
              [
                100.337450879,
                -3.231676248
              ],
              [
                100.337314273,
                -3.231497242
              ],
              [
                100.337146219,
                -3.231349899
              ],
              [
                100.336883724,
                -3.231160455
              ],
              [
                100.336736879,
                -3.231118488
              ],
              [
                100.336401567,
                -3.231371963
              ],
              [
                100.336181668,
                -3.231709547
              ],
              [
                100.335909402,
                -3.232015579
              ],
              [
                100.335626328,
                -3.232142438
              ],
              [
                100.335101882,
                -3.232122049
              ],
              [
                100.33459838,
                -3.232122715
              ],
              [
                100.334052874,
                -3.232049652
              ],
              [
                100.333790543,
                -3.231986754
              ],
              [
                100.332748274,
                -3.231777006
              ],
              [
                100.332339035,
                -3.231682683
              ],
              [
                100.330050523,
                -3.230220513
              ],
              [
                100.329186939,
                -3.230083106
              ],
              [
                100.328935242,
                -3.230125599
              ],
              [
                100.328694028,
                -3.230157537
              ],
              [
                100.328463226,
                -3.23012622
              ],
              [
                100.327980469,
                -3.229937125
              ],
              [
                100.327812386,
                -3.229705457
              ],
              [
                100.32751817,
                -3.229336865
              ],
              [
                100.327297483,
                -3.229010401
              ],
              [
                100.327202767,
                -3.228757553
              ],
              [
                100.327202301,
                -3.22839918
              ],
              [
                100.327086498,
                -3.228072578
              ],
              [
                100.32700221,
                -3.227767016
              ],
              [
                100.326991413,
                -3.22753514
              ],
              [
                100.326991168,
                -3.227345413
              ],
              [
                100.327011749,
                -3.227029172
              ],
              [
                100.327119641,
                -3.225212667
              ],
              [
                100.327103931,
                -3.224969437
              ],
              [
                100.327129129,
                -3.224555298
              ],
              [
                100.327221671,
                -3.224451665
              ],
              [
                100.327376033,
                -3.224296197
              ],
              [
                100.3279042,
                -3.223350651
              ],
              [
                100.328286076,
                -3.223270752
              ],
              [
                100.328509855,
                -3.223164548
              ],
              [
                100.328799418,
                -3.223005368
              ],
              [
                100.328996496,
                -3.222634489
              ],
              [
                100.32922,
                -3.222316533
              ],
              [
                100.32945671,
                -3.222051511
              ],
              [
                100.329561751,
                -3.22181311
              ],
              [
                100.329613914,
                -3.221389531
              ],
              [
                100.329533292,
                -3.22013217
              ],
              [
                100.329467181,
                -3.219933755
              ],
              [
                100.329348049,
                -3.219497082
              ],
              [
                100.329321263,
                -3.219166199
              ],
              [
                100.329347242,
                -3.218875009
              ],
              [
                100.329228161,
                -3.2184781
              ],
              [
                100.329043366,
                -3.218187122
              ],
              [
                100.328805899,
                -3.21786977
              ],
              [
                100.328660677,
                -3.21757874
              ],
              [
                100.328502271,
                -3.217314237
              ],
              [
                100.327602521,
                -3.215654379
              ],
              [
                100.327483492,
                -3.21529717
              ],
              [
                100.327324936,
                -3.214913565
              ],
              [
                100.326889194,
                -3.214040541
              ],
              [
                100.326756908,
                -3.213590693
              ],
              [
                100.32661144,
                -3.213167308
              ],
              [
                100.326531883,
                -3.212730646
              ],
              [
                100.326399648,
                -3.212320499
              ],
              [
                100.326283546,
                -3.211995119
              ],
              [
                100.326029736,
                -3.211487084
              ],
              [
                100.325671777,
                -3.2103957
              ],
              [
                100.325684602,
                -3.210091274
              ],
              [
                100.325684107,
                -3.209707399
              ],
              [
                100.325657221,
                -3.209297115
              ],
              [
                100.325564501,
                -3.208900171
              ],
              [
                100.325564041,
                -3.208542805
              ],
              [
                100.325682195,
                -3.208224985
              ],
              [
                100.325760744,
                -3.207880709
              ],
              [
                100.325865802,
                -3.207655563
              ],
              [
                100.326023658,
                -3.207496556
              ],
              [
                100.326155209,
                -3.207377221
              ],
              [
                100.32672148,
                -3.207283828
              ],
              [
                100.326945343,
                -3.207243837
              ],
              [
                100.327208767,
                -3.207256748
              ],
              [
                100.327683101,
                -3.207375231
              ],
              [
                100.327775806,
                -3.207758984
              ],
              [
                100.327775994,
                -3.207904593
              ],
              [
                100.328039556,
                -3.20802335
              ],
              [
                100.328276541,
                -3.207970087
              ],
              [
                100.328632157,
                -3.207969624
              ],
              [
                100.328987756,
                -3.207955965
              ],
              [
                100.329211618,
                -3.207915912
              ],
              [
                100.32981747,
                -3.207888675
              ],
              [
                100.330159835,
                -3.207861782
              ],
              [
                100.33055493,
                -3.207848012
              ],
              [
                100.330713076,
                -3.207913951
              ],
              [
                100.330910889,
                -3.208112257
              ],
              [
                100.331056015,
                -3.208270931
              ],
              [
                100.331240946,
                -3.208667754
              ],
              [
                100.331280904,
                -3.209025064
              ],
              [
                100.331478683,
                -3.209196862
              ],
              [
                100.331597471,
                -3.209368763
              ],
              [
                100.331821589,
                -3.209527333
              ],
              [
                100.331953448,
                -3.20964626
              ],
              [
                100.332085393,
                -3.209831398
              ],
              [
                100.332406996,
                -3.210163347
              ],
              [
                100.332657395,
                -3.210321819
              ],
              [
                100.332855046,
                -3.210334815
              ],
              [
                100.333184289,
                -3.21032113
              ],
              [
                100.333421359,
                -3.210334073
              ],
              [
                100.333513739,
                -3.210466309
              ],
              [
                100.333645666,
                -3.210638191
              ],
              [
                100.333830358,
                -3.210849702
              ],
              [
                100.334067496,
                -3.210915602
              ],
              [
                100.334383686,
                -3.210968141
              ],
              [
                100.334686694,
                -3.211047142
              ],
              [
                100.334858264,
                -3.211271929
              ],
              [
                100.334924374,
                -3.211470406
              ],
              [
                100.335095798,
                -3.211642235
              ],
              [
                100.335293749,
                -3.211946384
              ],
              [
                100.335438799,
                -3.212105057
              ],
              [
                100.335649797,
                -3.212276835
              ],
              [
                100.335873899,
                -3.21242215
              ],
              [
                100.336071696,
                -3.212607199
              ],
              [
                100.336243225,
                -3.212858428
              ],
              [
                100.336335623,
                -3.213003916
              ],
              [
                100.336349682,
                -3.21365248
              ],
              [
                100.336297211,
                -3.213837795
              ],
              [
                100.336323791,
                -3.214009877
              ],
              [
                100.336376616,
                -3.214155354
              ],
              [
                100.336561102,
                -3.214208066
              ],
              [
                100.336653345,
                -3.214234455
              ],
              [
                100.336864231,
                -3.214379784
              ],
              [
                100.336943542,
                -3.214564928
              ],
              [
                100.3371282,
                -3.214749993
              ],
              [
                100.337286372,
                -3.214895395
              ],
              [
                100.337457772,
                -3.214987823
              ],
              [
                100.337760729,
                -3.215027124
              ],
              [
                100.337997799,
                -3.215040067
              ],
              [
                100.338234999,
                -3.215092709
              ],
              [
                100.338590737,
                -3.215184895
              ],
              [
                100.338920309,
                -3.215422724
              ],
              [
                100.339850479,
                -3.216312255
              ],
              [
                100.340127529,
                -3.216695762
              ],
              [
                100.340431031,
                -3.217092425
              ],
              [
                100.340748207,
                -3.217899386
              ],
              [
                100.340906521,
                -3.218150695
              ],
              [
                100.341236605,
                -3.218719377
              ],
              [
                100.341408031,
                -3.218891205
              ],
              [
                100.341605814,
                -3.219062997
              ],
              [
                100.341684961,
                -3.219182056
              ],
              [
                100.341817037,
                -3.21940689
              ],
              [
                100.341922473,
                -3.219472896
              ],
              [
                100.342093743,
                -3.219525624
              ],
              [
                100.342186125,
                -3.219657856
              ],
              [
                100.342252255,
                -3.219869586
              ],
              [
                100.342292185,
                -3.220200389
              ],
              [
                100.342213453,
                -3.220399055
              ],
              [
                100.342147895,
                -3.22062415
              ],
              [
                100.342279721,
                -3.22071663
              ],
              [
                100.34258261,
                -3.220702975
              ],
              [
                100.342503982,
                -3.220981042
              ],
              [
                100.34249106,
                -3.221206068
              ],
              [
                100.342545627,
                -3.222086843
              ],
              [
                100.342624758,
                -3.222192646
              ],
              [
                100.342480277,
                -3.222470801
              ],
              [
                100.34205903,
                -3.222643414
              ],
              [
                100.341861732,
                -3.222842238
              ],
              [
                100.341638147,
                -3.223093987
              ],
              [
                100.341506962,
                -3.223491224
              ],
              [
                100.34153371,
                -3.223848616
              ],
              [
                100.341573683,
                -3.224152971
              ],
              [
                100.341679274,
                -3.224338139
              ],
              [
                100.341824379,
                -3.224536447
              ],
              [
                100.341930292,
                -3.224906924
              ],
              [
                100.341930639,
                -3.225171633
              ],
              [
                100.342023386,
                -3.225581828
              ],
              [
                100.342339536,
                -3.225660871
              ],
              [
                100.342602949,
                -3.225660522
              ],
              [
                100.34273442,
                -3.225422085
              ],
              [
                100.342826168,
                -3.225130746
              ],
              [
                100.343063163,
                -3.225024586
              ],
              [
                100.343247608,
                -3.225103742
              ],
              [
                100.343643168,
                -3.225381181
              ],
              [
                100.343762038,
                -3.225672177
              ],
              [
                100.343881039,
                -3.226002937
              ],
              [
                100.344237877,
                -3.226929004
              ],
              [
                100.344422679,
                -3.227219913
              ],
              [
                100.344580985,
                -3.227405011
              ],
              [
                100.344871172,
                -3.227722288
              ],
              [
                100.345174445,
                -3.227999849
              ],
              [
                100.345535468,
                -3.228441243
              ],
              [
                100.345588373,
                -3.228586781
              ],
              [
                100.345535974,
                -3.228825113
              ],
              [
                100.34552313,
                -3.229050141
              ],
              [
                100.345655045,
                -3.229208764
              ],
              [
                100.345931701,
                -3.229287796
              ],
              [
                100.346234566,
                -3.229194737
              ],
              [
                100.34644502,
                -3.229009211
              ],
              [
                100.346695099,
                -3.228863271
              ],
              [
                100.346918876,
                -3.228757064
              ],
              [
                100.347037251,
                -3.228611298
              ],
              [
                100.347037007,
                -3.228425991
              ],
              [
                100.346707586,
                -3.228307331
              ],
              [
                100.346615149,
                -3.2281354
              ],
              [
                100.346601548,
                -3.2278442
              ],
              [
                100.346706557,
                -3.227526399
              ],
              [
                100.347009185,
                -3.22731424
              ],
              [
                100.347404198,
                -3.227234316
              ],
              [
                100.347601843,
                -3.227300198
              ],
              [
                100.347812827,
                -3.227458779
              ],
              [
                100.347944709,
                -3.227590959
              ],
              [
                100.348089763,
                -3.227749565
              ],
              [
                100.348182339,
                -3.228027404
              ],
              [
                100.348261566,
                -3.228146398
              ],
              [
                100.34852517,
                -3.228291655
              ],
              [
                100.348749049,
                -3.228264911
              ],
              [
                100.348972895,
                -3.228211659
              ],
              [
                100.349130915,
                -3.228237895
              ],
              [
                100.349328743,
                -3.228383238
              ],
              [
                100.349539669,
                -3.228555011
              ],
              [
                100.349684609,
                -3.228568073
              ],
              [
                100.349987586,
                -3.228620622
              ],
              [
                100.350316973,
                -3.228712836
              ],
              [
                100.35166106,
                -3.229161058
              ],
              [
                100.352043274,
                -3.229398809
              ],
              [
                100.352385983,
                -3.229570405
              ],
              [
                100.352662857,
                -3.229755341
              ],
              [
                100.352913086,
                -3.229781453
              ],
              [
                100.353084383,
                -3.229794479
              ],
              [
                100.353321596,
                -3.22991326
              ],
              [
                100.353558842,
                -3.230058551
              ],
              [
                100.353835664,
                -3.230203788
              ],
              [
                100.354138677,
                -3.230282781
              ],
              [
                100.354362592,
                -3.230282483
              ],
              [
                100.354586595,
                -3.230348391
              ],
              [
                100.355095499,
                -3.230495463
              ],
              [
                100.35535891,
                -3.230495111
              ],
              [
                100.355780507,
                -3.230587198
              ],
              [
                100.35610991,
                -3.230692601
              ],
              [
                100.356584343,
                -3.230877273
              ],
              [
                100.356782113,
                -3.23103587
              ],
              [
                100.357190404,
                -3.231061768
              ],
              [
                100.357506371,
                -3.230942244
              ],
              [
                100.357861921,
                -3.230888814
              ],
              [
                100.358072608,
                -3.230822321
              ],
              [
                100.358230354,
                -3.230583911
              ],
              [
                100.358361707,
                -3.230319028
              ],
              [
                100.358453557,
                -3.230107091
              ],
              [
                100.358624661,
                -3.229974505
              ],
              [
                100.358914357,
                -3.229921162
              ],
              [
                100.359164603,
                -3.229960526
              ],
              [
                100.359428128,
                -3.22998668
              ],
              [
                100.359638913,
                -3.230052542
              ],
              [
                100.359862881,
                -3.230092004
              ],
              [
                100.360033941,
                -3.229985866
              ],
              [
                100.360060122,
                -3.229853478
              ],
              [
                100.359928099,
                -3.229615394
              ],
              [
                100.359927273,
                -3.228993328
              ],
              [
                100.359913991,
                -3.228887438
              ],
              [
                100.359966275,
                -3.228622661
              ],
              [
                100.36011102,
                -3.228490113
              ],
              [
                100.360255724,
                -3.22838401
              ],
              [
                100.36041361,
                -3.228251446
              ],
              [
                100.360620774,
                -3.22799195
              ],
              [
                100.360805176,
                -3.227861874
              ],
              [
                100.361128082,
                -3.227759382
              ],
              [
                100.361478679,
                -3.227666194
              ],
              [
                100.361727763,
                -3.227591636
              ],
              [
                100.362060019,
                -3.227563354
              ],
              [
                100.362290751,
                -3.227544551
              ],
              [
                100.36253068,
                -3.22754423
              ],
              [
                100.362807606,
                -3.227534577
              ],
              [
                100.363075277,
                -3.227580543
              ],
              [
                100.363241498,
                -3.227635989
              ],
              [
                100.363407694,
                -3.227672875
              ],
              [
                100.365093028,
                -3.227957906
              ],
              [
                100.365324068,
                -3.228170924
              ],
              [
                100.365730616,
                -3.228522811
              ],
              [
                100.365915541,
                -3.228726616
              ],
              [
                100.366072745,
                -3.228958287
              ],
              [
                100.366156139,
                -3.229227174
              ],
              [
                100.366221057,
                -3.229458972
              ],
              [
                100.366405891,
                -3.229653498
              ],
              [
                100.366775438,
                -3.229894098
              ],
              [
                100.367181764,
                -3.230079044
              ],
              [
                100.367394289,
                -3.230282809
              ],
              [
                100.367782163,
                -3.230449225
              ],
              [
                100.36793922,
                -3.230569626
              ],
              [
                100.368040535,
                -3.230402547
              ],
              [
                100.367993921,
                -3.230022341
              ],
              [
                100.368002537,
                -3.229604949
              ],
              [
                100.368186939,
                -3.229419203
              ],
              [
                100.368380513,
                -3.22928905
              ],
              [
                100.36863886,
                -3.229223818
              ],
              [
                100.369100371,
                -3.229223194
              ],
              [
                100.36934954,
                -3.229213579
              ],
              [
                100.369506323,
                -3.229129866
              ],
              [
                100.369524492,
                -3.228879463
              ],
              [
                100.369561021,
                -3.22863825
              ],
              [
                100.369520331,
                -3.228501091
              ],
              [
                100.369487779,
                -3.228345114
              ],
              [
                100.369507094,
                -3.228254139
              ],
              [
                100.369623377,
                -3.228175971
              ],
              [
                100.369746244,
                -3.2281368
              ],
              [
                100.369843151,
                -3.228045655
              ],
              [
                100.3700691,
                -3.227765939
              ],
              [
                100.370314652,
                -3.227609585
              ],
              [
                100.370275699,
                -3.227492685
              ],
              [
                100.370197837,
                -3.227291264
              ],
              [
                100.370262254,
                -3.227089713
              ],
              [
                100.370346045,
                -3.226901137
              ],
              [
                100.370358751,
                -3.226693155
              ],
              [
                100.370274375,
                -3.226504744
              ],
              [
                100.370131855,
                -3.226322975
              ],
              [
                100.369820937,
                -3.225972475
              ],
              [
                100.369607338,
                -3.225836245
              ],
              [
                100.368570916,
                -3.224871792
              ],
              [
                100.368376719,
                -3.224709531
              ],
              [
                100.368117767,
                -3.224553923
              ],
              [
                100.36778085,
                -3.224060439
              ],
              [
                100.367586618,
                -3.223930682
              ],
              [
                100.367450646,
                -3.223820415
              ],
              [
                100.367153028,
                -3.223703801
              ],
              [
                100.36695877,
                -3.223554603
              ],
              [
                100.366758087,
                -3.223366414
              ],
              [
                100.366589555,
                -3.223093666
              ],
              [
                100.366304756,
                -3.222912024
              ],
              [
                100.36589717,
                -3.222828125
              ],
              [
                100.365515473,
                -3.222744129
              ],
              [
                100.365282481,
                -3.222640428
              ],
              [
                100.365088267,
                -3.222465229
              ],
              [
                100.364919805,
                -3.222244488
              ],
              [
                100.364757961,
                -3.222147193
              ],
              [
                100.364680482,
                -3.222231809
              ],
              [
                100.364538376,
                -3.222362017
              ],
              [
                100.364273318,
                -3.222466325
              ],
              [
                100.363688492,
                -3.222575482
              ],
              [
                100.36346844,
                -3.222497767
              ],
              [
                100.363241901,
                -3.222335612
              ],
              [
                100.363047628,
                -3.222173352
              ],
              [
                100.362782241,
                -3.221972243
              ],
              [
                100.362607464,
                -3.221855462
              ],
              [
                100.362387613,
                -3.221927268
              ],
              [
                100.362154931,
                -3.221999089
              ],
              [
                100.361676414,
                -3.22207124
              ],
              [
                100.361029735,
                -3.222091613
              ],
              [
                100.36065457,
                -3.222066114
              ],
              [
                100.360055931,
                -3.221962523
              ],
              [
                100.359803441,
                -3.221813341
              ],
              [
                100.35943471,
                -3.22171632
              ],
              [
                100.358988285,
                -3.221599967
              ],
              [
                100.358722924,
                -3.221476805
              ],
              [
                100.358535226,
                -3.2213471
              ],
              [
                100.358379774,
                -3.221145845
              ],
              [
                100.358217749,
                -3.220912093
              ],
              [
                100.358101146,
                -3.220749726
              ],
              [
                100.357913274,
                -3.220548512
              ],
              [
                100.357815875,
                -3.220269166
              ],
              [
                100.357686254,
                -3.220022368
              ],
              [
                100.357386415,
                -3.219285135
              ],
              [
                100.35729548,
                -3.219012284
              ],
              [
                100.35716591,
                -3.21880449
              ],
              [
                100.357055709,
                -3.218661618
              ],
              [
                100.356874463,
                -3.218531906
              ],
              [
                100.356550244,
                -3.217875873
              ],
              [
                100.356375408,
                -3.217713646
              ],
              [
                100.356271609,
                -3.217473314
              ],
              [
                100.356174073,
                -3.217089952
              ],
              [
                100.356102701,
                -3.216914586
              ],
              [
                100.355960218,
                -3.216758818
              ],
              [
                100.355908276,
                -3.216576861
              ],
              [
                100.355817477,
                -3.216408023
              ],
              [
                100.355642728,
                -3.216310742
              ],
              [
                100.355468125,
                -3.216323977
              ],
              [
                100.355261102,
                -3.216278747
              ],
              [
                100.354929527,
                -3.215820906
              ],
              [
                100.354812889,
                -3.215632535
              ],
              [
                100.354664014,
                -3.215522281
              ],
              [
                100.354398698,
                -3.215431621
              ],
              [
                100.354029713,
                -3.215139635
              ],
              [
                100.35389358,
                -3.214905847
              ],
              [
                100.353893237,
                -3.214645873
              ],
              [
                100.353918664,
                -3.214353361
              ],
              [
                100.354002503,
                -3.214138782
              ],
              [
                100.354047512,
                -3.213956759
              ],
              [
                100.354086051,
                -3.213761745
              ],
              [
                100.354234636,
                -3.213651028
              ],
              [
                100.354389751,
                -3.213540309
              ],
              [
                100.354428324,
                -3.213371296
              ],
              [
                100.354303467,
                -3.212490302
              ],
              [
                100.354154515,
                -3.212321542
              ],
              [
                100.35394738,
                -3.212191861
              ],
              [
                100.35375964,
                -3.212029588
              ],
              [
                100.353636474,
                -3.211841288
              ],
              [
                100.353429316,
                -3.211692042
              ],
              [
                100.353306295,
                -3.21155575
              ],
              [
                100.353131444,
                -3.211380521
              ],
              [
                100.352898336,
                -3.211185802
              ],
              [
                100.352430518,
                -3.210820355
              ],
              [
                100.352275181,
                -3.210703544
              ],
              [
                100.35201638,
                -3.210599936
              ],
              [
                100.351744612,
                -3.210509285
              ],
              [
                100.351408083,
                -3.210360273
              ],
              [
                100.351123376,
                -3.210243633
              ],
              [
                100.350922721,
                -3.210133447
              ],
              [
                100.350793162,
                -3.209990599
              ],
              [
                100.350305535,
                -3.209814772
              ],
              [
                100.350124539,
                -3.209873522
              ],
              [
                100.349859353,
                -3.209880374
              ],
              [
                100.349516447,
                -3.209789817
              ],
              [
                100.349076157,
                -3.209367966
              ],
              [
                100.348940068,
                -3.209166618
              ],
              [
                100.348790929,
                -3.208913343
              ],
              [
                100.348570762,
                -3.208686164
              ],
              [
                100.348415332,
                -3.208497906
              ],
              [
                100.347674667,
                -3.207274374
              ],
              [
                100.34766124,
                -3.206936407
              ],
              [
                100.347563397,
                -3.206254127
              ],
              [
                100.347186602,
                -3.204980757
              ],
              [
                100.347063268,
                -3.204662436
              ],
              [
                100.346933695,
                -3.204448141
              ],
              [
                100.346745778,
                -3.204207916
              ],
              [
                100.346570879,
                -3.203993616
              ],
              [
                100.346402467,
                -3.203805373
              ],
              [
                100.345721342,
                -3.203400185
              ],
              [
                100.345591786,
                -3.203257399
              ],
              [
                100.345397476,
                -3.203062627
              ],
              [
                100.345235535,
                -3.202828869
              ],
              [
                100.344963609,
                -3.202614761
              ],
              [
                100.344633223,
                -3.202166756
              ],
              [
                100.344542479,
                -3.202036856
              ],
              [
                100.344315971,
                -3.201952706
              ],
              [
                100.34398611,
                -3.201907635
              ],
              [
                100.343805031,
                -3.201901371
              ],
              [
                100.343610916,
                -3.20185612
              ],
              [
                100.343375828,
                -3.201750396
              ],
              [
                100.343181535,
                -3.201568624
              ],
              [
                100.342987242,
                -3.201386916
              ],
              [
                100.34282549,
                -3.201296116
              ],
              [
                100.342534339,
                -3.201244554
              ],
              [
                100.342282163,
                -3.20127089
              ],
              [
                100.342036475,
                -3.201323157
              ],
              [
                100.341797339,
                -3.201453491
              ],
              [
                100.341351125,
                -3.201493082
              ],
              [
                100.341018141,
                -3.201317491
              ],
              [
                100.340953033,
                -3.200992654
              ],
              [
                100.340810385,
                -3.200706861
              ],
              [
                100.340719591,
                -3.200537957
              ],
              [
                100.340388927,
                -3.199875482
              ],
              [
                100.340362592,
                -3.19953103
              ],
              [
                100.340245724,
                -3.199160754
              ],
              [
                100.340245469,
                -3.198965725
              ],
              [
                100.340160986,
                -3.198686422
              ],
              [
                100.339716517,
                -3.195517566
              ],
              [
                100.339573703,
                -3.195101753
              ],
              [
                100.339515295,
                -3.194906865
              ],
              [
                100.339430836,
                -3.194647
              ],
              [
                100.339404619,
                -3.19439356
              ],
              [
                100.33957851,
                -3.193772649
              ],
              [
                100.339733627,
                -3.193661993
              ],
              [
                100.339908125,
                -3.19357075
              ],
              [
                100.340373562,
                -3.193427183
              ],
              [
                100.340651557,
                -3.193348806
              ],
              [
                100.340839013,
                -3.193296553
              ],
              [
                100.341052417,
                -3.193289774
              ],
              [
                100.341298256,
                -3.19335446
              ],
              [
                100.341427718,
                -3.193425801
              ],
              [
                100.341615336,
                -3.193438557
              ],
              [
                100.341763971,
                -3.193366851
              ],
              [
                100.342099852,
                -3.193080433
              ],
              [
                100.342416636,
                -3.192937057
              ],
              [
                100.342519877,
                -3.192813405
              ],
              [
                100.342597309,
                -3.19263134
              ],
              [
                100.342506558,
                -3.192494939
              ],
              [
                100.342376986,
                -3.192339149
              ],
              [
                100.342395976,
                -3.191994635
              ],
              [
                100.342395705,
                -3.19178667
              ],
              [
                100.342298408,
                -3.191578829
              ],
              [
                100.342246523,
                -3.191435941
              ],
              [
                100.34217397,
                -3.191301982
              ],
              [
                100.342110338,
                -3.191156641
              ],
              [
                100.341896347,
                -3.190770273
              ],
              [
                100.341779683,
                -3.190555955
              ],
              [
                100.34158543,
                -3.190341742
              ],
              [
                100.341371788,
                -3.190225005
              ],
              [
                100.341016067,
                -3.190199467
              ],
              [
                100.340556995,
                -3.190271577
              ],
              [
                100.34010439,
                -3.190356683
              ],
              [
                100.339710169,
                -3.190558666
              ],
              [
                100.339399797,
                -3.19061108
              ],
              [
                100.33894063,
                -3.19061168
              ],
              [
                100.338526594,
                -3.190521208
              ],
              [
                100.338151235,
                -3.190339735
              ],
              [
                100.337931167,
                -3.190184062
              ],
              [
                100.337209867,
                -3.189662844
              ],
              [
                100.336950988,
                -3.18949422
              ],
              [
                100.33641403,
                -3.18933896
              ],
              [
                100.336219825,
                -3.189222195
              ],
              [
                100.336077324,
                -3.189046918
              ],
              [
                100.33546818,
                -3.188079322
              ],
              [
                100.335338569,
                -3.187890961
              ],
              [
                100.335221873,
                -3.18765064
              ],
              [
                100.335085732,
                -3.187403844
              ],
              [
                100.334878564,
                -3.187241652
              ],
              [
                100.334509785,
                -3.18715762
              ],
              [
                100.334360915,
                -3.18704736
              ],
              [
                100.334076056,
                -3.186807257
              ],
              [
                100.333776578,
                -3.186323861
              ],
              [
                100.333672689,
                -3.186005512
              ],
              [
                100.332849802,
                -3.184836722
              ],
              [
                100.332765499,
                -3.184635301
              ],
              [
                100.332344854,
                -3.184421377
              ],
              [
                100.332027729,
                -3.184239824
              ],
              [
                100.331430427,
                -3.183770068
              ],
              [
                100.331274968,
                -3.183614308
              ],
              [
                100.331080736,
                -3.183413029
              ],
              [
                100.330938277,
                -3.183270257
              ],
              [
                100.329509666,
                -3.180149423
              ],
              [
                100.329366052,
                -3.179103202
              ],
              [
                100.329204046,
                -3.17881093
              ],
              [
                100.329048538,
                -3.178616167
              ],
              [
                100.328821964,
                -3.17841499
              ],
              [
                100.328504756,
                -3.178226871
              ],
              [
                100.328406369,
                -3.177710201
              ],
              [
                100.328431909,
                -3.17743719
              ],
              [
                100.328554506,
                -3.177248502
              ],
              [
                100.328690085,
                -3.177059862
              ],
              [
                100.328825657,
                -3.17686472
              ],
              [
                100.329684137,
                -3.176590035
              ],
              [
                100.33058,
                -3.176250001
              ],
              [
                100.33127,
                -3.17642
              ],
              [
                100.33161,
                -3.17762
              ],
              [
                100.332480001,
                -3.17797
              ],
              [
                100.33264,
                -3.17814
              ],
              [
                100.33281,
                -3.17814
              ],
              [
                100.33367,
                -3.17934
              ],
              [
                100.33402,
                -3.179339999
              ],
              [
                100.33454,
                -3.17934
              ],
              [
                100.335729999,
                -3.17848
              ],
              [
                100.33848,
                -3.17831
              ],
              [
                100.33968,
                -3.17848
              ],
              [
                100.340369999,
                -3.17797
              ],
              [
                100.340719999,
                -3.17762
              ],
              [
                100.34209,
                -3.177619999
              ],
              [
                100.34226,
                -3.17762
              ],
              [
                100.34226,
                -3.17745
              ],
              [
                100.34243,
                -3.17728
              ],
              [
                100.34311,
                -3.17728
              ],
              [
                100.34346,
                -3.177280001
              ],
              [
                100.34397,
                -3.17694
              ],
              [
                100.34432,
                -3.176589999
              ],
              [
                100.344490001,
                -3.17625
              ],
              [
                100.34466,
                -3.17556
              ],
              [
                100.345,
                -3.17539
              ],
              [
                100.34535,
                -3.17522
              ],
              [
                100.34655,
                -3.17539
              ],
              [
                100.3469,
                -3.17522
              ],
              [
                100.34758,
                -3.17522
              ],
              [
                100.34792,
                -3.17522
              ],
              [
                100.348269999,
                -3.17539
              ],
              [
                100.34929,
                -3.17625
              ],
              [
                100.35015,
                -3.17745
              ],
              [
                100.35118,
                -3.17745
              ],
              [
                100.35187,
                -3.17677
              ],
              [
                100.35341,
                -3.17608
              ],
              [
                100.35376,
                -3.17556
              ],
              [
                100.35427,
                -3.17471
              ],
              [
                100.35514,
                -3.17453
              ],
              [
                100.35702,
                -3.173499999
              ],
              [
                100.357761705,
                -3.173219331
              ],
              [
                100.35790123,
                -3.174114071
              ],
              [
                100.358392404,
                -3.174898403
              ],
              [
                100.359907515,
                -3.175512115
              ],
              [
                100.36067991,
                -3.176446061
              ],
              [
                100.360823843,
                -3.177278642
              ]
            ]
          ],
          [
            [
              [
                100.353651586,
                -3.217725946
              ],
              [
                100.353881505,
                -3.2178102
              ],
              [
                100.354260254,
                -3.217785535
              ],
              [
                100.354561178,
                -3.218038867
              ],
              [
                100.354761373,
                -3.218443968
              ],
              [
                100.355224036,
                -3.218231869
              ],
              [
                100.355771395,
                -3.218424471
              ],
              [
                100.35622333,
                -3.219172439
              ],
              [
                100.356480682,
                -3.219484683
              ],
              [
                100.356843358,
                -3.220044812
              ],
              [
                100.356843358,
                -3.220551201
              ],
              [
                100.356759444,
                -3.220940308
              ],
              [
                100.35667553,
                -3.221329161
              ],
              [
                100.356545812,
                -3.221745441
              ],
              [
                100.356393227,
                -3.222071359
              ],
              [
                100.356217754,
                -3.222433269
              ],
              [
                100.356080437,
                -3.222921789
              ],
              [
                100.355927853,
                -3.223338069
              ],
              [
                100.355760001,
                -3.223573371
              ],
              [
                100.355470077,
                -3.223429143
              ],
              [
                100.355409052,
                -3.223230294
              ],
              [
                100.355325139,
                -3.222787323
              ],
              [
                100.355142018,
                -3.222335279
              ],
              [
                100.354791069,
                -3.221820042
              ],
              [
                100.354836259,
                -3.221453539
              ],
              [
                100.354759161,
                -3.221094278
              ],
              [
                100.3547075,
                -3.220640935
              ],
              [
                100.354562365,
                -3.220316018
              ],
              [
                100.354295158,
                -3.220048137
              ],
              [
                100.354043391,
                -3.219713858
              ],
              [
                100.353799269,
                -3.219352428
              ],
              [
                100.353562747,
                -3.218927556
              ],
              [
                100.353242311,
                -3.218511988
              ],
              [
                100.353165218,
                -3.218203837
              ],
              [
                100.353279096,
                -3.21792579
              ],
              [
                100.352815373,
                -3.217334379
              ],
              [
                100.352887369,
                -3.217207416
              ],
              [
                100.353025644,
                -3.217189084
              ],
              [
                100.35326647,
                -3.217448566
              ],
              [
                100.353651586,
                -3.217725946
              ]
            ]
          ],
          [
            [
              [
                100.350022269,
                -3.218500346
              ],
              [
                100.350510558,
                -3.21850871
              ],
              [
                100.350876751,
                -3.218490103
              ],
              [
                100.351067494,
                -3.218517046
              ],
              [
                100.351571026,
                -3.218489164
              ],
              [
                100.351883841,
                -3.218506804
              ],
              [
                100.352364483,
                -3.218524446
              ],
              [
                100.352776456,
                -3.218749987
              ],
              [
                100.353081648,
                -3.219120258
              ],
              [
                100.353211343,
                -3.219300984
              ],
              [
                100.35339444,
                -3.21970773
              ],
              [
                100.353798792,
                -3.220123278
              ],
              [
                100.353966644,
                -3.220403416
              ],
              [
                100.354081094,
                -3.220611316
              ],
              [
                100.354203166,
                -3.220991121
              ],
              [
                100.354279459,
                -3.221452238
              ],
              [
                100.354325216,
                -3.221822969
              ],
              [
                100.354287083,
                -3.222220896
              ],
              [
                100.35427946,
                -3.222664097
              ],
              [
                100.354447289,
                -3.22317051
              ],
              [
                100.354409155,
                -3.223586538
              ],
              [
                100.354134499,
                -3.223803969
              ],
              [
                100.353814063,
                -3.224021422
              ],
              [
                100.353432602,
                -3.224130597
              ],
              [
                100.353012983,
                -3.22405884
              ],
              [
                100.352692547,
                -3.223896236
              ],
              [
                100.352395,
                -3.223679745
              ],
              [
                100.352036429,
                -3.223453975
              ],
              [
                100.351601542,
                -3.223147122
              ],
              [
                100.351181948,
                -3.222921582
              ],
              [
                100.350914912,
                -3.222758978
              ],
              [
                100.350960692,
                -3.223039347
              ],
              [
                100.351189569,
                -3.223337609
              ],
              [
                100.351395556,
                -3.223952256
              ],
              [
                100.351708371,
                -3.22404239
              ],
              [
                100.352036429,
                -3.22427698
              ],
              [
                100.35192198,
                -3.224503254
              ],
              [
                100.351769396,
                -3.224666316
              ],
              [
                100.351510007,
                -3.224775284
              ],
              [
                100.351014095,
                -3.224965772
              ],
              [
                100.350693661,
                -3.224930006
              ],
              [
                100.350441893,
                -3.224857996
              ],
              [
                100.350136724,
                -3.224686573
              ],
              [
                100.349396669,
                -3.224253362
              ],
              [
                100.349236462,
                -3.223964173
              ],
              [
                100.34916017,
                -3.223620615
              ],
              [
                100.348992317,
                -3.223041963
              ],
              [
                100.348977049,
                -3.222861236
              ],
              [
                100.348496406,
                -3.222300958
              ],
              [
                100.348214126,
                -3.221632195
              ],
              [
                100.347939469,
                -3.220899781
              ],
              [
                100.347702971,
                -3.220158549
              ],
              [
                100.347542738,
                -3.219191042
              ],
              [
                100.347260459,
                -3.218531099
              ],
              [
                100.347245192,
                -3.217907149
              ],
              [
                100.347405421,
                -3.217535935
              ],
              [
                100.347710591,
                -3.217390997
              ],
              [
                100.348122563,
                -3.217272726
              ],
              [
                100.348404864,
                -3.217272499
              ],
              [
                100.349045715,
                -3.217551926
              ],
              [
                100.349274592,
                -3.21774147
              ],
              [
                100.349450066,
                -3.217967495
              ],
              [
                100.349755258,
                -3.218328922
              ],
              [
                100.350022269,
                -3.218500346
              ]
            ]
          ],
          [
            [
              [
                100.359375827,
                -3.22307976
              ],
              [
                100.359215597,
                -3.223215648
              ],
              [
                100.35896383,
                -3.223234001
              ],
              [
                100.358734954,
                -3.22321636
              ],
              [
                100.35846792,
                -3.223144372
              ],
              [
                100.358147507,
                -3.223135528
              ],
              [
                100.35773551,
                -3.223262848
              ],
              [
                100.357521902,
                -3.223362513
              ],
              [
                100.357323537,
                -3.223290501
              ],
              [
                100.357125173,
                -3.223118848
              ],
              [
                100.356804737,
                -3.223038018
              ],
              [
                100.356606372,
                -3.222929785
              ],
              [
                100.356682665,
                -3.222667285
              ],
              [
                100.356751335,
                -3.222323475
              ],
              [
                100.356903918,
                -3.222070051
              ],
              [
                100.356987833,
                -3.221825653
              ],
              [
                100.357132795,
                -3.221671896
              ],
              [
                100.357338782,
                -3.221825195
              ],
              [
                100.357636328,
                -3.222005667
              ],
              [
                100.35787285,
                -3.222059788
              ],
              [
                100.358162752,
                -3.222131796
              ],
              [
                100.358353492,
                -3.222267227
              ],
              [
                100.358513699,
                -3.222393584
              ],
              [
                100.358765465,
                -3.222528761
              ],
              [
                100.35910117,
                -3.222727381
              ],
              [
                100.359375827,
                -3.22307976
              ]
            ]
          ],
          [
            [
              [
                100.360354969,
                -3.227769068
              ],
              [
                100.360253491,
                -3.227815595
              ],
              [
                100.360059653,
                -3.227806577
              ],
              [
                100.359893455,
                -3.227769689
              ],
              [
                100.359764141,
                -3.227695638
              ],
              [
                100.359717888,
                -3.227584428
              ],
              [
                100.359717543,
                -3.227324708
              ],
              [
                100.359781954,
                -3.227176236
              ],
              [
                100.359827948,
                -3.227092672
              ],
              [
                100.359910835,
                -3.226981289
              ],
              [
                100.359975319,
                -3.226888421
              ],
              [
                100.360104328,
                -3.226730586
              ],
              [
                100.3602519,
                -3.226619115
              ],
              [
                100.360371766,
                -3.226544729
              ],
              [
                100.360491621,
                -3.226461131
              ],
              [
                100.360648478,
                -3.226433086
              ],
              [
                100.360759306,
                -3.226460771
              ],
              [
                100.360888646,
                -3.226553313
              ],
              [
                100.361027173,
                -3.226655184
              ],
              [
                100.361184243,
                -3.226729134
              ],
              [
                100.361331949,
                -3.226775326
              ],
              [
                100.36147048,
                -3.22682153
              ],
              [
                100.361553613,
                -3.226895579
              ],
              [
                100.361609044,
                -3.226951172
              ],
              [
                100.36163692,
                -3.227099518
              ],
              [
                100.361637092,
                -3.227229411
              ],
              [
                100.361434205,
                -3.227313124
              ],
              [
                100.361378909,
                -3.227359587
              ],
              [
                100.361194456,
                -3.227508219
              ],
              [
                100.36102837,
                -3.227554834
              ],
              [
                100.360843845,
                -3.227592194
              ],
              [
                100.36072393,
                -3.227629466
              ],
              [
                100.360557882,
                -3.22770385
              ],
              [
                100.360354969,
                -3.227769068
              ]
            ]
          ],
          [
            [
              [
                100.356950128,
                -3.228459958
              ],
              [
                100.356756327,
                -3.228478772
              ],
              [
                100.356599406,
                -3.228460428
              ],
              [
                100.356433123,
                -3.228358656
              ],
              [
                100.356322262,
                -3.22824747
              ],
              [
                100.356248205,
                -3.228099182
              ],
              [
                100.356201731,
                -3.227821032
              ],
              [
                100.356238514,
                -3.227709647
              ],
              [
                100.356385947,
                -3.227551785
              ],
              [
                100.356542819,
                -3.227533019
              ],
              [
                100.356699776,
                -3.227579199
              ],
              [
                100.356801439,
                -3.22767178
              ],
              [
                100.356949217,
                -3.227773641
              ],
              [
                100.357106188,
                -3.227829097
              ],
              [
                100.357226291,
                -3.227875264
              ],
              [
                100.357337201,
                -3.228023561
              ],
              [
                100.357355816,
                -3.228106976
              ],
              [
                100.357291466,
                -3.228301838
              ],
              [
                100.357153058,
                -3.228348412
              ],
              [
                100.356950128,
                -3.228459958
              ]
            ]
          ]
        ]
      }
    }
  ]
}