{
  "type": "FeatureCollection",
  "features": [
    {
      "type": "Feature",
      "properties": {
        "idx": "1964",
        "nama_kewilayahan": "Pergulaan"
      },
      "geometry": {
        "type": "MultiPolygon",
        "coordinates": [
          [
            [
              [
                99.041961496,
                3.437273239
              ],
              [
                99.042406404,
                3.43684201
              ],
              [
                99.042459801,
                3.436803869
              ],
              [
                99.042574224,
                3.436788612
              ],
              [
                99.042711532,
                3.436895407
              ],
              [
                99.042772558,
                3.436971689
              ],
              [
                99.042902237,
                3.437025087
              ],
              [
                99.042940378,
                3.437017458
              ],
              [
                99.042978519,
                3.436971689
              ],
              [
                99.043115827,
                3.436803869
              ],
              [
                99.043184481,
                3.436674189
              ],
              [
                99.043253135,
                3.43658265
              ],
              [
                99.044042655,
                3.435610053
              ],
              [
                99.044324899,
                3.435228643
              ],
              [
                99.044561373,
                3.435022681
              ],
              [
                99.044805476,
                3.434893001
              ],
              [
                99.044988553,
                3.434831976
              ],
              [
                99.045202143,
                3.434740437
              ],
              [
                99.045408105,
                3.434656527
              ],
              [
                99.045476759,
                3.434572617
              ],
              [
                99.045507272,
                3.434442937
              ],
              [
                99.045530156,
                3.434244604
              ],
              [
                99.045583554,
                3.434099667
              ],
              [
                99.045591182,
                3.434000501
              ],
              [
                99.045614067,
                3.433931847
              ],
              [
                99.045675092,
                3.433893706
              ],
              [
                99.045797144,
                3.433855565
              ],
              [
                99.045881054,
                3.433741142
              ],
              [
                99.046117529,
                3.433687744
              ],
              [
                99.046201439,
                3.433657231
              ],
              [
                99.046300606,
                3.433565693
              ],
              [
                99.046426471,
                3.433397872
              ],
              [
                99.046479869,
                3.433329218
              ],
              [
                99.046510381,
                3.433275821
              ],
              [
                99.046624805,
                3.433214795
              ],
              [
                99.046746856,
                3.433130885
              ],
              [
                99.046884164,
                3.433008833
              ],
              [
                99.047013843,
                3.432909666
              ],
              [
                99.047166408,
                3.432795243
              ],
              [
                99.047318972,
                3.432703705
              ],
              [
                99.04741051,
                3.43259691
              ],
              [
                99.047463908,
                3.432543512
              ],
              [
                99.04754019,
                3.432390948
              ],
              [
                99.047639357,
                3.432215499
              ],
              [
                99.04766987,
                3.432116332
              ],
              [
                99.04766987,
                3.432009537
              ],
              [
                99.0476241,
                3.431849345
              ],
              [
                99.047552747,
                3.431787506
              ],
              [
                99.047653391,
                3.431697737
              ],
              [
                99.047708639,
                3.431633281
              ],
              [
                99.047782303,
                3.431541201
              ],
              [
                99.047819135,
                3.431449121
              ],
              [
                99.047819135,
                3.431393873
              ],
              [
                99.047865175,
                3.431255753
              ],
              [
                99.047920423,
                3.431191297
              ],
              [
                99.048012503,
                3.431117633
              ],
              [
                99.048104583,
                3.431053177
              ],
              [
                99.048196663,
                3.430970305
              ],
              [
                99.048251911,
                3.430878225
              ],
              [
                99.048251911,
                3.430850601
              ],
              [
                99.048382255,
                3.430720257
              ],
              [
                99.04840618,
                3.43069794
              ],
              [
                99.048480792,
                3.430629591
              ],
              [
                99.048546567,
                3.430638817
              ],
              [
                99.048629439,
                3.430703273
              ],
              [
                99.048703104,
                3.430730897
              ],
              [
                99.048776768,
                3.430730897
              ],
              [
                99.048960928,
                3.430694065
              ],
              [
                99.049080632,
                3.430684857
              ],
              [
                99.049154296,
                3.430684857
              ],
              [
                99.049200336,
                3.430721689
              ],
              [
                99.049264792,
                3.430749313
              ],
              [
                99.049356872,
                3.430749313
              ],
              [
                99.049448952,
                3.430749313
              ],
              [
                99.04955024,
                3.430694065
              ],
              [
                99.049568656,
                3.430611193
              ],
              [
                99.049568656,
                3.430537529
              ],
              [
                99.049660736,
                3.430509905
              ],
              [
                99.049789648,
                3.430491489
              ],
              [
                99.04982648,
                3.430537529
              ],
              [
                99.049854104,
                3.430666441
              ],
              [
                99.049909352,
                3.430841393
              ],
              [
                99.050038264,
                3.430924265
              ],
              [
                99.050185592,
                3.431007137
              ],
              [
                99.050323712,
                3.431016345
              ],
              [
                99.050480249,
                3.431053177
              ],
              [
                99.050682825,
                3.431007137
              ],
              [
                99.050857777,
                3.430979513
              ],
              [
                99.050968273,
                3.430951889
              ],
              [
                99.051115601,
                3.430878225
              ],
              [
                99.051235305,
                3.430786145
              ],
              [
                99.051318177,
                3.430675649
              ],
              [
                99.051375727,
                3.430638817
              ],
              [
                99.051366519,
                3.430519113
              ],
              [
                99.051302063,
                3.430436241
              ],
              [
                99.051329687,
                3.430353368
              ],
              [
                99.051421767,
                3.430233664
              ],
              [
                99.051449391,
                3.430132376
              ],
              [
                99.051504639,
                3.430040296
              ],
              [
                99.051559887,
                3.430049504
              ],
              [
                99.051642759,
                3.430104752
              ],
              [
                99.051725631,
                3.430141584
              ],
              [
                99.051808503,
                3.430141584
              ],
              [
                99.051928207,
                3.430141584
              ],
              [
                99.052038703,
                3.430077128
              ],
              [
                99.0521492,
                3.430077128
              ],
              [
                99.05247148,
                3.430012672
              ],
              [
                99.052775344,
                3.429911384
              ],
              [
                99.053079208,
                3.429754848
              ],
              [
                99.053217328,
                3.429644352
              ],
              [
                99.053419904,
                3.429441776
              ],
              [
                99.053539608,
                3.429358904
              ],
              [
                99.053686936,
                3.4292392
              ],
              [
                99.053815849,
                3.429165536
              ],
              [
                99.053935553,
                3.429110288
              ],
              [
                99.054046049,
                3.429045832
              ],
              [
                99.054128921,
                3.428981376
              ],
              [
                99.054202585,
                3.428880088
              ],
              [
                99.054239417,
                3.428815632
              ],
              [
                99.054257833,
                3.42873276
              ],
              [
                99.054303873,
                3.428686719
              ],
              [
                99.054386745,
                3.428622263
              ],
              [
                99.054451201,
                3.428567015
              ],
              [
                99.054506449,
                3.428502559
              ],
              [
                99.054552489,
                3.428401271
              ],
              [
                99.054598529,
                3.428318399
              ],
              [
                99.054598529,
                3.428253943
              ],
              [
                99.054598529,
                3.428180279
              ],
              [
                99.054580113,
                3.428088199
              ],
              [
                99.054506449,
                3.428014535
              ],
              [
                99.054359121,
                3.427913247
              ],
              [
                99.054303873,
                3.427894831
              ],
              [
                99.054119713,
                3.427811959
              ],
              [
                99.053981593,
                3.427655423
              ],
              [
                99.053696144,
                3.427038487
              ],
              [
                99.053521192,
                3.426624126
              ],
              [
                99.053360052,
                3.42614531
              ],
              [
                99.053221932,
                3.42582303
              ],
              [
                99.05309302,
                3.425463918
              ],
              [
                99.052927276,
                3.425077181
              ],
              [
                99.052835196,
                3.424828565
              ],
              [
                99.052789156,
                3.424745693
              ],
              [
                99.052651036,
                3.424635197
              ],
              [
                99.052531332,
                3.424607573
              ],
              [
                99.052439252,
                3.424653613
              ],
              [
                99.052337964,
                3.424699653
              ],
              [
                99.052337964,
                3.424727277
              ],
              [
                99.052337964,
                3.424800941
              ],
              [
                99.052393212,
                3.424893021
              ],
              [
                99.052393212,
                3.424985101
              ],
              [
                99.052439252,
                3.425114013
              ],
              [
                99.052558956,
                3.425206093
              ],
              [
                99.05258658,
                3.425270549
              ],
              [
                99.052549748,
                3.425307382
              ],
              [
                99.052485292,
                3.425381046
              ],
              [
                99.052393212,
                3.425445502
              ],
              [
                99.052236676,
                3.42554679
              ],
              [
                99.05212618,
                3.425555998
              ],
              [
                99.051951227,
                3.425555998
              ],
              [
                99.051877563,
                3.425555998
              ],
              [
                99.051822315,
                3.425537582
              ],
              [
                99.051757859,
                3.425436294
              ],
              [
                99.051693403,
                3.425325798
              ],
              [
                99.051702611,
                3.425224509
              ],
              [
                99.051702611,
                3.425123221
              ],
              [
                99.051546075,
                3.424957477
              ],
              [
                99.051380331,
                3.424828565
              ],
              [
                99.051269835,
                3.424764109
              ],
              [
                99.051186963,
                3.424708861
              ],
              [
                99.051122507,
                3.424607573
              ],
              [
                99.051021219,
                3.424515493
              ],
              [
                99.050883099,
                3.424506285
              ],
              [
                99.050791019,
                3.424487869
              ],
              [
                99.050708147,
                3.424414205
              ],
              [
                99.050689731,
                3.424285293
              ],
              [
                99.050689731,
                3.424174797
              ],
              [
                99.050634483,
                3.424082717
              ],
              [
                99.050625275,
                3.424018261
              ],
              [
                99.050537799,
                3.423949201
              ],
              [
                99.050427303,
                3.423939993
              ],
              [
                99.050261558,
                3.423967617
              ],
              [
                99.050031358,
                3.424050489
              ],
              [
                99.049828782,
                3.424114945
              ],
              [
                99.04974591,
                3.424179401
              ],
              [
                99.049644622,
                3.424225441
              ],
              [
                99.04960779,
                3.424289897
              ],
              [
                99.04956175,
                3.424289897
              ],
              [
                99.049497294,
                3.424243857
              ],
              [
                99.049497294,
                3.424160985
              ],
              [
                99.049497294,
                3.424068905
              ],
              [
                99.049460462,
                3.424050489
              ],
              [
                99.049368382,
                3.424050489
              ],
              [
                99.04928551,
                3.424059697
              ],
              [
                99.049221054,
                3.424059697
              ],
              [
                99.049119766,
                3.424059697
              ],
              [
                99.049046102,
                3.424096529
              ],
              [
                99.048834318,
                3.424188609
              ],
              [
                99.048585701,
                3.424354353
              ],
              [
                99.048337085,
                3.424464849
              ],
              [
                99.048051637,
                3.424593761
              ],
              [
                99.047140045,
                3.425054161
              ],
              [
                99.047057173,
                3.425100201
              ],
              [
                99.046974301,
                3.425219905
              ],
              [
                99.046794744,
                3.425358026
              ],
              [
                99.046481672,
                3.425468522
              ],
              [
                99.046279096,
                3.425597434
              ],
              [
                99.045468792,
                3.425965754
              ],
              [
                99.044492743,
                3.42639853
              ],
              [
                99.044345415,
                3.426527442
              ],
              [
                99.043977095,
                3.426877346
              ],
              [
                99.043783727,
                3.427089131
              ],
              [
                99.043654815,
                3.427144379
              ],
              [
                99.043599567,
                3.427162795
              ],
              [
                99.043525903,
                3.427236459
              ],
              [
                99.043470654,
                3.427300915
              ],
              [
                99.04339699,
                3.427448243
              ],
              [
                99.043148374,
                3.427669235
              ],
              [
                99.042921308,
                3.427846979
              ],
              [
                99.042921308,
                3.427833092
              ],
              [
                99.042845026,
                3.42777588
              ],
              [
                99.042799256,
                3.427676713
              ],
              [
                99.042715346,
                3.427615688
              ],
              [
                99.042608551,
                3.427592803
              ],
              [
                99.042524641,
                3.427508893
              ],
              [
                99.042471243,
                3.427424982
              ],
              [
                99.042433102,
                3.427333444
              ],
              [
                99.042379705,
                3.427219021
              ],
              [
                99.042318679,
                3.427165623
              ],
              [
                99.042211884,
                3.427096969
              ],
              [
                99.042135602,
                3.426974918
              ],
              [
                99.042066948,
                3.42683761
              ],
              [
                99.041960153,
                3.426761328
              ],
              [
                99.041868615,
                3.426662161
              ],
              [
                99.041822845,
                3.426486712
              ],
              [
                99.041738935,
                3.42632652
              ],
              [
                99.041731307,
                3.42619684
              ],
              [
                99.041708422,
                3.426097673
              ],
              [
                99.041670281,
                3.426025205
              ],
              [
                99.041609255,
                3.425933667
              ],
              [
                99.041555858,
                3.425903154
              ],
              [
                99.04150246,
                3.425849757
              ],
              [
                99.041487204,
                3.425781103
              ],
              [
                99.041433807,
                3.425704821
              ],
              [
                99.041380409,
                3.42562091
              ],
              [
                99.041304127,
                3.425575141
              ],
              [
                99.041243101,
                3.425498859
              ],
              [
                99.041212588,
                3.425445461
              ],
              [
                99.041092444,
                3.425395878
              ],
              [
                99.041031418,
                3.425434019
              ],
              [
                99.040947508,
                3.425464532
              ],
              [
                99.040749175,
                3.425647609
              ],
              [
                99.040375392,
                3.426036648
              ],
              [
                99.040081706,
                3.426315078
              ],
              [
                99.039875744,
                3.426505783
              ],
              [
                99.039768949,
                3.42660495
              ],
              [
                99.039746065,
                3.42660495
              ],
              [
                99.038662859,
                3.425437833
              ],
              [
                99.038052602,
                3.424781807
              ],
              [
                99.035867119,
                3.422420875
              ],
              [
                99.035729811,
                3.422268311
              ],
              [
                99.035630645,
                3.422184401
              ],
              [
                99.034808705,
                3.421230874
              ],
              [
                99.034419666,
                3.420796066
              ],
              [
                99.033460418,
                3.41969379
              ],
              [
                99.033437534,
                3.419640392
              ],
              [
                99.032689969,
                3.418816545
              ],
              [
                99.032140738,
                3.418267314
              ],
              [
                99.030632259,
                3.416653947
              ],
              [
                99.029482306,
                3.415387664
              ],
              [
                99.029474678,
                3.415349523
              ],
              [
                99.029528075,
                3.41531901
              ],
              [
                99.029955255,
                3.415280869
              ],
              [
                99.029970512,
                3.415166446
              ],
              [
                99.029962883,
                3.414785036
              ],
              [
                99.029871345,
                3.412599553
              ],
              [
                99.029756922,
                3.409494871
              ],
              [
                99.029756922,
                3.408884614
              ],
              [
                99.029755751,
                3.408882876
              ],
              [
                99.029757709,
                3.408882028
              ],
              [
                99.029928317,
                3.408774275
              ],
              [
                99.030224637,
                3.408603666
              ],
              [
                99.03033239,
                3.408513873
              ],
              [
                99.030691566,
                3.408280408
              ],
              [
                99.030799319,
                3.408136738
              ],
              [
                99.031005845,
                3.407966129
              ],
              [
                99.031158494,
                3.407795521
              ],
              [
                99.031239309,
                3.407732665
              ],
              [
                99.03062871,
                3.406726973
              ],
              [
                99.029051651,
                3.407838083
              ],
              [
                99.029047498,
                3.407831921
              ],
              [
                99.028509709,
                3.40817519
              ],
              [
                99.028021503,
                3.408449806
              ],
              [
                99.027861311,
                3.408495575
              ],
              [
                99.027617208,
                3.408609998
              ],
              [
                99.027220541,
                3.408831216
              ],
              [
                99.026831502,
                3.40902955
              ],
              [
                99.026774291,
                3.409037178
              ],
              [
                99.026659868,
                3.409090576
              ],
              [
                99.026568329,
                3.409090576
              ],
              [
                99.026476791,
                3.409090576
              ],
              [
                99.026377624,
                3.409082947
              ],
              [
                99.026286085,
                3.409021922
              ],
              [
                99.02622506,
                3.408938011
              ],
              [
                99.026186919,
                3.408861729
              ],
              [
                99.026133521,
                3.408800704
              ],
              [
                99.026064867,
                3.408754934
              ],
              [
                99.025294418,
                3.409143973
              ],
              [
                99.024856393,
                3.409370176
              ],
              [
                99.02484298,
                3.409321976
              ],
              [
                99.024823224,
                3.409258316
              ],
              [
                99.024818834,
                3.409223194
              ],
              [
                99.024783711,
                3.409179291
              ],
              [
                99.024744199,
                3.409179291
              ],
              [
                99.024700296,
                3.409174901
              ],
              [
                99.024652002,
                3.409174901
              ],
              [
                99.024594929,
                3.409174901
              ],
              [
                99.024542245,
                3.409179291
              ],
              [
                99.024511513,
                3.409179291
              ],
              [
                99.024458829,
                3.409130998
              ],
              [
                99.024436878,
                3.409087095
              ],
              [
                99.024397365,
                3.409043192
              ],
              [
                99.024366633,
                3.40902124
              ],
              [
                99.024291998,
                3.409008069
              ],
              [
                99.024261266,
                3.408964166
              ],
              [
                99.024252485,
                3.408902702
              ],
              [
                99.024239314,
                3.408850018
              ],
              [
                99.024239314,
                3.408779774
              ],
              [
                99.024239314,
                3.408705139
              ],
              [
                99.024239314,
                3.408643674
              ],
              [
                99.024243705,
                3.408533917
              ],
              [
                99.024256876,
                3.408468063
              ],
              [
                99.024252485,
                3.40842855
              ],
              [
                99.024243705,
                3.408345134
              ],
              [
                99.024243705,
                3.408292451
              ],
              [
                99.024230534,
                3.408248548
              ],
              [
                99.024191021,
                3.408165132
              ],
              [
                99.02417785,
                3.408108058
              ],
              [
                99.02417346,
                3.408050984
              ],
              [
                99.02417346,
                3.40798513
              ],
              [
                99.02417785,
                3.407923666
              ],
              [
                99.02417785,
                3.407862201
              ],
              [
                99.024204192,
                3.407800737
              ],
              [
                99.024204192,
                3.407761225
              ],
              [
                99.024204192,
                3.407712931
              ],
              [
                99.024204192,
                3.407655857
              ],
              [
                99.024256876,
                3.407590003
              ],
              [
                99.02431834,
                3.407532929
              ],
              [
                99.02431834,
                3.407449513
              ],
              [
                99.024270046,
                3.40739683
              ],
              [
                99.024252485,
                3.407317804
              ],
              [
                99.024226143,
                3.407260731
              ],
              [
                99.024208582,
                3.407203657
              ],
              [
                99.02416907,
                3.407164144
              ],
              [
                99.024155899,
                3.40710268
              ],
              [
                99.024155899,
                3.407036825
              ],
              [
                99.02418224,
                3.406940239
              ],
              [
                99.024199802,
                3.406852433
              ],
              [
                99.024199802,
                3.406804139
              ],
              [
                99.024217363,
                3.406689992
              ],
              [
                99.024256876,
                3.406628528
              ],
              [
                99.024283217,
                3.406580234
              ],
              [
                99.024287608,
                3.406536331
              ],
              [
                99.024278827,
                3.406501209
              ],
              [
                99.024217363,
                3.406470477
              ],
              [
                99.024129557,
                3.406461696
              ],
              [
                99.024063702,
                3.406426574
              ],
              [
                99.024006629,
                3.406378281
              ],
              [
                99.023967116,
                3.406347548
              ],
              [
                99.023949555,
                3.406268523
              ],
              [
                99.023949555,
                3.406207059
              ],
              [
                99.023997848,
                3.406163156
              ],
              [
                99.024059312,
                3.406123643
              ],
              [
                99.024116386,
                3.406092911
              ],
              [
                99.024155899,
                3.406053398
              ],
              [
                99.02418224,
                3.406013886
              ],
              [
                99.02418224,
                3.405987544
              ],
              [
                99.02418224,
                3.405952422
              ],
              [
                99.024151508,
                3.405882177
              ],
              [
                99.024085654,
                3.40578559
              ],
              [
                99.02402419,
                3.405746078
              ],
              [
                99.023936384,
                3.405728516
              ],
              [
                99.023892481,
                3.405697784
              ],
              [
                99.023831017,
                3.405675833
              ],
              [
                99.023782723,
                3.405623149
              ],
              [
                99.02373882,
                3.405570466
              ],
              [
                99.023664185,
                3.40548705
              ],
              [
                99.023633453,
                3.405390463
              ],
              [
                99.023633453,
                3.405328999
              ],
              [
                99.023633453,
                3.405276316
              ],
              [
                99.023646624,
                3.405210461
              ],
              [
                99.02358077,
                3.405131436
              ],
              [
                99.023523696,
                3.405069972
              ],
              [
                99.023427109,
                3.405004117
              ],
              [
                99.023361255,
                3.404973385
              ],
              [
                99.023264668,
                3.404955824
              ],
              [
                99.023143935,
                3.404947043
              ],
              [
                99.0230693,
                3.404947043
              ],
              [
                99.023016616,
                3.404916311
              ],
              [
                99.022946372,
                3.404841676
              ],
              [
                99.02292442,
                3.404771431
              ],
              [
                99.022867346,
                3.404727528
              ],
              [
                99.022810272,
                3.404630942
              ],
              [
                99.022757589,
                3.404551916
              ],
              [
                99.022682954,
                3.404477281
              ],
              [
                99.02263027,
                3.404398256
              ],
              [
                99.022560025,
                3.404213863
              ],
              [
                99.022542464,
                3.404152399
              ],
              [
                99.022524903,
                3.404104106
              ],
              [
                99.022524903,
                3.404060203
              ],
              [
                99.022529293,
                3.4040163
              ],
              [
                99.022568806,
                3.403972397
              ],
              [
                99.022599538,
                3.403968007
              ],
              [
                99.022656612,
                3.403968007
              ],
              [
                99.022713686,
                3.403972397
              ],
              [
                99.022748808,
                3.403972397
              ],
              [
                99.022814663,
                3.403932884
              ],
              [
                99.022849785,
                3.403893372
              ],
              [
                99.022889298,
                3.403840688
              ],
              [
                99.022937591,
                3.403779224
              ],
              [
                99.022937591,
                3.403739711
              ],
              [
                99.022937591,
                3.40372654
              ],
              [
                99.022915639,
                3.403669466
              ],
              [
                99.022889298,
                3.403612393
              ],
              [
                99.022876127,
                3.403533367
              ],
              [
                99.022849785,
                3.403458732
              ],
              [
                99.022854175,
                3.403392878
              ],
              [
                99.022902469,
                3.403331414
              ],
              [
                99.022937591,
                3.403287511
              ],
              [
                99.022963933,
                3.403252388
              ],
              [
                99.022981494,
                3.403230437
              ],
              [
                99.023003445,
                3.403190924
              ],
              [
                99.023025397,
                3.403151411
              ],
              [
                99.023038568,
                3.403103118
              ],
              [
                99.023038568,
                3.403067996
              ],
              [
                99.023038568,
                3.403019702
              ],
              [
                99.023038568,
                3.402975799
              ],
              [
                99.023021007,
                3.402914335
              ],
              [
                99.023034177,
                3.402870432
              ],
              [
                99.023100032,
                3.40283092
              ],
              [
                99.023139545,
                3.402795797
              ],
              [
                99.023165886,
                3.402751894
              ],
              [
                99.023183448,
                3.40268604
              ],
              [
                99.023135154,
                3.402615795
              ],
              [
                99.023095642,
                3.402580673
              ],
              [
                99.023082471,
                3.402576282
              ],
              [
                99.023051739,
                3.402532379
              ],
              [
                99.023042958,
                3.402479696
              ],
              [
                99.023056129,
                3.402427012
              ],
              [
                99.023056129,
                3.402378719
              ],
              [
                99.023060519,
                3.402330426
              ],
              [
                99.023029787,
                3.402260181
              ],
              [
                99.023016616,
                3.402220668
              ],
              [
                99.023016616,
                3.402176765
              ],
              [
                99.023029787,
                3.402119691
              ],
              [
                99.02307369,
                3.402067008
              ],
              [
                99.023126374,
                3.401992373
              ],
              [
                99.023126374,
                3.401939689
              ],
              [
                99.023126374,
                3.401908957
              ],
              [
                99.023126374,
                3.401878225
              ],
              [
                99.023113203,
                3.40180798
              ],
              [
                99.023095642,
                3.40165871
              ],
              [
                99.023060519,
                3.401527001
              ],
              [
                99.023025397,
                3.401408463
              ],
              [
                99.023016616,
                3.40137334
              ],
              [
                99.023007836,
                3.401316267
              ],
              [
                99.023007836,
                3.401254802
              ],
              [
                99.022999055,
                3.40122407
              ],
              [
                99.022968323,
                3.401184558
              ],
              [
                99.022968323,
                3.401149435
              ],
              [
                99.022963933,
                3.401096752
              ],
              [
                99.022963933,
                3.4010748
              ],
              [
                99.022941981,
                3.400956262
              ],
              [
                99.022941981,
                3.400934311
              ],
              [
                99.022941981,
                3.400872846
              ],
              [
                99.022915639,
                3.400815773
              ],
              [
                99.022893688,
                3.400714796
              ],
              [
                99.022862956,
                3.400657722
              ],
              [
                99.022858566,
                3.40062699
              ],
              [
                99.022867346,
                3.400569916
              ],
              [
                99.022889298,
                3.400517232
              ],
              [
                99.022889298,
                3.400460158
              ],
              [
                99.022854175,
                3.400403085
              ],
              [
                99.022805882,
                3.400302108
              ],
              [
                99.022731247,
                3.400266985
              ],
              [
                99.02263466,
                3.400170399
              ],
              [
                99.022603928,
                3.400126496
              ],
              [
                99.022551245,
                3.400078202
              ],
              [
                99.022533683,
                3.4000343
              ],
              [
                99.022498561,
                3.399990397
              ],
              [
                99.022450268,
                3.399964055
              ],
              [
                99.022406365,
                3.399964055
              ],
              [
                99.022384413,
                3.399968445
              ],
              [
                99.022344901,
                3.399977226
              ],
              [
                99.022309778,
                3.399977226
              ],
              [
                99.022261485,
                3.399968445
              ],
              [
                99.022221972,
                3.399928932
              ],
              [
                99.022217582,
                3.39988942
              ],
              [
                99.022217582,
                3.399832346
              ],
              [
                99.022252704,
                3.399757711
              ],
              [
                99.022292217,
                3.399718198
              ],
              [
                99.02234051,
                3.399647953
              ],
              [
                99.022388804,
                3.399601855
              ],
              [
                99.022432707,
                3.399549172
              ],
              [
                99.022454658,
                3.399505269
              ],
              [
                99.022454658,
                3.399452585
              ],
              [
                99.022423926,
                3.399404292
              ],
              [
                99.022384413,
                3.399360389
              ],
              [
                99.022322949,
                3.399360389
              ],
              [
                99.022279046,
                3.399355998
              ],
              [
                99.022239534,
                3.399342828
              ],
              [
                99.022221972,
                3.399312095
              ],
              [
                99.02219124,
                3.399255022
              ],
              [
                99.022142947,
                3.39923746
              ],
              [
                99.022055141,
                3.399197948
              ],
              [
                99.022015628,
                3.399158435
              ],
              [
                99.021958554,
                3.399132093
              ],
              [
                99.021958554,
                3.399075019
              ],
              [
                99.021962945,
                3.399009165
              ],
              [
                99.022015628,
                3.398965262
              ],
              [
                99.022077092,
                3.398916969
              ],
              [
                99.022099044,
                3.398881846
              ],
              [
                99.022107825,
                3.398815992
              ],
              [
                99.022068312,
                3.398719405
              ],
              [
                99.022033189,
                3.398627209
              ],
              [
                99.022024409,
                3.398583306
              ],
              [
                99.022024409,
                3.398535013
              ],
              [
                99.02203758,
                3.398482329
              ],
              [
                99.022081483,
                3.398447207
              ],
              [
                99.022129776,
                3.398398913
              ],
              [
                99.022147337,
                3.398359401
              ],
              [
                99.022147337,
                3.398328669
              ],
              [
                99.022147337,
                3.398297937
              ],
              [
                99.022094654,
                3.398284766
              ],
              [
                99.022059531,
                3.398284766
              ],
              [
                99.02203758,
                3.398284766
              ],
              [
                99.022015628,
                3.398280375
              ],
              [
                99.022015628,
                3.398262814
              ],
              [
                99.022015628,
                3.398236472
              ],
              [
                99.022011238,
                3.39820574
              ],
              [
                99.021583184,
                3.398425255
              ],
              [
                99.021122203,
                3.398701844
              ],
              [
                99.020770808,
                3.398901401
              ],
              [
                99.020766588,
                3.398903798
              ],
              [
                99.020740247,
                3.398895017
              ],
              [
                99.020713905,
                3.398864285
              ],
              [
                99.020700734,
                3.398837943
              ],
              [
                99.020665612,
                3.398763308
              ],
              [
                99.020630489,
                3.398719405
              ],
              [
                99.020590976,
                3.398688673
              ],
              [
                99.020542683,
                3.398666722
              ],
              [
                99.02049878,
                3.398666722
              ],
              [
                99.020472438,
                3.39864038
              ],
              [
                99.020437316,
                3.398600867
              ],
              [
                99.020389023,
                3.398535013
              ],
              [
                99.020380242,
                3.39849989
              ],
              [
                99.020375852,
                3.398442816
              ],
              [
                99.020375852,
                3.398363791
              ],
              [
                99.020358291,
                3.398293546
              ],
              [
                99.02034951,
                3.398227692
              ],
              [
                99.02034951,
                3.398161837
              ],
              [
                99.020380242,
                3.39805208
              ],
              [
                99.020402194,
                3.397964274
              ],
              [
                99.020415365,
                3.397858907
              ],
              [
                99.020450487,
                3.397784272
              ],
              [
                99.020459268,
                3.397740369
              ],
              [
                99.020459268,
                3.397705246
              ],
              [
                99.020459268,
                3.397626221
              ],
              [
                99.020459268,
                3.397560366
              ],
              [
                99.020454877,
                3.397494512
              ],
              [
                99.020437316,
                3.397419877
              ],
              [
                99.020419755,
                3.397336461
              ],
              [
                99.020415365,
                3.397283778
              ],
              [
                99.020410974,
                3.397204752
              ],
              [
                99.020415365,
                3.397160849
              ],
              [
                99.020432926,
                3.397121337
              ],
              [
                99.020463658,
                3.397077434
              ],
              [
                99.02049439,
                3.39702475
              ],
              [
                99.02049878,
                3.396985237
              ],
              [
                99.020503171,
                3.396941334
              ],
              [
                99.020481219,
                3.396888651
              ],
              [
                99.02049,
                3.396840357
              ],
              [
                99.020511951,
                3.396792064
              ],
              [
                99.020516341,
                3.396756942
              ],
              [
                99.020516341,
                3.396669136
              ],
              [
                99.020507561,
                3.396607672
              ],
              [
                99.020476829,
                3.396559378
              ],
              [
                99.020437316,
                3.396519866
              ],
              [
                99.020402194,
                3.396484743
              ],
              [
                99.020379445,
                3.396462528
              ],
              [
                99.020373421,
                3.396458779
              ],
              [
                99.020368194,
                3.39645181
              ],
              [
                99.020367323,
                3.396441355
              ],
              [
                99.020362681,
                3.396388157
              ],
              [
                99.0203539,
                3.396278399
              ],
              [
                99.020336339,
                3.396155471
              ],
              [
                99.020309997,
                3.396080836
              ],
              [
                99.020270485,
                3.396001811
              ],
              [
                99.020213411,
                3.395914005
              ],
              [
                99.020189264,
                3.395865711
              ],
              [
                99.020149752,
                3.39584815
              ],
              [
                99.020114629,
                3.395808637
              ],
              [
                99.020101458,
                3.395760344
              ],
              [
                99.020092678,
                3.39569449
              ],
              [
                99.020101458,
                3.395650587
              ],
              [
                99.020145361,
                3.395584732
              ],
              [
                99.020193654,
                3.395510097
              ],
              [
                99.020237557,
                3.395435462
              ],
              [
                99.020237557,
                3.395365217
              ],
              [
                99.020206825,
                3.395321314
              ],
              [
                99.020180484,
                3.395268631
              ],
              [
                99.020110239,
                3.395215947
              ],
              [
                99.020066336,
                3.395163264
              ],
              [
                99.019996091,
                3.39511058
              ],
              [
                99.019965359,
                3.395049116
              ],
              [
                99.019859992,
                3.395018384
              ],
              [
                99.019785357,
                3.394952529
              ],
              [
                99.019666819,
                3.394842772
              ],
              [
                99.019640477,
                3.39481643
              ],
              [
                99.019618525,
                3.394776917
              ],
              [
                99.019609745,
                3.394724234
              ],
              [
                99.019609745,
                3.394658379
              ],
              [
                99.019614135,
                3.394605696
              ],
              [
                99.019653648,
                3.394539841
              ],
              [
                99.019728283,
                3.394412523
              ],
              [
                99.019802918,
                3.394342278
              ],
              [
                99.01983365,
                3.394245691
              ],
              [
                99.019846821,
                3.394065689
              ],
              [
                99.01983804,
                3.393986664
              ],
              [
                99.019785357,
                3.393925199
              ],
              [
                99.019728283,
                3.393916419
              ],
              [
                99.01968438,
                3.393920809
              ],
              [
                99.019622916,
                3.393907638
              ],
              [
                99.019587793,
                3.393894467
              ],
              [
                99.019495597,
                3.393894467
              ],
              [
                99.019434133,
                3.393894467
              ],
              [
                99.019355108,
                3.393881296
              ],
              [
                99.019214618,
                3.3937891
              ],
              [
                99.019148763,
                3.39378032
              ],
              [
                99.019122422,
                3.393802271
              ],
              [
                99.01910047,
                3.393819832
              ],
              [
                99.019056567,
                3.393828613
              ],
              [
                99.019030225,
                3.393863735
              ],
              [
                99.018995103,
                3.393942761
              ],
              [
                99.018986322,
                3.394004225
              ],
              [
                99.018968761,
                3.394070079
              ],
              [
                99.018916078,
                3.394206179
              ],
              [
                99.018911687,
                3.394236911
              ],
              [
                99.018889736,
                3.394307155
              ],
              [
                99.018863394,
                3.39436862
              ],
              [
                99.018788759,
                3.394465206
              ],
              [
                99.018749246,
                3.394535451
              ],
              [
                99.018692172,
                3.394583744
              ],
              [
                99.01865266,
                3.394645208
              ],
              [
                99.018643879,
                3.394754966
              ],
              [
                99.018586805,
                3.394908626
              ],
              [
                99.018582415,
                3.394939358
              ],
              [
                99.018564854,
                3.395018384
              ],
              [
                99.018542902,
                3.395044725
              ],
              [
                99.018516561,
                3.39511058
              ],
              [
                99.018516561,
                3.395158873
              ],
              [
                99.018494609,
                3.395224728
              ],
              [
                99.018433145,
                3.395321314
              ],
              [
                99.018310217,
                3.395413511
              ],
              [
                99.018292655,
                3.395444243
              ],
              [
                99.018266314,
                3.395474975
              ],
              [
                99.018270704,
                3.395514487
              ],
              [
                99.018283875,
                3.39555839
              ],
              [
                99.018288265,
                3.395615464
              ],
              [
                99.018283875,
                3.395641806
              ],
              [
                99.018275094,
                3.395690099
              ],
              [
                99.018275094,
                3.395742783
              ],
              [
                99.018305826,
                3.395808637
              ],
              [
                99.018310217,
                3.395865711
              ],
              [
                99.018259728,
                3.395935956
              ],
              [
                99.018220215,
                3.395984249
              ],
              [
                99.018189483,
                3.396006201
              ],
              [
                99.018154361,
                3.396041323
              ],
              [
                99.018079726,
                3.396076446
              ],
              [
                99.018035823,
                3.396089616
              ],
              [
                99.01770216,
                3.396208155
              ],
              [
                99.017588012,
                3.396256448
              ],
              [
                99.017561671,
                3.39628279
              ],
              [
                99.017544109,
                3.396313522
              ],
              [
                99.017535329,
                3.396366205
              ],
              [
                99.017530939,
                3.396405718
              ],
              [
                99.017465084,
                3.396467182
              ],
              [
                99.017416791,
                3.396524256
              ],
              [
                99.017390449,
                3.396554988
              ],
              [
                99.017350936,
                3.396625233
              ],
              [
                99.017311424,
                3.396695478
              ],
              [
                99.017285082,
                3.396774503
              ],
              [
                99.017245569,
                3.39688426
              ],
              [
                99.017197276,
                3.396928163
              ],
              [
                99.017131421,
                3.397002799
              ],
              [
                99.01703264,
                3.39710158
              ],
              [
                99.016988737,
                3.397127922
              ],
              [
                99.016927273,
                3.397127922
              ],
              [
                99.016848247,
                3.397127922
              ],
              [
                99.016782393,
                3.397105971
              ],
              [
                99.01673849,
                3.397088409
              ],
              [
                99.016663855,
                3.397035726
              ],
              [
                99.016611171,
                3.396978652
              ],
              [
                99.016536536,
                3.397000603
              ],
              [
                99.016488243,
                3.397000603
              ],
              [
                99.016439949,
                3.397044506
              ],
              [
                99.016409217,
                3.39709719
              ],
              [
                99.016387266,
                3.397176215
              ],
              [
                99.016374095,
                3.39724207
              ],
              [
                99.016369705,
                3.397307924
              ],
              [
                99.016338973,
                3.397373779
              ],
              [
                99.016277508,
                3.397439633
              ],
              [
                99.016268728,
                3.397461585
              ],
              [
                99.016216044,
                3.397523049
              ],
              [
                99.016180922,
                3.397575732
              ],
              [
                99.016167751,
                3.397628416
              ],
              [
                99.016141409,
                3.397672319
              ],
              [
                99.016123848,
                3.397694271
              ],
              [
                99.016040432,
                3.397738173
              ],
              [
                99.015952626,
                3.397777686
              ],
              [
                99.015917504,
                3.397795247
              ],
              [
                99.015899943,
                3.397843541
              ],
              [
                99.015882382,
                3.397922566
              ],
              [
                99.015873601,
                3.39797525
              ],
              [
                99.015829698,
                3.398032323
              ],
              [
                99.015838479,
                3.398106959
              ],
              [
                99.01586482,
                3.398181594
              ],
              [
                99.015434571,
                3.398589891
              ],
              [
                99.015245788,
                3.398761113
              ],
              [
                99.015083347,
                3.398879651
              ],
              [
                99.01497798,
                3.398998189
              ],
              [
                99.014881394,
                3.399068434
              ],
              [
                99.0148331,
                3.399116727
              ],
              [
                99.01482871,
                3.39915185
              ],
              [
                99.0148331,
                3.399235265
              ],
              [
                99.014855052,
                3.3993099
              ],
              [
                99.014855052,
                3.399362584
              ],
              [
                99.014859442,
                3.399406487
              ],
              [
                99.014859442,
                3.39945039
              ],
              [
                99.014850661,
                3.399494293
              ],
              [
                99.014846271,
                3.399542586
              ],
              [
                99.014868223,
                3.399617221
              ],
              [
                99.014885784,
                3.399705027
              ],
              [
                99.014881394,
                3.39974015
              ],
              [
                99.014863832,
                3.399797223
              ],
              [
                99.014859442,
                3.399845517
              ],
              [
                99.014877003,
                3.3998982
              ],
              [
                99.014894564,
                3.399928932
              ],
              [
                99.014907735,
                3.399994787
              ],
              [
                99.014898955,
                3.40004747
              ],
              [
                99.014881394,
                3.400082593
              ],
              [
                99.014850661,
                3.400113325
              ],
              [
                99.014771636,
                3.40018357
              ],
              [
                99.014710172,
                3.400240644
              ],
              [
                99.01468822,
                3.400280156
              ],
              [
                99.014639927,
                3.400324059
              ],
              [
                99.014591634,
                3.400372352
              ],
              [
                99.014484072,
                3.400490891
              ],
              [
                99.014431388,
                3.400512842
              ],
              [
                99.014383095,
                3.400512842
              ],
              [
                99.014295289,
                3.400504061
              ],
              [
                99.014203092,
                3.400504061
              ],
              [
                99.014137238,
                3.400508452
              ],
              [
                99.014031871,
                3.400547964
              ],
              [
                99.013926504,
                3.400609429
              ],
              [
                99.013904552,
                3.400613819
              ],
              [
                99.01386943,
                3.40063138
              ],
              [
                99.013794795,
                3.400644551
              ],
              [
                99.013689428,
                3.400662112
              ],
              [
                99.013649915,
                3.400688454
              ],
              [
                99.01357967,
                3.400758699
              ],
              [
                99.013421619,
                3.400785041
              ],
              [
                99.01328552,
                3.400824553
              ],
              [
                99.013011126,
                3.400879432
              ],
              [
                99.012607219,
                3.401265778
              ],
              [
                99.012190141,
                3.40173115
              ],
              [
                99.011645744,
                3.402275547
              ],
              [
                99.01159745,
                3.40232823
              ],
              [
                99.01159745,
                3.402367743
              ],
              [
                99.011623792,
                3.402389695
              ],
              [
                99.011672085,
                3.402389695
              ],
              [
                99.011711598,
                3.402372133
              ],
              [
                99.011768672,
                3.402293108
              ],
              [
                99.011830136,
                3.402236034
              ],
              [
                99.01188282,
                3.402266766
              ],
              [
                99.011935503,
                3.402279937
              ],
              [
                99.011988187,
                3.402301889
              ],
              [
                99.012054041,
                3.402297498
              ],
              [
                99.012097944,
                3.402231644
              ],
              [
                99.012159409,
                3.402187741
              ],
              [
                99.012269166,
                3.402165789
              ],
              [
                99.012361362,
                3.402126277
              ],
              [
                99.012418436,
                3.402126277
              ],
              [
                99.012462339,
                3.402139448
              ],
              [
                99.012462339,
                3.402187741
              ],
              [
                99.012409656,
                3.402236034
              ],
              [
                99.012352582,
                3.402284327
              ],
              [
                99.012304288,
                3.402350182
              ],
              [
                99.012238434,
                3.402446768
              ],
              [
                99.012093554,
                3.402538965
              ],
              [
                99.011953065,
                3.402631161
              ],
              [
                99.011880625,
                3.402699211
              ],
              [
                99.011871844,
                3.402760675
              ],
              [
                99.011788428,
                3.4028397
              ],
              [
                99.011678671,
                3.402936287
              ],
              [
                99.011656719,
                3.402945067
              ],
              [
                99.011590865,
                3.402962628
              ],
              [
                99.011533791,
                3.402967019
              ],
              [
                99.011445985,
                3.402940677
              ],
              [
                99.010941101,
                3.40312507
              ],
              [
                99.010616219,
                3.403291901
              ],
              [
                99.010567925,
                3.403296291
              ],
              [
                99.010471339,
                3.403335804
              ],
              [
                99.010383533,
                3.403353365
              ],
              [
                99.010273775,
                3.403392878
              ],
              [
                99.010174994,
                3.403388487
              ],
              [
                99.010087188,
                3.403379707
              ],
              [
                99.009951089,
                3.403348975
              ],
              [
                99.009894015,
                3.403344584
              ],
              [
                99.00982377,
                3.403318243
              ],
              [
                99.009749135,
                3.403291901
              ],
              [
                99.009700842,
                3.403291901
              ],
              [
                99.009639377,
                3.403300681
              ],
              [
                99.009586694,
                3.403335804
              ],
              [
                99.009555962,
                3.403353365
              ],
              [
                99.009516449,
                3.403362146
              ],
              [
                99.009476936,
                3.403366536
              ],
              [
                99.009428643,
                3.403366536
              ],
              [
                99.009393521,
                3.403379707
              ],
              [
                99.009340837,
                3.403388487
              ],
              [
                99.008315702,
                3.402448964
              ],
              [
                99.007591303,
                3.401794809
              ],
              [
                99.00717203,
                3.402203107
              ],
              [
                99.007084224,
                3.402295303
              ],
              [
                99.007040321,
                3.402334816
              ],
              [
                99.006996418,
                3.402365548
              ],
              [
                99.006943734,
                3.402369938
              ],
              [
                99.006864709,
                3.402369938
              ],
              [
                99.006803245,
                3.402369938
              ],
              [
                99.006759342,
                3.402339206
              ],
              [
                99.006693487,
                3.402295303
              ],
              [
                99.006649584,
                3.402260181
              ],
              [
                99.00659251,
                3.402203107
              ],
              [
                99.006526656,
                3.402146033
              ],
              [
                99.006482753,
                3.40210213
              ],
              [
                99.006430069,
                3.40209774
              ],
              [
                99.006307141,
                3.40209774
              ],
              [
                99.006210554,
                3.40210213
              ],
              [
                99.006131529,
                3.40210213
              ],
              [
                99.006061284,
                3.402062617
              ],
              [
                99.005982259,
                3.402031885
              ],
              [
                99.005885672,
                3.402005543
              ],
              [
                99.005771525,
                3.402005543
              ],
              [
                99.00548835,
                3.401996763
              ],
              [
                99.005277616,
                3.401987982
              ],
              [
                99.005172249,
                3.401979202
              ],
              [
                99.005062491,
                3.401966031
              ],
              [
                99.004987856,
                3.40194847
              ],
              [
                99.004864928,
                3.401913347
              ],
              [
                99.004768341,
                3.401882615
              ],
              [
                99.004733219,
                3.401865054
              ],
              [
                99.004684926,
                3.401825541
              ],
              [
                99.004623462,
                3.40180359
              ],
              [
                99.004579559,
                3.401794809
              ],
              [
                99.004496143,
                3.401786029
              ],
              [
                99.003874916,
                3.40246872
              ],
              [
                99.003005637,
                3.402644332
              ],
              [
                99.001541472,
                3.401256998
              ],
              [
                99.000046576,
                3.399843322
              ],
              [
                98.997437641,
                3.402635551
              ],
              [
                98.99639714,
                3.403684833
              ],
              [
                98.995377493,
                3.404810944
              ],
              [
                98.994042843,
                3.40615657
              ],
              [
                98.997382762,
                3.409275877
              ],
              [
                98.999097174,
                3.41093102
              ],
              [
                99.000767682,
                3.412456649
              ],
              [
                99.000946282,
                3.412267259
              ],
              [
                99.001098313,
                3.412106041
              ],
              [
                99.001821354,
                3.411339318
              ],
              [
                99.002521606,
                3.411150535
              ],
              [
                99.002758682,
                3.411308586
              ],
              [
                99.003851867,
                3.411036387
              ],
              [
                99.003939673,
                3.411040777
              ],
              [
                99.004405235,
                3.410369013
              ],
              [
                99.004757366,
                3.410693944
              ],
              [
                99.00481883,
                3.410772969
              ],
              [
                99.004915416,
                3.410882727
              ],
              [
                99.005042735,
                3.411018826
              ],
              [
                99.005130541,
                3.411115412
              ],
              [
                99.005389569,
                3.411365659
              ],
              [
                99.005459813,
                3.411440294
              ],
              [
                99.005525668,
                3.411466636
              ],
              [
                99.005595913,
                3.411409562
              ],
              [
                99.005753963,
                3.411269073
              ],
              [
                99.005982259,
                3.411014436
              ],
              [
                99.006122748,
                3.410856385
              ],
              [
                99.006201774,
                3.41078614
              ],
              [
                99.00629397,
                3.410680773
              ],
              [
                99.006377386,
                3.410575406
              ],
              [
                99.006456411,
                3.41049638
              ],
              [
                99.006522266,
                3.410426136
              ],
              [
                99.006601291,
                3.41033833
              ],
              [
                99.006653975,
                3.410246133
              ],
              [
                99.006697878,
                3.410149547
              ],
              [
                99.006724219,
                3.410088083
              ],
              [
                99.006787879,
                3.410011252
              ],
              [
                99.007209347,
                3.409330756
              ],
              [
                99.007525449,
                3.408821482
              ],
              [
                99.007555313,
                3.408771707
              ],
              [
                99.007609962,
                3.408819286
              ],
              [
                99.007794355,
                3.408981727
              ],
              [
                99.008242165,
                3.409332951
              ],
              [
                99.008514363,
                3.409521734
              ],
              [
                99.008874368,
                3.409802713
              ],
              [
                99.009010467,
                3.409842226
              ],
              [
                99.009164128,
                3.409846616
              ],
              [
                99.009243153,
                3.409859787
              ],
              [
                99.009326569,
                3.409890519
              ],
              [
                99.009401204,
                3.409947593
              ],
              [
                99.009560352,
                3.410050765
              ],
              [
                99.009709622,
                3.410164913
              ],
              [
                99.009854502,
                3.410279061
              ],
              [
                99.00997304,
                3.410375647
              ],
              [
                99.010144262,
                3.410520527
              ],
              [
                99.010552559,
                3.410063936
              ],
              [
                99.010895003,
                3.409743444
              ],
              [
                99.011136469,
                3.409510758
              ],
              [
                99.011219885,
                3.409484417
              ],
              [
                99.011248422,
                3.409477831
              ],
              [
                99.011309886,
                3.409425148
              ],
              [
                99.011441595,
                3.409359293
              ],
              [
                99.01166111,
                3.409223194
              ],
              [
                99.011823551,
                3.409082704
              ],
              [
                99.012073798,
                3.40886758
              ],
              [
                99.012227458,
                3.408696358
              ],
              [
                99.012385509,
                3.408569039
              ],
              [
                99.012482096,
                3.408472453
              ],
              [
                99.012591853,
                3.408375866
              ],
              [
                99.012662098,
                3.408292451
              ],
              [
                99.012736733,
                3.408204645
              ],
              [
                99.012815758,
                3.408121229
              ],
              [
                99.0128421,
                3.408042204
              ],
              [
                99.012864051,
                3.407980739
              ],
              [
                99.012877222,
                3.407892933
              ],
              [
                99.012886003,
                3.407778786
              ],
              [
                99.012907954,
                3.407704151
              ],
              [
                99.012973809,
                3.407620735
              ],
              [
                99.013109908,
                3.407471465
              ],
              [
                99.013731135,
                3.406832676
              ],
              [
                99.014354558,
                3.406187303
              ],
              [
                99.01500981,
                3.40549144
              ],
              [
                99.015865918,
                3.40460899
              ],
              [
                99.015905431,
                3.404582649
              ],
              [
                99.016523365,
                3.403941665
              ],
              [
                99.016826296,
                3.403603612
              ],
              [
                99.017449718,
                3.402975799
              ],
              [
                99.017541914,
                3.402861652
              ],
              [
                99.017672431,
                3.402711175
              ],
              [
                99.017829479,
                3.402530184
              ],
              [
                99.017934846,
                3.402398475
              ],
              [
                99.018022652,
                3.402301889
              ],
              [
                99.018167532,
                3.402196521
              ],
              [
                99.018299241,
                3.402042861
              ],
              [
                99.018531927,
                3.401810175
              ],
              [
                99.019012664,
                3.401338218
              ],
              [
                99.019341937,
                3.401022117
              ],
              [
                99.019968652,
                3.400376743
              ],
              [
                99.02068427,
                3.399713808
              ],
              [
                99.021028531,
                3.399467753
              ],
              [
                99.021034397,
                3.399463561
              ],
              [
                99.021060738,
                3.399503073
              ],
              [
                99.021056348,
                3.399573318
              ],
              [
                99.021012445,
                3.399626002
              ],
              [
                99.020902688,
                3.399718198
              ],
              [
                99.020850004,
                3.399823565
              ],
              [
                99.020850004,
                3.399841126
              ],
              [
                99.02078415,
                3.399946494
              ],
              [
                99.020749027,
                3.400078202
              ],
              [
                99.020735856,
                3.400201131
              ],
              [
                99.020757808,
                3.400302108
              ],
              [
                99.02078415,
                3.400425036
              ],
              [
                99.020819272,
                3.400539184
              ],
              [
                99.020889517,
                3.400591867
              ],
              [
                99.020959762,
                3.400596258
              ],
              [
                99.021051958,
                3.400565526
              ],
              [
                99.021126593,
                3.400490891
              ],
              [
                99.021201228,
                3.400442597
              ],
              [
                99.021315376,
                3.400433817
              ],
              [
                99.021390011,
                3.400403085
              ],
              [
                99.021469036,
                3.400403085
              ],
              [
                99.021543671,
                3.400429426
              ],
              [
                99.021627087,
                3.400464549
              ],
              [
                99.021714893,
                3.400473329
              ],
              [
                99.021793918,
                3.400442597
              ],
              [
                99.021855382,
                3.400446988
              ],
              [
                99.021921237,
                3.40047772
              ],
              [
                99.021930017,
                3.400561135
              ],
              [
                99.021938798,
                3.400622599
              ],
              [
                99.021930017,
                3.400684064
              ],
              [
                99.021916847,
                3.400763089
              ],
              [
                99.021872944,
                3.400886017
              ],
              [
                99.021807089,
                3.400982604
              ],
              [
                99.021771967,
                3.401079191
              ],
              [
                99.021776357,
                3.401166996
              ],
              [
                99.021798309,
                3.401237241
              ],
              [
                99.021859773,
                3.401250412
              ],
              [
                99.021930017,
                3.401246022
              ],
              [
                99.022013433,
                3.401250412
              ],
              [
                99.022088068,
                3.401281144
              ],
              [
                99.022105629,
                3.401338218
              ],
              [
                99.022140752,
                3.401399682
              ],
              [
                99.022175874,
                3.401483098
              ],
              [
                99.022246119,
                3.401544562
              ],
              [
                99.022298803,
                3.401566514
              ],
              [
                99.022338315,
                3.401649929
              ],
              [
                99.022320754,
                3.401715784
              ],
              [
                99.022250509,
                3.401790419
              ],
              [
                99.022184655,
                3.40180798
              ],
              [
                99.022101239,
                3.401816761
              ],
              [
                99.022030994,
                3.401851883
              ],
              [
                99.021995872,
                3.401922128
              ],
              [
                99.021947579,
                3.402001153
              ],
              [
                99.021864163,
                3.402110911
              ],
              [
                99.021802699,
                3.402220668
              ],
              [
                99.021741235,
                3.402308474
              ],
              [
                99.021723673,
                3.402339206
              ],
              [
                99.021723673,
                3.40239189
              ],
              [
                99.021745625,
                3.402466525
              ],
              [
                99.021741235,
                3.402532379
              ],
              [
                99.021723673,
                3.402602624
              ],
              [
                99.021754406,
                3.402699211
              ],
              [
                99.021846602,
                3.402756284
              ],
              [
                99.021934408,
                3.402817749
              ],
              [
                99.022092459,
                3.402870432
              ],
              [
                99.022180264,
                3.402892384
              ],
              [
                99.022364657,
                3.402909945
              ],
              [
                99.022496366,
                3.402918725
              ],
              [
                99.022645636,
                3.402923116
              ],
              [
                99.022799297,
                3.40291653
              ],
              [
                99.022895883,
                3.40291653
              ],
              [
                99.022939786,
                3.402969214
              ],
              [
                99.022952957,
                3.403035068
              ],
              [
                99.022948567,
                3.403122874
              ],
              [
                99.022944176,
                3.4032019
              ],
              [
                99.022887102,
                3.403258974
              ],
              [
                99.022821248,
                3.403294096
              ],
              [
                99.022746613,
                3.403342389
              ],
              [
                99.022601733,
                3.403399463
              ],
              [
                99.022505147,
                3.403417024
              ],
              [
                99.02240417,
                3.403443366
              ],
              [
                99.022311973,
                3.403460927
              ],
              [
                99.022193435,
                3.403478489
              ],
              [
                99.022066117,
                3.403531172
              ],
              [
                99.021987091,
                3.403561904
              ],
              [
                99.021908066,
                3.403601417
              ],
              [
                99.022463439,
                3.404369719
              ],
              [
                99.022876127,
                3.404870213
              ],
              [
                99.022999055,
                3.404988751
              ],
              [
                99.02307808,
                3.405015093
              ],
              [
                99.023179057,
                3.405028264
              ],
              [
                99.023262473,
                3.405028264
              ],
              [
                99.023337108,
                3.405041435
              ],
              [
                99.023438085,
                3.405085338
              ],
              [
                99.023495159,
                3.405142412
              ],
              [
                99.023547842,
                3.405225827
              ],
              [
                99.023552233,
                3.405282901
              ],
              [
                99.023552233,
                3.405361926
              ],
              [
                99.023552233,
                3.405423391
              ],
              [
                99.023565404,
                3.405493635
              ],
              [
                99.023574184,
                3.405550709
              ],
              [
                99.023670771,
                3.405577051
              ],
              [
                99.023683942,
                3.405594612
              ],
              [
                99.023745406,
                3.405656076
              ],
              [
                99.023767357,
                3.405686809
              ],
              [
                99.023736625,
                3.405721931
              ],
              [
                99.023679551,
                3.405757053
              ],
              [
                99.023613697,
                3.405792176
              ],
              [
                99.023569794,
                3.405866811
              ],
              [
                99.023547842,
                3.405915104
              ],
              [
                99.023556623,
                3.40600291
              ],
              [
                99.023556623,
                3.406086326
              ],
              [
                99.023561013,
                3.40615657
              ],
              [
                99.023561013,
                3.406283889
              ],
              [
                99.023556623,
                3.406345353
              ],
              [
                99.023556623,
                3.406406817
              ],
              [
                99.023547842,
                3.406472672
              ],
              [
                99.023525891,
                3.406599991
              ],
              [
                99.023525891,
                3.406753651
              ],
              [
                99.023569794,
                3.406837067
              ],
              [
                99.02366199,
                3.406898531
              ],
              [
                99.023688332,
                3.406955605
              ],
              [
                99.023710283,
                3.407052191
              ],
              [
                99.023754186,
                3.407188291
              ],
              [
                99.02380248,
                3.407346341
              ],
              [
                99.023828821,
                3.407486831
              ],
              [
                99.023850773,
                3.407605369
              ],
              [
                99.023903457,
                3.407710736
              ],
              [
                99.023971506,
                3.407899519
              ],
              [
                99.02403297,
                3.407960983
              ],
              [
                99.024103215,
                3.408000496
              ],
              [
                99.024116386,
                3.40806196
              ],
              [
                99.024133947,
                3.408114644
              ],
              [
                99.024142728,
                3.408158547
              ],
              [
                99.024155899,
                3.408228791
              ],
              [
                99.02417785,
                3.408255133
              ],
              [
                99.024195411,
                3.408312207
              ],
              [
                99.024204192,
                3.408378061
              ],
              [
                99.024208582,
                3.408430745
              ],
              [
                99.024212973,
                3.408492209
              ],
              [
                99.02417785,
                3.408623918
              ],
              [
                99.02416907,
                3.408667821
              ],
              [
                99.024116386,
                3.408738066
              ],
              [
                99.024116386,
                3.408790749
              ],
              [
                99.024116386,
                3.408839043
              ],
              [
                99.024138338,
                3.408922458
              ],
              [
                99.02416907,
                3.408975142
              ],
              [
                99.024217363,
                3.409036606
              ],
              [
                99.024296388,
                3.409106851
              ],
              [
                99.024344682,
                3.409168315
              ],
              [
                99.024379804,
                3.409220999
              ],
              [
                99.024401755,
                3.409295634
              ],
              [
                99.024401755,
                3.409326366
              ],
              [
                99.024428097,
                3.40939222
              ],
              [
                99.024551026,
                3.409436123
              ],
              [
                99.024630051,
                3.409475636
              ],
              [
                99.024687125,
                3.409475636
              ],
              [
                99.024739808,
                3.409444904
              ],
              [
                99.024801273,
                3.409414172
              ],
              [
                99.024827614,
                3.409414172
              ],
              [
                99.02491103,
                3.409471246
              ],
              [
                99.02491542,
                3.4095371
              ],
              [
                99.02491542,
                3.409607345
              ],
              [
                99.024893469,
                3.409673199
              ],
              [
                99.024889079,
                3.409699541
              ],
              [
                99.024871517,
                3.409752225
              ],
              [
                99.024871517,
                3.40983125
              ],
              [
                99.024871517,
                3.409866373
              ],
              [
                99.024858346,
                3.409932227
              ],
              [
                99.024836395,
                3.409989301
              ],
              [
                99.024818834,
                3.410011252
              ],
              [
                99.02477054,
                3.410046375
              ],
              [
                99.024691515,
                3.410112229
              ],
              [
                99.024625661,
                3.410138571
              ],
              [
                99.024542245,
                3.410221987
              ],
              [
                99.024450049,
                3.410287841
              ],
              [
                99.024392975,
                3.410322964
              ],
              [
                99.024357852,
                3.410362476
              ],
              [
                99.024353462,
                3.41041516
              ],
              [
                99.024353462,
                3.410463453
              ],
              [
                99.024384194,
                3.410502966
              ],
              [
                99.024384194,
                3.41056443
              ],
              [
                99.024371023,
                3.410599552
              ],
              [
                99.024344682,
                3.410656626
              ],
              [
                99.024265656,
                3.410691749
              ],
              [
                99.024230534,
                3.41070931
              ],
              [
                99.024186631,
                3.410757603
              ],
              [
                99.024125167,
                3.410779555
              ],
              [
                99.024068093,
                3.410819067
              ],
              [
                99.024015409,
                3.410867361
              ],
              [
                99.024002238,
                3.410924434
              ],
              [
                99.023980287,
                3.410990289
              ],
              [
                99.023967116,
                3.411100046
              ],
              [
                99.023984677,
                3.411209804
              ],
              [
                99.024006629,
                3.411315171
              ],
              [
                99.024068093,
                3.411464441
              ],
              [
                99.024090044,
                3.411530296
              ],
              [
                99.02417346,
                3.411648834
              ],
              [
                99.024208582,
                3.411719078
              ],
              [
                99.024204192,
                3.411806884
              ],
              [
                99.024217363,
                3.411872739
              ],
              [
                99.024278827,
                3.411916642
              ],
              [
                99.02432712,
                3.411934203
              ],
              [
                99.024362243,
                3.411969325
              ],
              [
                99.024375414,
                3.412008838
              ],
              [
                99.024366633,
                3.412065912
              ],
              [
                99.024371023,
                3.412109815
              ],
              [
                99.024375414,
                3.412175669
              ],
              [
                99.024419317,
                3.412206402
              ],
              [
                99.024454439,
                3.412223963
              ],
              [
                99.024511513,
                3.412228353
              ],
              [
                99.024555416,
                3.412219572
              ],
              [
                99.024599319,
                3.41218884
              ],
              [
                99.024630051,
                3.412166889
              ],
              [
                99.024687125,
                3.412166889
              ],
              [
                99.024731028,
                3.412171279
              ],
              [
                99.024792492,
                3.412175669
              ],
              [
                99.024823224,
                3.412175669
              ],
              [
                99.024889079,
                3.412175669
              ],
              [
                99.024937372,
                3.412175669
              ],
              [
                99.024994446,
                3.412175669
              ],
              [
                99.0250603,
                3.412158108
              ],
              [
                99.025095423,
                3.412109815
              ],
              [
                99.025104203,
                3.412061522
              ],
              [
                99.025099813,
                3.412017619
              ],
              [
                99.025099813,
                3.411982496
              ],
              [
                99.025143716,
                3.411951764
              ],
              [
                99.025183229,
                3.411964935
              ],
              [
                99.025253473,
                3.41203957
              ],
              [
                99.025288596,
                3.412065912
              ],
              [
                99.025314937,
                3.412087863
              ],
              [
                99.025336889,
                3.412136157
              ],
              [
                99.025393963,
                3.41218445
              ],
              [
                99.025459817,
                3.412250305
              ],
              [
                99.02550372,
                3.412281037
              ],
              [
                99.025530062,
                3.412355672
              ],
              [
                99.025530062,
                3.412395184
              ],
              [
                99.025543233,
                3.412522503
              ],
              [
                99.025552014,
                3.412601528
              ],
              [
                99.025582746,
                3.412715676
              ],
              [
                99.025613478,
                3.412794702
              ],
              [
                99.025613478,
                3.412886898
              ],
              [
                99.02563982,
                3.412939581
              ],
              [
                99.025683723,
                3.413014216
              ],
              [
                99.025723235,
                3.41307129
              ],
              [
                99.025775919,
                3.413093242
              ],
              [
                99.025828602,
                3.413093242
              ],
              [
                99.025894457,
                3.413080071
              ],
              [
                99.02593836,
                3.41306251
              ],
              [
                99.026026166,
                3.413040558
              ],
              [
                99.026100801,
                3.412979094
              ],
              [
                99.026149094,
                3.412979094
              ],
              [
                99.026162265,
                3.413014216
              ],
              [
                99.026157875,
                3.413123974
              ],
              [
                99.026140314,
                3.413233731
              ],
              [
                99.026135923,
                3.413277634
              ],
              [
                99.026127143,
                3.413343489
              ],
              [
                99.026127143,
                3.413426904
              ],
              [
                99.026127143,
                3.413453246
              ],
              [
                99.026140314,
                3.413519101
              ],
              [
                99.026140314,
                3.413549833
              ],
              [
                99.026122752,
                3.413571784
              ],
              [
                99.026065678,
                3.413589345
              ],
              [
                99.025969092,
                3.413589345
              ],
              [
                99.025859334,
                3.413602516
              ],
              [
                99.025723235,
                3.413637639
              ],
              [
                99.0256486,
                3.413668371
              ],
              [
                99.025573965,
                3.413716664
              ],
              [
                99.025534452,
                3.413764957
              ],
              [
                99.025459817,
                3.413822031
              ],
              [
                99.025407134,
                3.413887886
              ],
              [
                99.025407134,
                3.413936179
              ],
              [
                99.025424695,
                3.413997643
              ],
              [
                99.025486159,
                3.414023985
              ],
              [
                99.025534452,
                3.414050327
              ],
              [
                99.025587136,
                3.414081059
              ],
              [
                99.025591526,
                3.414120572
              ],
              [
                99.025591526,
                3.414155694
              ],
              [
                99.025591526,
                3.414186426
              ],
              [
                99.025600307,
                3.41423911
              ],
              [
                99.02563982,
                3.414261061
              ],
              [
                99.025692503,
                3.414261061
              ],
              [
                99.025753967,
                3.414265451
              ],
              [
                99.02578909,
                3.414265451
              ],
              [
                99.025815431,
                3.414313745
              ],
              [
                99.025815431,
                3.414344477
              ],
              [
                99.025815431,
                3.41439277
              ],
              [
                99.025815431,
                3.414427892
              ],
              [
                99.025819822,
                3.414493747
              ],
              [
                99.025837383,
                3.41453765
              ],
              [
                99.025868115,
                3.414651798
              ],
              [
                99.025885676,
                3.414730823
              ],
              [
                99.025885676,
                3.414770336
              ],
              [
                99.025903237,
                3.414875703
              ],
              [
                99.025903237,
                3.414954728
              ],
              [
                99.025881286,
                3.415046925
              ],
              [
                99.025863725,
                3.415156682
              ],
              [
                99.025863725,
                3.415218146
              ],
              [
                99.025863725,
                3.415284001
              ],
              [
                99.025912018,
                3.415354245
              ],
              [
                99.025960311,
                3.41541571
              ],
              [
                99.026039337,
                3.415442051
              ],
              [
                99.026074459,
                3.415516686
              ],
              [
                99.026074459,
                3.415556199
              ],
              [
                99.026021775,
                3.415604492
              ],
              [
                99.026017385,
                3.415665957
              ],
              [
                99.025995434,
                3.41572303
              ],
              [
                99.025969092,
                3.415771324
              ],
              [
                99.025951531,
                3.415806446
              ],
              [
                99.025920799,
                3.415841569
              ],
              [
                99.025832993,
                3.415889862
              ],
              [
                99.025762748,
                3.415911813
              ],
              [
                99.025701284,
                3.415973277
              ],
              [
                99.025683723,
                3.4160084
              ],
              [
                99.02565299,
                3.416056693
              ],
              [
                99.025635429,
                3.416126938
              ],
              [
                99.025635429,
                3.416192792
              ],
              [
                99.02563982,
                3.416267427
              ],
              [
                99.02565299,
                3.416342063
              ],
              [
                99.025670552,
                3.416403527
              ],
              [
                99.025710064,
                3.41645182
              ],
              [
                99.025771528,
                3.416460601
              ],
              [
                99.025806651,
                3.416478162
              ],
              [
                99.025841773,
                3.416513284
              ],
              [
                99.025859334,
                3.416552797
              ],
              [
                99.025894457,
                3.41660109
              ],
              [
                99.025964702,
                3.416618651
              ],
              [
                99.026026166,
                3.416618651
              ],
              [
                99.026078849,
                3.416618651
              ],
              [
                99.026153484,
                3.416618651
              ],
              [
                99.026192997,
                3.416631822
              ],
              [
                99.026223729,
                3.416675725
              ],
              [
                99.026263242,
                3.416728409
              ],
              [
                99.026311535,
                3.416796458
              ],
              [
                99.026351048,
                3.416844752
              ],
              [
                99.026351048,
                3.416884264
              ],
              [
                99.026337877,
                3.416910606
              ],
              [
                99.026320316,
                3.416941338
              ],
              [
                99.026298364,
                3.416985241
              ],
              [
                99.02624129,
                3.417055486
              ],
              [
                99.02622812,
                3.417103779
              ],
              [
                99.02622812,
                3.417156463
              ],
              [
                99.026223729,
                3.417187195
              ],
              [
                99.026149094,
                3.417213537
              ],
              [
                99.026061288,
                3.417244269
              ],
              [
                99.026008605,
                3.41725744
              ],
              [
                99.025960311,
                3.417283782
              ],
              [
                99.02594275,
                3.417349636
              ],
              [
                99.02593836,
                3.4174111
              ],
              [
                99.025929579,
                3.417455003
              ],
              [
                99.025890067,
                3.417512077
              ],
              [
                99.025837383,
                3.41755159
              ],
              [
                99.025771528,
                3.417573541
              ],
              [
                99.025718845,
                3.417591102
              ],
              [
                99.02565299,
                3.417613054
              ],
              [
                99.025569575,
                3.417652567
              ],
              [
                99.025556404,
                3.417692079
              ],
              [
                99.025516891,
                3.417727202
              ],
              [
                99.02549933,
                3.417779885
              ],
              [
                99.02549933,
                3.417841349
              ],
              [
                99.02550372,
                3.417929155
              ],
              [
                99.025521281,
                3.417981839
              ],
              [
                99.025547623,
                3.418021352
              ],
              [
                99.025569575,
                3.418043303
              ],
              [
                99.025582746,
                3.418078426
              ],
              [
                99.025617868,
                3.418135499
              ],
              [
                99.025631039,
                3.418155256
              ],
              [
                99.02565299,
                3.418238671
              ],
              [
                99.025670552,
                3.418304526
              ],
              [
                99.025661771,
                3.418387942
              ],
              [
                99.02565299,
                3.418440625
              ],
              [
                99.025604697,
                3.418502089
              ],
              [
                99.025578355,
                3.418541602
              ],
              [
                99.025556404,
                3.418550383
              ],
              [
                99.025508111,
                3.418550383
              ],
              [
                99.025442256,
                3.418550383
              ],
              [
                99.025411524,
                3.418545992
              ],
              [
                99.025407134,
                3.41850648
              ],
              [
                99.025424695,
                3.418462577
              ],
              [
                99.025424695,
                3.418423064
              ],
              [
                99.025389573,
                3.418352819
              ],
              [
                99.025301767,
                3.418330868
              ],
              [
                99.025222741,
                3.418322087
              ],
              [
                99.025161277,
                3.418322087
              ],
              [
                99.025112984,
                3.418392332
              ],
              [
                99.0250603,
                3.418471357
              ],
              [
                99.025016397,
                3.418581115
              ],
              [
                99.025003226,
                3.418690872
              ],
              [
                99.024985665,
                3.4188138
              ],
              [
                99.024990055,
                3.418919168
              ],
              [
                99.025069081,
                3.418989412
              ],
              [
                99.025169892,
                3.419050676
              ],
              [
                99.025188663,
                3.419060145
              ],
              [
                99.025201132,
                3.419065057
              ],
              [
                99.025355548,
                3.41910795
              ],
              [
                99.025456525,
                3.419173805
              ],
              [
                99.025522379,
                3.419274782
              ],
              [
                99.025627746,
                3.41938893
              ],
              [
                99.025706772,
                3.419450394
              ],
              [
                99.025768236,
                3.41954698
              ],
              [
                99.025851651,
                3.419746739
              ],
              [
                99.025921896,
                3.419900399
              ],
              [
                99.026031654,
                3.420150646
              ],
              [
                99.026044825,
                3.420194549
              ],
              [
                99.026115069,
                3.420277965
              ],
              [
                99.026185314,
                3.420317478
              ],
              [
                99.026255559,
                3.420343819
              ],
              [
                99.02626873,
                3.420405284
              ],
              [
                99.026312633,
                3.420462357
              ],
              [
                99.026321413,
                3.420515041
              ],
              [
                99.026347768,
                3.420516447
              ],
              [
                99.026369707,
                3.420572115
              ],
              [
                99.026396048,
                3.42064675
              ],
              [
                99.026439951,
                3.420747727
              ],
              [
                99.026477269,
                3.420888216
              ],
              [
                99.026521172,
                3.420984803
              ],
              [
                99.026578246,
                3.421063828
              ],
              [
                99.026617758,
                3.421116512
              ],
              [
                99.026705564,
                3.421138463
              ],
              [
                99.026810932,
                3.421169196
              ],
              [
                99.026889957,
                3.421186757
              ],
              [
                99.027043617,
                3.42123066
              ],
              [
                99.027219229,
                3.421300904
              ],
              [
                99.027412402,
                3.42138871
              ],
              [
                99.027495818,
                3.421423833
              ],
              [
                99.027592405,
                3.421458955
              ],
              [
                99.027618746,
                3.421489687
              ],
              [
                99.027631917,
                3.42153359
              ],
              [
                99.027631917,
                3.421603835
              ],
              [
                99.027614356,
                3.421660909
              ],
              [
                99.027614356,
                3.421704812
              ],
              [
                99.027579234,
                3.421726763
              ],
              [
                99.027513379,
                3.421797008
              ],
              [
                99.027495818,
                3.421832131
              ],
              [
                99.027473867,
                3.421871643
              ],
              [
                99.027478257,
                3.421928717
              ],
              [
                99.027499111,
                3.421996767
              ],
              [
                99.027525453,
                3.422067012
              ],
              [
                99.027569356,
                3.422110914
              ],
              [
                99.027657162,
                3.422150427
              ],
              [
                99.027740577,
                3.422163598
              ],
              [
                99.027806432,
                3.422211891
              ],
              [
                99.027815212,
                3.422260185
              ],
              [
                99.027815212,
                3.422330429
              ],
              [
                99.027802041,
                3.422396284
              ],
              [
                99.027802041,
                3.422506041
              ],
              [
                99.02778448,
                3.422585067
              ],
              [
                99.02778009,
                3.422650921
              ],
              [
                99.02778448,
                3.422694824
              ],
              [
                99.027832774,
                3.422725556
              ],
              [
                99.027872286,
                3.422734337
              ],
              [
                99.027964482,
                3.422743117
              ],
              [
                99.028047898,
                3.422721166
              ],
              [
                99.028104972,
                3.422703605
              ],
              [
                99.028166436,
                3.422699214
              ],
              [
                99.02821912,
                3.422738727
              ],
              [
                99.028257535,
                3.422835314
              ],
              [
                99.028279486,
                3.422949461
              ],
              [
                99.028314609,
                3.423019706
              ],
              [
                99.028411195,
                3.42307678
              ],
              [
                99.028494611,
                3.423138244
              ],
              [
                99.028560465,
                3.423160196
              ],
              [
                99.028617539,
                3.423182147
              ],
              [
                99.028635101,
                3.42322605
              ],
              [
                99.02863071,
                3.423283124
              ],
              [
                99.028608759,
                3.42337532
              ],
              [
                99.028617539,
                3.423441175
              ],
              [
                99.02863071,
                3.423489468
              ],
              [
                99.028692174,
                3.423528981
              ],
              [
                99.028810712,
                3.423577274
              ],
              [
                99.028946812,
                3.423616787
              ],
              [
                99.029003886,
                3.42366947
              ],
              [
                99.029091692,
                3.423700202
              ],
              [
                99.029135595,
                3.423774838
              ],
              [
                99.029201449,
                3.423858253
              ],
              [
                99.029205839,
                3.423968011
              ],
              [
                99.029175107,
                3.4241085
              ],
              [
                99.029183888,
                3.424205087
              ],
              [
                99.029153156,
                3.424323625
              ],
              [
                99.029153156,
                3.42439387
              ],
              [
                99.029188278,
                3.424477285
              ],
              [
                99.029183888,
                3.424578262
              ],
              [
                99.029179498,
                3.424635336
              ],
              [
                99.029170717,
                3.42469241
              ],
              [
                99.029170717,
                3.424753874
              ],
              [
                99.029188278,
                3.424788996
              ],
              [
                99.029227791,
                3.424859241
              ],
              [
                99.029298036,
                3.424933876
              ],
              [
                99.02932767,
                3.424971194
              ],
              [
                99.029419866,
                3.425116074
              ],
              [
                99.029494501,
                3.425243392
              ],
              [
                99.029564746,
                3.425379492
              ],
              [
                99.029599869,
                3.425489249
              ],
              [
                99.029634991,
                3.425599006
              ],
              [
                99.02962182,
                3.425691203
              ],
              [
                99.029613039,
                3.425831692
              ],
              [
                99.029573527,
                3.42594584
              ],
              [
                99.029573527,
                3.426024865
              ],
              [
                99.029591088,
                3.426121452
              ],
              [
                99.029630601,
                3.426209258
              ],
              [
                99.029683284,
                3.426299259
              ],
              [
                99.029757919,
                3.426422187
              ],
              [
                99.029836945,
                3.426540725
              ],
              [
                99.029933531,
                3.426619751
              ],
              [
                99.029994995,
                3.426676825
              ],
              [
                99.030078411,
                3.426742679
              ],
              [
                99.030166217,
                3.426804143
              ],
              [
                99.030218901,
                3.426878778
              ],
              [
                99.030258413,
                3.426957804
              ],
              [
                99.030311097,
                3.427093903
              ],
              [
                99.030365976,
                3.427225612
              ],
              [
                99.030414269,
                3.42734854
              ],
              [
                99.030480123,
                3.427453908
              ],
              [
                99.030506465,
                3.427524152
              ],
              [
                99.030567929,
                3.427550494
              ],
              [
                99.030651345,
                3.427581226
              ],
              [
                99.030756712,
                3.427651471
              ],
              [
                99.030844518,
                3.427686593
              ],
              [
                99.030905982,
                3.427708545
              ],
              [
                99.030985008,
                3.427752448
              ],
              [
                99.031064033,
                3.427796351
              ],
              [
                99.031134278,
                3.427818302
              ],
              [
                99.031208913,
                3.427849034
              ],
              [
                99.031305499,
                3.427853425
              ],
              [
                99.031428428,
                3.427879766
              ],
              [
                99.031501965,
                3.427912694
              ],
              [
                99.031602942,
                3.427965377
              ],
              [
                99.031725871,
                3.428022451
              ],
              [
                99.031787335,
                3.428083915
              ],
              [
                99.031879531,
                3.428167331
              ],
              [
                99.03201124,
                3.428228795
              ],
              [
                99.032072704,
                3.428268308
              ],
              [
                99.032112217,
                3.428320991
              ],
              [
                99.032134168,
                3.428373675
              ],
              [
                99.032182462,
                3.428479042
              ],
              [
                99.032217584,
                3.428540506
              ],
              [
                99.032279048,
                3.42859319
              ],
              [
                99.032330634,
                3.428628312
              ],
              [
                99.032440392,
                3.428707338
              ],
              [
                99.032523807,
                3.428781973
              ],
              [
                99.032585271,
                3.428856608
              ],
              [
                99.032677468,
                3.428922462
              ],
              [
                99.032760883,
                3.428966365
              ],
              [
                99.032914544,
                3.429023439
              ],
              [
                99.033103327,
                3.429111245
              ],
              [
                99.033230645,
                3.429172709
              ],
              [
                99.033388696,
                3.429212222
              ],
              [
                99.033577479,
                3.429264906
              ],
              [
                99.033731139,
                3.429295638
              ],
              [
                99.033897971,
                3.429291247
              ],
              [
                99.034007728,
                3.429282467
              ],
              [
                99.03410212,
                3.429286857
              ],
              [
                99.034189925,
                3.42933076
              ],
              [
                99.034312854,
                3.429374663
              ],
              [
                99.034519198,
                3.429431737
              ],
              [
                99.034734322,
                3.429493201
              ],
              [
                99.034923105,
                3.429550275
              ],
              [
                99.035018594,
                3.429585397
              ],
              [
                99.035036155,
                3.42962052
              ],
              [
                99.03510201,
                3.429717106
              ],
              [
                99.035198596,
                3.429826864
              ],
              [
                99.035264451,
                3.42991906
              ],
              [
                99.035369818,
                3.430015647
              ],
              [
                99.035462014,
                3.430138575
              ],
              [
                99.035576162,
                3.430257113
              ],
              [
                99.035703481,
                3.430401993
              ],
              [
                99.035725432,
                3.430454676
              ],
              [
                99.035729823,
                3.430524921
              ],
              [
                99.035764945,
                3.430595166
              ],
              [
                99.035826409,
                3.430678582
              ],
              [
                99.035874702,
                3.430757607
              ],
              [
                99.035927386,
                3.430854194
              ],
              [
                99.03598885,
                3.43095078
              ],
              [
                99.036002021,
                3.431021025
              ],
              [
                99.036032753,
                3.431047367
              ],
              [
                99.036072266,
                3.431086879
              ],
              [
                99.036132632,
                3.431135173
              ],
              [
                99.036198487,
                3.431165905
              ],
              [
                99.036233609,
                3.431201027
              ],
              [
                99.03624678,
                3.431280052
              ],
              [
                99.036251171,
                3.431341517
              ],
              [
                99.036273122,
                3.431411761
              ],
              [
                99.036343367,
                3.431521519
              ],
              [
                99.036404831,
                3.431631276
              ],
              [
                99.036466295,
                3.431710302
              ],
              [
                99.036558491,
                3.43182884
              ],
              [
                99.0366452,
                3.43197372
              ],
              [
                99.036711054,
                3.432061526
              ],
              [
                99.036763738,
                3.432166893
              ],
              [
                99.036816421,
                3.43227226
              ],
              [
                99.036855934,
                3.432338114
              ],
              [
                99.036917398,
                3.43241714
              ],
              [
                99.037031546,
                3.43256202
              ],
              [
                99.037119352,
                3.43271129
              ],
              [
                99.037251061,
                3.432900073
              ],
              [
                99.03734655,
                3.433018611
              ],
              [
                99.037465088,
                3.433181052
              ],
              [
                99.037583626,
                3.433369834
              ],
              [
                99.037710945,
                3.433563008
              ],
              [
                99.037754848,
                3.433681546
              ],
              [
                99.037763628,
                3.433839596
              ],
              [
                99.037737286,
                3.433975696
              ],
              [
                99.037710945,
                3.434067892
              ],
              [
                99.037688993,
                3.434146917
              ],
              [
                99.037684603,
                3.434201796
              ],
              [
                99.037688993,
                3.434241309
              ],
              [
                99.037719725,
                3.43426765
              ],
              [
                99.03778558,
                3.43426765
              ],
              [
                99.037842654,
                3.434272041
              ],
              [
                99.037904118,
                3.434293992
              ],
              [
                99.03793924,
                3.434351066
              ],
              [
                99.037983143,
                3.434438872
              ],
              [
                99.038027046,
                3.434500336
              ],
              [
                99.038070949,
                3.43455741
              ],
              [
                99.038123633,
                3.434601313
              ],
              [
                99.038163145,
                3.434649606
              ],
              [
                99.038180707,
                3.434693509
              ],
              [
                99.038180707,
                3.434754974
              ],
              [
                99.038180707,
                3.434816438
              ],
              [
                99.038180707,
                3.434873512
              ],
              [
                99.038220219,
                3.434913024
              ],
              [
                99.038290464,
                3.434956927
              ],
              [
                99.038316806,
                3.435027172
              ],
              [
                99.038303635,
                3.435101807
              ],
              [
                99.038268513,
                3.435176442
              ],
              [
                99.038220219,
                3.435334493
              ],
              [
                99.038132413,
                3.435545227
              ],
              [
                99.038040217,
                3.435707668
              ],
              [
                99.03793485,
                3.435826206
              ],
              [
                99.037855825,
                3.435909622
              ],
              [
                99.037816312,
                3.435979867
              ],
              [
                99.037737286,
                3.436124747
              ],
              [
                99.037697774,
                3.436221333
              ],
              [
                99.037653871,
                3.436344262
              ],
              [
                99.037557284,
                3.436511093
              ],
              [
                99.037456307,
                3.43675695
              ],
              [
                99.037434356,
                3.436875488
              ],
              [
                99.037460698,
                3.436936952
              ],
              [
                99.037530942,
                3.436972074
              ],
              [
                99.037623139,
                3.436976465
              ],
              [
                99.037680213,
                3.436976465
              ],
              [
                99.037737286,
                3.436989635
              ],
              [
                99.03778558,
                3.437037929
              ],
              [
                99.037829483,
                3.437095003
              ],
              [
                99.037877776,
                3.437125735
              ],
              [
                99.037926069,
                3.437143296
              ],
              [
                99.038008857,
                3.437000435
              ],
              [
                99.038374894,
                3.436430086
              ],
              [
                99.039000407,
                3.435636752
              ],
              [
                99.039137715,
                3.435499444
              ],
              [
                99.039381818,
                3.435697778
              ],
              [
                99.039435215,
                3.435713034
              ],
              [
                99.039496241,
                3.435728291
              ],
              [
                99.039526754,
                3.435735919
              ],
              [
                99.039564895,
                3.435735919
              ],
              [
                99.039610664,
                3.435812201
              ],
              [
                99.039694574,
                3.435812201
              ],
              [
                99.039786113,
                3.435911368
              ],
              [
                99.03983951,
                3.435972393
              ],
              [
                99.03988528,
                3.436041047
              ],
              [
                99.039953934,
                3.436086817
              ],
              [
                99.040125568,
                3.436239381
              ],
              [
                99.040255248,
                3.436338548
              ],
              [
                99.040308645,
                3.436376689
              ],
              [
                99.040407812,
                3.436376689
              ],
              [
                99.040484094,
                3.436376689
              ],
              [
                99.040560376,
                3.436422458
              ],
              [
                99.040568005,
                3.436521625
              ],
              [
                99.040606146,
                3.436651304
              ],
              [
                99.040682428,
                3.436719958
              ],
              [
                99.040827364,
                3.43684201
              ],
              [
                99.040888389,
                3.436864894
              ],
              [
                99.041002813,
                3.436880151
              ],
              [
                99.041094351,
                3.436910663
              ],
              [
                99.041201146,
                3.436933548
              ],
              [
                99.041277428,
                3.436948805
              ],
              [
                99.041346082,
                3.436979317
              ],
              [
                99.041445249,
                3.43700983
              ],
              [
                99.041529159,
                3.437108997
              ],
              [
                99.041605441,
                3.43713951
              ],
              [
                99.041681723,
                3.43713951
              ],
              [
                99.041735121,
                3.437101369
              ],
              [
                99.041796147,
                3.437040343
              ],
              [
                99.041811403,
                3.437002202
              ],
              [
                99.041880057,
                3.437002202
              ],
              [
                99.041918198,
                3.437025087
              ],
              [
                99.041925826,
                3.437093741
              ],
              [
                99.041925826,
                3.437192907
              ],
              [
                99.041959191,
                3.437267366
              ],
              [
                99.041961496,
                3.437273239
              ]
            ]
          ]
        ]
      }
    }
  ]
}