{
  "type": "FeatureCollection",
  "features": [
    {
      "type": "Feature",
      "properties": {
        "idx": "2376",
        "nama_kewilayahan": "Yo Sosiri"
      },
      "geometry": {
        "type": "MultiPolygon",
        "coordinates": [
          [
            [
              [
                140.411075994,
                -2.540701595
              ],
              [
                140.414345575,
                -2.540988447
              ],
              [
                140.41516557,
                -2.540773309
              ],
              [
                140.415914262,
                -2.540773308
              ],
              [
                140.416555997,
                -2.541024303
              ],
              [
                140.417269036,
                -2.541131873
              ],
              [
                140.418017727,
                -2.541347012
              ],
              [
                140.418516854,
                -2.541418725
              ],
              [
                140.419051634,
                -2.541418724
              ],
              [
                140.419657717,
                -2.541418725
              ],
              [
                140.420406408,
                -2.541454581
              ],
              [
                140.420869883,
                -2.541562151
              ],
              [
                140.421511619,
                -2.54166972
              ],
              [
                140.422189006,
                -2.541813146
              ],
              [
                140.422545526,
                -2.541992428
              ],
              [
                140.422795089,
                -2.542207567
              ],
              [
                140.423258565,
                -2.542458561
              ],
              [
                140.424399427,
                -2.542924695
              ],
              [
                140.427123779,
                -2.543654667
              ],
              [
                140.427645657,
                -2.544279111
              ],
              [
                140.427769251,
                -2.54438429
              ],
              [
                140.427911859,
                -2.544489468
              ],
              [
                140.428073481,
                -2.544632894
              ],
              [
                140.428273132,
                -2.544814566
              ],
              [
                140.428491798,
                -2.544957992
              ],
              [
                140.428757998,
                -2.545139664
              ],
              [
                140.428910114,
                -2.545321336
              ],
              [
                140.429214344,
                -2.545574721
              ],
              [
                140.429706764,
                -2.545762824
              ],
              [
                140.430526336,
                -2.546148422
              ],
              [
                140.430725986,
                -2.546234477
              ],
              [
                140.430925638,
                -2.546320532
              ],
              [
                140.431168071,
                -2.546521328
              ],
              [
                140.431253636,
                -2.546693438
              ],
              [
                140.431581634,
                -2.546965946
              ],
              [
                140.431809806,
                -2.547181084
              ],
              [
                140.431895371,
                -2.54732451
              ],
              [
                140.432166326,
                -2.547381879
              ],
              [
                140.432308934,
                -2.547424907
              ],
              [
                140.432622671,
                -2.547467934
              ],
              [
                140.433079016,
                -2.547553989
              ],
              [
                140.433307189,
                -2.54755399
              ],
              [
                140.433720752,
                -2.547697415
              ],
              [
                140.433920403,
                -2.547826497
              ],
              [
                140.434162836,
                -2.548084662
              ],
              [
                140.434262661,
                -2.5482998
              ],
              [
                140.434476573,
                -2.548543623
              ],
              [
                140.434628688,
                -2.548854377
              ],
              [
                140.43472376,
                -2.549117323
              ],
              [
                140.434818832,
                -2.549284652
              ],
              [
                140.434937672,
                -2.549475885
              ],
              [
                140.435294192,
                -2.549691023
              ],
              [
                140.435674479,
                -2.549858351
              ],
              [
                140.43588839,
                -2.549930064
              ],
              [
                140.436078534,
                -2.549953968
              ],
              [
                140.436387518,
                -2.550049585
              ],
              [
                140.437100557,
                -2.550575476
              ],
              [
                140.437314469,
                -2.550718901
              ],
              [
                140.43752838,
                -2.550814517
              ],
              [
                140.437742292,
                -2.550790613
              ],
              [
                140.438027508,
                -2.550766708
              ],
              [
                140.438360259,
                -2.550790613
              ],
              [
                140.438716779,
                -2.551005751
              ],
              [
                140.438954459,
                -2.551149175
              ],
              [
                140.43928721,
                -2.551316504
              ],
              [
                140.43964373,
                -2.551531641
              ],
              [
                140.439976482,
                -2.551770682
              ],
              [
                140.440261697,
                -2.552033627
              ],
              [
                140.440499377,
                -2.552320477
              ],
              [
                140.440808361,
                -2.552679037
              ],
              [
                140.441188649,
                -2.553133216
              ],
              [
                140.44175908,
                -2.553515681
              ],
              [
                140.442472119,
                -2.55432842
              ],
              [
                140.442852407,
                -2.555428006
              ],
              [
                140.442821902,
                -2.556466968
              ],
              [
                140.442747788,
                -2.558991237
              ],
              [
                140.44175908,
                -2.560925924
              ],
              [
                140.440915316,
                -2.561712662
              ],
              [
                140.440644362,
                -2.562013852
              ],
              [
                140.440530275,
                -2.562157275
              ],
              [
                140.440416189,
                -2.562272014
              ],
              [
                140.440188016,
                -2.562501492
              ],
              [
                140.440059669,
                -2.562644915
              ],
              [
                140.439953841,
                -2.562722966
              ],
              [
                140.43990092,
                -2.562878812
              ],
              [
                140.439823698,
                -2.563106225
              ],
              [
                140.43974051,
                -2.563333312
              ],
              [
                140.439706428,
                -2.563441854
              ],
              [
                140.439669206,
                -2.563560399
              ],
              [
                140.439574134,
                -2.563715774
              ],
              [
                140.439538482,
                -2.563930909
              ],
              [
                140.439479062,
                -2.564146043
              ],
              [
                140.439455294,
                -2.564265563
              ],
              [
                140.439431526,
                -2.564432891
              ],
              [
                140.439348338,
                -2.564588265
              ],
              [
                140.439253266,
                -2.564815353
              ],
              [
                140.439217614,
                -2.565018535
              ],
              [
                140.439146311,
                -2.565197814
              ],
              [
                140.439063123,
                -2.565400997
              ],
              [
                140.439051238,
                -2.565580276
              ],
              [
                140.439039354,
                -2.565723699
              ],
              [
                140.439005885,
                -2.565847123
              ],
              [
                140.439003703,
                -2.56585517
              ],
              [
                140.438944283,
                -2.566153968
              ],
              [
                140.438861094,
                -2.566428863
              ],
              [
                140.438801675,
                -2.566596189
              ],
              [
                140.438647183,
                -2.566835227
              ],
              [
                140.438504575,
                -2.567026458
              ],
              [
                140.437929131,
                -2.568261559
              ],
              [
                140.437580568,
                -2.569009695
              ],
              [
                140.437530088,
                -2.569118041
              ],
              [
                140.437007193,
                -2.569333175
              ],
              [
                140.436650673,
                -2.569488549
              ],
              [
                140.436496182,
                -2.569608068
              ],
              [
                140.436294153,
                -2.569643924
              ],
              [
                140.436020822,
                -2.569703683
              ],
              [
                140.435818794,
                -2.569787347
              ],
              [
                140.435497927,
                -2.569882962
              ],
              [
                140.435224595,
                -2.570014433
              ],
              [
                140.435010683,
                -2.570157855
              ],
              [
                140.434796771,
                -2.570349085
              ],
              [
                140.434535324,
                -2.570659834
              ],
              [
                140.434440252,
                -2.570898872
              ],
              [
                140.434499671,
                -2.571245476
              ],
              [
                140.434654163,
                -2.571580128
              ],
              [
                140.434689816,
                -2.571771358
              ],
              [
                140.434737352,
                -2.572022348
              ],
              [
                140.434784887,
                -2.572189674
              ],
              [
                140.434903727,
                -2.572356999
              ],
              [
                140.434997462,
                -2.572748452
              ],
              [
                140.435318329,
                -2.573035297
              ],
              [
                140.435460936,
                -2.573537275
              ],
              [
                140.435318329,
                -2.573931686
              ],
              [
                140.435068765,
                -2.574254386
              ],
              [
                140.434890506,
                -2.57454123
              ],
              [
                140.434712721,
                -2.574910781
              ],
              [
                140.434465534,
                -2.575350608
              ],
              [
                140.434332433,
                -2.575580083
              ],
              [
                140.43427539,
                -2.575847805
              ],
              [
                140.434085247,
                -2.576096402
              ],
              [
                140.434028203,
                -2.576306755
              ],
              [
                140.433952146,
                -2.57647886
              ],
              [
                140.433952146,
                -2.576727459
              ],
              [
                140.434123275,
                -2.577109917
              ],
              [
                140.434161304,
                -2.577301146
              ],
              [
                140.434028204,
                -2.577530621
              ],
              [
                140.433895103,
                -2.577779218
              ],
              [
                140.433781016,
                -2.578008693
              ],
              [
                140.433762002,
                -2.578199922
              ],
              [
                140.433762002,
                -2.578391151
              ],
              [
                140.433857074,
                -2.578601503
              ],
              [
                140.434047218,
                -2.578964838
              ],
              [
                140.434161304,
                -2.579213434
              ],
              [
                140.434351448,
                -2.579595892
              ],
              [
                140.434522577,
                -2.579901858
              ],
              [
                140.434655678,
                -2.580207824
              ],
              [
                140.434750749,
                -2.580437298
              ],
              [
                140.434921879,
                -2.580838878
              ],
              [
                140.434997936,
                -2.580991861
              ],
              [
                140.435093009,
                -2.581278704
              ],
              [
                140.435093009,
                -2.581527301
              ],
              [
                140.435035965,
                -2.581737651
              ],
              [
                140.43505498,
                -2.581909757
              ],
              [
                140.435131037,
                -2.582158354
              ],
              [
                140.435226109,
                -2.582445196
              ],
              [
                140.435378224,
                -2.582712916
              ],
              [
                140.435625411,
                -2.583057126
              ],
              [
                140.435872598,
                -2.583363092
              ],
              [
                140.436081756,
                -2.583611688
              ],
              [
                140.436328943,
                -2.583955899
              ],
              [
                140.436652187,
                -2.584414846
              ],
              [
                140.436785288,
                -2.584663442
              ],
              [
                140.436823317,
                -2.584892916
              ],
              [
                140.436861346,
                -2.585141512
              ],
              [
                140.436937404,
                -2.585351863
              ],
              [
                140.436975432,
                -2.585523967
              ],
              [
                140.437013461,
                -2.585810809
              ],
              [
                140.436956417,
                -2.586002037
              ],
              [
                140.436956418,
                -2.586250633
              ],
              [
                140.437051489,
                -2.586460983
              ],
              [
                140.437260648,
                -2.586671334
              ],
              [
                140.437348748,
                -2.5868479
              ],
              [
                140.437462834,
                -2.586972198
              ],
              [
                140.437500863,
                -2.587086934
              ],
              [
                140.437472341,
                -2.587172987
              ],
              [
                140.437415298,
                -2.587230355
              ],
              [
                140.437263183,
                -2.587213623
              ],
              [
                140.437170488,
                -2.587170597
              ],
              [
                140.437077793,
                -2.587127571
              ],
              [
                140.436985097,
                -2.5871204
              ],
              [
                140.436913794,
                -2.587113228
              ],
              [
                140.436785446,
                -2.587113229
              ],
              [
                140.436685621,
                -2.587070203
              ],
              [
                140.436564404,
                -2.586991321
              ],
              [
                140.436471709,
                -2.586955466
              ],
              [
                140.436350493,
                -2.586926781
              ],
              [
                140.436186494,
                -2.586898097
              ],
              [
                140.436093799,
                -2.586862243
              ],
              [
                140.435993973,
                -2.586819216
              ],
              [
                140.435851366,
                -2.586783361
              ],
              [
                140.4357658,
                -2.586812045
              ],
              [
                140.435665975,
                -2.586869414
              ],
              [
                140.435580411,
                -2.586926782
              ],
              [
                140.435480585,
                -2.58698415
              ],
              [
                140.43539502,
                -2.587034347
              ],
              [
                140.435273804,
                -2.587077374
              ],
              [
                140.435068607,
                -2.587163426
              ],
              [
                140.434935506,
                -2.587172987
              ],
              [
                140.434669305,
                -2.58719211
              ],
              [
                140.434355568,
                -2.587201671
              ],
              [
                140.434146409,
                -2.587211233
              ],
              [
                140.434032323,
                -2.587211232
              ],
              [
                140.433889716,
                -2.587230355
              ],
              [
                140.433680557,
                -2.587220794
              ],
              [
                140.433414355,
                -2.587230356
              ],
              [
                140.433233719,
                -2.587259039
              ],
              [
                140.433034069,
                -2.587249478
              ],
              [
                140.43289146,
                -2.587325969
              ],
              [
                140.432786881,
                -2.587325969
              ],
              [
                140.432625259,
                -2.587392898
              ],
              [
                140.432463637,
                -2.587412022
              ],
              [
                140.432283,
                -2.587431144
              ],
              [
                140.432083349,
                -2.587412022
              ],
              [
                140.431874191,
                -2.587373776
              ],
              [
                140.431712569,
                -2.587412021
              ],
              [
                140.43154144,
                -2.587459828
              ],
              [
                140.431351295,
                -2.587526758
              ],
              [
                140.431189674,
                -2.587603249
              ],
              [
                140.431075587,
                -2.587717985
              ],
              [
                140.43089495,
                -2.587870967
              ],
              [
                140.43076185,
                -2.588043072
              ],
              [
                140.430647764,
                -2.588196054
              ],
              [
                140.430562199,
                -2.588329914
              ],
              [
                140.430305505,
                -2.588540263
              ],
              [
                140.43015339,
                -2.588664561
              ],
              [
                140.430077333,
                -2.588779297
              ],
              [
                140.430029797,
                -2.588913157
              ],
              [
                140.429944231,
                -2.589066138
              ],
              [
                140.429839652,
                -2.589142629
              ],
              [
                140.429754088,
                -2.589228682
              ],
              [
                140.429706552,
                -2.589333857
              ],
              [
                140.429649508,
                -2.589467715
              ],
              [
                140.429582959,
                -2.589601574
              ],
              [
                140.429231193,
                -2.589952955
              ],
              [
                140.427781346,
                -2.592367194
              ],
              [
                140.427448595,
                -2.593108197
              ],
              [
                140.427068307,
                -2.593634071
              ],
              [
                140.426901931,
                -2.593944813
              ],
              [
                140.426616716,
                -2.594231654
              ],
              [
                140.426426572,
                -2.594542396
              ],
              [
                140.426236428,
                -2.594877043
              ],
              [
                140.42597498,
                -2.595283399
              ],
              [
                140.425570925,
                -2.596311239
              ],
              [
                140.418942235,
                -2.605285688
              ],
              [
                140.418889328,
                -2.605312292
              ],
              [
                140.418823395,
                -2.605345446
              ],
              [
                140.418763976,
                -2.605429107
              ],
              [
                140.418668904,
                -2.605548622
              ],
              [
                140.418573831,
                -2.605620331
              ],
              [
                140.418466876,
                -2.605680089
              ],
              [
                140.418324268,
                -2.605739847
              ],
              [
                140.418217312,
                -2.605883265
              ],
              [
                140.418146008,
                -2.606002781
              ],
              [
                140.418110356,
                -2.60607449
              ],
              [
                140.418050936,
                -2.606122296
              ],
              [
                140.417860793,
                -2.606146199
              ],
              [
                140.416884721,
                -2.60714973
              ],
              [
                140.41648542,
                -2.607493933
              ],
              [
                140.415987329,
                -2.608105708
              ],
              [
                140.415458643,
                -2.60904285
              ],
              [
                140.415287513,
                -2.609559155
              ],
              [
                140.415116384,
                -2.610419663
              ],
              [
                140.415002297,
                -2.611165437
              ],
              [
                140.414774125,
                -2.611681741
              ],
              [
                140.414488909,
                -2.612542248
              ],
              [
                140.414260737,
                -2.613058551
              ],
              [
                140.413975521,
                -2.613517488
              ],
              [
                140.413747348,
                -2.614205892
              ],
              [
                140.413747349,
                -2.614664828
              ],
              [
                140.413690306,
                -2.615812167
              ],
              [
                140.413633262,
                -2.616271103
              ],
              [
                140.413576219,
                -2.616902139
              ],
              [
                140.41336003,
                -2.617680531
              ],
              [
                140.413291003,
                -2.618795245
              ],
              [
                140.412891702,
                -2.619311545
              ],
              [
                140.412183723,
                -2.622480497
              ],
              [
                140.41157971,
                -2.623269847
              ],
              [
                140.410724063,
                -2.623843513
              ],
              [
                140.410173447,
                -2.624178334
              ],
              [
                140.409421186,
                -2.62362359
              ],
              [
                140.408559536,
                -2.623095193
              ],
              [
                140.407494365,
                -2.622727284
              ],
              [
                140.406061566,
                -2.62261881
              ],
              [
                140.404715546,
                -2.622499367
              ],
              [
                140.403143538,
                -2.622241219
              ],
              [
                140.402246799,
                -2.621926203
              ],
              [
                140.401721976,
                -2.621512348
              ],
              [
                140.400563231,
                -2.620139019
              ],
              [
                140.399283846,
                -2.619430016
              ],
              [
                140.397925756,
                -2.61865497
              ],
              [
                140.396792867,
                -2.618100036
              ],
              [
                140.395401728,
                -2.617817769
              ],
              [
                140.393240613,
                -2.617447128
              ],
              [
                140.391356762,
                -2.617149916
              ],
              [
                140.389388136,
                -2.616801366
              ],
              [
                140.38796631,
                -2.616646669
              ],
              [
                140.385726113,
                -2.616979967
              ],
              [
                140.384313091,
                -2.616615304
              ],
              [
                140.383799703,
                -2.615984268
              ],
              [
                140.383514488,
                -2.615066397
              ],
              [
                140.383058142,
                -2.613689589
              ],
              [
                140.382601797,
                -2.610132828
              ],
              [
                140.382202495,
                -2.608928116
              ],
              [
                140.381974323,
                -2.607723403
              ],
              [
                140.381803193,
                -2.606518689
              ],
              [
                140.381460934,
                -2.603248745
              ],
              [
                140.381104415,
                -2.601635282
              ],
              [
                140.379085325,
                -2.598410741
              ],
              [
                140.378971239,
                -2.597320753
              ],
              [
                140.378571937,
                -2.596173397
              ],
              [
                140.37805855,
                -2.595255511
              ],
              [
                140.377259945,
                -2.594050785
              ],
              [
                140.376404298,
                -2.593362369
              ],
              [
                140.375263436,
                -2.592616586
              ],
              [
                140.374464832,
                -2.591641329
              ],
              [
                140.37406553,
                -2.591125016
              ],
              [
                140.373543175,
                -2.589794388
              ],
              [
                140.373805528,
                -2.589742257
              ],
              [
                140.374183848,
                -2.589554827
              ],
              [
                140.374689931,
                -2.589286765
              ],
              [
                140.374992953,
                -2.589000582
              ],
              [
                140.375235391,
                -2.588732643
              ],
              [
                140.375508075,
                -2.588531736
              ],
              [
                140.37605946,
                -2.58825786
              ],
              [
                140.376659346,
                -2.587898718
              ],
              [
                140.377089531,
                -2.587710073
              ],
              [
                140.377925615,
                -2.587442436
              ],
              [
                140.378537539,
                -2.58722342
              ],
              [
                140.379638622,
                -2.587404561
              ],
              [
                140.380893572,
                -2.588006928
              ],
              [
                140.381959618,
                -2.588998651
              ],
              [
                140.382262234,
                -2.589547095
              ],
              [
                140.382528566,
                -2.589979771
              ],
              [
                140.383345246,
                -2.591502488
              ],
              [
                140.383738741,
                -2.592038792
              ],
              [
                140.384229104,
                -2.592672619
              ],
              [
                140.384622756,
                -2.592867756
              ],
              [
                140.384992212,
                -2.593001962
              ],
              [
                140.385828092,
                -2.593166865
              ],
              [
                140.386300562,
                -2.593228016
              ],
              [
                140.386942647,
                -2.593295345
              ],
              [
                140.387402986,
                -2.59338695
              ],
              [
                140.387667366,
                -2.593507967
              ],
              [
                140.387999379,
                -2.593657924
              ],
              [
                140.387995416,
                -2.593908829
              ],
              [
                140.387865536,
                -2.594055724
              ],
              [
                140.387746696,
                -2.594139386
              ],
              [
                140.387509016,
                -2.594282806
              ],
              [
                140.38710496,
                -2.594485984
              ],
              [
                140.386843513,
                -2.594653307
              ],
              [
                140.386558297,
                -2.594856485
              ],
              [
                140.386391922,
                -2.595011856
              ],
              [
                140.385904679,
                -2.595501874
              ],
              [
                140.385750187,
                -2.595717003
              ],
              [
                140.385536275,
                -2.595932133
              ],
              [
                140.385227291,
                -2.596338488
              ],
              [
                140.385096567,
                -2.596613376
              ],
              [
                140.385108451,
                -2.596780699
              ],
              [
                140.385381783,
                -2.597091441
              ],
              [
                140.385560043,
                -2.597175103
              ],
              [
                140.385726418,
                -2.597175103
              ],
              [
                140.38594033,
                -2.597282667
              ],
              [
                140.386142358,
                -2.59737828
              ],
              [
                140.386249314,
                -2.597438038
              ],
              [
                140.386391922,
                -2.597533652
              ],
              [
                140.386593949,
                -2.597605361
              ],
              [
                140.386926701,
                -2.597784635
              ],
              [
                140.387176265,
                -2.597892199
              ],
              [
                140.387473365,
                -2.598071474
              ],
              [
                140.387901188,
                -2.598274651
              ],
              [
                140.388150752,
                -2.598382216
              ],
              [
                140.38823394,
                -2.598406119
              ],
              [
                140.388875674,
                -2.598728812
              ],
              [
                140.389053935,
                -2.59886028
              ],
              [
                140.389244079,
                -2.598967845
              ],
              [
                140.389790742,
                -2.599338345
              ],
              [
                140.390123493,
                -2.599410054
              ],
              [
                140.390277986,
                -2.599398103
              ],
              [
                140.390515665,
                -2.599374199
              ],
              [
                140.390788997,
                -2.599410054
              ],
              [
                140.391074213,
                -2.599398103
              ],
              [
                140.391383196,
                -2.599505667
              ],
              [
                140.391608991,
                -2.599625183
              ],
              [
                140.391906091,
                -2.599864215
              ],
              [
                140.392452755,
                -2.600186909
              ],
              [
                140.392702318,
                -2.600330328
              ],
              [
                140.392880578,
                -2.600533504
              ],
              [
                140.39312976,
                -2.600769266
              ],
              [
                140.393415358,
                -2.600999616
              ],
              [
                140.393700573,
                -2.60117889
              ],
              [
                140.393938253,
                -2.601322309
              ],
              [
                140.394080861,
                -2.601346213
              ],
              [
                140.394389844,
                -2.601262551
              ],
              [
                140.394461148,
                -2.601214745
              ],
              [
                140.39473448,
                -2.601023519
              ],
              [
                140.395019696,
                -2.600939859
              ],
              [
                140.39520984,
                -2.600844246
              ],
              [
                140.395518823,
                -2.60079644
              ],
              [
                140.395958531,
                -2.600808391
              ],
              [
                140.396184326,
                -2.60079644
              ],
              [
                140.396386354,
                -2.600796439
              ],
              [
                140.396814177,
                -2.600963761
              ],
              [
                140.397146929,
                -2.601131084
              ],
              [
                140.397313305,
                -2.60140597
              ],
              [
                140.397444029,
                -2.601561341
              ],
              [
                140.397503449,
                -2.601848179
              ],
              [
                140.397503449,
                -2.602170871
              ],
              [
                140.397479681,
                -2.602386
              ],
              [
                140.397467797,
                -2.602553322
              ],
              [
                140.397467797,
                -2.602756498
              ],
              [
                140.397503449,
                -2.60299553
              ],
              [
                140.397586637,
                -2.603198706
              ],
              [
                140.397657941,
                -2.603413835
              ],
              [
                140.397788665,
                -2.603640915
              ],
              [
                140.397978808,
                -2.603879946
              ],
              [
                140.398219468,
                -2.604201029
              ],
              [
                140.398656196,
                -2.604226541
              ],
              [
                140.398965179,
                -2.604130929
              ],
              [
                140.399238511,
                -2.604071171
              ],
              [
                140.399345467,
                -2.603951655
              ],
              [
                140.399535611,
                -2.603425787
              ],
              [
                140.399452423,
                -2.603079191
              ],
              [
                140.399404887,
                -2.602708692
              ],
              [
                140.399404886,
                -2.602397951
              ],
              [
                140.399393002,
                -2.602063307
              ],
              [
                140.399345467,
                -2.601752566
              ],
              [
                140.399440538,
                -2.601549389
              ],
              [
                140.399583146,
                -2.601453777
              ],
              [
                140.399749522,
                -2.601370115
              ],
              [
                140.399975318,
                -2.601417922
              ],
              [
                140.400272417,
                -2.60140597
              ],
              [
                140.400581401,
                -2.601561341
              ],
              [
                140.400878501,
                -2.601872082
              ],
              [
                140.400973573,
                -2.601943791
              ],
              [
                140.401187485,
                -2.602146969
              ],
              [
                140.401377628,
                -2.602290387
              ],
              [
                140.401520236,
                -2.602433806
              ],
              [
                140.401686612,
                -2.602553322
              ],
              [
                140.40188864,
                -2.602660886
              ],
              [
                140.40200748,
                -2.602732595
              ],
              [
                140.402257044,
                -2.602744547
              ],
              [
                140.402589796,
                -2.602684789
              ],
              [
                140.402684867,
                -2.602553322
              ],
              [
                140.402779939,
                -2.602421855
              ],
              [
                140.402839359,
                -2.602350145
              ],
              [
                140.402851243,
                -2.601967695
              ],
              [
                140.402922547,
                -2.601764518
              ],
              [
                140.403077038,
                -2.601668905
              ],
              [
                140.403267182,
                -2.601692809
              ],
              [
                140.403397906,
                -2.601836227
              ],
              [
                140.403492978,
                -2.601967695
              ],
              [
                140.403730658,
                -2.602111114
              ],
              [
                140.404146598,
                -2.602135017
              ],
              [
                140.404550653,
                -2.602218678
              ],
              [
                140.404800216,
                -2.602266484
              ],
              [
                140.405192388,
                -2.602290387
              ],
              [
                140.40546572,
                -2.602290387
              ],
              [
                140.405691515,
                -2.602194775
              ],
              [
                140.406257342,
                -2.60203059
              ],
              [
                140.40622882,
                -2.602005492
              ],
              [
                140.406171777,
                -2.601987564
              ],
              [
                140.406136126,
                -2.601983979
              ],
              [
                140.406107604,
                -2.601962466
              ],
              [
                140.406146821,
                -2.601937367
              ],
              [
                140.406178908,
                -2.601901512
              ],
              [
                140.406168212,
                -2.601865658
              ],
              [
                140.406125429,
                -2.601862073
              ],
              [
                140.406061256,
                -2.601865658
              ],
              [
                140.406014908,
                -2.601862073
              ],
              [
                140.405997082,
                -2.601819047
              ],
              [
                140.405975691,
                -2.601790363
              ],
              [
                140.405936474,
                -2.601786778
              ],
              [
                140.405882996,
                -2.60176885
              ],
              [
                140.405861605,
                -2.601732995
              ],
              [
                140.40585804,
                -2.601693556
              ],
              [
                140.405797432,
                -2.60168997
              ],
              [
                140.405726128,
                -2.601686384
              ],
              [
                140.405647694,
                -2.60168997
              ],
              [
                140.405604911,
                -2.601707897
              ],
              [
                140.405579955,
                -2.601732996
              ],
              [
                140.405562128,
                -2.601758094
              ],
              [
                140.405558564,
                -2.601790363
              ],
              [
                140.405537172,
                -2.601829804
              ],
              [
                140.405497955,
                -2.601854902
              ],
              [
                140.405458738,
                -2.601872829
              ],
              [
                140.405423086,
                -2.601890756
              ],
              [
                140.405376739,
                -2.601912269
              ],
              [
                140.405330391,
                -2.601926611
              ],
              [
                140.405276913,
                -2.601948124
              ],
              [
                140.405234131,
                -2.601962466
              ],
              [
                140.405166392,
                -2.601962466
              ],
              [
                140.40512361,
                -2.601966052
              ],
              [
                140.405070132,
                -2.601951709
              ],
              [
                140.405013088,
                -2.601926611
              ],
              [
                140.404938774,
                -2.601894262
              ],
              [
                140.404857963,
                -2.601894262
              ],
              [
                140.404734369,
                -2.601860798
              ],
              [
                140.404596515,
                -2.601846456
              ],
              [
                140.404463414,
                -2.601817772
              ],
              [
                140.40437785,
                -2.601755624
              ],
              [
                140.404311299,
                -2.601707817
              ],
              [
                140.404249503,
                -2.601669572
              ],
              [
                140.404159184,
                -2.601636108
              ],
              [
                140.404083127,
                -2.601607424
              ],
              [
                140.403992809,
                -2.601578741
              ],
              [
                140.403907244,
                -2.60157396
              ],
              [
                140.40383594,
                -2.60157396
              ],
              [
                140.403793157,
                -2.60157396
              ],
              [
                140.403736115,
                -2.601559618
              ],
              [
                140.403717101,
                -2.601554837
              ],
              [
                140.403617275,
                -2.601530934
              ],
              [
                140.403564985,
                -2.601483128
              ],
              [
                140.403536463,
                -2.601420979
              ],
              [
                140.403517449,
                -2.601377954
              ],
              [
                140.403474667,
                -2.601311025
              ],
              [
                140.403427131,
                -2.601268
              ],
              [
                140.403370088,
                -2.601220193
              ],
              [
                140.403298784,
                -2.601153264
              ],
              [
                140.403222727,
                -2.601115019
              ],
              [
                140.403103886,
                -2.601081555
              ],
              [
                140.402885221,
                -2.601062432
              ],
              [
                140.402771134,
                -2.601057651
              ],
              [
                140.402628527,
                -2.601062432
              ],
              [
                140.402495427,
                -2.6011198
              ],
              [
                140.402452644,
                -2.601172386
              ],
              [
                140.402419369,
                -2.601239316
              ],
              [
                140.402405108,
                -2.601315805
              ],
              [
                140.402386093,
                -2.60142098
              ],
              [
                140.402371833,
                -2.601497469
              ],
              [
                140.40238134,
                -2.601578741
              ],
              [
                140.402386094,
                -2.601664792
              ],
              [
                140.402395601,
                -2.601779527
              ],
              [
                140.402395601,
                -2.601870359
              ],
              [
                140.402386094,
                -2.601985094
              ],
              [
                140.402362326,
                -2.602066365
              ],
              [
                140.40232905,
                -2.602138075
              ],
              [
                140.402276761,
                -2.602209784
              ],
              [
                140.402172182,
                -2.602238468
              ],
              [
                140.40207711,
                -2.602248028
              ],
              [
                140.402015313,
                -2.602252809
              ],
              [
                140.401910734,
                -2.602200223
              ],
              [
                140.401858445,
                -2.602152416
              ],
              [
                140.401791894,
                -2.602095049
              ],
              [
                140.401758619,
                -2.602047242
              ],
              [
                140.401682562,
                -2.601975533
              ],
              [
                140.401625519,
                -2.601922946
              ],
              [
                140.401577983,
                -2.601870359
              ],
              [
                140.401516186,
                -2.601841675
              ],
              [
                140.401478157,
                -2.601793869
              ],
              [
                140.401463896,
                -2.601736501
              ],
              [
                140.401444882,
                -2.601674353
              ],
              [
                140.401421114,
                -2.601593082
              ],
              [
                140.401421114,
                -2.601569179
              ],
              [
                140.4014021,
                -2.601521373
              ],
              [
                140.401359317,
                -2.601454444
              ],
              [
                140.401302274,
                -2.601377954
              ],
              [
                140.401207202,
                -2.601277561
              ],
              [
                140.401150159,
                -2.60120107
              ],
              [
                140.401083609,
                -2.6011198
              ],
              [
                140.401007551,
                -2.60104331
              ],
              [
                140.400950508,
                -2.600933355
              ],
              [
                140.400864943,
                -2.600866426
              ],
              [
                140.400798393,
                -2.600847303
              ],
              [
                140.400665293,
                -2.600875987
              ],
              [
                140.400593988,
                -2.60089511
              ],
              [
                140.40050367,
                -2.600885548
              ],
              [
                140.400418106,
                -2.600828181
              ],
              [
                140.40031828,
                -2.600775594
              ],
              [
                140.400213701,
                -2.600727788
              ],
              [
                140.400056832,
                -2.600694323
              ],
              [
                140.399980775,
                -2.6006752
              ],
              [
                140.399838167,
                -2.600627394
              ],
              [
                140.39970982,
                -2.600603491
              ],
              [
                140.399581473,
                -2.600603491
              ],
              [
                140.399476894,
                -2.600632174
              ],
              [
                140.399419851,
                -2.600679981
              ],
              [
                140.399396083,
                -2.600718226
              ],
              [
                140.39939133,
                -2.600775594
              ],
              [
                140.399381822,
                -2.6008234
              ],
              [
                140.399334286,
                -2.600837742
              ],
              [
                140.399291504,
                -2.600837742
              ],
              [
                140.399177418,
                -2.600775594
              ],
              [
                140.399115621,
                -2.60074691
              ],
              [
                140.399020549,
                -2.600732568
              ],
              [
                140.398901709,
                -2.600751691
              ],
              [
                140.398844666,
                -2.600775594
              ],
              [
                140.398787622,
                -2.600828181
              ],
              [
                140.398754347,
                -2.600875987
              ],
              [
                140.39874484,
                -2.600952477
              ],
              [
                140.398735333,
                -2.601071993
              ],
              [
                140.398735333,
                -2.601181948
              ],
              [
                140.39874484,
                -2.601282341
              ],
              [
                140.39874484,
                -2.601397076
              ],
              [
                140.39873058,
                -2.601511812
              ],
              [
                140.398721072,
                -2.60157874
              ],
              [
                140.39869255,
                -2.601640889
              ],
              [
                140.398659276,
                -2.601736501
              ],
              [
                140.398645015,
                -2.601832114
              ],
              [
                140.398649768,
                -2.601903824
              ],
              [
                140.398673536,
                -2.601994655
              ],
              [
                140.398687797,
                -2.602085487
              ],
              [
                140.398711565,
                -2.602195442
              ],
              [
                140.398740087,
                -2.602295835
              ],
              [
                140.398749593,
                -2.602396229
              ],
              [
                140.398782869,
                -2.602501402
              ],
              [
                140.398816144,
                -2.602597014
              ],
              [
                140.39881139,
                -2.602702188
              ],
              [
                140.398792376,
                -2.602764337
              ],
              [
                140.398778115,
                -2.602840827
              ],
              [
                140.398782869,
                -2.602922097
              ],
              [
                140.398787623,
                -2.603012929
              ],
              [
                140.398792376,
                -2.603113323
              ],
              [
                140.398778115,
                -2.603208935
              ],
              [
                140.398735333,
                -2.603290206
              ],
              [
                140.398706812,
                -2.603357135
              ],
              [
                140.398654522,
                -2.603404941
              ],
              [
                140.398583218,
                -2.60339538
              ],
              [
                140.398545189,
                -2.603385818
              ],
              [
                140.39850716,
                -2.603342792
              ],
              [
                140.398478639,
                -2.603294986
              ],
              [
                140.398421596,
                -2.603228057
              ],
              [
                140.39837406,
                -2.603189813
              ],
              [
                140.398317017,
                -2.603118103
              ],
              [
                140.398298002,
                -2.603055955
              ],
              [
                140.398269481,
                -2.602984246
              ],
              [
                140.398240959,
                -2.602902975
              ],
              [
                140.398212437,
                -2.602836046
              ],
              [
                140.398198177,
                -2.602773898
              ],
              [
                140.398160148,
                -2.602678285
              ],
              [
                140.398160149,
                -2.602597015
              ],
              [
                140.398141133,
                -2.602520525
              ],
              [
                140.398131627,
                -2.602467938
              ],
              [
                140.398117366,
                -2.602377106
              ],
              [
                140.398093598,
                -2.602305397
              ],
              [
                140.398074584,
                -2.602238468
              ],
              [
                140.398050816,
                -2.602114171
              ],
              [
                140.398050816,
                -2.602066365
              ],
              [
                140.398036555,
                -2.602013778
              ],
              [
                140.398046062,
                -2.60195641
              ],
              [
                140.398041308,
                -2.601894262
              ],
              [
                140.398036555,
                -2.601822553
              ],
              [
                140.398031801,
                -2.601769966
              ],
              [
                140.398031801,
                -2.601693476
              ],
              [
                140.398027048,
                -2.601626547
              ],
              [
                140.398027048,
                -2.601554838
              ],
              [
                140.398046062,
                -2.601487909
              ],
              [
                140.398050815,
                -2.601411418
              ],
              [
                140.398065076,
                -2.601330148
              ],
              [
                140.39806983,
                -2.601244097
              ],
              [
                140.398088844,
                -2.601153264
              ],
              [
                140.398107859,
                -2.601062432
              ],
              [
                140.398140183,
                -2.600974468
              ],
              [
                140.398178212,
                -2.600811927
              ],
              [
                140.398144671,
                -2.600575694
              ],
              [
                140.39808314,
                -2.600467721
              ],
              [
                140.397978561,
                -2.600343424
              ],
              [
                140.397873982,
                -2.600247812
              ],
              [
                140.397702853,
                -2.600133076
              ],
              [
                140.397579259,
                -2.60008527
              ],
              [
                140.397446158,
                -2.600075709
              ],
              [
                140.397313058,
                -2.600037464
              ],
              [
                140.397198971,
                -2.60000878
              ],
              [
                140.397122913,
                -2.599951412
              ],
              [
                140.396989813,
                -2.599894044
              ],
              [
                140.396875727,
                -2.599884483
              ],
              [
                140.396714105,
                -2.599817554
              ],
              [
                140.396542975,
                -2.59978887
              ],
              [
                140.396314803,
                -2.599769748
              ],
              [
                140.396105644,
                -2.59978887
              ],
              [
                140.395944023,
                -2.599750625
              ],
              [
                140.395611271,
                -2.599769748
              ],
              [
                140.395402113,
                -2.599779309
              ],
              [
                140.395249998,
                -2.599836676
              ],
              [
                140.395145419,
                -2.599960974
              ],
              [
                140.395069361,
                -2.600142637
              ],
              [
                140.394974289,
                -2.600276495
              ],
              [
                140.394841188,
                -2.600257373
              ],
              [
                140.39473661,
                -2.600123515
              ],
              [
                140.394613016,
                -2.60008527
              ],
              [
                140.394536959,
                -2.600104392
              ],
              [
                140.394413365,
                -2.60016176
              ],
              [
                140.394356322,
                -2.600286056
              ],
              [
                140.394318293,
                -2.60045816
              ],
              [
                140.3941947,
                -2.60053465
              ],
              [
                140.394128149,
                -2.600515527
              ],
              [
                140.393976034,
                -2.600525088
              ],
              [
                140.393757368,
                -2.600515527
              ],
              [
                140.393623159,
                -2.600449959
              ],
              [
                140.393481661,
                -2.600410354
              ],
              [
                140.393510182,
                -2.600295618
              ],
              [
                140.393529196,
                -2.600190444
              ],
              [
                140.393443632,
                -2.599989657
              ],
              [
                140.393358067,
                -2.599922728
              ],
              [
                140.393196445,
                -2.599827115
              ],
              [
                140.393082358,
                -2.599788871
              ],
              [
                140.392930244,
                -2.599807993
              ],
              [
                140.392787636,
                -2.599664573
              ],
              [
                140.392721085,
                -2.599502032
              ],
              [
                140.392730592,
                -2.599368174
              ],
              [
                140.392768622,
                -2.599215193
              ],
              [
                140.39267355,
                -2.599119581
              ],
              [
                140.39250242,
                -2.598995283
              ],
              [
                140.392378827,
                -2.598928355
              ],
              [
                140.392188682,
                -2.598880548
              ],
              [
                140.391998539,
                -2.598784936
              ],
              [
                140.391741844,
                -2.598756251
              ],
              [
                140.391551701,
                -2.598679761
              ],
              [
                140.391323528,
                -2.598651077
              ],
              [
                140.39111437,
                -2.598631955
              ],
              [
                140.390905212,
                -2.598631955
              ],
              [
                140.39074359,
                -2.598660639
              ],
              [
                140.390591475,
                -2.598679761
              ],
              [
                140.390572461,
                -2.598727568
              ],
              [
                140.390467881,
                -2.598880548
              ],
              [
                140.390287245,
                -2.598976161
              ],
              [
                140.390163651,
                -2.598976161
              ],
              [
                140.390097101,
                -2.598918793
              ],
              [
                140.389992522,
                -2.598870987
              ],
              [
                140.390011537,
                -2.598804058
              ],
              [
                140.39006858,
                -2.598679761
              ],
              [
                140.390068579,
                -2.598517219
              ],
              [
                140.390087594,
                -2.598392922
              ],
              [
                140.390163652,
                -2.598259064
              ],
              [
                140.390192173,
                -2.598163452
              ],
              [
                140.390211187,
                -2.5980774
              ],
              [
                140.390239709,
                -2.597962664
              ],
              [
                140.390182666,
                -2.597867052
              ],
              [
                140.390125623,
                -2.597761877
              ],
              [
                140.390021044,
                -2.597675826
              ],
              [
                140.389878436,
                -2.597570651
              ],
              [
                140.389773857,
                -2.597513284
              ],
              [
                140.38959322,
                -2.597455916
              ],
              [
                140.389479134,
                -2.597446354
              ],
              [
                140.389308005,
                -2.597503722
              ],
              [
                140.389212932,
                -2.597599335
              ],
              [
                140.389146382,
                -2.597685387
              ],
              [
                140.389032296,
                -2.597761877
              ],
              [
                140.388956239,
                -2.597723632
              ],
              [
                140.38885166,
                -2.59763758
              ],
              [
                140.388728066,
                -2.597503722
              ],
              [
                140.388585458,
                -2.597360303
              ],
              [
                140.388499893,
                -2.597216883
              ],
              [
                140.38844285,
                -2.597035218
              ],
              [
                140.388366792,
                -2.596853553
              ],
              [
                140.388300242,
                -2.596710134
              ],
              [
                140.388205171,
                -2.596557153
              ],
              [
                140.388110098,
                -2.59638505
              ],
              [
                140.388015026,
                -2.596251192
              ],
              [
                140.387986505,
                -2.596107772
              ],
              [
                140.387976998,
                -2.595887862
              ],
              [
                140.387986505,
                -2.595658391
              ],
              [
                140.38799084,
                -2.595321527
              ],
              [
                140.388053055,
                -2.594979538
              ],
              [
                140.38807207,
                -2.594807433
              ],
              [
                140.388110098,
                -2.594654453
              ],
              [
                140.388167141,
                -2.594520594
              ],
              [
                140.388214678,
                -2.594329368
              ],
              [
                140.388214678,
                -2.593975599
              ],
              [
                140.38816911,
                -2.593734585
              ],
              [
                140.38832344,
                -2.593614659
              ],
              [
                140.388437526,
                -2.593428213
              ],
              [
                140.388466048,
                -2.593213083
              ],
              [
                140.388437526,
                -2.59305532
              ],
              [
                140.388423265,
                -2.592711113
              ],
              [
                140.388366222,
                -2.592467299
              ],
              [
                140.388366222,
                -2.592295195
              ],
              [
                140.388380483,
                -2.592137433
              ],
              [
                140.388466048,
                -2.591893618
              ],
              [
                140.388643119,
                -2.591724503
              ],
              [
                140.388747104,
                -2.591664744
              ],
              [
                140.388836234,
                -2.591587058
              ],
              [
                140.388904566,
                -2.591536264
              ],
              [
                140.388946161,
                -2.591488456
              ],
              [
                140.38900558,
                -2.591428698
              ],
              [
                140.389067972,
                -2.591371928
              ],
              [
                140.389115508,
                -2.591342048
              ],
              [
                140.389127391,
                -2.591276314
              ],
              [
                140.389127392,
                -2.591189665
              ],
              [
                140.389136305,
                -2.591129906
              ],
              [
                140.389115507,
                -2.591055208
              ],
              [
                140.389112537,
                -2.590956607
              ],
              [
                140.389103624,
                -2.590852029
              ],
              [
                140.38912145,
                -2.590666779
              ],
              [
                140.389118478,
                -2.590490491
              ],
              [
                140.389118478,
                -2.590373962
              ],
              [
                140.389106595,
                -2.590299264
              ],
              [
                140.389100653,
                -2.590239505
              ],
              [
                140.389073914,
                -2.59016182
              ],
              [
                140.389073914,
                -2.590119988
              ],
              [
                140.389041232,
                -2.590072182
              ],
              [
                140.389017465,
                -2.590027363
              ],
              [
                140.388978842,
                -2.589958641
              ],
              [
                140.388919422,
                -2.589904858
              ],
              [
                140.388865944,
                -2.589883943
              ],
              [
                140.388800582,
                -2.589860039
              ],
              [
                140.388761959,
                -2.589860039
              ],
              [
                140.388708481,
                -2.589857051
              ],
              [
                140.388643119,
                -2.589874979
              ],
              [
                140.388625293,
                -2.589871991
              ],
              [
                140.388589642,
                -2.589821196
              ],
              [
                140.388533192,
                -2.589785341
              ],
              [
                140.388491598,
                -2.589776377
              ],
              [
                140.388450004,
                -2.589740522
              ],
              [
                140.388435149,
                -2.589698692
              ],
              [
                140.388417323,
                -2.589647896
              ],
              [
                140.388414353,
                -2.589594114
              ],
              [
                140.388414352,
                -2.589531367
              ],
              [
                140.388402468,
                -2.589447706
              ],
              [
                140.388411382,
                -2.58941185
              ],
              [
                140.388426237,
                -2.589346117
              ],
              [
                140.388441091,
                -2.589292334
              ],
              [
                140.388461888,
                -2.589244527
              ],
              [
                140.388452975,
                -2.589190744
              ],
              [
                140.388441092,
                -2.589127997
              ],
              [
                140.388461888,
                -2.589047323
              ],
              [
                140.388485656,
                -2.589005493
              ],
              [
                140.388473772,
                -2.588939759
              ],
              [
                140.388450004,
                -2.588847132
              ],
              [
                140.388423266,
                -2.588784387
              ],
              [
                140.388396527,
                -2.58872164
              ],
              [
                140.388369787,
                -2.588670845
              ],
              [
                140.388357903,
                -2.588602123
              ],
              [
                140.388360874,
                -2.588536389
              ],
              [
                140.3883787,
                -2.588455714
              ],
              [
                140.388396526,
                -2.588381016
              ],
              [
                140.388429207,
                -2.588315282
              ],
              [
                140.388470801,
                -2.588252535
              ],
              [
                140.388509424,
                -2.588162897
              ],
              [
                140.388539134,
                -2.588082223
              ],
              [
                140.38852725,
                -2.588022464
              ],
              [
                140.388515366,
                -2.587959719
              ],
              [
                140.388524279,
                -2.587882032
              ],
              [
                140.388536163,
                -2.587822274
              ],
              [
                140.388524279,
                -2.587747575
              ],
              [
                140.388509424,
                -2.587690805
              ],
              [
                140.388509425,
                -2.587616106
              ],
              [
                140.388512395,
                -2.58755336
              ],
              [
                140.388515367,
                -2.587475674
              ],
              [
                140.38852725,
                -2.587424879
              ],
              [
                140.388542105,
                -2.58738006
              ],
              [
                140.388559932,
                -2.58730835
              ],
              [
                140.388601525,
                -2.587218712
              ],
              [
                140.388619351,
                -2.587057364
              ],
              [
                140.388681742,
                -2.586842232
              ],
              [
                140.388699568,
                -2.586743631
              ],
              [
                140.388714423,
                -2.586674908
              ],
              [
                140.388729278,
                -2.58660021
              ],
              [
                140.388726307,
                -2.58654344
              ],
              [
                140.388708481,
                -2.586495632
              ],
              [
                140.388726307,
                -2.58644185
              ],
              [
                140.388776814,
                -2.586391055
              ],
              [
                140.388806524,
                -2.586352211
              ],
              [
                140.38882435,
                -2.586289466
              ],
              [
                140.388827321,
                -2.586235682
              ],
              [
                140.388845146,
                -2.586146044
              ],
              [
                140.388862973,
                -2.586053418
              ],
              [
                140.388895654,
                -2.585984696
              ],
              [
                140.388919422,
                -2.585948841
              ],
              [
                140.388975871,
                -2.585898046
              ],
              [
                140.389008552,
                -2.585898046
              ],
              [
                140.389100652,
                -2.585954817
              ],
              [
                140.389195724,
                -2.586005611
              ],
              [
                140.389252174,
                -2.5860086
              ],
              [
                140.389296739,
                -2.585966769
              ],
              [
                140.389323477,
                -2.58592195
              ],
              [
                140.38935913,
                -2.585924938
              ],
              [
                140.38942152,
                -2.585966769
              ],
              [
                140.389555215,
                -2.585981709
              ],
              [
                140.389617606,
                -2.585951829
              ],
              [
                140.389650287,
                -2.585898046
              ],
              [
                140.389650287,
                -2.585832312
              ],
              [
                140.389653258,
                -2.585760601
              ],
              [
                140.389730504,
                -2.585694866
              ],
              [
                140.38978101,
                -2.585682915
              ],
              [
                140.389840431,
                -2.585676939
              ],
              [
                140.389908764,
                -2.585673951
              ],
              [
                140.389971154,
                -2.585673951
              ],
              [
                140.39004543,
                -2.585700843
              ],
              [
                140.390089994,
                -2.585751638
              ],
              [
                140.39010485,
                -2.585814384
              ],
              [
                140.390149414,
                -2.585883106
              ],
              [
                140.390208834,
                -2.585936889
              ],
              [
                140.390300935,
                -2.586005612
              ],
              [
                140.390384123,
                -2.586050431
              ],
              [
                140.390470282,
                -2.586077322
              ],
              [
                140.390547528,
                -2.58605043
              ],
              [
                140.390627744,
                -2.586017564
              ],
              [
                140.390699049,
                -2.585975732
              ],
              [
                140.390770352,
                -2.585918962
              ],
              [
                140.390797092,
                -2.585853227
              ],
              [
                140.390832743,
                -2.585784504
              ],
              [
                140.390835715,
                -2.585742673
              ],
              [
                140.390803033,
                -2.585682915
              ],
              [
                140.390758468,
                -2.585629132
              ],
              [
                140.390681222,
                -2.585533518
              ],
              [
                140.390651513,
                -2.585494675
              ],
              [
                140.390595064,
                -2.585422965
              ],
              [
                140.390538615,
                -2.585366194
              ],
              [
                140.39049405,
                -2.585321375
              ],
              [
                140.390461369,
                -2.585273568
              ],
              [
                140.390413833,
                -2.585228749
              ],
              [
                140.390378181,
                -2.585163014
              ],
              [
                140.390369268,
                -2.585121184
              ],
              [
                140.390372239,
                -2.585088316
              ],
              [
                140.390384123,
                -2.585028557
              ],
              [
                140.390384123,
                -2.584968799
              ],
              [
                140.390372239,
                -2.58492398
              ],
              [
                140.3903455,
                -2.584876173
              ],
              [
                140.390327674,
                -2.58482239
              ],
              [
                140.390318761,
                -2.584777571
              ],
              [
                140.39031579,
                -2.584723788
              ],
              [
                140.390259341,
                -2.584664029
              ],
              [
                140.390214777,
                -2.58461921
              ],
              [
                140.390185066,
                -2.584556464
              ],
              [
                140.390161298,
                -2.584499693
              ],
              [
                140.390119705,
                -2.584463837
              ],
              [
                140.390081082,
                -2.584424994
              ],
              [
                140.390057313,
                -2.584380175
              ],
              [
                140.39001869,
                -2.584323404
              ],
              [
                140.38998898,
                -2.584272609
              ],
              [
                140.389947386,
                -2.584203887
              ],
              [
                140.38992659,
                -2.58414114
              ],
              [
                140.389884995,
                -2.584042538
              ],
              [
                140.389882024,
                -2.583991744
              ],
              [
                140.389890938,
                -2.583908081
              ],
              [
                140.389914705,
                -2.583842346
              ],
              [
                140.389917676,
                -2.583803503
              ],
              [
                140.389965212,
                -2.583770636
              ],
              [
                140.39001572,
                -2.583737768
              ],
              [
                140.390026851,
                -2.583677
              ],
              [
                140.3900484,
                -2.583627214
              ],
              [
                140.390066226,
                -2.583585383
              ],
              [
                140.39007811,
                -2.583549528
              ],
              [
                140.390084052,
                -2.583510685
              ],
              [
                140.390063255,
                -2.583477818
              ],
              [
                140.390051371,
                -2.583432999
              ],
              [
                140.390060285,
                -2.58338818
              ],
              [
                140.390084053,
                -2.583328421
              ],
              [
                140.390107821,
                -2.583253723
              ],
              [
                140.390125646,
                -2.583214879
              ],
              [
                140.390149415,
                -2.583185
              ],
              [
                140.390182096,
                -2.583164084
              ],
              [
                140.390220718,
                -2.583131217
              ],
              [
                140.390223689,
                -2.583101338
              ],
              [
                140.39019695,
                -2.583056518
              ],
              [
                140.39022666,
                -2.583005724
              ],
              [
                140.390262312,
                -2.582975844
              ],
              [
                140.390289051,
                -2.583023651
              ],
              [
                140.390327674,
                -2.583074446
              ],
              [
                140.390354413,
                -2.58308341
              ],
              [
                140.390491079,
                -2.583095361
              ],
              [
                140.390508905,
                -2.583095362
              ],
              [
                140.390601006,
                -2.583077434
              ],
              [
                140.390690135,
                -2.58306847
              ],
              [
                140.39076144,
                -2.583065482
              ],
              [
                140.390832744,
                -2.583077434
              ],
              [
                140.390865424,
                -2.583089386
              ],
              [
                140.390895134,
                -2.583134205
              ],
              [
                140.390924845,
                -2.583259699
              ],
              [
                140.390954554,
                -2.583367265
              ],
              [
                140.391013974,
                -2.583456903
              ],
              [
                140.391049627,
                -2.583522637
              ],
              [
                140.391126873,
                -2.58357642
              ],
              [
                140.391204118,
                -2.583612275
              ],
              [
                140.39123977,
                -2.583600323
              ],
              [
                140.391293248,
                -2.583522637
              ],
              [
                140.391305132,
                -2.583432999
              ],
              [
                140.391305132,
                -2.583361288
              ],
              [
                140.39129919,
                -2.583283602
              ],
              [
                140.391287306,
                -2.583193964
              ],
              [
                140.391257596,
                -2.583116277
              ],
              [
                140.391227887,
                -2.582984808
              ],
              [
                140.391162524,
                -2.582751749
              ],
              [
                140.391138757,
                -2.582650158
              ],
              [
                140.391156582,
                -2.582554544
              ],
              [
                140.391174408,
                -2.582446979
              ],
              [
                140.391221944,
                -2.582333436
              ],
              [
                140.391322958,
                -2.58218404
              ],
              [
                140.391400204,
                -2.582124281
              ],
              [
                140.391459624,
                -2.582058546
              ],
              [
                140.391548754,
                -2.581992811
              ],
              [
                140.391691362,
                -2.581950981
              ],
              [
                140.391839911,
                -2.581927077
              ],
              [
                140.392024113,
                -2.581986836
              ],
              [
                140.392172663,
                -2.582058546
              ],
              [
                140.392261793,
                -2.582118305
              ],
              [
                140.392380632,
                -2.582207944
              ],
              [
                140.39246382,
                -2.582273678
              ],
              [
                140.392558892,
                -2.582333437
              ],
              [
                140.392677733,
                -2.582351364
              ],
              [
                140.392754978,
                -2.582345389
              ],
              [
                140.392873818,
                -2.582327461
              ],
              [
                140.392957006,
                -2.582249774
              ],
              [
                140.393004542,
                -2.582190015
              ],
              [
                140.39308773,
                -2.582124281
              ],
              [
                140.393141208,
                -2.582064522
              ],
              [
                140.393182801,
                -2.582040618
              ],
              [
                140.393224396,
                -2.581921101
              ],
              [
                140.393242222,
                -2.581843414
              ],
              [
                140.393271932,
                -2.581753776
              ],
              [
                140.393271932,
                -2.581658162
              ],
              [
                140.39326599,
                -2.581550596
              ],
              [
                140.393242222,
                -2.58147291
              ],
              [
                140.393200627,
                -2.58137132
              ],
              [
                140.393170918,
                -2.581305584
              ],
              [
                140.39308773,
                -2.581209971
              ],
              [
                140.393010484,
                -2.581156188
              ],
              [
                140.392945122,
                -2.581078501
              ],
              [
                140.392903528,
                -2.581012766
              ],
              [
                140.39287976,
                -2.5809052
              ],
              [
                140.392850051,
                -2.580785682
              ],
              [
                140.392844109,
                -2.580654212
              ],
              [
                140.392885702,
                -2.580522743
              ],
              [
                140.392891644,
                -2.580421152
              ],
              [
                140.392832225,
                -2.580343466
              ],
              [
                140.392749036,
                -2.580301635
              ],
              [
                140.392653964,
                -2.580253828
              ],
              [
                140.39258266,
                -2.580211996
              ],
              [
                140.392558892,
                -2.580128334
              ],
              [
                140.392570776,
                -2.580026744
              ],
              [
                140.392576718,
                -2.579961009
              ],
              [
                140.392576718,
                -2.579883323
              ],
              [
                140.392624254,
                -2.579793683
              ],
              [
                140.392683674,
                -2.579733925
              ],
              [
                140.39271191,
                -2.579622692
              ],
              [
                140.392808457,
                -2.579548672
              ],
              [
                140.392855992,
                -2.579500865
              ],
              [
                140.392903528,
                -2.579423178
              ],
              [
                140.392962948,
                -2.579333539
              ],
              [
                140.393010484,
                -2.579291709
              ],
              [
                140.39302831,
                -2.579219998
              ],
              [
                140.393052078,
                -2.579130359
              ],
              [
                140.393075846,
                -2.579058649
              ],
              [
                140.39311744,
                -2.578974986
              ],
              [
                140.393075846,
                -2.578897299
              ],
              [
                140.392980774,
                -2.578849492
              ],
              [
                140.392945122,
                -2.578789733
              ],
              [
                140.39296889,
                -2.578729974
              ],
              [
                140.393016426,
                -2.578658263
              ],
              [
                140.393063962,
                -2.578592528
              ],
              [
                140.393123382,
                -2.578508866
              ],
              [
                140.393188743,
                -2.578419227
              ],
              [
                140.39326599,
                -2.578359469
              ],
              [
                140.39335512,
                -2.578305685
              ],
              [
                140.393462075,
                -2.578216047
              ],
              [
                140.39353338,
                -2.578144336
              ],
              [
                140.393658161,
                -2.578060673
              ],
              [
                140.393782943,
                -2.577988962
              ],
              [
                140.393878015,
                -2.577953107
              ],
              [
                140.393973087,
                -2.577917251
              ],
              [
                140.394091927,
                -2.577923227
              ],
              [
                140.394204825,
                -2.577947131
              ],
              [
                140.394293955,
                -2.57800689
              ],
              [
                140.394383085,
                -2.578096528
              ],
              [
                140.394394968,
                -2.578144336
              ],
              [
                140.394424679,
                -2.578222022
              ],
              [
                140.394454388,
                -2.578311661
              ],
              [
                140.394484098,
                -2.578425203
              ],
              [
                140.394495983,
                -2.578484962
              ],
              [
                140.394525692,
                -2.578556673
              ],
              [
                140.39460888,
                -2.578622408
              ],
              [
                140.394739604,
                -2.578670215
              ],
              [
                140.394858444,
                -2.578670215
              ],
              [
                140.394947574,
                -2.578664239
              ],
              [
                140.395066414,
                -2.578652287
              ],
              [
                140.395191195,
                -2.578622408
              ],
              [
                140.395345687,
                -2.578586552
              ],
              [
                140.395601193,
                -2.578496914
              ],
              [
                140.395735958,
                -2.578442215
              ],
              [
                140.395821522,
                -2.578392017
              ],
              [
                140.395892826,
                -2.578291622
              ],
              [
                140.395914217,
                -2.578191226
              ],
              [
                140.395956999,
                -2.578155371
              ],
              [
                140.396021173,
                -2.57808366
              ],
              [
                140.396085347,
                -2.578054976
              ],
              [
                140.39613526,
                -2.578054976
              ],
              [
                140.396206564,
                -2.57808366
              ],
              [
                140.396263606,
                -2.578054976
              ],
              [
                140.396384824,
                -2.57794741
              ],
              [
                140.396441866,
                -2.577847015
              ],
              [
                140.39651317,
                -2.577732277
              ],
              [
                140.396627256,
                -2.577653395
              ],
              [
                140.396734212,
                -2.577567342
              ],
              [
                140.396805516,
                -2.577502802
              ],
              [
                140.396855429,
                -2.577438263
              ],
              [
                140.39688395,
                -2.577352209
              ],
              [
                140.396926733,
                -2.577302012
              ],
              [
                140.396955255,
                -2.577294841
              ],
              [
                140.39705508,
                -2.577280498
              ],
              [
                140.397126384,
                -2.577280499
              ],
              [
                140.397183427,
                -2.577302012
              ],
              [
                140.397226209,
                -2.577380893
              ],
              [
                140.397247601,
                -2.577466947
              ],
              [
                140.397290383,
                -2.577567342
              ],
              [
                140.397333166,
                -2.577689251
              ],
              [
                140.397390209,
                -2.57775379
              ],
              [
                140.397497164,
                -2.577854185
              ],
              [
                140.39759699,
                -2.577954581
              ],
              [
                140.397689685,
                -2.578062147
              ],
              [
                140.397760989,
                -2.578112344
              ],
              [
                140.397846553,
                -2.578155371
              ],
              [
                140.398010552,
                -2.578162542
              ],
              [
                140.398096117,
                -2.578141029
              ],
              [
                140.398181682,
                -2.578112344
              ],
              [
                140.398238725,
                -2.578076489
              ],
              [
                140.398288638,
                -2.577990437
              ],
              [
                140.398295768,
                -2.577890041
              ],
              [
                140.398295768,
                -2.577782474
              ],
              [
                140.398295769,
                -2.577682079
              ],
              [
                140.398288638,
                -2.577574513
              ],
              [
                140.398288638,
                -2.577502802
              ],
              [
                140.398310029,
                -2.577416749
              ],
              [
                140.398302899,
                -2.577366552
              ],
              [
                140.398281508,
                -2.577302012
              ],
              [
                140.398238725,
                -2.577208788
              ],
              [
                140.398160291,
                -2.577137077
              ],
              [
                140.398081856,
                -2.577065366
              ],
              [
                140.398039074,
                -2.576993655
              ],
              [
                140.397989161,
                -2.576943457
              ],
              [
                140.397939248,
                -2.576864575
              ],
              [
                140.397889336,
                -2.576792865
              ],
              [
                140.397853684,
                -2.576721153
              ],
              [
                140.397810902,
                -2.576642272
              ],
              [
                140.39779664,
                -2.576549048
              ],
              [
                140.39776812,
                -2.576448652
              ],
              [
                140.397739597,
                -2.576341086
              ],
              [
                140.397739598,
                -2.576290888
              ],
              [
                140.397732467,
                -2.576212006
              ],
              [
                140.397732468,
                -2.576140295
              ],
              [
                140.397703945,
                -2.576054242
              ],
              [
                140.397682555,
                -2.575975359
              ],
              [
                140.397661164,
                -2.575903648
              ],
              [
                140.397654033,
                -2.575796082
              ],
              [
                140.397632641,
                -2.575710029
              ],
              [
                140.397618381,
                -2.57565266
              ],
              [
                140.397547077,
                -2.575537923
              ],
              [
                140.397475773,
                -2.575459041
              ],
              [
                140.397311774,
                -2.57538733
              ],
              [
                140.397197688,
                -2.575344303
              ],
              [
                140.397104993,
                -2.575272592
              ],
              [
                140.396926733,
                -2.575172197
              ],
              [
                140.396848299,
                -2.575093315
              ],
              [
                140.396784126,
                -2.575007261
              ],
              [
                140.396755604,
                -2.574964235
              ],
              [
                140.396670039,
                -2.574856669
              ],
              [
                140.396620126,
                -2.574770615
              ],
              [
                140.396584474,
                -2.574713246
              ],
              [
                140.396541692,
                -2.574641535
              ],
              [
                140.396491779,
                -2.574569824
              ],
              [
                140.396391954,
                -2.574505284
              ],
              [
                140.396277867,
                -2.574404889
              ],
              [
                140.396263606,
                -2.574426402
              ],
              [
                140.396213694,
                -2.574361862
              ],
              [
                140.396199433,
                -2.574290151
              ],
              [
                140.396192302,
                -2.574189755
              ],
              [
                140.39614239,
                -2.574110873
              ],
              [
                140.396099608,
                -2.574031992
              ],
              [
                140.396092477,
                -2.573938767
              ],
              [
                140.396085347,
                -2.573881398
              ],
              [
                140.396078217,
                -2.57376666
              ],
              [
                140.396092477,
                -2.57370212
              ],
              [
                140.396106738,
                -2.573644751
              ],
              [
                140.396149521,
                -2.573486987
              ],
              [
                140.396220825,
                -2.573386591
              ],
              [
                140.39631352,
                -2.573264682
              ],
              [
                140.396334911,
                -2.573164287
              ],
              [
                140.396356301,
                -2.573071062
              ],
              [
                140.396377693,
                -2.572985009
              ],
              [
                140.396384824,
                -2.572877442
              ],
              [
                140.396391953,
                -2.57273402
              ],
              [
                140.396399084,
                -2.572626454
              ],
              [
                140.396399084,
                -2.572540399
              ],
              [
                140.396413345,
                -2.57241132
              ],
              [
                140.396427606,
                -2.572332437
              ],
              [
                140.396470388,
                -2.572167502
              ],
              [
                140.396498909,
                -2.571966711
              ],
              [
                140.396534561,
                -2.571851972
              ],
              [
                140.396577344,
                -2.571751577
              ],
              [
                140.396634387,
                -2.571672695
              ],
              [
                140.396719952,
                -2.571615325
              ],
              [
                140.396805516,
                -2.571572299
              ],
              [
                140.396905342,
                -2.571550785
              ],
              [
                140.396976646,
                -2.57157947
              ],
              [
                140.397090732,
                -2.571687037
              ],
              [
                140.397197687,
                -2.571744406
              ],
              [
                140.397368817,
                -2.571780261
              ],
              [
                140.397561338,
                -2.571801775
              ],
              [
                140.397832293,
                -2.571794604
              ],
              [
                140.397917857,
                -2.571751577
              ],
              [
                140.398031944,
                -2.571665524
              ],
              [
                140.398110378,
                -2.571572299
              ],
              [
                140.398195943,
                -2.57145039
              ],
              [
                140.398231595,
                -2.571278283
              ],
              [
                140.398231595,
                -2.5711994
              ],
              [
                140.398210203,
                -2.571113347
              ],
              [
                140.398203073,
                -2.570955583
              ],
              [
                140.39815316,
                -2.570819331
              ],
              [
                140.398117509,
                -2.57074762
              ],
              [
                140.398124639,
                -2.570625711
              ],
              [
                140.398188813,
                -2.570575512
              ],
              [
                140.398238725,
                -2.570632882
              ],
              [
                140.398395594,
                -2.57069025
              ],
              [
                140.398466898,
                -2.570647224
              ],
              [
                140.398545332,
                -2.570568342
              ],
              [
                140.398595244,
                -2.570489459
              ],
              [
                140.398588115,
                -2.570374721
              ],
              [
                140.398566723,
                -2.57030301
              ],
              [
                140.398531071,
                -2.570252812
              ],
              [
                140.39851681,
                -2.570166758
              ],
              [
                140.398538201,
                -2.570123732
              ],
              [
                140.398616636,
                -2.570008993
              ],
              [
                140.398602375,
                -2.569951625
              ],
              [
                140.398566723,
                -2.569844058
              ],
              [
                140.398602375,
                -2.569786688
              ],
              [
                140.398709331,
                -2.56979386
              ],
              [
                140.398802026,
                -2.569786689
              ],
              [
                140.398908982,
                -2.569743662
              ],
              [
                140.398980286,
                -2.569693463
              ],
              [
                140.399122894,
                -2.569736491
              ],
              [
                140.399258371,
                -2.569815372
              ],
              [
                140.399358197,
                -2.569894256
              ],
              [
                140.399479413,
                -2.569951624
              ],
              [
                140.399593499,
                -2.569980309
              ],
              [
                140.399679065,
                -2.569980309
              ],
              [
                140.399764629,
                -2.569944453
              ],
              [
                140.399835932,
                -2.569901427
              ],
              [
                140.399914367,
                -2.569815373
              ],
              [
                140.400007062,
                -2.569729319
              ],
              [
                140.400099758,
                -2.569650436
              ],
              [
                140.400199583,
                -2.569571554
              ],
              [
                140.400313669,
                -2.569471159
              ],
              [
                140.400342191,
                -2.569334907
              ],
              [
                140.40034219,
                -2.569220169
              ],
              [
                140.400370713,
                -2.569177142
              ],
              [
                140.400413494,
                -2.569105431
              ],
              [
                140.400413494,
                -2.569005035
              ],
              [
                140.400413494,
                -2.568904639
              ],
              [
                140.400434886,
                -2.568825756
              ],
              [
                140.400442017,
                -2.568732532
              ],
              [
                140.400442016,
                -2.568617794
              ],
              [
                140.400427755,
                -2.568524568
              ],
              [
                140.400413495,
                -2.56840983
              ],
              [
                140.400449147,
                -2.568295093
              ],
              [
                140.400470538,
                -2.568173183
              ],
              [
                140.400477668,
                -2.568094301
              ],
              [
                140.400499059,
                -2.567979562
              ],
              [
                140.400572763,
                -2.567840153
              ],
              [
                140.400627406,
                -2.567721401
              ],
              [
                140.400741493,
                -2.567613833
              ],
              [
                140.400855579,
                -2.567556464
              ],
              [
                140.400969665,
                -2.567463239
              ],
              [
                140.40106236,
                -2.56740587
              ],
              [
                140.401212099,
                -2.567319817
              ],
              [
                140.401304793,
                -2.567283961
              ],
              [
                140.401411749,
                -2.567219421
              ],
              [
                140.401490184,
                -2.567169223
              ],
              [
                140.401590009,
                -2.567133367
              ],
              [
                140.401682704,
                -2.567097511
              ],
              [
                140.401811052,
                -2.567068826
              ],
              [
                140.401903746,
                -2.567061655
              ],
              [
                140.402024963,
                -2.567075998
              ],
              [
                140.402188962,
                -2.567104682
              ],
              [
                140.402295918,
                -2.567133367
              ],
              [
                140.402388613,
                -2.567183565
              ],
              [
                140.402588264,
                -2.567190736
              ],
              [
                140.4025027,
                -2.566989944
              ],
              [
                140.402345831,
                -2.566674414
              ],
              [
                140.402288787,
                -2.566545333
              ],
              [
                140.402203223,
                -2.566373225
              ],
              [
                140.402089137,
                -2.566129406
              ],
              [
                140.402032094,
                -2.565985983
              ],
              [
                140.401989311,
                -2.565828217
              ],
              [
                140.40197505,
                -2.565641768
              ],
              [
                140.402060615,
                -2.565326237
              ],
              [
                140.402060615,
                -2.565154129
              ],
              [
                140.402003572,
                -2.564953336
              ],
              [
                140.401885921,
                -2.564637805
              ],
              [
                140.401800355,
                -2.56453741
              ],
              [
                140.401757574,
                -2.564422671
              ],
              [
                140.401750443,
                -2.56429359
              ],
              [
                140.401828877,
                -2.564200364
              ],
              [
                140.40187879,
                -2.564085626
              ],
              [
                140.401864529,
                -2.563963716
              ],
              [
                140.401729052,
                -2.563834635
              ],
              [
                140.401543661,
                -2.563669698
              ],
              [
                140.401450967,
                -2.563569302
              ],
              [
                140.401358272,
                -2.563461735
              ],
              [
                140.401286967,
                -2.563332654
              ],
              [
                140.401286967,
                -2.563167716
              ],
              [
                140.401351141,
                -2.563052978
              ],
              [
                140.401372532,
                -2.562974095
              ],
              [
                140.40134401,
                -2.562830672
              ],
              [
                140.401301229,
                -2.562715933
              ],
              [
                140.401187142,
                -2.562586852
              ],
              [
                140.401065926,
                -2.562507969
              ],
              [
                140.401001752,
                -2.562400401
              ],
              [
                140.400958969,
                -2.562264149
              ],
              [
                140.400944709,
                -2.562113555
              ],
              [
                140.400958969,
                -2.561977302
              ],
              [
                140.400987491,
                -2.561862563
              ],
              [
                140.400994622,
                -2.561640256
              ],
              [
                140.400930448,
                -2.56135341
              ],
              [
                140.400901927,
                -2.561209986
              ],
              [
                140.400852013,
                -2.561059391
              ],
              [
                140.40078784,
                -2.560951823
              ],
              [
                140.400659493,
                -2.5608084
              ],
              [
                140.400531146,
                -2.560686489
              ],
              [
                140.400438451,
                -2.560571751
              ],
              [
                140.400295843,
                -2.560320759
              ],
              [
                140.400274452,
                -2.560270561
              ],
              [
                140.4002388,
                -2.560112795
              ],
              [
                140.40023167,
                -2.559904831
              ],
              [
                140.4002388,
                -2.559739893
              ],
              [
                140.400288713,
                -2.559603641
              ],
              [
                140.400402799,
                -2.559467388
              ],
              [
                140.400559667,
                -2.559338306
              ],
              [
                140.400695145,
                -2.559209225
              ],
              [
                140.400823492,
                -2.559116
              ],
              [
                140.400909057,
                -2.559015603
              ],
              [
                140.40095897,
                -2.558922377
              ],
              [
                140.400958969,
                -2.558814809
              ],
              [
                140.400937578,
                -2.558678557
              ],
              [
                140.400894796,
                -2.558542304
              ],
              [
                140.400866275,
                -2.558284141
              ],
              [
                140.400766449,
                -2.558083347
              ],
              [
                140.400745058,
                -2.558018807
              ],
              [
                140.400652362,
                -2.557868212
              ],
              [
                140.400524016,
                -2.557696102
              ],
              [
                140.400466973,
                -2.55744511
              ],
              [
                140.400502625,
                -2.557394912
              ],
              [
                140.400545407,
                -2.557308858
              ],
              [
                140.400538276,
                -2.557208461
              ],
              [
                140.400495494,
                -2.557129578
              ],
              [
                140.400452712,
                -2.557108064
              ],
              [
                140.400360017,
                -2.557022009
              ],
              [
                140.400302973,
                -2.556928784
              ],
              [
                140.400224539,
                -2.55678536
              ],
              [
                140.4002388,
                -2.556677792
              ],
              [
                140.4002388,
                -2.556598908
              ],
              [
                140.400260191,
                -2.556498511
              ],
              [
                140.400320919,
                -2.556272224
              ],
              [
                140.400310104,
                -2.55613278
              ],
              [
                140.400224539,
                -2.556061068
              ],
              [
                140.400124714,
                -2.556039555
              ],
              [
                140.399996367,
                -2.55601087
              ],
              [
                140.399917932,
                -2.555982185
              ],
              [
                140.399853759,
                -2.555924815
              ],
              [
                140.399853759,
                -2.555881788
              ],
              [
                140.39987515,
                -2.555802904
              ],
              [
                140.399889411,
                -2.555724021
              ],
              [
                140.399917932,
                -2.555673822
              ],
              [
                140.399917933,
                -2.555609282
              ],
              [
                140.39988228,
                -2.555594939
              ],
              [
                140.399796716,
                -2.555551912
              ],
              [
                140.399837033,
                -2.555317642
              ],
              [
                140.399311849,
                -2.555150324
              ],
              [
                140.399342509,
                -2.555066616
              ],
              [
                140.399397144,
                -2.554833787
              ],
              [
                140.39933324,
                -2.554791763
              ],
              [
                140.399240545,
                -2.554741565
              ],
              [
                140.399083677,
                -2.554698538
              ],
              [
                140.398912547,
                -2.554633996
              ],
              [
                140.398748548,
                -2.554612483
              ],
              [
                140.39859881,
                -2.554619654
              ],
              [
                140.398384898,
                -2.554633996
              ],
              [
                140.398009059,
                -2.554716791
              ],
              [
                140.397584901,
                -2.55499074
              ],
              [
                140.397319631,
                -2.555210584
              ],
              [
                140.396880385,
                -2.554665071
              ],
              [
                140.396618938,
                -2.554449935
              ],
              [
                140.39611981,
                -2.554234798
              ],
              [
                140.395834594,
                -2.554234798
              ],
              [
                140.395430539,
                -2.554330415
              ],
              [
                140.394883876,
                -2.554473839
              ],
              [
                140.394313445,
                -2.55459336
              ],
              [
                140.393719245,
                -2.554593359
              ],
              [
                140.393410261,
                -2.554521648
              ],
              [
                140.392816062,
                -2.554497743
              ],
              [
                140.392221863,
                -2.554497743
              ],
              [
                140.391461287,
                -2.554521648
              ],
              [
                140.390700713,
                -2.554641167
              ],
              [
                140.389298402,
                -2.555023632
              ],
              [
                140.38839522,
                -2.555226817
              ],
              [
                140.387147401,
                -2.555513665
              ],
              [
                140.386006538,
                -2.555728802
              ],
              [
                140.384510997,
                -2.555971016
              ],
              [
                140.383505277,
                -2.556317784
              ],
              [
                140.379727782,
                -2.556573486
              ],
              [
                140.379125709,
                -2.556302498
              ],
              [
                140.378412671,
                -2.556087363
              ],
              [
                140.37730746,
                -2.555764658
              ],
              [
                140.375667469,
                -2.555764658
              ],
              [
                140.374343121,
                -2.555626576
              ],
              [
                140.37478554,
                -2.550480168
              ],
              [
                140.374765619,
                -2.547910165
              ],
              [
                140.374759493,
                -2.544727915
              ],
              [
                140.385939687,
                -2.543268205
              ],
              [
                140.391644469,
                -2.543018743
              ],
              [
                140.393076691,
                -2.542596142
              ],
              [
                140.39529406,
                -2.54194462
              ],
              [
                140.39681521,
                -2.541944619
              ],
              [
                140.398621576,
                -2.541849002
              ],
              [
                140.402994883,
                -2.541753385
              ],
              [
                140.40489632,
                -2.541370916
              ],
              [
                140.407843549,
                -2.540701595
              ],
              [
                140.4093647,
                -2.540605978
              ],
              [
                140.411075994,
                -2.540701595
              ]
            ]
          ]
        ]
      }
    }
  ]
}