{
  "type": "FeatureCollection",
  "features": [
    {
      "type": "Feature",
      "properties": {
        "idx": "2684",
        "nama_kewilayahan": " Dayak Mualang Kampung Resak Balai"
      },
      "geometry": {
        "type": "MultiPolygon",
        "coordinates": [
          [
            [
              [
                111.030586518,
                0.164232925
              ],
              [
                111.030822702,
                0.164317143
              ],
              [
                111.031164481,
                0.164428448
              ],
              [
                111.031529289,
                0.164496426
              ],
              [
                111.031768,
                0.164473701
              ],
              [
                111.031938468,
                0.1644411
              ],
              [
                111.032274911,
                0.164387291
              ],
              [
                111.032732112,
                0.164263686
              ],
              [
                111.033089898,
                0.164106947
              ],
              [
                111.033431677,
                0.163954626
              ],
              [
                111.033731049,
                0.163739965
              ],
              [
                111.034041655,
                0.163527706
              ],
              [
                111.03440618,
                0.163352696
              ],
              [
                111.034674941,
                0.163252344
              ],
              [
                111.034968416,
                0.163172879
              ],
              [
                111.035186626,
                0.163127006
              ],
              [
                111.03539641,
                0.163026038
              ],
              [
                111.035596928,
                0.162952475
              ],
              [
                111.035872429,
                0.162831573
              ],
              [
                111.036121251,
                0.162685152
              ],
              [
                111.036324014,
                0.162584097
              ],
              [
                111.036509366,
                0.162425573
              ],
              [
                111.036705952,
                0.162271731
              ],
              [
                111.036848055,
                0.162101284
              ],
              [
                111.03686322,
                0.16192493
              ],
              [
                111.036780935,
                0.161710887
              ],
              [
                111.036676463,
                0.16146221
              ],
              [
                111.036632652,
                0.161289817
              ],
              [
                111.03669247,
                0.161175825
              ],
              [
                111.036898322,
                0.161006044
              ],
              [
                111.036912926,
                0.160891576
              ],
              [
                111.036662701,
                0.160689532
              ],
              [
                111.036484369,
                0.160557002
              ],
              [
                111.036281043,
                0.160470066
              ],
              [
                111.036100184,
                0.160378779
              ],
              [
                111.035946565,
                0.160267136
              ],
              [
                111.035739027,
                0.160122856
              ],
              [
                111.035463245,
                0.159996194
              ],
              [
                111.035293619,
                0.159914186
              ],
              [
                111.035188305,
                0.159766389
              ],
              [
                111.035171174,
                0.159635539
              ],
              [
                111.035216668,
                0.159363219
              ],
              [
                111.035338551,
                0.15918798
              ],
              [
                111.035605347,
                0.159039459
              ],
              [
                111.035853326,
                0.158964093
              ],
              [
                111.036128546,
                0.158921118
              ],
              [
                111.036360517,
                0.158868513
              ],
              [
                111.036634895,
                0.158896592
              ],
              [
                111.037090412,
                0.158981568
              ],
              [
                111.03737827,
                0.1590373
              ],
              [
                111.037668655,
                0.159038025
              ],
              [
                111.037957075,
                0.159052496
              ],
              [
                111.038287901,
                0.159120138
              ],
              [
                111.038430284,
                0.159169757
              ],
              [
                111.038626591,
                0.159327677
              ],
              [
                111.03882149,
                0.159364097
              ],
              [
                111.039059922,
                0.159339076
              ],
              [
                111.039157934,
                0.159291964
              ],
              [
                111.039218312,
                0.159132116
              ],
              [
                111.039236005,
                0.158928287
              ],
              [
                111.039165515,
                0.158663918
              ],
              [
                111.039026781,
                0.158433247
              ],
              [
                111.03883553,
                0.158243272
              ],
              [
                111.038788911,
                0.158118995
              ],
              [
                111.038844516,
                0.157988905
              ],
              [
                111.038927364,
                0.157852224
              ],
              [
                111.039131531,
                0.157599905
              ],
              [
                111.039326152,
                0.157423111
              ],
              [
                111.039389338,
                0.157203716
              ],
              [
                111.039188822,
                0.157006758
              ],
              [
                111.039078172,
                0.156952881
              ],
              [
                111.038988865,
                0.156773155
              ],
              [
                111.038844795,
                0.156624934
              ],
              [
                111.03861479,
                0.156439146
              ],
              [
                111.038539244,
                0.156268714
              ],
              [
                111.038405565,
                0.155976197
              ],
              [
                111.038320752,
                0.155803379
              ],
              [
                111.038217966,
                0.155609746
              ],
              [
                111.038062943,
                0.155410989
              ],
              [
                111.038017728,
                0.15516118
              ],
              [
                111.038050586,
                0.155018862
              ],
              [
                111.038064909,
                0.154911264
              ],
              [
                111.038044125,
                0.154711605
              ],
              [
                111.038073614,
                0.154446
              ],
              [
                111.038055078,
                0.15421427
              ],
              [
                111.038045248,
                0.154042245
              ],
              [
                111.037958189,
                0.153876286
              ],
              [
                111.037973354,
                0.153686168
              ],
              [
                111.037980374,
                0.153388243
              ],
              [
                111.038000875,
                0.153115658
              ],
              [
                111.038048054,
                0.152923578
              ],
              [
                111.03816404,
                0.152872069
              ],
              [
                111.038378037,
                0.152812413
              ],
              [
                111.038580241,
                0.152784705
              ],
              [
                111.038717289,
                0.15269902
              ],
              [
                111.038705493,
                0.152481125
              ],
              [
                111.038503571,
                0.152197053
              ],
              [
                111.038420443,
                0.152113666
              ],
              [
                111.038206163,
                0.151948678
              ],
              [
                111.03795959,
                0.151826911
              ],
              [
                111.037697006,
                0.151753102
              ],
              [
                111.0373864,
                0.151710904
              ],
              [
                111.037068213,
                0.15174197
              ],
              [
                111.036912909,
                0.151605095
              ],
              [
                111.036951384,
                0.151348747
              ],
              [
                111.037085624,
                0.151056725
              ],
              [
                111.037216494,
                0.1508747
              ],
              [
                111.037331356,
                0.150697075
              ],
              [
                111.03751755,
                0.150456031
              ],
              [
                111.037814675,
                0.150209243
              ],
              [
                111.03802446,
                0.150087653
              ],
              [
                111.038340682,
                0.150029057
              ],
              [
                111.038647916,
                0.149924516
              ],
              [
                111.038849558,
                0.149715705
              ],
              [
                111.039028169,
                0.14951813
              ],
              [
                111.039168868,
                0.149251394
              ],
              [
                111.039248625,
                0.148963381
              ],
              [
                111.039295524,
                0.14878277
              ],
              [
                111.039187682,
                0.148653281
              ],
              [
                111.039056812,
                0.148553336
              ],
              [
                111.03885461,
                0.148574154
              ],
              [
                111.038629098,
                0.148672665
              ],
              [
                111.038429423,
                0.148656834
              ],
              [
                111.038213459,
                0.148423053
              ],
              [
                111.038001709,
                0.148225992
              ],
              [
                111.037925601,
                0.148117459
              ],
              [
                111.037757661,
                0.148122575
              ],
              [
                111.037614154,
                0.148173811
              ],
              [
                111.037438912,
                0.148213252
              ],
              [
                111.037242606,
                0.148335002
              ],
              [
                111.037087305,
                0.148473206
              ],
              [
                111.036862636,
                0.14872303
              ],
              [
                111.036672228,
                0.148966337
              ],
              [
                111.036566072,
                0.149150904
              ],
              [
                111.036455985,
                0.149301052
              ],
              [
                111.036318656,
                0.149411952
              ],
              [
                111.03618217,
                0.149456396
              ],
              [
                111.036109714,
                0.149437293
              ],
              [
                111.036020969,
                0.149470761
              ],
              [
                111.035882236,
                0.149489933
              ],
              [
                111.035694074,
                0.14946735
              ],
              [
                111.035455926,
                0.149444237
              ],
              [
                111.035365215,
                0.149424943
              ],
              [
                111.035227044,
                0.149386825
              ],
              [
                111.035059103,
                0.1493805
              ],
              [
                111.034902396,
                0.14937886
              ],
              [
                111.034696261,
                0.149356081
              ],
              [
                111.034517088,
                0.149338163
              ],
              [
                111.034344935,
                0.149288226
              ],
              [
                111.034220524,
                0.149231928
              ],
              [
                111.034191317,
                0.149178899
              ],
              [
                111.034477771,
                0.149147498
              ],
              [
                111.034749902,
                0.149184711
              ],
              [
                111.034990297,
                0.149196392
              ],
              [
                111.035210754,
                0.149178049
              ],
              [
                111.035438793,
                0.149061229
              ],
              [
                111.035705307,
                0.148937923
              ],
              [
                111.035908072,
                0.148862099
              ],
              [
                111.036076854,
                0.148767561
              ],
              [
                111.036136111,
                0.148726919
              ],
              [
                111.03621615,
                0.148647527
              ],
              [
                111.036369486,
                0.148245662
              ],
              [
                111.03651187,
                0.148047707
              ],
              [
                111.036632066,
                0.147805965
              ],
              [
                111.036696659,
                0.147692017
              ],
              [
                111.036807027,
                0.147530411
              ],
              [
                111.037104715,
                0.147226336
              ],
              [
                111.037364488,
                0.146832451
              ],
              [
                111.037543381,
                0.146616543
              ],
              [
                111.037722272,
                0.146418961
              ],
              [
                111.037843031,
                0.146097003
              ],
              [
                111.037892459,
                0.145900365
              ],
              [
                111.037932618,
                0.145687594
              ],
              [
                111.037985415,
                0.145110464
              ],
              [
                111.03803428,
                0.144691462
              ],
              [
                111.038198568,
                0.144317226
              ],
              [
                111.038322697,
                0.144151168
              ],
              [
                111.038428011,
                0.144039939
              ],
              [
                111.038521811,
                0.143949219
              ],
              [
                111.038680203,
                0.143765188
              ],
              [
                111.038931551,
                0.143550032
              ],
              [
                111.039198907,
                0.143346503
              ],
              [
                111.039489011,
                0.143156959
              ],
              [
                111.039775745,
                0.143045334
              ],
              [
                111.039934699,
                0.143063032
              ],
              [
                111.04014645,
                0.14297125
              ],
              [
                111.040317478,
                0.142874468
              ],
              [
                111.040615447,
                0.142834011
              ],
              [
                111.040899653,
                0.142772784
              ],
              [
                111.041009178,
                0.142698284
              ],
              [
                111.041225704,
                0.142599672
              ],
              [
                111.041445036,
                0.14244607
              ],
              [
                111.041718852,
                0.142279289
              ],
              [
                111.041967955,
                0.142059528
              ],
              [
                111.042126346,
                0.141854857
              ],
              [
                111.042206664,
                0.141750248
              ],
              [
                111.042346521,
                0.141598113
              ],
              [
                111.042486378,
                0.141425348
              ],
              [
                111.042565012,
                0.141256531
              ],
              [
                111.042632974,
                0.141021118
              ],
              [
                111.042748115,
                0.140818294
              ],
              [
                111.042770302,
                0.140621383
              ],
              [
                111.042742498,
                0.140428536
              ],
              [
                111.042653473,
                0.140223585
              ],
              [
                111.042473738,
                0.140010805
              ],
              [
                111.042254966,
                0.139836592
              ],
              [
                111.042090676,
                0.139649204
              ],
              [
                111.041955874,
                0.139496495
              ],
              [
                111.041855053,
                0.139353321
              ],
              [
                111.04182051,
                0.139130601
              ],
              [
                111.04188117,
                0.138936384
              ],
              [
                111.04204602,
                0.138770749
              ],
              [
                111.042379374,
                0.138540397
              ],
              [
                111.04268745,
                0.138348758
              ],
              [
                111.042997495,
                0.138221318
              ],
              [
                111.04331147,
                0.138121435
              ],
              [
                111.043570681,
                0.138082878
              ],
              [
                111.043876513,
                0.138147958
              ],
              [
                111.044152295,
                0.138272322
              ],
              [
                111.044369381,
                0.138368574
              ],
              [
                111.0445303,
                0.138420682
              ],
              [
                111.044716776,
                0.138544341
              ],
              [
                111.045128482,
                0.138534665
              ],
              [
                111.045387134,
                0.138557991
              ],
              [
                111.045584562,
                0.138544003
              ],
              [
                111.045762612,
                0.138454158
              ],
              [
                111.04605412,
                0.138317368
              ],
              [
                111.046266432,
                0.138177455
              ],
              [
                111.046334955,
                0.138141476
              ],
              [
                111.046537439,
                0.138081698
              ],
              [
                111.046781767,
                0.137912315
              ],
              [
                111.046939878,
                0.137764951
              ],
              [
                111.047039013,
                0.137571142
              ],
              [
                111.047143483,
                0.137287969
              ],
              [
                111.047145729,
                0.137031246
              ],
              [
                111.047045751,
                0.136768874
              ],
              [
                111.046985651,
                0.136389999
              ],
              [
                111.047085628,
                0.136109075
              ],
              [
                111.047186449,
                0.136004675
              ],
              [
                111.047429652,
                0.135968238
              ],
              [
                111.047596189,
                0.135862233
              ],
              [
                111.047866353,
                0.135842122
              ],
              [
                111.048347988,
                0.135805879
              ],
              [
                111.048756044,
                0.135858271
              ],
              [
                111.049143879,
                0.135926496
              ],
              [
                111.049508405,
                0.13602887
              ],
              [
                111.049800476,
                0.136112143
              ],
              [
                111.050092827,
                0.136167919
              ],
              [
                111.050416631,
                0.136269859
              ],
              [
                111.050810644,
                0.136372541
              ],
              [
                111.051291157,
                0.136457784
              ],
              [
                111.051600918,
                0.136350973
              ],
              [
                111.051689943,
                0.136267091
              ],
              [
                111.051884002,
                0.136156783
              ],
              [
                111.052162311,
                0.135985457
              ],
              [
                111.052436125,
                0.135816384
              ],
              [
                111.052694775,
                0.135580667
              ],
              [
                111.05306885,
                0.135373666
              ],
              [
                111.053493755,
                0.135329948
              ],
              [
                111.053737521,
                0.135222459
              ],
              [
                111.053994486,
                0.135163242
              ],
              [
                111.054306776,
                0.135255898
              ],
              [
                111.054587052,
                0.135412415
              ],
              [
                111.054769315,
                0.135602284
              ],
              [
                111.054870417,
                0.13571108
              ],
              [
                111.055000444,
                0.13591187
              ],
              [
                111.055127382,
                0.136190578
              ],
              [
                111.055286899,
                0.136393966
              ],
              [
                111.055421139,
                0.136622314
              ],
              [
                111.055517186,
                0.136813588
              ],
              [
                111.055714052,
                0.137143451
              ],
              [
                111.055827511,
                0.13742201
              ],
              [
                111.055865144,
                0.137807527
              ],
              [
                111.056104137,
                0.138261615
              ],
              [
                111.056294263,
                0.138579949
              ],
              [
                111.0564872,
                0.138838707
              ],
              [
                111.056645311,
                0.138952682
              ],
              [
                111.056753714,
                0.139011116
              ],
              [
                111.056973048,
                0.139109684
              ],
              [
                111.057256973,
                0.139080552
              ],
              [
                111.05763189,
                0.139027151
              ],
              [
                111.057775397,
                0.138980502
              ],
              [
                111.058059883,
                0.138905523
              ],
              [
                111.058324712,
                0.138734057
              ],
              [
                111.058557245,
                0.138610399
              ],
              [
                111.058941149,
                0.138559383
              ],
              [
                111.059164693,
                0.138440221
              ],
              [
                111.059377006,
                0.138309467
              ],
              [
                111.059582858,
                0.138132814
              ],
              [
                111.059742936,
                0.13799464
              ],
              [
                111.059878297,
                0.137801201
              ],
              [
                111.060032477,
                0.137580442
              ],
              [
                111.060232151,
                0.137328072
              ],
              [
                111.060256022,
                0.137186185
              ],
              [
                111.060252931,
                0.137014225
              ],
              [
                111.060241137,
                0.136803203
              ],
              [
                111.060231306,
                0.136619712
              ],
              [
                111.060244224,
                0.13643875
              ],
              [
                111.0602226,
                0.136296396
              ],
              [
                111.060193112,
                0.136046216
              ],
              [
                111.060115881,
                0.135786371
              ],
              [
                111.060057466,
                0.135441902
              ],
              [
                111.060013374,
                0.135301607
              ],
              [
                111.05993193,
                0.134993574
              ],
              [
                111.059859475,
                0.13469481
              ],
              [
                111.059774942,
                0.134517416
              ],
              [
                111.059725796,
                0.134402284
              ],
              [
                111.059758372,
                0.134045013
              ],
              [
                111.059772694,
                0.133960345
              ],
              [
                111.059748823,
                0.133838594
              ],
              [
                111.059725513,
                0.133661836
              ],
              [
                111.05973815,
                0.133490043
              ],
              [
                111.059716245,
                0.133393536
              ],
              [
                111.059692093,
                0.133319929
              ],
              [
                111.059734498,
                0.133143851
              ],
              [
                111.059841778,
                0.133050983
              ],
              [
                111.059919289,
                0.133015111
              ],
              [
                111.060028534,
                0.133004793
              ],
              [
                111.060042576,
                0.132933871
              ],
              [
                111.060007189,
                0.132837222
              ],
              [
                111.05987632,
                0.132723532
              ],
              [
                111.059677207,
                0.132675608
              ],
              [
                111.059458997,
                0.132710015
              ],
              [
                111.059201751,
                0.132789859
              ],
              [
                111.058964725,
                0.132895131
              ],
              [
                111.058726013,
                0.132949955
              ],
              [
                111.058381708,
                0.133109124
              ],
              [
                111.057980675,
                0.133295213
              ],
              [
                111.057575428,
                0.133419366
              ],
              [
                111.057404119,
                0.133568877
              ],
              [
                111.056963487,
                0.133834793
              ],
              [
                111.056536615,
                0.134119183
              ],
              [
                111.056219271,
                0.134356581
              ],
              [
                111.055892939,
                0.13453886
              ],
              [
                111.055709835,
                0.134708887
              ],
              [
                111.055355138,
                0.134780832
              ],
              [
                111.055135804,
                0.134693736
              ],
              [
                111.054927143,
                0.134411882
              ],
              [
                111.054588734,
                0.134151613
              ],
              [
                111.054103448,
                0.134082372
              ],
              [
                111.05367433,
                0.134105407
              ],
              [
                111.053361477,
                0.134072346
              ],
              [
                111.053028405,
                0.133995516
              ],
              [
                111.052686346,
                0.133918597
              ],
              [
                111.052427976,
                0.133863182
              ],
              [
                111.052067383,
                0.13381587
              ],
              [
                111.05184496,
                0.133818132
              ],
              [
                111.051607935,
                0.133934872
              ],
              [
                111.051213079,
                0.134159997
              ],
              [
                111.050981671,
                0.134434958
              ],
              [
                111.050746611,
                0.134563177
              ],
              [
                111.050507338,
                0.134663847
              ],
              [
                111.050171738,
                0.134896461
              ],
              [
                111.049852428,
                0.135074236
              ],
              [
                111.049531432,
                0.135176339
              ],
              [
                111.049222511,
                0.135212095
              ],
              [
                111.048924825,
                0.135252543
              ],
              [
                111.048627699,
                0.135215064
              ],
              [
                111.048378316,
                0.135178081
              ],
              [
                111.048034011,
                0.135085091
              ],
              [
                111.047766374,
                0.135073129
              ],
              [
                111.047497613,
                0.135166614
              ],
              [
                111.047264801,
                0.135310895
              ],
              [
                111.046870226,
                0.135538315
              ],
              [
                111.046452902,
                0.135765497
              ],
              [
                111.046066191,
                0.135848584
              ],
              [
                111.045875503,
                0.135876389
              ],
              [
                111.045626682,
                0.136027392
              ],
              [
                111.045168919,
                0.13621289
              ],
              [
                111.044844554,
                0.13643646
              ],
              [
                111.044593486,
                0.136580554
              ],
              [
                111.04425227,
                0.13668474
              ],
              [
                111.04386275,
                0.136831981
              ],
              [
                111.043562255,
                0.136938887
              ],
              [
                111.043177508,
                0.137074712
              ],
              [
                111.042876733,
                0.137211413
              ],
              [
                111.042559388,
                0.137409834
              ],
              [
                111.0422881,
                0.13754914
              ],
              [
                111.042104152,
                0.137544927
              ],
              [
                111.041722495,
                0.13757534
              ],
              [
                111.04130433,
                0.137924008
              ],
              [
                111.04094486,
                0.138266417
              ],
              [
                111.04060898,
                0.138540293
              ],
              [
                111.040286861,
                0.138770763
              ],
              [
                111.040069773,
                0.138931263
              ],
              [
                111.03985353,
                0.139009245
              ],
              [
                111.039711145,
                0.138927526
              ],
              [
                111.039483105,
                0.138776143
              ],
              [
                111.039263772,
                0.138686742
              ],
              [
                111.038982936,
                0.138598997
              ],
              [
                111.038758267,
                0.138619576
              ],
              [
                111.038460299,
                0.138662329
              ],
              [
                111.038237595,
                0.138715024
              ],
              [
                111.038012364,
                0.138756231
              ],
              [
                111.037796682,
                0.138772321
              ],
              [
                111.037371777,
                0.138829786
              ],
              [
                111.037003038,
                0.138945148
              ],
              [
                111.03677528,
                0.139023005
              ],
              [
                111.036609587,
                0.139032742
              ],
              [
                111.036500622,
                0.139006396
              ],
              [
                111.036398678,
                0.138991579
              ],
              [
                111.036322571,
                0.138878462
              ],
              [
                111.036170356,
                0.138622415
              ],
              [
                111.036009156,
                0.138373155
              ],
              [
                111.03596001,
                0.137994396
              ],
              [
                111.035894013,
                0.137741549
              ],
              [
                111.03590665,
                0.137604134
              ],
              [
                111.03592041,
                0.137384296
              ],
              [
                111.035939227,
                0.13724915
              ],
              [
                111.035944563,
                0.137162097
              ],
              [
                111.035925465,
                0.13698768
              ],
              [
                111.035900471,
                0.13673067
              ],
              [
                111.035892045,
                0.136670979
              ],
              [
                111.035895134,
                0.136577027
              ],
              [
                111.035949055,
                0.13637127
              ],
              [
                111.036041731,
                0.136145291
              ],
              [
                111.036147606,
                0.13598592
              ],
              [
                111.036248145,
                0.135892982
              ],
              [
                111.03631751,
                0.135746996
              ],
              [
                111.036269207,
                0.135565386
              ],
              [
                111.036123453,
                0.135339222
              ],
              [
                111.035947649,
                0.135183792
              ],
              [
                111.035753029,
                0.135131338
              ],
              [
                111.035435402,
                0.135100521
              ],
              [
                111.035064418,
                0.135206686
              ],
              [
                111.034833008,
                0.135467902
              ],
              [
                111.034567337,
                0.135733339
              ],
              [
                111.034365977,
                0.135949017
              ],
              [
                111.034114349,
                0.136161885
              ],
              [
                111.03377875,
                0.136385331
              ],
              [
                111.033464213,
                0.136535645
              ],
              [
                111.033193767,
                0.136578673
              ],
              [
                111.032836542,
                0.136671232
              ],
              [
                111.032843283,
                0.136680473
              ],
              [
                111.032365299,
                0.136810741
              ],
              [
                111.032001897,
                0.136841338
              ],
              [
                111.031556771,
                0.136875673
              ],
              [
                111.031293345,
                0.136900437
              ],
              [
                111.031071203,
                0.136836233
              ],
              [
                111.030810307,
                0.136842673
              ],
              [
                111.030532559,
                0.13692919
              ],
              [
                111.03014332,
                0.137053501
              ],
              [
                111.029848161,
                0.137048139
              ],
              [
                111.029613943,
                0.137098421
              ],
              [
                111.02936091,
                0.137237913
              ],
              [
                111.029227513,
                0.137424495
              ],
              [
                111.028984027,
                0.137768108
              ],
              [
                111.028708808,
                0.138097646
              ],
              [
                111.028640564,
                0.138365142
              ],
              [
                111.02868606,
                0.138640699
              ],
              [
                111.028790814,
                0.138850402
              ],
              [
                111.029001161,
                0.139217082
              ],
              [
                111.029114338,
                0.139532316
              ],
              [
                111.029050027,
                0.139873217
              ],
              [
                111.028918596,
                0.140096502
              ],
              [
                111.028702351,
                0.14018594
              ],
              [
                111.028536096,
                0.140243822
              ],
              [
                111.02839287,
                0.140267536
              ],
              [
                111.028184489,
                0.140476268
              ],
              [
                111.027999137,
                0.140643969
              ],
              [
                111.027850574,
                0.140763917
              ],
              [
                111.027497562,
                0.140638749
              ],
              [
                111.027283003,
                0.140510426
              ],
              [
                111.027122925,
                0.140373508
              ],
              [
                111.026794066,
                0.140094994
              ],
              [
                111.026737899,
                0.140023339
              ],
              [
                111.026790977,
                0.139911573
              ],
              [
                111.026896009,
                0.139848479
              ],
              [
                111.027085013,
                0.139777091
              ],
              [
                111.027262781,
                0.139689542
              ],
              [
                111.02737961,
                0.139564682
              ],
              [
                111.027248178,
                0.139290515
              ],
              [
                111.027035866,
                0.139153049
              ],
              [
                111.026777496,
                0.139104507
              ],
              [
                111.026575574,
                0.139106989
              ],
              [
                111.026464362,
                0.139098949
              ],
              [
                111.026326191,
                0.139049376
              ],
              [
                111.026204027,
                0.139018292
              ],
              [
                111.025968125,
                0.138983747
              ],
              [
                111.025720988,
                0.138942204
              ],
              [
                111.025422459,
                0.138810719
              ],
              [
                111.025196104,
                0.138760215
              ],
              [
                111.02502367,
                0.138744666
              ],
              [
                111.024808269,
                0.138705738
              ],
              [
                111.024638924,
                0.138598522
              ],
              [
                111.024627129,
                0.138378329
              ],
              [
                111.024804897,
                0.138299952
              ],
              [
                111.02498323,
                0.138171142
              ],
              [
                111.025098372,
                0.137968319
              ],
              [
                111.02530254,
                0.137722868
              ],
              [
                111.02540336,
                0.137613885
              ],
              [
                111.02552749,
                0.137413456
              ],
              [
                111.02553423,
                0.137175107
              ],
              [
                111.025304786,
                0.136918267
              ],
              [
                111.025161278,
                0.136721912
              ],
              [
                111.025182903,
                0.136566261
              ],
              [
                111.025377241,
                0.136398647
              ],
              [
                111.025580567,
                0.136254047
              ],
              [
                111.025538441,
                0.136136698
              ],
              [
                111.025327252,
                0.135882339
              ],
              [
                111.025068601,
                0.135609137
              ],
              [
                111.024882406,
                0.135357323
              ],
              [
                111.024735248,
                0.135041735
              ],
              [
                111.024630775,
                0.134772437
              ],
              [
                111.024564779,
                0.134524174
              ],
              [
                111.024513947,
                0.134356298
              ],
              [
                111.024434191,
                0.13414227
              ],
              [
                111.024310902,
                0.133955308
              ],
              [
                111.02402866,
                0.133766685
              ],
              [
                111.023764394,
                0.133628677
              ],
              [
                111.023561349,
                0.133477549
              ],
              [
                111.023396779,
                0.133329127
              ],
              [
                111.023311685,
                0.133206739
              ],
              [
                111.02324288,
                0.133038676
              ],
              [
                111.023197384,
                0.132786041
              ],
              [
                111.023181095,
                0.132547461
              ],
              [
                111.023167052,
                0.132320369
              ],
              [
                111.023171546,
                0.132061372
              ],
              [
                111.023169019,
                0.131845862
              ],
              [
                111.023145427,
                0.131692031
              ],
              [
                111.023127174,
                0.131430507
              ],
              [
                111.023048539,
                0.131065196
              ],
              [
                111.02299181,
                0.130810148
              ],
              [
                111.022871612,
                0.130510881
              ],
              [
                111.022744392,
                0.130278026
              ],
              [
                111.022564657,
                0.13004004
              ],
              [
                111.022327911,
                0.129863353
              ],
              [
                111.02200888,
                0.129733943
              ],
              [
                111.021667384,
                0.129574502
              ],
              [
                111.021477257,
                0.129519795
              ],
              [
                111.021246971,
                0.12937297
              ],
              [
                111.020910248,
                0.129204411
              ],
              [
                111.020453607,
                0.128968122
              ],
              [
                111.020089923,
                0.12875573
              ],
              [
                111.019782689,
                0.128587472
              ],
              [
                111.019416759,
                0.128384216
              ],
              [
                111.019068801,
                0.12819949
              ],
              [
                111.018766622,
                0.127944187
              ],
              [
                111.018387773,
                0.127662852
              ],
              [
                111.018149061,
                0.127428834
              ],
              [
                111.017858396,
                0.127175933
              ],
              [
                111.017635973,
                0.126932911
              ],
              [
                111.017381253,
                0.126707894
              ],
              [
                111.017244205,
                0.12655288
              ],
              [
                111.017113897,
                0.126379594
              ],
              [
                111.01697039,
                0.12619241
              ],
              [
                111.016610076,
                0.126103836
              ],
              [
                111.016445786,
                0.125943954
              ],
              [
                111.01654436,
                0.125821186
              ],
              [
                111.0166786,
                0.125522281
              ],
              [
                111.01682632,
                0.125253318
              ],
              [
                111.01683334,
                0.124941629
              ],
              [
                111.016795146,
                0.124645514
              ],
              [
                111.016793462,
                0.124292467
              ],
              [
                111.016791777,
                0.12396693
              ],
              [
                111.016730835,
                0.123663694
              ],
              [
                111.016649111,
                0.123403805
              ],
              [
                111.016703313,
                0.12316596
              ],
              [
                111.016825757,
                0.122903614
              ],
              [
                111.016854402,
                0.122741152
              ],
              [
                111.016674947,
                0.12249858
              ],
              [
                111.016511782,
                0.122462496
              ],
              [
                111.016209882,
                0.122193427
              ],
              [
                111.015930731,
                0.121942939
              ],
              [
                111.015857151,
                0.121772535
              ],
              [
                111.015916408,
                0.121479732
              ],
              [
                111.016182079,
                0.12146874
              ],
              [
                111.016461791,
                0.121680267
              ],
              [
                111.016692077,
                0.121811045
              ],
              [
                111.016943988,
                0.121836589
              ],
              [
                111.017094236,
                0.121771675
              ],
              [
                111.017103504,
                0.12150356
              ],
              [
                111.016987799,
                0.121229561
              ],
              [
                111.016781384,
                0.120924816
              ],
              [
                111.016514308,
                0.120591931
              ],
              [
                111.016303119,
                0.120321517
              ],
              [
                111.0161627,
                0.120035794
              ],
              [
                111.016165228,
                0.119737806
              ],
              [
                111.016163262,
                0.11942373
              ],
              [
                111.016204545,
                0.11911698
              ],
              [
                111.016313227,
                0.118886581
              ],
              [
                111.016385402,
                0.118662678
              ],
              [
                111.016445501,
                0.118525767
              ],
              [
                111.016544637,
                0.118377794
              ],
              [
                111.016629449,
                0.118257173
              ],
              [
                111.016749366,
                0.118040649
              ],
              [
                111.016688705,
                0.117703036
              ],
              [
                111.016500265,
                0.117710245
              ],
              [
                111.016297219,
                0.11782733
              ],
              [
                111.016082661,
                0.117969517
              ],
              [
                111.01594168,
                0.118007013
              ],
              [
                111.015820079,
                0.117868211
              ],
              [
                111.015643993,
                0.117760925
              ],
              [
                111.015392083,
                0.11776059
              ],
              [
                111.015112371,
                0.117803521
              ],
              [
                111.014888263,
                0.117762216
              ],
              [
                111.014545643,
                0.117715088
              ],
              [
                111.014418143,
                0.117759608
              ],
              [
                111.014283902,
                0.117822393
              ],
              [
                111.014024411,
                0.118149793
              ],
              [
                111.013733182,
                0.118513541
              ],
              [
                111.013408817,
                0.118725647
              ],
              [
                111.013109446,
                0.118695017
              ],
              [
                111.012914264,
                0.118688399
              ],
              [
                111.012424485,
                0.118651203
              ],
              [
                111.01197318,
                0.118600648
              ],
              [
                111.011466272,
                0.11868248
              ],
              [
                111.011231212,
                0.118822158
              ],
              [
                111.010877357,
                0.11906376
              ],
              [
                111.010567313,
                0.119195775
              ],
              [
                111.010300801,
                0.119312206
              ],
              [
                111.009983736,
                0.11947854
              ],
              [
                111.009523725,
                0.119673179
              ],
              [
                111.009163694,
                0.119832189
              ],
              [
                111.008805908,
                0.119984341
              ],
              [
                111.008566636,
                0.120110225
              ],
              [
                111.008282148,
                0.120441945
              ],
              [
                111.008101009,
                0.120650963
              ],
              [
                111.007695761,
                0.120807204
              ],
              [
                111.007372519,
                0.12090699
              ],
              [
                111.007143076,
                0.121177395
              ],
              [
                111.006911105,
                0.121257505
              ],
              [
                111.006695423,
                0.121241502
              ],
              [
                111.006416833,
                0.121183578
              ],
              [
                111.006179526,
                0.121311777
              ],
              [
                111.006028716,
                0.121417943
              ],
              [
                111.005808259,
                0.121736579
              ],
              [
                111.005704351,
                0.122193979
              ],
              [
                111.005670931,
                0.122663573
              ],
              [
                111.005675987,
                0.123122107
              ],
              [
                111.005694803,
                0.123567026
              ],
              [
                111.005731592,
                0.123808103
              ],
              [
                111.005615326,
                0.124132411
              ],
              [
                111.005500183,
                0.124312316
              ],
              [
                111.005040173,
                0.124472569
              ],
              [
                111.004872514,
                0.124693184
              ],
              [
                111.004725355,
                0.124918601
              ],
              [
                111.004516131,
                0.125225899
              ],
              [
                111.004370097,
                0.125588862
              ],
              [
                111.004357179,
                0.126031162
              ],
              [
                111.004512762,
                0.12643853
              ],
              [
                111.004703449,
                0.126942557
              ],
              [
                111.00482421,
                0.127179933
              ],
              [
                111.004957045,
                0.127552684
              ],
              [
                111.005114034,
                0.128040302
              ],
              [
                111.005251363,
                0.12844061
              ],
              [
                111.0053783,
                0.128730778
              ],
              [
                111.005516473,
                0.129027936
              ],
              [
                111.005631053,
                0.129187305
              ],
              [
                111.005754622,
                0.129316972
              ],
              [
                111.005853476,
                0.129448661
              ],
              [
                111.005895883,
                0.129540803
              ],
              [
                111.005944187,
                0.129713234
              ],
              [
                111.00599923,
                0.129931589
              ],
              [
                111.006065508,
                0.130152346
              ],
              [
                111.006103702,
                0.130455342
              ],
              [
                111.006108196,
                0.130728184
              ],
              [
                111.006157342,
                0.131072558
              ],
              [
                111.00620031,
                0.131371012
              ],
              [
                111.006193851,
                0.131572678
              ],
              [
                111.006226146,
                0.131777037
              ],
              [
                111.006213229,
                0.131985506
              ],
              [
                111.006127011,
                0.132234483
              ],
              [
                111.005961319,
                0.132487207
              ],
              [
                111.005750972,
                0.132682167
              ],
              [
                111.005617856,
                0.13283666
              ],
              [
                111.005447948,
                0.13305496
              ],
              [
                111.005237322,
                0.133295757
              ],
              [
                111.005131166,
                0.133468875
              ],
              [
                111.005056744,
                0.133701915
              ],
              [
                111.005021921,
                0.134049997
              ],
              [
                111.004989623,
                0.134382062
              ],
              [
                111.004948341,
                0.134686517
              ],
              [
                111.004882906,
                0.134892149
              ],
              [
                111.004808485,
                0.135125198
              ],
              [
                111.00472311,
                0.135293951
              ],
              [
                111.004495914,
                0.135573542
              ],
              [
                111.004290341,
                0.135706656
              ],
              [
                111.004130826,
                0.135778344
              ],
              [
                111.003987038,
                0.135877715
              ],
              [
                111.003784554,
                0.135926034
              ],
              [
                111.003508773,
                0.13605154
              ],
              [
                111.003303761,
                0.136154851
              ],
              [
                111.003114477,
                0.13623541
              ],
              [
                111.002932215,
                0.136325204
              ],
              [
                111.002867623,
                0.136434567
              ],
              [
                111.002646885,
                0.136782993
              ],
              [
                111.002503939,
                0.137026794
              ],
              [
                111.002454231,
                0.137269271
              ],
              [
                111.002470238,
                0.137510136
              ],
              [
                111.002492145,
                0.137608942
              ],
              [
                111.002613747,
                0.138002207
              ],
              [
                111.002667106,
                0.138135726
              ],
              [
                111.002594368,
                0.138416927
              ],
              [
                111.002523037,
                0.138773801
              ],
              [
                111.002518543,
                0.139032798
              ],
              [
                111.002477822,
                0.139305162
              ],
              [
                111.002384865,
                0.139528845
              ],
              [
                111.002269722,
                0.139731676
              ],
              [
                111.002113296,
                0.139966154
              ],
              [
                111.001993659,
                0.140155176
              ],
              [
                111.001911094,
                0.140275814
              ],
              [
                111.001730516,
                0.140418352
              ],
              [
                111.001642333,
                0.140623755
              ],
              [
                111.001569595,
                0.14090954
              ],
              [
                111.001564541,
                0.141230419
              ],
              [
                111.001645984,
                0.141543037
              ],
              [
                111.001649915,
                0.141880061
              ],
              [
                111.00170187,
                0.142162567
              ],
              [
                111.001722932,
                0.1423691
              ],
              [
                111.001794546,
                0.142754962
              ],
              [
                111.001849029,
                0.143005407
              ],
              [
                111.001866721,
                0.143319651
              ],
              [
                111.001891435,
                0.143611047
              ],
              [
                111.002033258,
                0.144277314
              ],
              [
                111.002164408,
                0.144608787
              ],
              [
                111.002334034,
                0.144958999
              ],
              [
                111.00248709,
                0.145116478
              ],
              [
                111.002565443,
                0.145229615
              ],
              [
                111.00274883,
                0.145559339
              ],
              [
                111.002919017,
                0.145831614
              ],
              [
                111.003015344,
                0.145988512
              ],
              [
                111.003161098,
                0.146198631
              ],
              [
                111.003347574,
                0.146429816
              ],
              [
                111.003499507,
                0.146695024
              ],
              [
                111.003645822,
                0.146852423
              ],
              [
                111.003730917,
                0.146972522
              ],
              [
                111.003818819,
                0.147058258
              ],
              [
                111.003917953,
                0.1471464
              ],
              [
                111.004020458,
                0.147365248
              ],
              [
                111.004122965,
                0.147593261
              ],
              [
                111.004218449,
                0.147848713
              ],
              [
                111.004476818,
                0.148144837
              ],
              [
                111.004725079,
                0.14859214
              ],
              [
                111.004908466,
                0.148921873
              ],
              [
                111.005020239,
                0.14910872
              ],
              [
                111.005297985,
                0.14953799
              ],
              [
                111.005474352,
                0.149908912
              ],
              [
                111.005684417,
                0.150282467
              ],
              [
                111.005869209,
                0.150598788
              ],
              [
                111.005909088,
                0.15059596
              ],
              [
                111.005998113,
                0.15070361
              ],
              [
                111.006025634,
                0.150736901
              ],
              [
                111.006189082,
                0.151089394
              ],
              [
                111.006329219,
                0.151418383
              ],
              [
                111.006609213,
                0.151676883
              ],
              [
                111.00681928,
                0.151864863
              ],
              [
                111.007076246,
                0.152099865
              ],
              [
                111.007286311,
                0.152240858
              ],
              [
                111.007582033,
                0.152371989
              ],
              [
                111.008188922,
                0.152583489
              ],
              [
                111.008250143,
                0.152594709
              ],
              [
                111.008445886,
                0.152630473
              ],
              [
                111.008585743,
                0.152724481
              ],
              [
                111.008935948,
                0.152912478
              ],
              [
                111.009123828,
                0.153076885
              ],
              [
                111.00930946,
                0.153405964
              ],
              [
                111.009449599,
                0.153640945
              ],
              [
                111.009449599,
                0.153946452
              ],
              [
                111.009402698,
                0.154181433
              ],
              [
                111.009426009,
                0.154439937
              ],
              [
                111.009542837,
                0.155050913
              ],
              [
                111.009589456,
                0.1553564
              ],
              [
                111.00959058,
                0.155372747
              ],
              [
                111.009612765,
                0.155685393
              ],
              [
                111.009729594,
                0.155967396
              ],
              [
                111.009776213,
                0.15613189
              ],
              [
                111.009893041,
                0.156343369
              ],
              [
                111.009893042,
                0.157095359
              ],
              [
                111.00996297,
                0.157565342
              ],
              [
                111.010029248,
                0.158264599
              ],
              [
                111.010040201,
                0.158812916
              ],
              [
                111.010062387,
                0.158980768
              ],
              [
                111.010040201,
                0.159238139
              ],
              [
                111.010140179,
                0.159517899
              ],
              [
                111.010273577,
                0.159652177
              ],
              [
                111.010362602,
                0.159775271
              ],
              [
                111.010496,
                0.159931937
              ],
              [
                111.010751561,
                0.160043845
              ],
              [
                111.01099617,
                0.160066216
              ],
              [
                111.011140801,
                0.160032641
              ],
              [
                111.011152316,
                0.160035239
              ],
              [
                111.011240779,
                0.160055029
              ],
              [
                111.011340758,
                0.160110975
              ],
              [
                111.011418549,
                0.160144549
              ],
              [
                111.01152976,
                0.160166938
              ],
              [
                111.011974326,
                0.160625736
              ],
              [
                111.012218934,
                0.16072644
              ],
              [
                111.012363285,
                0.160793587
              ],
              [
                111.012552288,
                0.160838347
              ],
              [
                111.012730058,
                0.160860716
              ],
              [
                111.012974667,
                0.160871902
              ],
              [
                111.013208043,
                0.160905477
              ],
              [
                111.013519491,
                0.160927865
              ],
              [
                111.014253036,
                0.160922087
              ],
              [
                111.014472371,
                0.161021429
              ],
              [
                111.014603802,
                0.161087659
              ],
              [
                111.01471361,
                0.161142843
              ],
              [
                111.014866947,
                0.161220116
              ],
              [
                111.015261804,
                0.161275301
              ],
              [
                111.015469903,
                0.16129737
              ],
              [
                111.016325332,
                0.161308415
              ],
              [
                111.016533434,
                0.161341529
              ],
              [
                111.016752767,
                0.161418785
              ],
              [
                111.016851622,
                0.161451899
              ],
              [
                111.0169721,
                0.161507086
              ],
              [
                111.017081628,
                0.161540199
              ],
              [
                111.017235245,
                0.161628518
              ],
              [
                111.017454579,
                0.161683701
              ],
              [
                111.017662959,
                0.161705771
              ],
              [
                111.01791487,
                0.161683699
              ],
              [
                111.018134205,
                0.16166163
              ],
              [
                111.018309728,
                0.161650586
              ],
              [
                111.01860573,
                0.161584356
              ],
              [
                111.018912685,
                0.161584356
              ],
              [
                111.019219638,
                0.161606427
              ],
              [
                111.01938421,
                0.161705768
              ],
              [
                111.019592591,
                0.161816156
              ],
              [
                111.019877641,
                0.161981712
              ],
              [
                111.020184876,
                0.162236997
              ],
              [
                111.020449425,
                0.162330987
              ],
              [
                111.020698528,
                0.162518984
              ],
              [
                111.021009695,
                0.162722636
              ],
              [
                111.021352036,
                0.162910632
              ],
              [
                111.021585411,
                0.163208294
              ],
              [
                111.021740995,
                0.163349286
              ],
              [
                111.021896578,
                0.163505953
              ],
              [
                111.022145682,
                0.163850616
              ],
              [
                111.022223474,
                0.163944606
              ],
              [
                111.022503468,
                0.164163931
              ],
              [
                111.022643607,
                0.164336273
              ],
              [
                111.022783744,
                0.16452427
              ],
              [
                111.022861537,
                0.164759252
              ],
              [
                111.022768018,
                0.165166575
              ],
              [
                111.022705954,
                0.165401575
              ],
              [
                111.022674781,
                0.165667889
              ],
              [
                111.022690226,
                0.165902889
              ],
              [
                111.022843564,
                0.166203747
              ],
              [
                111.022824468,
                0.166207775
              ],
              [
                111.023223538,
                0.166624321
              ],
              [
                111.023599017,
                0.167047762
              ],
              [
                111.023876764,
                0.167192766
              ],
              [
                111.024100872,
                0.16728451
              ],
              [
                111.024380867,
                0.16746853
              ],
              [
                111.024387326,
                0.167460667
              ],
              [
                111.024654403,
                0.167602049
              ],
              [
                111.024913896,
                0.16777667
              ],
              [
                111.025161596,
                0.167987867
              ],
              [
                111.02542839,
                0.168132764
              ],
              [
                111.025575269,
                0.168205373
              ],
              [
                111.02586425,
                0.168394076
              ],
              [
                111.026084426,
                0.168662279
              ],
              [
                111.026269218,
                0.168820078
              ],
              [
                111.026411883,
                0.168867418
              ],
              [
                111.026562131,
                0.168813962
              ],
              [
                111.026616894,
                0.168770988
              ],
              [
                111.026830891,
                0.168711314
              ],
              [
                111.02700838,
                0.168646693
              ],
              [
                111.027236981,
                0.168477143
              ],
              [
                111.027392565,
                0.168322878
              ],
              [
                111.027520064,
                0.168021614
              ],
              [
                111.027567245,
                0.167811212
              ],
              [
                111.027632679,
                0.167573472
              ],
              [
                111.027666942,
                0.167287281
              ],
              [
                111.027758775,
                0.166921464
              ],
              [
                111.027787981,
                0.16666731
              ],
              [
                111.027713278,
                0.166377688
              ],
              [
                111.027676208,
                0.166193918
              ],
              [
                111.027661043,
                0.166127279
              ],
              [
                111.027654301,
                0.166127209
              ],
              [
                111.027665816,
                0.165843066
              ],
              [
                111.027685475,
                0.165653003
              ],
              [
                111.027735181,
                0.165417401
              ],
              [
                111.027638292,
                0.165072545
              ],
              [
                111.027556289,
                0.164847033
              ],
              [
                111.027426822,
                0.164568299
              ],
              [
                111.027366723,
                0.164425538
              ],
              [
                111.027406602,
                0.16429529
              ],
              [
                111.02765767,
                0.164142031
              ],
              [
                111.027871948,
                0.164038817
              ],
              [
                111.028058424,
                0.163978861
              ],
              [
                111.028262873,
                0.163971829
              ],
              [
                111.028578534,
                0.163945306
              ],
              [
                111.028978165,
                0.163935726
              ],
              [
                111.029289051,
                0.163955004
              ],
              [
                111.029588424,
                0.1639925
              ],
              [
                111.029858027,
                0.164045741
              ],
              [
                111.030209353,
                0.164104425
              ],
              [
                111.030465196,
                0.164189614
              ],
              [
                111.030586518,
                0.164232925
              ]
            ]
          ],
          [
            [
              [
                111.039037457,
                0.16064779
              ],
              [
                111.038953768,
                0.160621708
              ],
              [
                111.038767573,
                0.160617484
              ],
              [
                111.038649622,
                0.160623121
              ],
              [
                111.03853841,
                0.160589883
              ],
              [
                111.038443487,
                0.160568255
              ],
              [
                111.038282005,
                0.160578027
              ],
              [
                111.038213482,
                0.160632329
              ],
              [
                111.038010717,
                0.160719621
              ],
              [
                111.037921692,
                0.160796631
              ],
              [
                111.037895856,
                0.160899525
              ],
              [
                111.037864682,
                0.161075718
              ],
              [
                111.037856538,
                0.161224645
              ],
              [
                111.037944161,
                0.161349346
              ],
              [
                111.038091037,
                0.161421937
              ],
              [
                111.038323852,
                0.161550436
              ],
              [
                111.038362889,
                0.16176174
              ],
              [
                111.038532234,
                0.161846046
              ],
              [
                111.038590086,
                0.162002518
              ],
              [
                111.03873865,
                0.162134729
              ],
              [
                111.038871485,
                0.162259908
              ],
              [
                111.038982135,
                0.162332126
              ],
              [
                111.039122273,
                0.162422988
              ],
              [
                111.03941659,
                0.162510881
              ],
              [
                111.03952724,
                0.162571632
              ],
              [
                111.039640417,
                0.162611778
              ],
              [
                111.039733094,
                0.162656308
              ],
              [
                111.039832511,
                0.162698611
              ],
              [
                111.039941474,
                0.162720364
              ],
              [
                111.040041172,
                0.162730577
              ],
              [
                111.040113908,
                0.162701544
              ],
              [
                111.040220908,
                0.162670567
              ],
              [
                111.040282692,
                0.162629942
              ],
              [
                111.040360202,
                0.162591775
              ],
              [
                111.040378737,
                0.162530069
              ],
              [
                111.040348126,
                0.162415139
              ],
              [
                111.040321727,
                0.162302526
              ],
              [
                111.040312178,
                0.162109864
              ],
              [
                111.040329028,
                0.161979384
              ],
              [
                111.040334644,
                0.161844186
              ],
              [
                111.040306281,
                0.161717806
              ],
              [
                111.040284936,
                0.161566284
              ],
              [
                111.040240564,
                0.161444339
              ],
              [
                111.040139182,
                0.161344696
              ],
              [
                111.040049033,
                0.161272706
              ],
              [
                111.039945403,
                0.161193683
              ],
              [
                111.039839248,
                0.161126093
              ],
              [
                111.039733091,
                0.161056225
              ],
              [
                111.039640976,
                0.160949813
              ],
              [
                111.039573574,
                0.160875737
              ],
              [
                111.03950786,
                0.160840679
              ],
              [
                111.039422204,
                0.160787068
              ],
              [
                111.039401984,
                0.160745577
              ],
              [
                111.039212138,
                0.160649627
              ],
              [
                111.039037457,
                0.16064779
              ]
            ]
          ],
          [
            [
              [
                111.043041875,
                0.143097703
              ],
              [
                111.042940212,
                0.143050798
              ],
              [
                111.042930945,
                0.14307133
              ],
              [
                111.042842482,
                0.143049781
              ],
              [
                111.042704309,
                0.143023126
              ],
              [
                111.042547884,
                0.143019204
              ],
              [
                111.042407466,
                0.142960431
              ],
              [
                111.042205263,
                0.142992707
              ],
              [
                111.041994355,
                0.142967589
              ],
              [
                111.041760418,
                0.14296515
              ],
              [
                111.041615506,
                0.142936127
              ],
              [
                111.041476491,
                0.142989704
              ],
              [
                111.041312763,
                0.143047593
              ],
              [
                111.041177963,
                0.143126423
              ],
              [
                111.04104962,
                0.143276383
              ],
              [
                111.040944027,
                0.143415114
              ],
              [
                111.041037826,
                0.1435972
              ],
              [
                111.041283559,
                0.143792318
              ],
              [
                111.041450656,
                0.143901795
              ],
              [
                111.041643592,
                0.14391298
              ],
              [
                111.041922743,
                0.143892968
              ],
              [
                111.042233909,
                0.143877869
              ],
              [
                111.04246251,
                0.143696859
              ],
              [
                111.042694763,
                0.143607587
              ],
              [
                111.042856805,
                0.143529041
              ],
              [
                111.043007332,
                0.143418282
              ],
              [
                111.043124161,
                0.143302584
              ],
              [
                111.043163478,
                0.143234218
              ],
              [
                111.043111804,
                0.143151157
              ],
              [
                111.043041875,
                0.143097703
              ]
            ]
          ],
          [
            [
              [
                111.043989137,
                0.142770594
              ],
              [
                111.044012446,
                0.142702058
              ],
              [
                111.044038002,
                0.142626685
              ],
              [
                111.044177296,
                0.142515811
              ],
              [
                111.044295809,
                0.142462021
              ],
              [
                111.044341586,
                0.142414364
              ],
              [
                111.044365176,
                0.14232291
              ],
              [
                111.044372759,
                0.142242757
              ],
              [
                111.044307604,
                0.142159555
              ],
              [
                111.044217174,
                0.142110466
              ],
              [
                111.044122532,
                0.142015497
              ],
              [
                111.04404418,
                0.141911523
              ],
              [
                111.043940551,
                0.141818745
              ],
              [
                111.043763623,
                0.141777927
              ],
              [
                111.043557208,
                0.141766609
              ],
              [
                111.043375507,
                0.141789925
              ],
              [
                111.043127808,
                0.141819444
              ],
              [
                111.043007892,
                0.141779226
              ],
              [
                111.042864665,
                0.141786904
              ],
              [
                111.042723966,
                0.141794601
              ],
              [
                111.042565013,
                0.141806705
              ],
              [
                111.042442006,
                0.1418421
              ],
              [
                111.042409709,
                0.141905952
              ],
              [
                111.042388647,
                0.141974504
              ],
              [
                111.042367866,
                0.142036183
              ],
              [
                111.042383593,
                0.142040928
              ],
              [
                111.042339501,
                0.142152799
              ],
              [
                111.042295409,
                0.142255492
              ],
              [
                111.042246545,
                0.142394824
              ],
              [
                111.042265361,
                0.142596746
              ],
              [
                111.042316755,
                0.14268669
              ],
              [
                111.042402691,
                0.142742598
              ],
              [
                111.042513621,
                0.142766683
              ],
              [
                111.042656566,
                0.142763591
              ],
              [
                111.042804286,
                0.142739912
              ],
              [
                111.042909039,
                0.142729539
              ],
              [
                111.043256152,
                0.142728565
              ],
              [
                111.043523791,
                0.142777204
              ],
              [
                111.043700437,
                0.14281114
              ],
              [
                111.043902358,
                0.142822413
              ],
              [
                111.043989137,
                0.142770594
              ]
            ]
          ],
          [
            [
              [
                111.044981048,
                0.140394551
              ],
              [
                111.044892584,
                0.140375289
              ],
              [
                111.044769858,
                0.140387766
              ],
              [
                111.044697402,
                0.140357214
              ],
              [
                111.044613712,
                0.140349457
              ],
              [
                111.044489022,
                0.14032523
              ],
              [
                111.044393817,
                0.140292151
              ],
              [
                111.044189649,
                0.140287735
              ],
              [
                111.044092199,
                0.140268377
              ],
              [
                111.043990537,
                0.140214587
              ],
              [
                111.043911621,
                0.140142704
              ],
              [
                111.043789177,
                0.140136846
              ],
              [
                111.043713912,
                0.140179619
              ],
              [
                111.043624606,
                0.140270374
              ],
              [
                111.043510025,
                0.14039527
              ],
              [
                111.043418472,
                0.140479133
              ],
              [
                111.043322987,
                0.140501063
              ],
              [
                111.043315406,
                0.140572045
              ],
              [
                111.043383087,
                0.140646112
              ],
              [
                111.043424933,
                0.14077721
              ],
              [
                111.043500759,
                0.140940766
              ],
              [
                111.043549904,
                0.141042134
              ],
              [
                111.043623765,
                0.14115982
              ],
              [
                111.043731887,
                0.141268688
              ],
              [
                111.043903479,
                0.141355291
              ],
              [
                111.044062152,
                0.141402796
              ],
              [
                111.044234304,
                0.141427518
              ],
              [
                111.044459254,
                0.141422976
              ],
              [
                111.044670725,
                0.141351826
              ],
              [
                111.044800471,
                0.141318799
              ],
              [
                111.044938923,
                0.141315654
              ],
              [
                111.045109392,
                0.141294509
              ],
              [
                111.045205157,
                0.141245079
              ],
              [
                111.045235487,
                0.14116973
              ],
              [
                111.045220321,
                0.141057258
              ],
              [
                111.045198697,
                0.140933237
              ],
              [
                111.045215547,
                0.140827965
              ],
              [
                111.045220602,
                0.140761542
              ],
              [
                111.045234923,
                0.140683746
              ],
              [
                111.045208244,
                0.140610114
              ],
              [
                111.045145617,
                0.140515472
              ],
              [
                111.045073723,
                0.140434486
              ],
              [
                111.044981048,
                0.140394551
              ]
            ]
          ],
          [
            [
              [
                111.048736672,
                0.139184333
              ],
              [
                111.048657758,
                0.139121613
              ],
              [
                111.04853756,
                0.139138701
              ],
              [
                111.04829969,
                0.139081209
              ],
              [
                111.048126696,
                0.139132128
              ],
              [
                111.048006779,
                0.139085028
              ],
              [
                111.047859059,
                0.139108706
              ],
              [
                111.047872818,
                0.139081342
              ],
              [
                111.047702352,
                0.139100197
              ],
              [
                111.047586646,
                0.139089824
              ],
              [
                111.047414213,
                0.139078852
              ],
              [
                111.047280535,
                0.139061413
              ],
              [
                111.047162303,
                0.139085399
              ],
              [
                111.046968244,
                0.139218627
              ],
              [
                111.046863212,
                0.139288593
              ],
              [
                111.046780646,
                0.139384024
              ],
              [
                111.046752002,
                0.139532721
              ],
              [
                111.04683541,
                0.139611532
              ],
              [
                111.046886242,
                0.139781707
              ],
              [
                111.046987063,
                0.139943224
              ],
              [
                111.047101643,
                0.140068207
              ],
              [
                111.047239254,
                0.140161332
              ],
              [
                111.047397365,
                0.140245505
              ],
              [
                111.047544524,
                0.14031122
              ],
              [
                111.047648714,
                0.140328361
              ],
              [
                111.047827607,
                0.140371486
              ],
              [
                111.047997794,
                0.140382432
              ],
              [
                111.048095526,
                0.140388033
              ],
              [
                111.048261499,
                0.14033245
              ],
              [
                111.048430281,
                0.140251686
              ],
              [
                111.048589518,
                0.140205204
              ],
              [
                111.048710838,
                0.140107893
              ],
              [
                111.048795931,
                0.139964363
              ],
              [
                111.048911355,
                0.139745487
              ],
              [
                111.048962185,
                0.139631407
              ],
              [
                111.049042505,
                0.139526795
              ],
              [
                111.04902762,
                0.139416605
              ],
              [
                111.048976226,
                0.139319786
              ],
              [
                111.048861365,
                0.139226893
              ],
              [
                111.048736672,
                0.139184333
              ]
            ]
          ],
          [
            [
              [
                111.051853677,
                0.139152625
              ],
              [
                111.052022461,
                0.139074152
              ],
              [
                111.052164002,
                0.138961005
              ],
              [
                111.052224101,
                0.138865346
              ],
              [
                111.05222719,
                0.138739303
              ],
              [
                111.052208373,
                0.138555714
              ],
              [
                111.052203037,
                0.13838144
              ],
              [
                111.052190961,
                0.138220842
              ],
              [
                111.052155575,
                0.138098976
              ],
              [
                111.052179727,
                0.137931883
              ],
              [
                111.052180288,
                0.137856244
              ],
              [
                111.052147711,
                0.137709182
              ],
              [
                111.052066829,
                0.137602893
              ],
              [
                111.051924444,
                0.137512005
              ],
              [
                111.051820536,
                0.137458199
              ],
              [
                111.051703146,
                0.137401954
              ],
              [
                111.051668884,
                0.137399312
              ],
              [
                111.051573961,
                0.13737081
              ],
              [
                111.051448989,
                0.137367214
              ],
              [
                111.051351258,
                0.137377657
              ],
              [
                111.051210277,
                0.137410579
              ],
              [
                111.051087833,
                0.137400135
              ],
              [
                111.050954436,
                0.137332262
              ],
              [
                111.050888157,
                0.137404925
              ],
              [
                111.050848559,
                0.137505382
              ],
              [
                111.050799976,
                0.137612615
              ],
              [
                111.050760658,
                0.137703901
              ],
              [
                111.050712075,
                0.137815731
              ],
              [
                111.050681463,
                0.137936904
              ],
              [
                111.050678375,
                0.138026274
              ],
              [
                111.05070028,
                0.138129663
              ],
              [
                111.050735103,
                0.138290492
              ],
              [
                111.050799696,
                0.138433296
              ],
              [
                111.050889283,
                0.138590105
              ],
              [
                111.050992913,
                0.138689757
              ],
              [
                111.050985049,
                0.138806587
              ],
              [
                111.050993194,
                0.138916709
              ],
              [
                111.051046834,
                0.1390273
              ],
              [
                111.051134736,
                0.139092406
              ],
              [
                111.051259146,
                0.139128092
              ],
              [
                111.051536333,
                0.139114935
              ],
              [
                111.051624795,
                0.139134188
              ],
              [
                111.051703711,
                0.139176279
              ],
              [
                111.051853677,
                0.139152625
              ]
            ]
          ],
          [
            [
              [
                111.040799666,
                0.137192058
              ],
              [
                111.040929412,
                0.137154446
              ],
              [
                111.041108866,
                0.13714485
              ],
              [
                111.041231591,
                0.137123204
              ],
              [
                111.041336344,
                0.137085328
              ],
              [
                111.041443623,
                0.13701538
              ],
              [
                111.04151636,
                0.13699321
              ],
              [
                111.041575898,
                0.136964028
              ],
              [
                111.041558486,
                0.136851528
              ],
              [
                111.041470863,
                0.13675433
              ],
              [
                111.041333816,
                0.136601605
              ],
              [
                111.041189746,
                0.136432756
              ],
              [
                111.041005516,
                0.136231399
              ],
              [
                111.040897956,
                0.136074398
              ],
              [
                111.040499729,
                0.135914364
              ],
              [
                111.040250628,
                0.135836119
              ],
              [
                111.040092517,
                0.135751946
              ],
              [
                111.03992935,
                0.135704396
              ],
              [
                111.039756636,
                0.135743861
              ],
              [
                111.039638684,
                0.135742628
              ],
              [
                111.039536179,
                0.135757611
              ],
              [
                111.039476923,
                0.13577992
              ],
              [
                111.039408398,
                0.135834221
              ],
              [
                111.039410926,
                0.135820492
              ],
              [
                111.039303366,
                0.135906486
              ],
              [
                111.039166037,
                0.136040304
              ],
              [
                111.039041907,
                0.136226985
              ],
              [
                111.039071677,
                0.136479463
              ],
              [
                111.039132337,
                0.13653052
              ],
              [
                111.039229506,
                0.136595723
              ],
              [
                111.039312353,
                0.136713497
              ],
              [
                111.039361219,
                0.13684009
              ],
              [
                111.039496021,
                0.137006547
              ],
              [
                111.039761132,
                0.137059743
              ],
              [
                111.040125939,
                0.137146071
              ],
              [
                111.04041183,
                0.13716739
              ],
              [
                111.040652507,
                0.137160728
              ],
              [
                111.040799666,
                0.137192058
              ]
            ]
          ],
          [
            [
              [
                111.037361941,
                0.134937199
              ],
              [
                111.03720748,
                0.134933304
              ],
              [
                111.037098235,
                0.134961964
              ],
              [
                111.036914007,
                0.134994425
              ],
              [
                111.036824982,
                0.135080613
              ],
              [
                111.036839866,
                0.135195385
              ],
              [
                111.036906706,
                0.135338214
              ],
              [
                111.036898281,
                0.135537564
              ],
              [
                111.036900809,
                0.135748488
              ],
              [
                111.03686739,
                0.13594987
              ],
              [
                111.036884802,
                0.136030289
              ],
              [
                111.036943216,
                0.136106546
              ],
              [
                111.037044316,
                0.136245137
              ],
              [
                111.037097957,
                0.136335106
              ],
              [
                111.03727685,
                0.136373644
              ],
              [
                111.037381041,
                0.136397659
              ],
              [
                111.037519212,
                0.13645182
              ],
              [
                111.03762284,
                0.136544597
              ],
              [
                111.037705406,
                0.136712805
              ],
              [
                111.037768315,
                0.136763889
              ],
              [
                111.037908732,
                0.136804318
              ],
              [
                111.038067686,
                0.136817439
              ],
              [
                111.038192378,
                0.136837079
              ],
              [
                111.038325776,
                0.136884321
              ],
              [
                111.038438953,
                0.136917595
              ],
              [
                111.038559431,
                0.136905092
              ],
              [
                111.038600715,
                0.136843625
              ],
              [
                111.03862627,
                0.136772827
              ],
              [
                111.038628516,
                0.136536733
              ],
              [
                111.038618125,
                0.13642888
              ],
              [
                111.038616721,
                0.136309666
              ],
              [
                111.038626831,
                0.136179107
              ],
              [
                111.03865014,
                0.136110572
              ],
              [
                111.03868047,
                0.136023784
              ],
              [
                111.038690862,
                0.135886343
              ],
              [
                111.03866671,
                0.135773763
              ],
              [
                111.038628796,
                0.135711474
              ],
              [
                111.038594814,
                0.135683618
              ],
              [
                111.038541174,
                0.13559136
              ],
              [
                111.038458046,
                0.135475872
              ],
              [
                111.038312012,
                0.135327636
              ],
              [
                111.038149408,
                0.135202156
              ],
              [
                111.037887387,
                0.135059592
              ],
              [
                111.03769052,
                0.134995642
              ],
              [
                111.037463885,
                0.134952015
              ],
              [
                111.037361941,
                0.134937199
              ]
            ]
          ]
        ]
      }
    }
  ]
}