{
  "type": "FeatureCollection",
  "features": [
    {
      "type": "Feature",
      "properties": {
        "idx": "2699",
        "nama_kewilayahan": "Abai Labut Tabor Sawen"
      },
      "geometry": {
        "type": "MultiPolygon",
        "coordinates": [
          [
            [
              [
                116.315650591,
                3.717754644
              ],
              [
                116.316384728,
                3.716983152
              ],
              [
                116.316582839,
                3.716587822
              ],
              [
                116.31678095,
                3.716192495
              ],
              [
                116.317078077,
                3.715994822
              ],
              [
                116.317375209,
                3.715698322
              ],
              [
                116.317771367,
                3.715500646
              ],
              [
                116.318167522,
                3.715302972
              ],
              [
                116.318563675,
                3.715105299
              ],
              [
                116.319355958,
                3.714907609
              ],
              [
                116.319653071,
                3.714709944
              ],
              [
                116.320148233,
                3.714709923
              ],
              [
                116.320544381,
                3.714413431
              ],
              [
                116.32094052,
                3.714215765
              ],
              [
                116.32133665,
                3.714116925
              ],
              [
                116.321732785,
                3.713919261
              ],
              [
                116.322227937,
                3.713919244
              ],
              [
                116.32262405,
                3.714018055
              ],
              [
                116.323119198,
                3.714018038
              ],
              [
                116.323614343,
                3.714018022
              ],
              [
                116.324010463,
                3.713919186
              ],
              [
                116.324151555,
                3.714001237
              ],
              [
                116.324607635,
                3.713752989
              ],
              [
                116.324814943,
                3.713628866
              ],
              [
                116.324802709,
                3.713523868
              ],
              [
                116.325000782,
                3.71312857
              ],
              [
                116.32519885,
                3.712832096
              ],
              [
                116.325693991,
                3.712733262
              ],
              [
                116.325991075,
                3.712634432
              ],
              [
                116.326387189,
                3.712436779
              ],
              [
                116.326783299,
                3.712337948
              ],
              [
                116.32717941,
                3.712140297
              ],
              [
                116.327674539,
                3.712140287
              ],
              [
                116.328169667,
                3.712140278
              ],
              [
                116.328664794,
                3.712140269
              ],
              [
                116.329043923,
                3.711932556
              ],
              [
                116.329357979,
                3.711744975
              ],
              [
                116.32955604,
                3.711250868
              ],
              [
                116.329754097,
                3.710855585
              ],
              [
                116.329952154,
                3.710460302
              ],
              [
                116.330150209,
                3.710065022
              ],
              [
                116.330348264,
                3.709669744
              ],
              [
                116.330546318,
                3.709274466
              ],
              [
                116.330645347,
                3.708879191
              ],
              [
                116.3308434,
                3.708483916
              ],
              [
                116.331140473,
                3.708187459
              ],
              [
                116.331407149,
                3.707919408
              ],
              [
                116.331490068,
                3.707836664
              ],
              [
                116.331833639,
                3.707495731
              ],
              [
                116.331833644,
                3.707001646
              ],
              [
                116.331833648,
                3.706606378
              ],
              [
                116.33173463,
                3.706211112
              ],
              [
                116.331734633,
                3.705815846
              ],
              [
                116.331635615,
                3.705420582
              ],
              [
                116.331536597,
                3.705025319
              ],
              [
                116.331635622,
                3.704630055
              ],
              [
                116.331635626,
                3.704135977
              ],
              [
                116.331833671,
                3.70383953
              ],
              [
                116.332031716,
                3.703444268
              ],
              [
                116.332031719,
                3.703049008
              ],
              [
                116.332328784,
                3.702752562
              ],
              [
                116.332427807,
                3.702357303
              ],
              [
                116.332823891,
                3.702159672
              ],
              [
                116.333219973,
                3.7023573
              ],
              [
                116.333616056,
                3.702456114
              ],
              [
                116.33411116,
                3.702456112
              ],
              [
                116.334507242,
                3.702357296
              ],
              [
                116.334804304,
                3.702060851
              ],
              [
                116.335002345,
                3.701665593
              ],
              [
                116.335398426,
                3.701369149
              ],
              [
                116.335794507,
                3.701270334
              ],
              [
                116.336091567,
                3.701072704
              ],
              [
                116.336388627,
                3.700677447
              ],
              [
                116.336487645,
                3.700183376
              ],
              [
                116.336586663,
                3.699886934
              ],
              [
                116.336685682,
                3.699491678
              ],
              [
                116.33698274,
                3.699195236
              ],
              [
                116.337279798,
                3.698799979
              ],
              [
                116.337576856,
                3.698503537
              ],
              [
                116.338071956,
                3.698503534
              ],
              [
                116.338369015,
                3.698305906
              ],
              [
                116.338765093,
                3.698009462
              ],
              [
                116.339062151,
                3.697713019
              ],
              [
                116.339359209,
                3.697416576
              ],
              [
                116.339755288,
                3.697218946
              ],
              [
                116.340349408,
                3.697120128
              ],
              [
                116.340745488,
                3.696922497
              ],
              [
                116.341042546,
                3.696626053
              ],
              [
                116.341339605,
                3.696329609
              ],
              [
                116.341834708,
                3.696329604
              ],
              [
                116.342329813,
                3.696428413
              ],
              [
                116.342725898,
                3.696626037
              ],
              [
                116.343121984,
                3.696724847
              ],
              [
                116.343617091,
                3.696724841
              ],
              [
                116.344112197,
                3.696626021
              ],
              [
                116.344592214,
                3.696499801
              ],
              [
                116.344805342,
                3.696033126
              ],
              [
                116.345102405,
                3.695736678
              ],
              [
                116.34549849,
                3.695440229
              ],
              [
                116.34569653,
                3.695044967
              ],
              [
                116.345993592,
                3.694550889
              ],
              [
                116.346092611,
                3.694254442
              ],
              [
                116.346092607,
                3.693859183
              ],
              [
                116.34629065,
                3.693562734
              ],
              [
                116.346587715,
                3.693167468
              ],
              [
                116.346785757,
                3.692772203
              ],
              [
                116.346884777,
                3.692376939
              ],
              [
                116.347082821,
                3.691981673
              ],
              [
                116.347379889,
                3.691586403
              ],
              [
                116.347577934,
                3.69128995
              ],
              [
                116.347577932,
                3.690795871
              ],
              [
                116.347577932,
                3.690400607
              ],
              [
                116.347775978,
                3.690005336
              ],
              [
                116.347875001,
                3.689610068
              ],
              [
                116.348033609,
                3.689300562
              ],
              [
                116.348125796,
                3.68904295
              ],
              [
                116.348181104,
                3.688803739
              ],
              [
                116.348195532,
                3.688377114
              ],
              [
                116.348197963,
                3.6883575
              ],
              [
                116.348298211,
                3.688313328
              ],
              [
                116.348330984,
                3.688315256
              ],
              [
                116.348352358,
                3.68827871
              ],
              [
                116.348409439,
                3.68826136
              ],
              [
                116.348434668,
                3.688230263
              ],
              [
                116.34852251,
                3.688113922
              ],
              [
                116.348590488,
                3.688075114
              ],
              [
                116.348702637,
                3.688023482
              ],
              [
                116.348728957,
                3.688013088
              ],
              [
                116.348812189,
                3.688016525
              ],
              [
                116.348885782,
                3.688042508
              ],
              [
                116.34895795,
                3.688075365
              ],
              [
                116.348971948,
                3.688074779
              ],
              [
                116.349017797,
                3.688078718
              ],
              [
                116.349023748,
                3.688086346
              ],
              [
                116.349085942,
                3.688130183
              ],
              [
                116.349179316,
                3.688128842
              ],
              [
                116.349229524,
                3.688143007
              ],
              [
                116.349340333,
                3.688172512
              ],
              [
                116.349350307,
                3.688172093
              ],
              [
                116.349359276,
                3.688166393
              ],
              [
                116.349407975,
                3.688175362
              ],
              [
                116.349445777,
                3.688188018
              ],
              [
                116.349476287,
                3.688199082
              ],
              [
                116.349569242,
                3.688238226
              ],
              [
                116.349682901,
                3.688284243
              ],
              [
                116.349761272,
                3.688270245
              ],
              [
                116.349846348,
                3.68829472
              ],
              [
                116.349901166,
                3.688301174
              ],
              [
                116.349931341,
                3.688308047
              ],
              [
                116.350058578,
                3.688346604
              ],
              [
                116.350089926,
                3.688345011
              ],
              [
                116.350140804,
                3.688329421
              ],
              [
                116.350215655,
                3.688372588
              ],
              [
                116.350312885,
                3.688422125
              ],
              [
                116.350345742,
                3.688428663
              ],
              [
                116.350415228,
                3.688417682
              ],
              [
                116.350494269,
                3.688407792
              ],
              [
                116.350546069,
                3.688411061
              ],
              [
                116.350646317,
                3.688368062
              ],
              [
                116.350686885,
                3.688339982
              ],
              [
                116.35077456,
                3.688317519
              ],
              [
                116.350915711,
                3.688308299
              ],
              [
                116.351030041,
                3.688350208
              ],
              [
                116.351191308,
                3.68834652
              ],
              [
                116.351405969,
                3.688421538
              ],
              [
                116.351522729,
                3.688488929
              ],
              [
                116.351616774,
                3.688549446
              ],
              [
                116.351651559,
                3.688564701
              ],
              [
                116.351734037,
                3.688611053
              ],
              [
                116.351809893,
                3.688649861
              ],
              [
                116.351882145,
                3.688682048
              ],
              [
                116.351972837,
                3.688651789
              ],
              [
                116.352057243,
                3.688637624
              ],
              [
                116.352091106,
                3.688610718
              ],
              [
                116.352200992,
                3.688552715
              ],
              [
                116.352316746,
                3.688523965
              ],
              [
                116.352319513,
                3.688524384
              ],
              [
                116.352396458,
                3.688520528
              ],
              [
                116.352437446,
                3.688492784
              ],
              [
                116.352441385,
                3.688391196
              ],
              [
                116.352452198,
                3.688369486
              ],
              [
                116.35245706,
                3.688361524
              ],
              [
                116.352540376,
                3.688324392
              ],
              [
                116.35260215,
                3.688307041
              ],
              [
                116.352698626,
                3.688234454
              ],
              [
                116.352766939,
                3.688216265
              ],
              [
                116.352856625,
                3.688230347
              ],
              [
                116.352934409,
                3.688162956
              ],
              [
                116.352990819,
                3.688069331
              ],
              [
                116.353039099,
                3.688002946
              ],
              [
                116.353064496,
                3.687990205
              ],
              [
                116.353125097,
                3.687911332
              ],
              [
                116.353181591,
                3.687795075
              ],
              [
                116.353213359,
                3.687769594
              ],
              [
                116.353288544,
                3.687693737
              ],
              [
                116.35334353,
                3.687660629
              ],
              [
                116.353402622,
                3.687607488
              ],
              [
                116.353457188,
                3.687533224
              ],
              [
                116.3534851,
                3.687497601
              ],
              [
                116.353493733,
                3.68746005
              ],
              [
                116.353532458,
                3.687392576
              ],
              [
                116.353609152,
                3.687273553
              ],
              [
                116.353668161,
                3.687223094
              ],
              [
                116.353667909,
                3.68721446
              ],
              [
                116.353620803,
                3.687138604
              ],
              [
                116.353629604,
                3.687023856
              ],
              [
                116.353683583,
                3.686940288
              ],
              [
                116.353684757,
                3.686893852
              ],
              [
                116.35369515,
                3.686835766
              ],
              [
                116.353716021,
                3.68674214
              ],
              [
                116.353703532,
                3.686693776
              ],
              [
                116.35373245,
                3.686666787
              ],
              [
                116.353723565,
                3.686615322
              ],
              [
                116.353730941,
                3.686592439
              ],
              [
                116.353733372,
                3.686502669
              ],
              [
                116.353699761,
                3.686406277
              ],
              [
                116.353679728,
                3.686356656
              ],
              [
                116.353697581,
                3.686326817
              ],
              [
                116.353696911,
                3.686231766
              ],
              [
                116.353713842,
                3.68611685
              ],
              [
                116.353716943,
                3.686004365
              ],
              [
                116.353753991,
                3.685851479
              ],
              [
                116.353759021,
                3.685751567
              ],
              [
                116.353815179,
                3.685668418
              ],
              [
                116.353855329,
                3.685582504
              ],
              [
                116.353900172,
                3.685413022
              ],
              [
                116.353920288,
                3.685354013
              ],
              [
                116.353965383,
                3.685248652
              ],
              [
                116.354031516,
                3.685118146
              ],
              [
                116.354061691,
                3.685088055
              ],
              [
                116.354113491,
                3.685024353
              ],
              [
                116.354120784,
                3.684910946
              ],
              [
                116.354119945,
                3.6848542
              ],
              [
                116.354139727,
                3.684707517
              ],
              [
                116.354142241,
                3.684599306
              ],
              [
                116.354185492,
                3.684506351
              ],
              [
                116.354208374,
                3.684471985
              ],
              [
                116.354316333,
                3.684327146
              ],
              [
                116.354322284,
                3.684306191
              ],
              [
                116.35437442,
                3.684197478
              ],
              [
                116.354393866,
                3.684119191
              ],
              [
                116.354459915,
                3.684045766
              ],
              [
                116.354508698,
                3.683969742
              ],
              [
                116.354530239,
                3.683943339
              ],
              [
                116.354570976,
                3.683895394
              ],
              [
                116.354639623,
                3.683844348
              ],
              [
                116.354696872,
                3.683790118
              ],
              [
                116.354691591,
                3.683675788
              ],
              [
                116.354727885,
                3.683620384
              ],
              [
                116.35475521,
                3.683594232
              ],
              [
                116.354774585,
                3.683569912
              ],
              [
                116.354775494,
                3.68356213
              ],
              [
                116.354806172,
                3.68338502
              ],
              [
                116.35478857,
                3.683321904
              ],
              [
                116.354821175,
                3.6832867
              ],
              [
                116.354837269,
                3.683211179
              ],
              [
                116.354853027,
                3.683152841
              ],
              [
                116.354850428,
                3.683035746
              ],
              [
                116.35478396,
                3.683009259
              ],
              [
                116.354735009,
                3.682972882
              ],
              [
                116.354675917,
                3.68293575
              ],
              [
                116.354654292,
                3.682860313
              ],
              [
                116.354653621,
                3.682819661
              ],
              [
                116.354640881,
                3.68275797
              ],
              [
                116.354630068,
                3.682706002
              ],
              [
                116.354608443,
                3.682651604
              ],
              [
                116.354576591,
                3.682576669
              ],
              [
                116.354704918,
                3.682422442
              ],
              [
                116.354830479,
                3.682310628
              ],
              [
                116.354834335,
                3.682305515
              ],
              [
                116.35492201,
                3.682216415
              ],
              [
                116.354987137,
                3.682126729
              ],
              [
                116.355013205,
                3.682084819
              ],
              [
                116.355016557,
                3.682081634
              ],
              [
                116.355072046,
                3.682010556
              ],
              [
                116.355117643,
                3.681909889
              ],
              [
                116.355109932,
                3.681786507
              ],
              [
                116.355121164,
                3.681725571
              ],
              [
                116.355192829,
                3.681574529
              ],
              [
                116.355208419,
                3.681533374
              ],
              [
                116.355211185,
                3.681505127
              ],
              [
                116.355278241,
                3.681421224
              ],
              [
                116.355301375,
                3.6813509
              ],
              [
                116.355329538,
                3.681294154
              ],
              [
                116.355344122,
                3.681213856
              ],
              [
                116.355362395,
                3.681158954
              ],
              [
                116.355391648,
                3.681147806
              ],
              [
                116.355461301,
                3.681122158
              ],
              [
                116.355531877,
                3.681074381
              ],
              [
                116.355578061,
                3.681031214
              ],
              [
                116.355626509,
                3.680937085
              ],
              [
                116.355631705,
                3.680914538
              ],
              [
                116.355735222,
                3.68079124
              ],
              [
                116.355820466,
                3.680735333
              ],
              [
                116.355931023,
                3.68068588
              ],
              [
                116.356006376,
                3.680638857
              ],
              [
                116.35607318,
                3.680617148
              ],
              [
                116.356101846,
                3.680595187
              ],
              [
                116.356114335,
                3.680555122
              ],
              [
                116.356142415,
                3.680563085
              ],
              [
                116.35615943,
                3.680517236
              ],
              [
                116.356158927,
                3.680490162
              ],
              [
                116.356182564,
                3.680438278
              ],
              [
                116.356209051,
                3.680388574
              ],
              [
                116.356269149,
                3.680336438
              ],
              [
                116.356338635,
                3.680281034
              ],
              [
                116.356471153,
                3.680238537
              ],
              [
                116.3565051,
                3.680229485
              ],
              [
                116.356598139,
                3.680200484
              ],
              [
                116.356697548,
                3.680118341
              ],
              [
                116.356796622,
                3.680101158
              ],
              [
                116.356918998,
                3.679978782
              ],
              [
                116.356953867,
                3.67997149
              ],
              [
                116.357053276,
                3.679933269
              ],
              [
                116.357067358,
                3.679929161
              ],
              [
                116.357164169,
                3.679878451
              ],
              [
                116.357233822,
                3.67983629
              ],
              [
                116.357288975,
                3.679805025
              ],
              [
                116.357383104,
                3.679726571
              ],
              [
                116.357415542,
                3.679709053
              ],
              [
                116.357486788,
                3.679677369
              ],
              [
                116.357503552,
                3.679608386
              ],
              [
                116.357547054,
                3.679543007
              ],
              [
                116.357645625,
                3.67950554
              ],
              [
                116.357745202,
                3.679463379
              ],
              [
                116.357822567,
                3.679341841
              ],
              [
                116.357867327,
                3.67929792
              ],
              [
                116.35786565,
                3.679281995
              ],
              [
                116.357886773,
                3.679256514
              ],
              [
                116.357906805,
                3.679198511
              ],
              [
                116.357906554,
                3.679141682
              ],
              [
                116.357899681,
                3.679108741
              ],
              [
                116.357854838,
                3.679060796
              ],
              [
                116.357834134,
                3.67902861
              ],
              [
                116.357835392,
                3.678928697
              ],
              [
                116.35781779,
                3.678898439
              ],
              [
                116.357771102,
                3.678768268
              ],
              [
                116.357759284,
                3.67868646
              ],
              [
                116.357759787,
                3.678653939
              ],
              [
                116.357766241,
                3.678632984
              ],
              [
                116.357736988,
                3.678526953
              ],
              [
                116.357729696,
                3.678451516
              ],
              [
                116.357741095,
                3.678387478
              ],
              [
                116.357743945,
                3.678276921
              ],
              [
                116.357743191,
                3.6781698
              ],
              [
                116.357733216,
                3.678150773
              ],
              [
                116.357743274,
                3.678055219
              ],
              [
                116.357803037,
                3.677902501
              ],
              [
                116.35780748,
                3.677865453
              ],
              [
                116.357841846,
                3.677750789
              ],
              [
                116.357969753,
                3.677609134
              ],
              [
                116.357982242,
                3.67755725
              ],
              [
                116.358000599,
                3.677487597
              ],
              [
                116.358023314,
                3.677391624
              ],
              [
                116.358089782,
                3.677328089
              ],
              [
                116.35813362,
                3.677288024
              ],
              [
                116.358190449,
                3.677254161
              ],
              [
                116.358257588,
                3.677178305
              ],
              [
                116.358315507,
                3.677103957
              ],
              [
                116.358358758,
                3.677022904
              ],
              [
                116.358376779,
                3.676998597
              ],
              [
                116.358401589,
                3.676947551
              ],
              [
                116.358432267,
                3.676906647
              ],
              [
                116.358482474,
                3.676795838
              ],
              [
                116.358525641,
                3.676676061
              ],
              [
                116.358582554,
                3.676581513
              ],
              [
                116.358652292,
                3.676466681
              ],
              [
                116.358668134,
                3.676392753
              ],
              [
                116.358739464,
                3.676331481
              ],
              [
                116.35892529,
                3.67624213
              ],
              [
                116.358991759,
                3.676133668
              ],
              [
                116.358974073,
                3.676103158
              ],
              [
                116.358986311,
                3.676034845
              ],
              [
                116.359028472,
                3.676008526
              ],
              [
                116.359045152,
                3.675972568
              ],
              [
                116.359064011,
                3.675885983
              ],
              [
                116.359090498,
                3.675830746
              ],
              [
                116.359115141,
                3.675762601
              ],
              [
                116.359155793,
                3.675631676
              ],
              [
                116.359237684,
                3.6755352
              ],
              [
                116.359289903,
                3.675473845
              ],
              [
                116.359439101,
                3.675364126
              ],
              [
                116.359493416,
                3.675339986
              ],
              [
                116.359537337,
                3.67521652
              ],
              [
                116.359567847,
                3.67516581
              ],
              [
                116.359581342,
                3.675133539
              ],
              [
                116.35964553,
                3.675042371
              ],
              [
                116.359596765,
                3.67493799
              ],
              [
                116.359601961,
                3.674851656
              ],
              [
                116.359592238,
                3.674694495
              ],
              [
                116.359589221,
                3.674675217
              ],
              [
                116.359579666,
                3.6746349
              ],
              [
                116.359542785,
                3.674495425
              ],
              [
                116.359541612,
                3.674475644
              ],
              [
                116.359528368,
                3.674433902
              ],
              [
                116.35952007,
                3.674421329
              ],
              [
                116.35949065,
                3.674372043
              ],
              [
                116.35948386,
                3.674353436
              ],
              [
                116.359454943,
                3.674324434
              ],
              [
                116.359500624,
                3.67428638
              ],
              [
                116.359532392,
                3.674243297
              ],
              [
                116.359553179,
                3.674230557
              ],
              [
                116.359579246,
                3.674198873
              ],
              [
                116.359606823,
                3.674169704
              ],
              [
                116.359639261,
                3.674127376
              ],
              [
                116.359699108,
                3.67408379
              ],
              [
                116.359718386,
                3.674024614
              ],
              [
                116.359771779,
                3.673937023
              ],
              [
                116.359807067,
                3.673897795
              ],
              [
                116.359798014,
                3.673879188
              ],
              [
                116.35981176,
                3.673823196
              ],
              [
                116.359831207,
                3.673698558
              ],
              [
                116.359835733,
                3.673639633
              ],
              [
                116.35984906,
                3.673575679
              ],
              [
                116.359888958,
                3.673478616
              ],
              [
                116.359883426,
                3.673355235
              ],
              [
                116.359897256,
                3.67328533
              ],
              [
                116.35990262,
                3.673218861
              ],
              [
                116.359908236,
                3.673123224
              ],
              [
                116.359904297,
                3.673107969
              ],
              [
                116.359894993,
                3.673063964
              ],
              [
                116.359897759,
                3.673022809
              ],
              [
                116.359919803,
                3.672930691
              ],
              [
                116.359944195,
                3.672821978
              ],
              [
                116.359965317,
                3.67277571
              ],
              [
                116.360031115,
                3.672668338
              ],
              [
                116.36005668,
                3.672634894
              ],
              [
                116.360101188,
                3.672493575
              ],
              [
                116.360102529,
                3.672476811
              ],
              [
                116.360184252,
                3.672422245
              ],
              [
                116.360276705,
                3.672347395
              ],
              [
                116.360341581,
                3.672285955
              ],
              [
                116.360367816,
                3.672248321
              ],
              [
                116.360414503,
                3.67222921
              ],
              [
                116.36046513,
                3.672222923
              ],
              [
                116.360515924,
                3.672214709
              ],
              [
                116.360549536,
                3.672202891
              ],
              [
                116.360658333,
                3.67212167
              ],
              [
                116.360694207,
                3.672105828
              ],
              [
                116.360760843,
                3.672009269
              ],
              [
                116.360795796,
                3.671969455
              ],
              [
                116.36082639,
                3.671949422
              ],
              [
                116.360913783,
                3.671922319
              ],
              [
                116.36099386,
                3.671906674
              ],
              [
                116.361021101,
                3.671885133
              ],
              [
                116.361040045,
                3.671855712
              ],
              [
                116.361105256,
                3.671798548
              ],
              [
                116.361129479,
                3.671772815
              ],
              [
                116.361147836,
                3.671754291
              ],
              [
                116.361177005,
                3.671735348
              ],
              [
                116.361210952,
                3.671657648
              ],
              [
                116.361275744,
                3.671553209
              ],
              [
                116.361337435,
                3.671500487
              ],
              [
                116.361386301,
                3.671440808
              ],
              [
                116.361417398,
                3.671387248
              ],
              [
                116.361417482,
                3.671330418
              ],
              [
                116.361441035,
                3.671222292
              ],
              [
                116.361419745,
                3.67113906
              ],
              [
                116.361419326,
                3.670995478
              ],
              [
                116.361354366,
                3.670883998
              ],
              [
                116.361282868,
                3.670809567
              ],
              [
                116.361242468,
                3.670710074
              ],
              [
                116.361211287,
                3.670599433
              ],
              [
                116.361194439,
                3.670558529
              ],
              [
                116.361107184,
                3.670399776
              ],
              [
                116.361062843,
                3.670327188
              ],
              [
                116.36105421,
                3.670303971
              ],
              [
                116.361032669,
                3.670275724
              ],
              [
                116.360982293,
                3.67021244
              ],
              [
                116.360937618,
                3.670039522
              ],
              [
                116.360927057,
                3.670001887
              ],
              [
                116.360897385,
                3.669891581
              ],
              [
                116.360860337,
                3.669715226
              ],
              [
                116.360858828,
                3.66970106
              ],
              [
                116.360832257,
                3.669644482
              ],
              [
                116.360836532,
                3.669559658
              ],
              [
                116.360916579,
                3.669410376
              ],
              [
                116.360996375,
                3.669238631
              ],
              [
                116.361031244,
                3.669195883
              ],
              [
                116.361078937,
                3.669088008
              ],
              [
                116.361213801,
                3.668947946
              ],
              [
                116.361281946,
                3.668848872
              ],
              [
                116.36128949,
                3.66883521
              ],
              [
                116.361345816,
                3.668818949
              ],
              [
                116.361436173,
                3.668727251
              ],
              [
                116.361438772,
                3.668720461
              ],
              [
                116.361493925,
                3.668649467
              ],
              [
                116.361534996,
                3.668589871
              ],
              [
                116.36156844,
                3.668486439
              ],
              [
                116.361644631,
                3.668367499
              ],
              [
                116.36164505,
                3.668358782
              ],
              [
                116.361656282,
                3.668299858
              ],
              [
                116.361669861,
                3.668149989
              ],
              [
                116.361738425,
                3.668017136
              ],
              [
                116.361734821,
                3.668005234
              ],
              [
                116.361805396,
                3.66791714
              ],
              [
                116.361853508,
                3.667773306
              ],
              [
                116.361891981,
                3.667707089
              ],
              [
                116.361911343,
                3.667649003
              ],
              [
                116.361947134,
                3.667601394
              ],
              [
                116.361986278,
                3.667580523
              ],
              [
                116.362016704,
                3.667493351
              ],
              [
                116.362067666,
                3.667382374
              ],
              [
                116.362085603,
                3.667338872
              ],
              [
                116.362099936,
                3.667308278
              ],
              [
                116.362142097,
                3.667215575
              ],
              [
                116.362204291,
                3.667114992
              ],
              [
                116.362233544,
                3.666963698
              ],
              [
                116.362290122,
                3.66687024
              ],
              [
                116.36230127,
                3.666859511
              ],
              [
                116.36230546,
                3.666765718
              ],
              [
                116.362337815,
                3.666500682
              ],
              [
                116.362376455,
                3.666314771
              ],
              [
                116.36242725,
                3.666198095
              ],
              [
                116.362494305,
                3.66608955
              ],
              [
                116.36254468,
                3.666009419
              ],
              [
                116.362662027,
                3.665890396
              ],
              [
                116.362754228,
                3.665869944
              ],
              [
                116.362827653,
                3.665829292
              ],
              [
                116.363843899,
                3.665855984
              ],
              [
                116.363889053,
                3.66585955
              ],
              [
                116.364103965,
                3.665902046
              ],
              [
                116.364166243,
                3.665859718
              ],
              [
                116.364197088,
                3.665843038
              ],
              [
                116.364218378,
                3.66583474
              ],
              [
                116.364337988,
                3.665880924
              ],
              [
                116.364481403,
                3.665906908
              ],
              [
                116.364523228,
                3.665920487
              ],
              [
                116.36455005,
                3.665916463
              ],
              [
                116.36465013,
                3.665976729
              ],
              [
                116.364686015,
                3.665999744
              ],
              [
                116.364702098,
                3.666093908
              ],
              [
                116.364771165,
                3.666169932
              ],
              [
                116.36477611,
                3.666175632
              ],
              [
                116.364918184,
                3.666191809
              ],
              [
                116.364996219,
                3.666223409
              ],
              [
                116.3650274,
                3.666260373
              ],
              [
                116.365163773,
                3.666247716
              ],
              [
                116.365232253,
                3.666245788
              ],
              [
                116.365309367,
                3.666277053
              ],
              [
                116.365370052,
                3.666311251
              ],
              [
                116.365377679,
                3.666313682
              ],
              [
                116.365476837,
                3.666359028
              ],
              [
                116.365505755,
                3.666371685
              ],
              [
                116.365586724,
                3.666385431
              ],
              [
                116.365616648,
                3.666439243
              ],
              [
                116.36565554,
                3.66641636
              ],
              [
                116.365817813,
                3.666406553
              ],
              [
                116.365930382,
                3.66641636
              ],
              [
                116.365970196,
                3.666436393
              ],
              [
                116.366048651,
                3.666478554
              ],
              [
                116.366106654,
                3.666519206
              ],
              [
                116.366082933,
                3.666510405
              ],
              [
                116.366121322,
                3.666549213
              ],
              [
                116.36619349,
                3.666545274
              ],
              [
                116.366291894,
                3.666585004
              ],
              [
                116.36633615,
                3.666587267
              ],
              [
                116.366375042,
                3.666575281
              ],
              [
                116.366552906,
                3.666601181
              ],
              [
                116.36667964,
                3.666590871
              ],
              [
                116.366743511,
                3.6665296
              ],
              [
                116.366924321,
                3.666398532
              ],
              [
                116.366987843,
                3.666315777
              ],
              [
                116.367061604,
                3.666236568
              ],
              [
                116.367077697,
                3.666215865
              ],
              [
                116.367184063,
                3.666137327
              ],
              [
                116.367279617,
                3.6660608
              ],
              [
                116.367322784,
                3.666009754
              ],
              [
                116.367370477,
                3.665988715
              ],
              [
                116.367468378,
                3.665906908
              ],
              [
                116.367663089,
                3.665809426
              ],
              [
                116.367749758,
                3.665776569
              ],
              [
                116.36781916,
                3.665762069
              ],
              [
                116.367835086,
                3.66575486
              ],
              [
                116.368045388,
                3.665755196
              ],
              [
                116.368055195,
                3.665758045
              ],
              [
                116.368083442,
                3.665824346
              ],
              [
                116.368167344,
                3.665851587
              ],
              [
                116.36819358,
                3.665859969
              ],
              [
                116.368256528,
                3.665830297
              ],
              [
                116.36833691,
                3.665830214
              ],
              [
                116.368361469,
                3.665827615
              ],
              [
                116.368377563,
                3.665828872
              ],
              [
                116.368398182,
                3.665914619
              ],
              [
                116.368396506,
                3.665918978
              ],
              [
                116.368408827,
                3.665992068
              ],
              [
                116.368423998,
                3.666051161
              ],
              [
                116.368483845,
                3.666194156
              ],
              [
                116.368546877,
                3.666268419
              ],
              [
                116.368636983,
                3.666346623
              ],
              [
                116.36866414,
                3.666372774
              ],
              [
                116.368679898,
                3.666416025
              ],
              [
                116.368691884,
                3.66644226
              ],
              [
                116.368701858,
                3.666459443
              ],
              [
                116.368784001,
                3.666507555
              ],
              [
                116.368810153,
                3.666526331
              ],
              [
                116.368891625,
                3.666581567
              ],
              [
                116.368943928,
                3.666633535
              ],
              [
                116.369020035,
                3.666680055
              ],
              [
                116.36911165,
                3.666724311
              ],
              [
                116.369283227,
                3.666776447
              ],
              [
                116.369423708,
                3.666838808
              ],
              [
                116.369479196,
                3.666884657
              ],
              [
                116.369500235,
                3.666891195
              ],
              [
                116.369608948,
                3.666978115
              ],
              [
                116.369698802,
                3.667105436
              ],
              [
                116.369722942,
                3.66712505
              ],
              [
                116.369781364,
                3.667197051
              ],
              [
                116.369863087,
                3.667228566
              ],
              [
                116.369907595,
                3.66725673
              ],
              [
                116.369947996,
                3.667302411
              ],
              [
                116.370034916,
                3.667361168
              ],
              [
                116.370176403,
                3.667415567
              ],
              [
                116.370238261,
                3.667496536
              ],
              [
                116.370263994,
                3.667539451
              ],
              [
                116.370319817,
                3.667719746
              ],
              [
                116.370384358,
                3.667860478
              ],
              [
                116.370478906,
                3.66797355
              ],
              [
                116.370539172,
                3.6680484
              ],
              [
                116.370540932,
                3.668064829
              ],
              [
                116.370575633,
                3.668164406
              ],
              [
                116.370706391,
                3.668270521
              ],
              [
                116.370816613,
                3.668336654
              ],
              [
                116.370927421,
                3.668411337
              ],
              [
                116.371037057,
                3.668530947
              ],
              [
                116.37107092,
                3.668623315
              ],
              [
                116.371122301,
                3.668763712
              ],
              [
                116.371135293,
                3.668878628
              ],
              [
                116.371182483,
                3.668980887
              ],
              [
                116.371280635,
                3.669036794
              ],
              [
                116.371398736,
                3.669124134
              ],
              [
                116.371528069,
                3.669193788
              ],
              [
                116.371706938,
                3.669258244
              ],
              [
                116.371778855,
                3.669295879
              ],
              [
                116.371794194,
                3.669331251
              ],
              [
                116.371897124,
                3.669495285
              ],
              [
                116.371965269,
                3.669640962
              ],
              [
                116.371975327,
                3.669652529
              ],
              [
                116.371988486,
                3.669680525
              ],
              [
                116.372018158,
                3.669746658
              ],
              [
                116.372047998,
                3.669767361
              ],
              [
                116.372112455,
                3.669821257
              ],
              [
                116.372113964,
                3.66982637
              ],
              [
                116.372141037,
                3.669865262
              ],
              [
                116.37221857,
                3.669864172
              ],
              [
                116.372265508,
                3.66991438
              ],
              [
                116.372269113,
                3.66992075
              ],
              [
                116.372314375,
                3.669974059
              ],
              [
                116.372416299,
                3.670090903
              ],
              [
                116.372472374,
                3.67015251
              ],
              [
                116.372523,
                3.6702458
              ],
              [
                116.372606987,
                3.670289302
              ],
              [
                116.372631965,
                3.670305647
              ],
              [
                116.372716539,
                3.670363063
              ],
              [
                116.372809745,
                3.67034588
              ],
              [
                116.372855511,
                3.670354178
              ],
              [
                116.372894738,
                3.670363817
              ],
              [
                116.372939665,
                3.670369769
              ],
              [
                116.373129599,
                3.670411929
              ],
              [
                116.373216016,
                3.670429196
              ],
              [
                116.373308636,
                3.670452079
              ],
              [
                116.373360688,
                3.670474458
              ],
              [
                116.373365801,
                3.67047362
              ],
              [
                116.373418188,
                3.670452833
              ],
              [
                116.373511059,
                3.670447804
              ],
              [
                116.373597058,
                3.67047295
              ],
              [
                116.373730414,
                3.67053749
              ],
              [
                116.373747177,
                3.670536987
              ],
              [
                116.373895118,
                3.67051159
              ],
              [
                116.37394323,
                3.670504969
              ],
              [
                116.374073736,
                3.670572778
              ],
              [
                116.374153364,
                3.67061561
              ],
              [
                116.374242967,
                3.670634218
              ],
              [
                116.374332821,
                3.670651736
              ],
              [
                116.374399625,
                3.670655005
              ],
              [
                116.374477828,
                3.670666823
              ],
              [
                116.374584697,
                3.67064151
              ],
              [
                116.374657368,
                3.670648634
              ],
              [
                116.374727441,
                3.670666404
              ],
              [
                116.374862557,
                3.670695908
              ],
              [
                116.374932379,
                3.67069616
              ],
              [
                116.374963727,
                3.670716612
              ],
              [
                116.374991639,
                3.670717282
              ],
              [
                116.375047714,
                3.67069901
              ],
              [
                116.375113511,
                3.670702614
              ],
              [
                116.375143016,
                3.67069616
              ],
              [
                116.375221051,
                3.670672774
              ],
              [
                116.375329597,
                3.670681743
              ],
              [
                116.37536522,
                3.67069155
              ],
              [
                116.375458427,
                3.670681324
              ],
              [
                116.375490362,
                3.670670511
              ],
              [
                116.375502851,
                3.670666823
              ],
              [
                116.37550897,
                3.670534641
              ],
              [
                116.375531852,
                3.670501364
              ],
              [
                116.37560226,
                3.670426682
              ],
              [
                116.375649283,
                3.670388125
              ],
              [
                116.375688091,
                3.670302294
              ],
              [
                116.375753218,
                3.670231467
              ],
              [
                116.375757996,
                3.670193413
              ],
              [
                116.37577476,
                3.670171201
              ],
              [
                116.375826309,
                3.670057207
              ],
              [
                116.375974165,
                3.669906417
              ],
              [
                116.376006184,
                3.669872554
              ],
              [
                116.376015069,
                3.669867357
              ],
              [
                116.376024121,
                3.669864424
              ],
              [
                116.376193017,
                3.669738695
              ],
              [
                116.37621305,
                3.669722937
              ],
              [
                116.376307178,
                3.669655463
              ],
              [
                116.376342047,
                3.669644231
              ],
              [
                116.37642486,
                3.669604249
              ],
              [
                116.376492586,
                3.66956586
              ],
              [
                116.376498705,
                3.669569632
              ],
              [
                116.376500968,
                3.669570135
              ],
              [
                116.376577578,
                3.669536775
              ],
              [
                116.376644466,
                3.669523951
              ],
              [
                116.376719149,
                3.669468546
              ],
              [
                116.376746474,
                3.669446083
              ],
              [
                116.376749827,
                3.669446334
              ],
              [
                116.376777655,
                3.66940015
              ],
              [
                116.376772709,
                3.66931851
              ],
              [
                116.376804225,
                3.669223208
              ],
              [
                116.376811517,
                3.669165289
              ],
              [
                116.376787126,
                3.669133857
              ],
              [
                116.376718059,
                3.669113237
              ],
              [
                116.376694925,
                3.669049116
              ],
              [
                116.376597779,
                3.66893596
              ],
              [
                116.37653986,
                3.668892961
              ],
              [
                116.376479594,
                3.668860858
              ],
              [
                116.376476325,
                3.668859182
              ],
              [
                116.376446066,
                3.668825738
              ],
              [
                116.376454784,
                3.668788774
              ],
              [
                116.376397787,
                3.668737058
              ],
              [
                116.376349507,
                3.668634379
              ],
              [
                116.376264011,
                3.668598002
              ],
              [
                116.376224365,
                3.668578221
              ],
              [
                116.376207182,
                3.66857403
              ],
              [
                116.376203997,
                3.668568749
              ],
              [
                116.376167284,
                3.668487277
              ],
              [
                116.37609696,
                3.668377474
              ],
              [
                116.376084555,
                3.668361967
              ],
              [
                116.376031749,
                3.668250404
              ],
              [
                116.376004843,
                3.668152001
              ],
              [
                116.375975003,
                3.668071367
              ],
              [
                116.375931753,
                3.667950165
              ],
              [
                116.375911301,
                3.667872716
              ],
              [
                116.375833685,
                3.667685715
              ],
              [
                116.375809712,
                3.667558311
              ],
              [
                116.37581164,
                3.667541714
              ],
              [
                116.375781884,
                3.667440629
              ],
              [
                116.375786411,
                3.667380698
              ],
              [
                116.375772025,
                3.667258776
              ],
              [
                116.375818932,
                3.667213563
              ],
              [
                116.375861429,
                3.667130247
              ],
              [
                116.375873247,
                3.667104347
              ],
              [
                116.375874337,
                3.666992197
              ],
              [
                116.375868553,
                3.666903768
              ],
              [
                116.375874169,
                3.666821541
              ],
              [
                116.375869643,
                3.666769993
              ],
              [
                116.375876097,
                3.666697573
              ],
              [
                116.375877522,
                3.666656082
              ],
              [
                116.375833433,
                3.666589195
              ],
              [
                116.375830248,
                3.666575532
              ],
              [
                116.375839887,
                3.666452235
              ],
              [
                116.375860926,
                3.666354921
              ],
              [
                116.375889424,
                3.666238915
              ],
              [
                116.375901159,
                3.66611084
              ],
              [
                116.375972321,
                3.666044958
              ],
              [
                116.376025211,
                3.665948566
              ],
              [
                116.376024792,
                3.66586877
              ],
              [
                116.376075922,
                3.66576408
              ],
              [
                116.37610157,
                3.665677411
              ],
              [
                116.376176169,
                3.665597197
              ],
              [
                116.376243727,
                3.665540786
              ],
              [
                116.376316398,
                3.665427966
              ],
              [
                116.376408432,
                3.665336687
              ],
              [
                116.376438355,
                3.665257813
              ],
              [
                116.376491245,
                3.665159829
              ],
              [
                116.376471631,
                3.66504374
              ],
              [
                116.37652955,
                3.664970566
              ],
              [
                116.376617141,
                3.664922705
              ],
              [
                116.376637928,
                3.664902924
              ],
              [
                116.376629254,
                3.664863022
              ],
              [
                116.376627702,
                3.664848022
              ],
              [
                116.376603898,
                3.664695555
              ],
              [
                116.376641449,
                3.664563289
              ],
              [
                116.376683442,
                3.664504364
              ],
              [
                116.376742031,
                3.664443009
              ],
              [
                116.376801878,
                3.664391711
              ],
              [
                116.376904557,
                3.664243435
              ],
              [
                116.376930289,
                3.664117372
              ],
              [
                116.376884943,
                3.66404512
              ],
              [
                116.376897935,
                3.663975717
              ],
              [
                116.37687983,
                3.663923582
              ],
              [
                116.376834987,
                3.663856108
              ],
              [
                116.376861306,
                3.663770948
              ],
              [
                116.376848901,
                3.663641782
              ],
              [
                116.376780421,
                3.663434414
              ],
              [
                116.376773296,
                3.663364174
              ],
              [
                116.37675276,
                3.663267866
              ],
              [
                116.376714874,
                3.663153872
              ],
              [
                116.376679502,
                3.663112549
              ],
              [
                116.376607334,
                3.663038788
              ],
              [
                116.37657892,
                3.662995622
              ],
              [
                116.376559641,
                3.662987994
              ],
              [
                116.376549331,
                3.662906019
              ],
              [
                116.37651002,
                3.662861679
              ],
              [
                116.376417316,
                3.662811136
              ],
              [
                116.376394434,
                3.662752211
              ],
              [
                116.376379514,
                3.662727484
              ],
              [
                116.376341796,
                3.662626985
              ],
              [
                116.376333581,
                3.662606953
              ],
              [
                116.376315309,
                3.66254543
              ],
              [
                116.376297371,
                3.662507879
              ],
              [
                116.37627759,
                3.662411068
              ],
              [
                116.376259653,
                3.662377959
              ],
              [
                116.376184216,
                3.662194982
              ],
              [
                116.376179019,
                3.662187522
              ],
              [
                116.376153873,
                3.662131531
              ],
              [
                116.376144569,
                3.662012089
              ],
              [
                116.376123782,
                3.661970599
              ],
              [
                116.376109784,
                3.661947213
              ],
              [
                116.376062678,
                3.66187077
              ],
              [
                116.376045998,
                3.661779324
              ],
              [
                116.376025714,
                3.661735402
              ],
              [
                116.376014063,
                3.661616128
              ],
              [
                116.376021691,
                3.661506493
              ],
              [
                116.37602387,
                3.661462069
              ],
              [
                116.37603242,
                3.661432983
              ],
              [
                116.376065025,
                3.661333406
              ],
              [
                116.376056392,
                3.661294933
              ],
              [
                116.376045579,
                3.66126677
              ],
              [
                116.376053123,
                3.661138108
              ],
              [
                116.376022948,
                3.661075244
              ],
              [
                116.376010543,
                3.660988491
              ],
              [
                116.376011129,
                3.660927806
              ],
              [
                116.376007441,
                3.660878604
              ],
              [
                116.3759543,
                3.660776764
              ],
              [
                116.375936782,
                3.660714906
              ],
              [
                116.375884144,
                3.660644498
              ],
              [
                116.375899734,
                3.660590015
              ],
              [
                116.375924293,
                3.660561768
              ],
              [
                116.375880372,
                3.660467053
              ],
              [
                116.375868805,
                3.660383821
              ],
              [
                116.375873918,
                3.660338558
              ],
              [
                116.375868637,
                3.660149211
              ],
              [
                116.375870565,
                3.660132112
              ],
              [
                116.375899734,
                3.659992302
              ],
              [
                116.375846677,
                3.659852324
              ],
              [
                116.37584324,
                3.659798764
              ],
              [
                116.375873666,
                3.659689883
              ],
              [
                116.375990798,
                3.659216474
              ],
              [
                116.376044892,
                3.658535506
              ],
              [
                116.376093622,
                3.65820238
              ],
              [
                116.376101089,
                3.65791257
              ],
              [
                116.376080129,
                3.657724631
              ],
              [
                116.376085829,
                3.657491612
              ],
              [
                116.376102566,
                3.657263452
              ],
              [
                116.37614682,
                3.656937098
              ],
              [
                116.376285888,
                3.65629605
              ],
              [
                116.376309609,
                3.656210722
              ],
              [
                116.3763713,
                3.656106116
              ],
              [
                116.37641212,
                3.656078372
              ],
              [
                116.376421927,
                3.656065129
              ],
              [
                116.376482192,
                3.656027662
              ],
              [
                116.376517899,
                3.655961109
              ],
              [
                116.376606245,
                3.655845523
              ],
              [
                116.376649747,
                3.655706802
              ],
              [
                116.376709091,
                3.655606136
              ],
              [
                116.376722166,
                3.655576967
              ],
              [
                116.37674178,
                3.655502954
              ],
              [
                116.376784611,
                3.655456519
              ],
              [
                116.376811685,
                3.655417375
              ],
              [
                116.376813781,
                3.655413184
              ],
              [
                116.376809673,
                3.655398684
              ],
              [
                116.376816211,
                3.655353254
              ],
              [
                116.376821576,
                3.655297095
              ],
              [
                116.376830712,
                3.655226184
              ],
              [
                116.376826689,
                3.65519207
              ],
              [
                116.376838172,
                3.655101461
              ],
              [
                116.376844207,
                3.655060222
              ],
              [
                116.376889972,
                3.654952263
              ],
              [
                116.376866587,
                3.654883783
              ],
              [
                116.376873879,
                3.654846149
              ],
              [
                116.376901371,
                3.654832318
              ],
              [
                116.376937581,
                3.654764257
              ],
              [
                116.377022741,
                3.654702902
              ],
              [
                116.377080409,
                3.654604079
              ],
              [
                116.377152661,
                3.654452534
              ],
              [
                116.377193397,
                3.654416911
              ],
              [
                116.377242934,
                3.65432404
              ],
              [
                116.377255591,
                3.654312892
              ],
              [
                116.377304541,
                3.654233431
              ],
              [
                116.377285095,
                3.654054143
              ],
              [
                116.377388192,
                3.653940484
              ],
              [
                116.377523727,
                3.653822609
              ],
              [
                116.377552478,
                3.653801261
              ],
              [
                116.377589358,
                3.653778126
              ],
              [
                116.377746854,
                3.653641082
              ],
              [
                116.377863027,
                3.653486436
              ],
              [
                116.377875181,
                3.653461961
              ],
              [
                116.377888676,
                3.653409574
              ],
              [
                116.37792564,
                3.653346961
              ],
              [
                116.377959084,
                3.653261047
              ],
              [
                116.377969142,
                3.65309936
              ],
              [
                116.377959419,
                3.653074969
              ],
              [
                116.37799521,
                3.6529826
              ],
              [
                116.3780051,
                3.652927112
              ],
              [
                116.378013063,
                3.652865756
              ],
              [
                116.378009291,
                3.652768526
              ],
              [
                116.377989845,
                3.652714882
              ],
              [
                116.377880629,
                3.652428472
              ],
              [
                116.377896219,
                3.652368039
              ],
              [
                116.377910217,
                3.652325124
              ],
              [
                116.377927484,
                3.652302241
              ],
              [
                116.377931172,
                3.652213393
              ],
              [
                116.377951289,
                3.652162682
              ],
              [
                116.377956653,
                3.652145416
              ],
              [
                116.377993952,
                3.652091688
              ],
              [
                116.377993869,
                3.652088167
              ],
              [
                116.377992528,
                3.652056651
              ],
              [
                116.377975931,
                3.652023459
              ],
              [
                116.377967214,
                3.651957409
              ],
              [
                116.378022786,
                3.651812151
              ],
              [
                116.378113562,
                3.651712742
              ],
              [
                116.378212133,
                3.651600424
              ],
              [
                116.378277848,
                3.651549462
              ],
              [
                116.378320763,
                3.65147545
              ],
              [
                116.378379269,
                3.65138635
              ],
              [
                116.378402738,
                3.651279397
              ],
              [
                116.378449341,
                3.651146712
              ],
              [
                116.378488066,
                3.651020564
              ],
              [
                116.378468284,
                3.650936494
              ],
              [
                116.378471218,
                3.650851501
              ],
              [
                116.378502147,
                3.650795259
              ],
              [
                116.378508937,
                3.650651006
              ],
              [
                116.37854808,
                3.650486972
              ],
              [
                116.378593091,
                3.650389658
              ],
              [
                116.378591079,
                3.650293518
              ],
              [
                116.378600467,
                3.650275832
              ],
              [
                116.378624439,
                3.650196204
              ],
              [
                116.37865914,
                3.650129149
              ],
              [
                116.378676323,
                3.650095873
              ],
              [
                116.37873508,
                3.650017083
              ],
              [
                116.378746899,
                3.649964025
              ],
              [
                116.37877875,
                3.649905939
              ],
              [
                116.378783863,
                3.64987392
              ],
              [
                116.378792999,
                3.649825808
              ],
              [
                116.378797274,
                3.649719022
              ],
              [
                116.378780175,
                3.649477875
              ],
              [
                116.378768189,
                3.649383578
              ],
              [
                116.378762322,
                3.649320798
              ],
              [
                116.378745139,
                3.649249803
              ],
              [
                116.378716556,
                3.649209822
              ],
              [
                116.378705995,
                3.649142431
              ],
              [
                116.378710773,
                3.649088619
              ],
              [
                116.378719574,
                3.64903003
              ],
              [
                116.378747737,
                3.648982337
              ],
              [
                116.378746983,
                3.648907738
              ],
              [
                116.378752934,
                3.64882987
              ],
              [
                116.378771206,
                3.648757702
              ],
              [
                116.37875461,
                3.648693496
              ],
              [
                116.378732817,
                3.648639852
              ],
              [
                116.378732817,
                3.648601128
              ],
              [
                116.378737008,
                3.648529379
              ],
              [
                116.378813619,
                3.648500126
              ],
              [
                116.378853852,
                3.648480009
              ],
              [
                116.378884362,
                3.648397112
              ],
              [
                116.378945466,
                3.648336846
              ],
              [
                116.379103046,
                3.648278425
              ],
              [
                116.379255932,
                3.648275575
              ],
              [
                116.379368501,
                3.648308013
              ],
              [
                116.379414769,
                3.64827876
              ],
              [
                116.379437987,
                3.648269372
              ],
              [
                116.379538486,
                3.648248417
              ],
              [
                116.379563799,
                3.648244562
              ],
              [
                116.379705034,
                3.648242801
              ],
              [
                116.379714757,
                3.648239532
              ],
              [
                116.379772592,
                3.648239532
              ],
              [
                116.379821459,
                3.648236012
              ],
              [
                116.379833277,
                3.648242299
              ],
              [
                116.379894046,
                3.64827658
              ],
              [
                116.379908463,
                3.648275994
              ],
              [
                116.37991894,
                3.64828052
              ],
              [
                116.379963364,
                3.648292841
              ],
              [
                116.379987421,
                3.648297954
              ],
              [
                116.380039472,
                3.648283705
              ],
              [
                116.380082639,
                3.648301559
              ],
              [
                116.380154807,
                3.648291333
              ],
              [
                116.380244158,
                3.648292255
              ],
              [
                116.380290426,
                3.648305666
              ],
              [
                116.380348681,
                3.648332655
              ],
              [
                116.380426548,
                3.648295775
              ],
              [
                116.380478516,
                3.648251016
              ],
              [
                116.380542219,
                3.648211956
              ],
              [
                116.380669456,
                3.648203909
              ],
              [
                116.380771883,
                3.64818396
              ],
              [
                116.380890319,
                3.648078851
              ],
              [
                116.380977407,
                3.648027219
              ],
              [
                116.380996853,
                3.648016071
              ],
              [
                116.381055359,
                3.64799168
              ],
              [
                116.381170945,
                3.647922445
              ],
              [
                116.38119651,
                3.647802668
              ],
              [
                116.381200533,
                3.647791855
              ],
              [
                116.381244371,
                3.647711808
              ],
              [
                116.381292734,
                3.647613991
              ],
              [
                116.381280497,
                3.647515085
              ],
              [
                116.3813271,
                3.647384327
              ],
              [
                116.381421899,
                3.647184754
              ],
              [
                116.381474202,
                3.647097414
              ],
              [
                116.381528769,
                3.647032706
              ],
              [
                116.381540252,
                3.647003956
              ],
              [
                116.38158828,
                3.646908067
              ],
              [
                116.381624993,
                3.646876216
              ],
              [
                116.38168199,
                3.646767838
              ],
              [
                116.381760612,
                3.646678654
              ],
              [
                116.381833702,
                3.646595338
              ],
              [
                116.381873684,
                3.64653063
              ],
              [
                116.381968148,
                3.646435915
              ],
              [
                116.382024642,
                3.646322256
              ],
              [
                116.382113658,
                3.6461516
              ],
              [
                116.382130757,
                3.646048168
              ],
              [
                116.382199405,
                3.645839794
              ],
              [
                116.382218096,
                3.64580241
              ],
              [
                116.382270819,
                3.645710209
              ],
              [
                116.382269226,
                3.645689338
              ],
              [
                116.382328067,
                3.645637119
              ],
              [
                116.382364612,
                3.645580541
              ],
              [
                116.38239135,
                3.645504098
              ],
              [
                116.38240627,
                3.645471828
              ],
              [
                116.382504674,
                3.645379627
              ],
              [
                116.382535016,
                3.645307291
              ],
              [
                116.382602993,
                3.645264544
              ],
              [
                116.382700978,
                3.645076454
              ],
              [
                116.382813295,
                3.644926334
              ],
              [
                116.382850679,
                3.64486699
              ],
              [
                116.382871885,
                3.644791469
              ],
              [
                116.382894684,
                3.644773364
              ],
              [
                116.382985627,
                3.644710081
              ],
              [
                116.3830557,
                3.644641517
              ],
              [
                116.383065674,
                3.644634141
              ],
              [
                116.38309719,
                3.644580077
              ],
              [
                116.383102722,
                3.644565158
              ],
              [
                116.383135412,
                3.644543532
              ],
              [
                116.383201545,
                3.644501036
              ],
              [
                116.383276228,
                3.644443788
              ],
              [
                116.383294584,
                3.644384779
              ],
              [
                116.383296847,
                3.644374888
              ],
              [
                116.383359544,
                3.644236922
              ],
              [
                116.383361891,
                3.644219572
              ],
              [
                116.383364154,
                3.644158132
              ],
              [
                116.383379241,
                3.644015137
              ],
              [
                116.383393658,
                3.643968282
              ],
              [
                116.383393826,
                3.643905837
              ],
              [
                116.383384941,
                3.643870214
              ],
              [
                116.383431209,
                3.643790167
              ],
              [
                116.383456858,
                3.643745659
              ],
              [
                116.383455852,
                3.643701235
              ],
              [
                116.383430455,
                3.643645411
              ],
              [
                116.383404471,
                3.643591013
              ],
              [
                116.383406147,
                3.643501578
              ],
              [
                116.383438502,
                3.643440474
              ],
              [
                116.383500611,
                3.643361349
              ],
              [
                116.383606307,
                3.643284319
              ],
              [
                116.383705549,
                3.643161273
              ],
              [
                116.38379775,
                3.643063288
              ],
              [
                116.383847622,
                3.643033532
              ],
              [
                116.38389322,
                3.642985588
              ],
              [
                116.383902859,
                3.642910905
              ],
              [
                116.38389674,
                3.642886262
              ],
              [
                116.383896656,
                3.64285768
              ],
              [
                116.383907385,
                3.642806718
              ],
              [
                116.383890957,
                3.642765395
              ],
              [
                116.38388576,
                3.642697586
              ],
              [
                116.383880647,
                3.642647965
              ],
              [
                116.383876624,
                3.642609492
              ],
              [
                116.383874025,
                3.642547969
              ],
              [
                116.3839415,
                3.642406063
              ],
              [
                116.383954743,
                3.642355772
              ],
              [
                116.383958934,
                3.64232677
              ],
              [
                116.383973435,
                3.64226005
              ],
              [
                116.384016769,
                3.642131221
              ],
              [
                116.384079298,
                3.642096687
              ],
              [
                116.38410503,
                3.641976826
              ],
              [
                116.384116011,
                3.641926786
              ],
              [
                116.384113999,
                3.641907759
              ],
              [
                116.384109808,
                3.641902143
              ],
              [
                116.384148113,
                3.641817151
              ],
              [
                116.384231094,
                3.641762165
              ],
              [
                116.384304771,
                3.641684549
              ],
              [
                116.384317512,
                3.64167952
              ],
              [
                116.384355482,
                3.641639873
              ],
              [
                116.38444609,
                3.641569046
              ],
              [
                116.384465201,
                3.641552282
              ],
              [
                116.384478444,
                3.641540213
              ],
              [
                116.384586152,
                3.641424375
              ],
              [
                116.384634348,
                3.641393948
              ],
              [
                116.384670977,
                3.641358325
              ],
              [
                116.38474918,
                3.641290516
              ],
              [
                116.38481657,
                3.641266041
              ],
              [
                116.38485672,
                3.641218096
              ],
              [
                116.384946993,
                3.641136037
              ],
              [
                116.38503802,
                3.641075855
              ],
              [
                116.385118989,
                3.641007207
              ],
              [
                116.385195265,
                3.640940487
              ],
              [
                116.385218482,
                3.640911654
              ],
              [
                116.385236923,
                3.64084594
              ],
              [
                116.385301547,
                3.640808221
              ],
              [
                116.385369524,
                3.640765306
              ],
              [
                116.385485195,
                3.640732029
              ],
              [
                116.385602877,
                3.640687941
              ],
              [
                116.38564202,
                3.640687102
              ],
              [
                116.385762971,
                3.640622394
              ],
              [
                116.385815274,
                3.640581239
              ],
              [
                116.385830361,
                3.640571684
              ],
              [
                116.385831703,
                3.640544945
              ],
              [
                116.385877132,
                3.640440339
              ],
              [
                116.385890711,
                3.640426844
              ],
              [
                116.38596883,
                3.640362974
              ],
              [
                116.386033455,
                3.640323831
              ],
              [
                116.386098582,
                3.640226852
              ],
              [
                116.386107299,
                3.640214782
              ],
              [
                116.386133032,
                3.640192654
              ],
              [
                116.386123728,
                3.640145045
              ],
              [
                116.386150215,
                3.64007866
              ],
              [
                116.386251205,
                3.639937864
              ],
              [
                116.386277955,
                3.639926529
              ],
              [
                116.386307208,
                3.639853019
              ],
              [
                116.386311986,
                3.639721088
              ],
              [
                116.386324558,
                3.639672808
              ],
              [
                116.386338389,
                3.639616398
              ],
              [
                116.386348195,
                3.639517408
              ],
              [
                116.386357248,
                3.639428308
              ],
              [
                116.386373844,
                3.639338119
              ],
              [
                116.386358002,
                3.639183557
              ],
              [
                116.386321122,
                3.639097894
              ],
              [
                116.386302849,
                3.638873594
              ],
              [
                116.386300921,
                3.638840066
              ],
              [
                116.386266807,
                3.63876991
              ],
              [
                116.386255072,
                3.638632614
              ],
              [
                116.386216264,
                3.638346205
              ],
              [
                116.386220958,
                3.638336817
              ],
              [
                116.38617469,
                3.638280323
              ],
              [
                116.386178629,
                3.6382333
              ],
              [
                116.386146611,
                3.638147134
              ],
              [
                116.386104198,
                3.638084522
              ],
              [
                116.386110568,
                3.638046635
              ],
              [
                116.38610445,
                3.638041941
              ],
              [
                116.386075281,
                3.637975976
              ],
              [
                116.386030857,
                3.637926942
              ],
              [
                116.385924071,
                3.637771709
              ],
              [
                116.385894399,
                3.63774321
              ],
              [
                116.385782165,
                3.637664001
              ],
              [
                116.385710081,
                3.637518995
              ],
              [
                116.385671692,
                3.637436852
              ],
              [
                116.385542443,
                3.63736527
              ],
              [
                116.385454517,
                3.63733409
              ],
              [
                116.385368183,
                3.637253791
              ],
              [
                116.385338427,
                3.637247756
              ],
              [
                116.385300457,
                3.637199812
              ],
              [
                116.385244299,
                3.637165111
              ],
              [
                116.385167101,
                3.637090093
              ],
              [
                116.385130389,
                3.637029491
              ],
              [
                116.385118403,
                3.636922538
              ],
              [
                116.385037433,
                3.636850873
              ],
              [
                116.385010695,
                3.636842156
              ],
              [
                116.384998793,
                3.636779627
              ],
              [
                116.384976665,
                3.636760432
              ],
              [
                116.384976581,
                3.636761438
              ],
              [
                116.384912711,
                3.636723133
              ],
              [
                116.384874992,
                3.636676865
              ],
              [
                116.384857809,
                3.636658257
              ],
              [
                116.384838279,
                3.636586424
              ],
              [
                116.384842219,
                3.63649548
              ],
              [
                116.384825287,
                3.636393724
              ],
              [
                116.384827551,
                3.636366148
              ],
              [
                116.384830317,
                3.636311498
              ],
              [
                116.384857642,
                3.636190044
              ],
              [
                116.384864745,
                3.636146489
              ],
              [
                116.384859982,
                3.63609727
              ],
              [
                116.384851241,
                3.636047225
              ],
              [
                116.38484465,
                3.636007989
              ],
              [
                116.384864263,
                3.635969181
              ],
              [
                116.384894857,
                3.635909418
              ],
              [
                116.384931654,
                3.635885026
              ],
              [
                116.384966187,
                3.635855941
              ],
              [
                116.384990411,
                3.635828532
              ],
              [
                116.385012455,
                3.635781677
              ],
              [
                116.385035506,
                3.635772038
              ],
              [
                116.385090658,
                3.635745468
              ],
              [
                116.385172969,
                3.635720154
              ],
              [
                116.385249244,
                3.63571303
              ],
              [
                116.385247819,
                3.635662319
              ],
              [
                116.3852676,
                3.635609932
              ],
              [
                116.385381259,
                3.635536423
              ],
              [
                116.385440184,
                3.635510691
              ],
              [
                116.385514112,
                3.635483114
              ],
              [
                116.385569349,
                3.635456041
              ],
              [
                116.385629866,
                3.635440702
              ],
              [
                116.38572827,
                3.635373143
              ],
              [
                116.385764312,
                3.635328049
              ],
              [
                116.385794403,
                3.635314386
              ],
              [
                116.385871433,
                3.635266861
              ],
              [
                116.385925664,
                3.635189328
              ],
              [
                116.385965478,
                3.63515907
              ],
              [
                116.386050135,
                3.635096038
              ],
              [
                116.386179803,
                3.634998724
              ],
              [
                116.386248283,
                3.634923622
              ],
              [
                116.386348279,
                3.634817507
              ],
              [
                116.386435702,
                3.634738047
              ],
              [
                116.386498734,
                3.634686749
              ],
              [
                116.386499321,
                3.634678619
              ],
              [
                116.386575093,
                3.634613659
              ],
              [
                116.386675006,
                3.634560267
              ],
              [
                116.386698307,
                3.634553812
              ],
              [
                116.386773745,
                3.634499079
              ],
              [
                116.386837112,
                3.634425905
              ],
              [
                116.386918332,
                3.634370584
              ],
              [
                116.386954542,
                3.63432507
              ],
              [
                116.386993267,
                3.634291794
              ],
              [
                116.387016233,
                3.634279557
              ],
              [
                116.387095442,
                3.634255752
              ],
              [
                116.387172639,
                3.634228008
              ],
              [
                116.387240281,
                3.634178555
              ],
              [
                116.387332482,
                3.634150391
              ],
              [
                116.387441363,
                3.63406783
              ],
              [
                116.387501881,
                3.634050312
              ],
              [
                116.387565332,
                3.634002786
              ],
              [
                116.387605481,
                3.633938162
              ],
              [
                116.387631213,
                3.633917375
              ],
              [
                116.387600033,
                3.633830203
              ],
              [
                116.387601122,
                3.633822994
              ],
              [
                116.387657868,
                3.633740852
              ],
              [
                116.387666669,
                3.633680334
              ],
              [
                116.387705142,
                3.63363306
              ],
              [
                116.387736574,
                3.633570699
              ],
              [
                116.387764737,
                3.633499956
              ],
              [
                116.387798684,
                3.633472044
              ],
              [
                116.387909912,
                3.633365761
              ],
              [
                116.388001107,
                3.633313626
              ],
              [
                116.388032706,
                3.633234166
              ],
              [
                116.388078807,
                3.633173732
              ],
              [
                116.388082411,
                3.633169625
              ],
              [
                116.388143012,
                3.633034173
              ],
              [
                116.388154496,
                3.632999053
              ],
              [
                116.388603123,
                3.631187849
              ],
              [
                116.388624636,
                3.631098205
              ],
              [
                116.388711724,
                3.630973063
              ],
              [
                116.388767296,
                3.630947834
              ],
              [
                116.388830077,
                3.630916988
              ],
              [
                116.388866957,
                3.63087751
              ],
              [
                116.388920518,
                3.630859321
              ],
              [
                116.389073739,
                3.630857058
              ],
              [
                116.389153115,
                3.630842138
              ],
              [
                116.38925856,
                3.630827889
              ],
              [
                116.389363334,
                3.630862171
              ],
              [
                116.389408344,
                3.630855549
              ],
              [
                116.389482189,
                3.630890921
              ],
              [
                116.389536001,
                3.630939033
              ],
              [
                116.389604565,
                3.630973483
              ],
              [
                116.389667345,
                3.631016398
              ],
              [
                116.389745045,
                3.631088398
              ],
              [
                116.389777651,
                3.631184874
              ],
              [
                116.38980967,
                3.63128948
              ],
              [
                116.389869181,
                3.631344801
              ],
              [
                116.389902877,
                3.63137682
              ],
              [
                116.389936069,
                3.631426776
              ],
              [
                116.389989965,
                3.631479498
              ],
              [
                116.390064145,
                3.631519731
              ],
              [
                116.390116448,
                3.63158117
              ],
              [
                116.390198087,
                3.631628193
              ],
              [
                116.390310908,
                3.63168628
              ],
              [
                116.390392296,
                3.631726177
              ],
              [
                116.390520539,
                3.63173347
              ],
              [
                116.390626989,
                3.631736822
              ],
              [
                116.390770739,
                3.631731458
              ],
              [
                116.390908873,
                3.631735481
              ],
              [
                116.391027309,
                3.631772362
              ],
              [
                116.391112469,
                3.631811757
              ],
              [
                116.391174998,
                3.631843524
              ],
              [
                116.391254626,
                3.631863222
              ],
              [
                116.391352443,
                3.631873531
              ],
              [
                116.391478172,
                3.631905131
              ],
              [
                116.391547825,
                3.631942179
              ],
              [
                116.391583616,
                3.631960535
              ],
              [
                116.391657796,
                3.631988196
              ],
              [
                116.391778244,
                3.632030524
              ],
              [
                116.39191973,
                3.632031027
              ],
              [
                116.392020648,
                3.631970678
              ],
              [
                116.392119471,
                3.6318768
              ],
              [
                116.392240942,
                3.631829436
              ],
              [
                116.392295994,
                3.631816786
              ],
              [
                116.392440246,
                3.631712263
              ],
              [
                116.392521383,
                3.631682927
              ],
              [
                116.392529598,
                3.631683849
              ],
              [
                116.392641161,
                3.631702205
              ],
              [
                116.392757585,
                3.6317359
              ],
              [
                116.392799495,
                3.631752329
              ],
              [
                116.392831597,
                3.631772278
              ],
              [
                116.392999152,
                3.631829275
              ],
              [
                116.3931657,
                3.631892977
              ],
              [
                116.393321268,
                3.631952405
              ],
              [
                116.393368039,
                3.631974785
              ],
              [
                116.395454463,
                3.632276785
              ],
              [
                116.395462845,
                3.632307462
              ],
              [
                116.395486146,
                3.632355742
              ],
              [
                116.395510538,
                3.632438723
              ],
              [
                116.395594776,
                3.632496726
              ],
              [
                116.395738525,
                3.632555399
              ],
              [
                116.395753613,
                3.632544
              ],
              [
                116.395838857,
                3.632579204
              ],
              [
                116.395935919,
                3.632586077
              ],
              [
                116.395995347,
                3.632605607
              ],
              [
                116.396032898,
                3.632571157
              ],
              [
                116.39611328,
                3.632578533
              ],
              [
                116.396196764,
                3.632620107
              ],
              [
                116.396286702,
                3.632684648
              ],
              [
                116.396350823,
                3.632754218
              ],
              [
                116.396418381,
                3.632814903
              ],
              [
                116.396452244,
                3.632867457
              ],
              [
                116.396547463,
                3.632939709
              ],
              [
                116.396598173,
                3.633006932
              ],
              [
                116.396717113,
                3.633101732
              ],
              [
                116.396762207,
                3.633162165
              ],
              [
                116.396789281,
                3.633190664
              ],
              [
                116.396864969,
                3.633259395
              ],
              [
                116.396991368,
                3.63332754
              ],
              [
                116.397149032,
                3.633435834
              ],
              [
                116.39729429,
                3.633492244
              ],
              [
                116.397410128,
                3.633567095
              ],
              [
                116.397549687,
                3.633640185
              ],
              [
                116.397666615,
                3.633736158
              ],
              [
                116.397770047,
                3.633837076
              ],
              [
                116.39788555,
                3.633906059
              ],
              [
                116.398094259,
                3.634007983
              ],
              [
                116.398297017,
                3.634041678
              ],
              [
                116.398481838,
                3.6340426
              ],
              [
                116.398594743,
                3.634056849
              ],
              [
                116.398706641,
                3.634037152
              ],
              [
                116.398794316,
                3.634058861
              ],
              [
                116.398882745,
                3.634060873
              ],
              [
                116.398960026,
                3.634065483
              ],
              [
                116.39909816,
                3.634022567
              ],
              [
                116.399100674,
                3.634021813
              ],
              [
                116.399184143,
                3.63400889
              ],
              [
                116.39922036,
                3.633998417
              ],
              [
                116.399224302,
                3.633999881
              ],
              [
                116.3994954,
                3.6340451
              ],
              [
                116.3996064,
                3.6340745
              ],
              [
                116.3997112,
                3.6341058
              ],
              [
                116.3998535,
                3.63415
              ],
              [
                116.4000182,
                3.6342081
              ],
              [
                116.4009171,
                3.6344194
              ],
              [
                116.4009904,
                3.6344404
              ],
              [
                116.4012199,
                3.6345135
              ],
              [
                116.4014426,
                3.6345838
              ],
              [
                116.4015184,
                3.6346033
              ],
              [
                116.4017128,
                3.6346432
              ],
              [
                116.4020938,
                3.6346653
              ],
              [
                116.4022266,
                3.6346631
              ],
              [
                116.4026347,
                3.6347132
              ],
              [
                116.4030071,
                3.6348367
              ],
              [
                116.4031164,
                3.6348862
              ],
              [
                116.403552,
                3.6351211
              ],
              [
                116.4036544,
                3.6351439
              ],
              [
                116.403866,
                3.6351793
              ],
              [
                116.4040669,
                3.6352067
              ],
              [
                116.4042617,
                3.6352307
              ],
              [
                116.4048016,
                3.6353856
              ],
              [
                116.4052021,
                3.6355803
              ],
              [
                116.4052964,
                3.63565
              ],
              [
                116.4058448,
                3.6359887
              ],
              [
                116.4067467,
                3.6362907
              ],
              [
                116.4070218,
                3.6364732
              ],
              [
                116.40734,
                3.6366277
              ],
              [
                116.4074122,
                3.6366428
              ],
              [
                116.4075654,
                3.6366682
              ],
              [
                116.4078367,
                3.6367008
              ],
              [
                116.4082181,
                3.636551
              ],
              [
                116.4084954,
                3.6363259
              ],
              [
                116.4087772,
                3.6360212
              ],
              [
                116.4091198,
                3.6354661
              ],
              [
                116.409294,
                3.6352996
              ],
              [
                116.4094465,
                3.6351426
              ],
              [
                116.4095755,
                3.6349841
              ],
              [
                116.4096835,
                3.6348199
              ],
              [
                116.4097858,
                3.634657
              ],
              [
                116.4098866,
                3.6344941
              ],
              [
                116.4100768,
                3.6341143
              ],
              [
                116.4102411,
                3.6337143
              ],
              [
                116.4106055,
                3.6330545
              ],
              [
                116.4107002,
                3.6328556
              ],
              [
                116.4109156,
                3.6326725
              ],
              [
                116.4112038,
                3.6326867
              ],
              [
                116.4113879,
                3.6327428
              ],
              [
                116.4116325,
                3.632808
              ],
              [
                116.4117102,
                3.6328151
              ],
              [
                116.4118581,
                3.6328199
              ],
              [
                116.4121264,
                3.6328292
              ],
              [
                116.4122363,
                3.6328275
              ],
              [
                116.4125798,
                3.6327302
              ],
              [
                116.4130467,
                3.6322952
              ],
              [
                116.4132852,
                3.6319837
              ],
              [
                116.4135259,
                3.631789
              ],
              [
                116.4138188,
                3.6317898
              ],
              [
                116.4140521,
                3.6317579
              ],
              [
                116.4144092,
                3.6315328
              ],
              [
                116.4145077,
                3.6314329
              ],
              [
                116.4147947,
                3.6311207
              ],
              [
                116.4149614,
                3.6309041
              ],
              [
                116.4151094,
                3.6302609
              ],
              [
                116.4150544,
                3.6299879
              ],
              [
                116.4149115,
                3.6293041
              ],
              [
                116.4148437,
                3.6285252
              ],
              [
                116.4151181,
                3.6273792
              ],
              [
                116.4152025,
                3.6271326
              ],
              [
                116.4152912,
                3.6269
              ],
              [
                116.4153892,
                3.6264246
              ],
              [
                116.4157101,
                3.6259745
              ],
              [
                116.4160071,
                3.6258097
              ],
              [
                116.4164659,
                3.6254049
              ],
              [
                116.4170625,
                3.6251083
              ],
              [
                116.417291,
                3.625021
              ],
              [
                116.4175258,
                3.6248173
              ],
              [
                116.4178055,
                3.6244719
              ],
              [
                116.4181308,
                3.6240244
              ],
              [
                116.4182183,
                3.6238553
              ],
              [
                116.4182395,
                3.6236708
              ],
              [
                116.418218,
                3.6234516
              ],
              [
                116.4182226,
                3.6230532
              ],
              [
                116.4182421,
                3.6229036
              ],
              [
                116.4183137,
                3.6224881
              ],
              [
                116.4183903,
                3.6222695
              ],
              [
                116.4187958,
                3.6221473
              ],
              [
                116.4189598,
                3.6222406
              ],
              [
                116.419114,
                3.6223617
              ],
              [
                116.4191881,
                3.622411
              ],
              [
                116.4194,
                3.6224417
              ],
              [
                116.4196782,
                3.6221753
              ],
              [
                116.41973,
                3.6221076
              ],
              [
                116.4198407,
                3.6220087
              ],
              [
                116.4201061,
                3.6220325
              ],
              [
                116.4203702,
                3.6221329
              ],
              [
                116.4204527,
                3.6221509
              ],
              [
                116.4207062,
                3.6221573
              ],
              [
                116.4208386,
                3.6221084
              ],
              [
                116.4208971,
                3.621933
              ],
              [
                116.4208669,
                3.6217849
              ],
              [
                116.4208377,
                3.6215996
              ],
              [
                116.4207977,
                3.6213148
              ],
              [
                116.4207436,
                3.62099
              ],
              [
                116.4208105,
                3.6206181
              ],
              [
                116.4209214,
                3.6200279
              ],
              [
                116.4209263,
                3.6198682
              ],
              [
                116.4209192,
                3.6195449
              ],
              [
                116.4209311,
                3.6190355
              ],
              [
                116.4209934,
                3.6181462
              ],
              [
                116.4209809,
                3.6177727
              ],
              [
                116.420991,
                3.6175399
              ],
              [
                116.4212007,
                3.6171597
              ],
              [
                116.4213667,
                3.6165279
              ],
              [
                116.4213147,
                3.6162598
              ],
              [
                116.4212634,
                3.6157303
              ],
              [
                116.4214621,
                3.6151788
              ],
              [
                116.4217213,
                3.6148362
              ],
              [
                116.421856,
                3.6145854
              ],
              [
                116.4219939,
                3.6141731
              ],
              [
                116.4220486,
                3.6138662
              ],
              [
                116.4221061,
                3.6135339
              ],
              [
                116.4221284,
                3.6132185
              ],
              [
                116.422157,
                3.6129437
              ],
              [
                116.422215,
                3.6126954
              ],
              [
                116.4223292,
                3.6122108
              ],
              [
                116.4223635,
                3.6120962
              ],
              [
                116.422545,
                3.6118191
              ],
              [
                116.4226226,
                3.6117451
              ],
              [
                116.4228137,
                3.6115046
              ],
              [
                116.422858,
                3.6114115
              ],
              [
                116.4229769,
                3.6111214
              ],
              [
                116.4230241,
                3.6109379
              ],
              [
                116.4229041,
                3.6105935
              ],
              [
                116.4227577,
                3.6104355
              ],
              [
                116.4226764,
                3.6103485
              ],
              [
                116.4225202,
                3.6100638
              ],
              [
                116.422492,
                3.6099607
              ],
              [
                116.4224489,
                3.6097509
              ],
              [
                116.422399,
                3.6095347
              ],
              [
                116.422272,
                3.6092264
              ],
              [
                116.4221007,
                3.608959
              ],
              [
                116.4218056,
                3.6086822
              ],
              [
                116.4216698,
                3.6085086
              ],
              [
                116.4215682,
                3.6083069
              ],
              [
                116.4214227,
                3.6078834
              ],
              [
                116.421339,
                3.6074614
              ],
              [
                116.4213161,
                3.6073596
              ],
              [
                116.4210358,
                3.6067203
              ],
              [
                116.4210051,
                3.6066622
              ],
              [
                116.4211566,
                3.6061034
              ],
              [
                116.4213311,
                3.6059309
              ],
              [
                116.4217042,
                3.6058898
              ],
              [
                116.4218546,
                3.6059309
              ],
              [
                116.4220838,
                3.6060027
              ],
              [
                116.422277,
                3.6060537
              ],
              [
                116.4225992,
                3.6061907
              ],
              [
                116.4227982,
                3.6063298
              ],
              [
                116.4230903,
                3.6065485
              ],
              [
                116.4231858,
                3.6066127
              ],
              [
                116.4233605,
                3.6066852
              ],
              [
                116.4236032,
                3.6067914
              ],
              [
                116.4236816,
                3.6068362
              ],
              [
                116.423938,
                3.6069854
              ],
              [
                116.4240285,
                3.6070287
              ],
              [
                116.4241293,
                3.6070594
              ],
              [
                116.4243764,
                3.6070562
              ],
              [
                116.4245208,
                3.6070189
              ],
              [
                116.4246786,
                3.6069778
              ],
              [
                116.4248437,
                3.6069483
              ],
              [
                116.4250157,
                3.6069286
              ],
              [
                116.4256168,
                3.6068762
              ],
              [
                116.4258178,
                3.6068316
              ],
              [
                116.4263548,
                3.6066931
              ],
              [
                116.4265174,
                3.6066603
              ],
              [
                116.427098,
                3.6066422
              ],
              [
                116.4273167,
                3.6066251
              ],
              [
                116.4274703,
                3.6065023
              ],
              [
                116.4275345,
                3.6063184
              ],
              [
                116.4273963,
                3.6059447
              ],
              [
                116.4272962,
                3.6056687
              ],
              [
                116.4273859,
                3.6052529
              ],
              [
                116.42769,
                3.6047243
              ],
              [
                116.4277529,
                3.6046122
              ],
              [
                116.4280764,
                3.6035194
              ],
              [
                116.4281171,
                3.603198
              ],
              [
                116.42813,
                3.6027297
              ],
              [
                116.4281519,
                3.6024789
              ],
              [
                116.4282144,
                3.6022744
              ],
              [
                116.4283545,
                3.6020457
              ],
              [
                116.4284111,
                3.6019876
              ],
              [
                116.428620694,
                3.601769149
              ],
              [
                116.4291107,
                3.6013381
              ],
              [
                116.4292951,
                3.6010535
              ],
              [
                116.4293864,
                3.6008731
              ],
              [
                116.4294611,
                3.6006564
              ],
              [
                116.4295589,
                3.6004608
              ],
              [
                116.4297014,
                3.6003033
              ],
              [
                116.4300136,
                3.6001256
              ],
              [
                116.430134,
                3.600079
              ],
              [
                116.4302616,
                3.600038
              ],
              [
                116.4314747,
                3.5996954
              ],
              [
                116.4316413,
                3.5996656
              ],
              [
                116.4318083,
                3.5996362
              ],
              [
                116.4319924,
                3.5996242
              ],
              [
                116.4329263,
                3.599634
              ],
              [
                116.4330899,
                3.5995687
              ],
              [
                116.4332676,
                3.5994849
              ],
              [
                116.4336098,
                3.599297
              ],
              [
                116.4337837,
                3.5991894
              ],
              [
                116.4341403,
                3.5989099
              ],
              [
                116.434425,
                3.5985876
              ],
              [
                116.4348067,
                3.5980696
              ],
              [
                116.4350817,
                3.5975273
              ],
              [
                116.4352382,
                3.5971995
              ],
              [
                116.4356615,
                3.5969077
              ],
              [
                116.4359454,
                3.5968166
              ],
              [
                116.4363862,
                3.5966817
              ],
              [
                116.4366671,
                3.5966084
              ],
              [
                116.4369575,
                3.5965542
              ],
              [
                116.4373088,
                3.5964993
              ],
              [
                116.4376759,
                3.5965333
              ],
              [
                116.4381934,
                3.5965762
              ],
              [
                116.4385167,
                3.5966006
              ],
              [
                116.4386798,
                3.5966116
              ],
              [
                116.4388542,
                3.5966279
              ],
              [
                116.4390249,
                3.5966572
              ],
              [
                116.439214,
                3.5966904
              ],
              [
                116.4397655,
                3.5968472
              ],
              [
                116.4401011,
                3.5970394
              ],
              [
                116.4406026,
                3.5973122
              ],
              [
                116.4411307,
                3.5979929
              ],
              [
                116.4412301,
                3.5986629
              ],
              [
                116.4413162,
                3.5990611
              ],
              [
                116.4413647,
                3.5992447
              ],
              [
                116.4416206,
                3.600107
              ],
              [
                116.4417001,
                3.6003059
              ],
              [
                116.4421744,
                3.6009301
              ],
              [
                116.4423318,
                3.6010247
              ],
              [
                116.4431378,
                3.6012953
              ],
              [
                116.4435388,
                3.6011083
              ],
              [
                116.4436919,
                3.6010233
              ],
              [
                116.444281,
                3.6006294
              ],
              [
                116.4445303,
                3.6004173
              ],
              [
                116.4446496,
                3.6003014
              ],
              [
                116.4447682,
                3.6001749
              ],
              [
                116.4448898,
                3.6000461
              ],
              [
                116.445126,
                3.5997677
              ],
              [
                116.4454731,
                3.5993045
              ],
              [
                116.4455637,
                3.5991669
              ],
              [
                116.4458337,
                3.5990053
              ],
              [
                116.4462687,
                3.5988836
              ],
              [
                116.4464214,
                3.59887
              ],
              [
                116.4467299,
                3.5988357
              ],
              [
                116.447229,
                3.5988386
              ],
              [
                116.4475823,
                3.5989653
              ],
              [
                116.4483256,
                3.5992265
              ],
              [
                116.4485289,
                3.599272
              ],
              [
                116.4489405,
                3.5993556
              ],
              [
                116.4491294,
                3.5994247
              ],
              [
                116.4495678,
                3.5996915
              ],
              [
                116.4496709,
                3.5998111
              ],
              [
                116.4500758,
                3.6000977
              ],
              [
                116.4509417,
                3.6001692
              ],
              [
                116.4511216,
                3.6001722
              ],
              [
                116.4514368,
                3.6001338
              ],
              [
                116.4518205,
                3.5999745
              ],
              [
                116.4519333,
                3.5998962
              ],
              [
                116.4520449,
                3.5998112
              ],
              [
                116.4522645,
                3.5996376
              ],
              [
                116.452562,
                3.5993124
              ],
              [
                116.4526486,
                3.5991689
              ],
              [
                116.4527319,
                3.5990085
              ],
              [
                116.4528164,
                3.5988323
              ],
              [
                116.453201,
                3.5979097
              ],
              [
                116.4538474,
                3.5971425
              ],
              [
                116.453956,
                3.5970849
              ],
              [
                116.4541196,
                3.5967867
              ],
              [
                116.4540927,
                3.5964729
              ],
              [
                116.45407,
                3.5960666
              ],
              [
                116.4540478,
                3.595851
              ],
              [
                116.4539031,
                3.5950035
              ],
              [
                116.4538,
                3.5944586
              ],
              [
                116.4540307,
                3.5937207
              ],
              [
                116.4541236,
                3.5936228
              ],
              [
                116.4547724,
                3.5930078
              ],
              [
                116.4549178,
                3.5925151
              ],
              [
                116.454932,
                3.5923707
              ],
              [
                116.4549397,
                3.5922057
              ],
              [
                116.4549645,
                3.5920262
              ],
              [
                116.45504,
                3.5916466
              ],
              [
                116.454963,
                3.5911277
              ],
              [
                116.454608,
                3.5905039
              ],
              [
                116.4542436,
                3.5896014
              ],
              [
                116.4542663,
                3.5893202
              ],
              [
                116.4542663,
                3.5892024
              ],
              [
                116.4540055,
                3.5888057
              ],
              [
                116.453444,
                3.5889346
              ],
              [
                116.4531305,
                3.588995
              ],
              [
                116.4526796,
                3.5890668
              ],
              [
                116.4523577,
                3.5890601
              ],
              [
                116.4522091,
                3.5889123
              ],
              [
                116.452172,
                3.5885556
              ],
              [
                116.4517974,
                3.5880795
              ],
              [
                116.451256,
                3.5878478
              ],
              [
                116.4507842,
                3.5878389
              ],
              [
                116.4505238,
                3.5878151
              ],
              [
                116.4502956,
                3.5876525
              ],
              [
                116.4500879,
                3.5873997
              ],
              [
                116.4498811,
                3.5870915
              ],
              [
                116.4497306,
                3.5866304
              ],
              [
                116.449752,
                3.5859006
              ],
              [
                116.4497512,
                3.5857588
              ],
              [
                116.4497963,
                3.5853896
              ],
              [
                116.4500207,
                3.58508
              ],
              [
                116.4502132,
                3.5849813
              ],
              [
                116.4505331,
                3.5847726
              ],
              [
                116.450705,
                3.5846029
              ],
              [
                116.4509361,
                3.5843507
              ],
              [
                116.4511938,
                3.5841392
              ],
              [
                116.451282,
                3.5840678
              ],
              [
                116.4515353,
                3.5836519
              ],
              [
                116.4515739,
                3.5835161
              ],
              [
                116.4518045,
                3.5831199
              ],
              [
                116.4520368,
                3.5829089
              ],
              [
                116.4523134,
                3.5826431
              ],
              [
                116.4523609,
                3.5823152
              ],
              [
                116.4523438,
                3.5822022
              ],
              [
                116.4523538,
                3.581934
              ],
              [
                116.4524265,
                3.5818994
              ],
              [
                116.4527555,
                3.5816801
              ],
              [
                116.4531819,
                3.5816244
              ],
              [
                116.4533826,
                3.5817775
              ],
              [
                116.4540549,
                3.5818974
              ],
              [
                116.4546081,
                3.5816332
              ],
              [
                116.4555374,
                3.5809535
              ],
              [
                116.455614,
                3.580836
              ],
              [
                116.4559988,
                3.5805374
              ],
              [
                116.4562171,
                3.5804319
              ],
              [
                116.4563906,
                3.5800768
              ],
              [
                116.456451,
                3.5792797
              ],
              [
                116.4565426,
                3.5788023
              ],
              [
                116.4568056,
                3.5780582
              ],
              [
                116.4567912,
                3.5774865
              ],
              [
                116.4568793,
                3.5770236
              ],
              [
                116.4570352,
                3.5768375
              ],
              [
                116.4573723,
                3.5765953
              ],
              [
                116.4578743,
                3.5764676
              ],
              [
                116.457986,
                3.576479
              ],
              [
                116.4583627,
                3.5765686
              ],
              [
                116.4586486,
                3.5766985
              ],
              [
                116.4589581,
                3.576793
              ],
              [
                116.4591696,
                3.5768865
              ],
              [
                116.4595018,
                3.5769065
              ],
              [
                116.4597161,
                3.5768139
              ],
              [
                116.4601845,
                3.5765813
              ],
              [
                116.4608584,
                3.5765218
              ],
              [
                116.4610358,
                3.5765332
              ],
              [
                116.4613631,
                3.5765572
              ],
              [
                116.4616683,
                3.5765674
              ],
              [
                116.4619463,
                3.5765473
              ],
              [
                116.4622994,
                3.5765376
              ],
              [
                116.4628827,
                3.5766096
              ],
              [
                116.4630924,
                3.5766972
              ],
              [
                116.4639851,
                3.576644
              ],
              [
                116.46408,
                3.5765793
              ],
              [
                116.4642594,
                3.5764304
              ],
              [
                116.4644139,
                3.5763107
              ],
              [
                116.4647699,
                3.5761127
              ],
              [
                116.4649471,
                3.5760256
              ],
              [
                116.4652549,
                3.5759025
              ],
              [
                116.4653722,
                3.5758812
              ],
              [
                116.4657679,
                3.5757338
              ],
              [
                116.4659448,
                3.5756175
              ],
              [
                116.4661278,
                3.575501
              ],
              [
                116.4663655,
                3.5752825
              ],
              [
                116.4664478,
                3.5752061
              ],
              [
                116.4670922,
                3.5750339
              ],
              [
                116.4675681,
                3.5748824
              ],
              [
                116.4677903,
                3.5747709
              ],
              [
                116.4680366,
                3.5748627
              ],
              [
                116.4681954,
                3.5749515
              ],
              [
                116.4682724,
                3.5750001
              ],
              [
                116.4684375,
                3.5752871
              ],
              [
                116.4684643,
                3.5753685
              ],
              [
                116.4685421,
                3.575519
              ],
              [
                116.4686545,
                3.5756449
              ],
              [
                116.4688703,
                3.5757382
              ],
              [
                116.468949,
                3.5757419
              ],
              [
                116.4691141,
                3.5757475
              ],
              [
                116.4693253,
                3.5757282
              ],
              [
                116.4694553,
                3.5757065
              ],
              [
                116.4695977,
                3.5756787
              ],
              [
                116.4699257,
                3.575625
              ],
              [
                116.4702602,
                3.5755378
              ],
              [
                116.4704262,
                3.5755112
              ],
              [
                116.4716219,
                3.5754054
              ],
              [
                116.4720798,
                3.5751773
              ],
              [
                116.472488,
                3.5750878
              ],
              [
                116.4731635,
                3.5749061
              ],
              [
                116.4733737,
                3.5747934
              ],
              [
                116.4735756,
                3.5746861
              ],
              [
                116.4737574,
                3.574564
              ],
              [
                116.4738271,
                3.5744822
              ],
              [
                116.4739484,
                3.5743141
              ],
              [
                116.4741934,
                3.5742192
              ],
              [
                116.4743996,
                3.574212
              ],
              [
                116.4745018,
                3.5742242
              ],
              [
                116.4748038,
                3.5742904
              ],
              [
                116.4749966,
                3.5743504
              ],
              [
                116.4751599,
                3.5744458
              ],
              [
                116.475299,
                3.5745227
              ],
              [
                116.4754724,
                3.5745639
              ],
              [
                116.4756741,
                3.5745509
              ],
              [
                116.4758708,
                3.5744853
              ],
              [
                116.4760974,
                3.5740697
              ],
              [
                116.4761286,
                3.5738418
              ],
              [
                116.4762672,
                3.5736512
              ],
              [
                116.476372,
                3.5735796
              ],
              [
                116.4767025,
                3.5733545
              ],
              [
                116.4769212,
                3.5732067
              ],
              [
                116.4775784,
                3.5731407
              ],
              [
                116.4778516,
                3.5731938
              ],
              [
                116.4779725,
                3.5732421
              ],
              [
                116.4781505,
                3.5734098
              ],
              [
                116.4782844,
                3.5736217
              ],
              [
                116.4788541,
                3.5737513
              ],
              [
                116.4791188,
                3.5736589
              ],
              [
                116.4799939,
                3.5731097
              ],
              [
                116.4800807,
                3.5729832
              ],
              [
                116.4802487,
                3.5727071
              ],
              [
                116.4804866,
                3.5722774
              ],
              [
                116.4806608,
                3.5720295
              ],
              [
                116.4811491,
                3.5717363
              ],
              [
                116.48129,
                3.5717022
              ],
              [
                116.4815815,
                3.5716386
              ],
              [
                116.4819847,
                3.5714894
              ],
              [
                116.4822282,
                3.5714025
              ],
              [
                116.4826564,
                3.5714447
              ],
              [
                116.4831882,
                3.5712155
              ],
              [
                116.4834134,
                3.5708326
              ],
              [
                116.4835547,
                3.5705411
              ],
              [
                116.4837441,
                3.5701147
              ],
              [
                116.483993,
                3.5697653
              ],
              [
                116.4841301,
                3.5695014
              ],
              [
                116.4843494,
                3.5690847
              ],
              [
                116.4846113,
                3.5684083
              ],
              [
                116.4846596,
                3.5680082
              ],
              [
                116.4847146,
                3.5677331
              ],
              [
                116.4847451,
                3.567319
              ],
              [
                116.4847784,
                3.5666701
              ],
              [
                116.4849081,
                3.5662591
              ],
              [
                116.4850217,
                3.5660782
              ],
              [
                116.4851015,
                3.5658684
              ],
              [
                116.4852452,
                3.5655904
              ],
              [
                116.4853088,
                3.5655153
              ],
              [
                116.4854344,
                3.565375
              ],
              [
                116.4855491,
                3.5652377
              ],
              [
                116.4856532,
                3.5651029
              ],
              [
                116.4858334,
                3.5648521
              ],
              [
                116.4859961,
                3.5646658
              ],
              [
                116.4861067,
                3.5645916
              ],
              [
                116.486498,
                3.5644967
              ],
              [
                116.4867377,
                3.5645438
              ],
              [
                116.4869883,
                3.5645249
              ],
              [
                116.4875476,
                3.5643688
              ],
              [
                116.4881493,
                3.5641195
              ],
              [
                116.4883069,
                3.5640838
              ],
              [
                116.4886016,
                3.5639955
              ],
              [
                116.4888678,
                3.5638701
              ],
              [
                116.4892216,
                3.5636546
              ],
              [
                116.4896046,
                3.5633183
              ],
              [
                116.4898758,
                3.5630838
              ],
              [
                116.4899948,
                3.56291
              ],
              [
                116.4902196,
                3.5627672
              ],
              [
                116.4903988,
                3.5627554
              ],
              [
                116.4906729,
                3.5628377
              ],
              [
                116.4907649,
                3.5628897
              ],
              [
                116.491072,
                3.5630765
              ],
              [
                116.4913112,
                3.5632013
              ],
              [
                116.4916894,
                3.5632738
              ],
              [
                116.4923985,
                3.5633084
              ],
              [
                116.4926669,
                3.563292
              ],
              [
                116.4930268,
                3.5628909
              ],
              [
                116.4931495,
                3.5622066
              ],
              [
                116.4933457,
                3.5618861
              ],
              [
                116.4934057,
                3.5617775
              ],
              [
                116.493492,
                3.5614093
              ],
              [
                116.493475,
                3.5611521
              ],
              [
                116.49347,
                3.5608739
              ],
              [
                116.4935796,
                3.5602816
              ],
              [
                116.493727658,
                3.559981368
              ],
              [
                116.493876758,
                3.559783626
              ],
              [
                116.494026606,
                3.559656963
              ],
              [
                116.494372917,
                3.559568348
              ],
              [
                116.494595985,
                3.559581552
              ],
              [
                116.495055903,
                3.559727889
              ],
              [
                116.49511165,
                3.559818479
              ],
              [
                116.495188303,
                3.560292333
              ],
              [
                116.495216177,
                3.560654692
              ],
              [
                116.495522789,
                3.561212168
              ],
              [
                116.495752748,
                3.561400316
              ],
              [
                116.49587818,
                3.561699959
              ],
              [
                116.4959035,
                3.5617252
              ],
              [
                116.4960477,
                3.5618608
              ],
              [
                116.496308,
                3.5620654
              ],
              [
                116.4964173,
                3.5621352
              ],
              [
                116.4968926,
                3.5624472
              ],
              [
                116.4970595,
                3.5625814
              ],
              [
                116.497228,
                3.5627005
              ],
              [
                116.4973251,
                3.5627784
              ],
              [
                116.4974677,
                3.5629891
              ],
              [
                116.4975304,
                3.5631322
              ],
              [
                116.4976541,
                3.5634031
              ],
              [
                116.4977952,
                3.563681
              ],
              [
                116.4981583,
                3.5639481
              ],
              [
                116.4982537,
                3.5639566
              ],
              [
                116.4985112,
                3.5639785
              ],
              [
                116.4987249,
                3.564074
              ],
              [
                116.4988593,
                3.56422
              ],
              [
                116.4990924,
                3.5645207
              ],
              [
                116.4993186,
                3.5648543
              ],
              [
                116.4994401,
                3.5650639
              ],
              [
                116.4995266,
                3.5652721
              ],
              [
                116.4999209,
                3.5662542
              ],
              [
                116.5000175,
                3.5664866
              ],
              [
                116.5000985,
                3.566681
              ],
              [
                116.5001626,
                3.5668503
              ],
              [
                116.5001958,
                3.5669852
              ],
              [
                116.5001423,
                3.56723
              ],
              [
                116.4999707,
                3.5673773
              ],
              [
                116.4999107,
                3.5676096
              ],
              [
                116.5000356,
                3.5681549
              ],
              [
                116.4999331,
                3.5685369
              ],
              [
                116.499793,
                3.5690378
              ],
              [
                116.4998264,
                3.5691315
              ],
              [
                116.4999759,
                3.5696276
              ],
              [
                116.500216,
                3.5700597
              ],
              [
                116.5002903,
                3.5704437
              ],
              [
                116.5003701,
                3.5706379
              ],
              [
                116.5005159,
                3.570886
              ],
              [
                116.5006121,
                3.5710717
              ],
              [
                116.5007091,
                3.5712902
              ],
              [
                116.5007358,
                3.5714988
              ],
              [
                116.5007264,
                3.5717382
              ],
              [
                116.5007842,
                3.5719376
              ],
              [
                116.5007534,
                3.5724049
              ],
              [
                116.5006466,
                3.5726275
              ],
              [
                116.5005784,
                3.5727454
              ],
              [
                116.5004184,
                3.5728957
              ],
              [
                116.5003666,
                3.5729229
              ],
              [
                116.500141,
                3.573034
              ],
              [
                116.4999411,
                3.5731218
              ],
              [
                116.4995704,
                3.5733639
              ],
              [
                116.4994397,
                3.5734899
              ],
              [
                116.499372,
                3.5735705
              ],
              [
                116.499248,
                3.5739176
              ],
              [
                116.499224736,
                3.573998947
              ],
              [
                116.4994039,
                3.5740198
              ],
              [
                116.4995459,
                3.5740469
              ],
              [
                116.4996573,
                3.5741091
              ],
              [
                116.49969384,
                3.5741247
              ],
              [
                116.4997237,
                3.574134
              ],
              [
                116.4997861,
                3.5741524
              ],
              [
                116.4998447,
                3.5741667
              ],
              [
                116.4999072,
                3.5741701
              ],
              [
                116.4999267,
                3.5741679
              ],
              [
                116.5000547,
                3.5741459
              ],
              [
                116.5001985,
                3.5741278
              ],
              [
                116.5002929,
                3.57414
              ],
              [
                116.5003331,
                3.5741376
              ],
              [
                116.5003604,
                3.5741467
              ],
              [
                116.5004785,
                3.5741947
              ],
              [
                116.500559,
                3.5742326
              ],
              [
                116.5006448,
                3.5742936
              ],
              [
                116.5006702,
                3.5743038
              ],
              [
                116.5007245,
                3.5743643
              ],
              [
                116.5007883,
                3.5743904
              ],
              [
                116.5008763,
                3.5744695
              ],
              [
                116.5009523,
                3.5745123
              ],
              [
                116.5010457,
                3.574565
              ],
              [
                116.5011005,
                3.5746452
              ],
              [
                116.5011572,
                3.5746972
              ],
              [
                116.5011891,
                3.5747324
              ],
              [
                116.5012318,
                3.5747882
              ],
              [
                116.50133,
                3.5748561
              ],
              [
                116.5014107,
                3.5748941
              ],
              [
                116.5015074,
                3.57493
              ],
              [
                116.5015772,
                3.574927
              ],
              [
                116.5016319,
                3.5749202
              ],
              [
                116.5016759,
                3.5748972
              ],
              [
                116.5016878,
                3.5749001
              ],
              [
                116.5017626,
                3.5748904
              ],
              [
                116.5018196,
                3.5748623
              ],
              [
                116.5019131,
                3.5748602
              ],
              [
                116.5019674,
                3.5748422
              ],
              [
                116.5020215,
                3.5748544
              ],
              [
                116.5020877,
                3.5748772
              ],
              [
                116.5020858,
                3.5749124
              ],
              [
                116.5021221,
                3.5748994
              ],
              [
                116.5022558,
                3.5748666
              ],
              [
                116.5023987,
                3.5749148
              ],
              [
                116.5025023,
                3.5749028
              ],
              [
                116.5025201,
                3.5748819
              ],
              [
                116.5025419,
                3.5748681
              ],
              [
                116.502579,
                3.574897
              ],
              [
                116.5026241,
                3.5749637
              ],
              [
                116.5026582,
                3.5749595
              ],
              [
                116.5027585,
                3.5749828
              ],
              [
                116.5027798,
                3.5750249
              ],
              [
                116.5028131,
                3.5750466
              ],
              [
                116.5028758,
                3.5750587
              ],
              [
                116.5029293,
                3.5751427
              ],
              [
                116.5029759,
                3.5752161
              ],
              [
                116.5030034,
                3.57525
              ],
              [
                116.5030686,
                3.5753112
              ],
              [
                116.5031455,
                3.5753551
              ],
              [
                116.503268,
                3.5754564
              ],
              [
                116.5033424,
                3.5754883
              ],
              [
                116.5034044,
                3.5755004
              ],
              [
                116.503487,
                3.575529
              ],
              [
                116.5035617,
                3.5755164
              ],
              [
                116.5035387,
                3.5754787
              ],
              [
                116.5035395,
                3.5754187
              ],
              [
                116.503569,
                3.5753666
              ],
              [
                116.5036087,
                3.5753533
              ],
              [
                116.5036595,
                3.575377
              ],
              [
                116.5036936,
                3.5753936
              ],
              [
                116.5037347,
                3.5753834
              ],
              [
                116.5037561,
                3.5753617
              ],
              [
                116.5038166,
                3.5753526
              ],
              [
                116.5038333,
                3.5753348
              ],
              [
                116.503887,
                3.5753145
              ],
              [
                116.5039101,
                3.5753534
              ],
              [
                116.5039472,
                3.5753685
              ],
              [
                116.5039923,
                3.5753642
              ],
              [
                116.5040235,
                3.5753582
              ],
              [
                116.504056691,
                3.575350279
              ],
              [
                116.504209321,
                3.575392684
              ],
              [
                116.5042861,
                3.5753804
              ],
              [
                116.5043393,
                3.5754379
              ],
              [
                116.50438,
                3.5755142
              ],
              [
                116.5044039,
                3.5755989
              ],
              [
                116.5044249,
                3.5756549
              ],
              [
                116.5045179,
                3.5756787
              ],
              [
                116.5045399,
                3.5756891
              ],
              [
                116.5046431,
                3.5756845
              ],
              [
                116.5046749,
                3.5756973
              ],
              [
                116.504709,
                3.5757372
              ],
              [
                116.50477434,
                3.575722995
              ],
              [
                116.5048122,
                3.575675
              ],
              [
                116.5049002,
                3.5756688
              ],
              [
                116.5050136,
                3.5756119
              ],
              [
                116.5050188,
                3.5756108
              ],
              [
                116.5050298,
                3.5756062
              ],
              [
                116.5051213,
                3.5755881
              ],
              [
                116.5052457,
                3.5755996
              ],
              [
                116.5053074,
                3.5756421
              ],
              [
                116.5053345,
                3.5756582
              ],
              [
                116.5053816,
                3.5756853
              ],
              [
                116.5053874,
                3.5756932
              ],
              [
                116.50538,
                3.5756882
              ],
              [
                116.5054151,
                3.5757232
              ],
              [
                116.5054421,
                3.5757658
              ],
              [
                116.5055111,
                3.5757529
              ],
              [
                116.5055855,
                3.5757895
              ],
              [
                116.505642,
                3.5757935
              ],
              [
                116.5057789,
                3.5757984
              ],
              [
                116.5058628,
                3.5758042
              ],
              [
                116.5059129,
                3.575799
              ],
              [
                116.5059237,
                3.5757971
              ],
              [
                116.5060378,
                3.5757715
              ],
              [
                116.5060545,
                3.5757491
              ],
              [
                116.5061287,
                3.5757484
              ],
              [
                116.5061725,
                3.5757665
              ],
              [
                116.5061873,
                3.575743
              ],
              [
                116.506234,
                3.5757154
              ],
              [
                116.5063222,
                3.5757248
              ],
              [
                116.5063863,
                3.5757968
              ],
              [
                116.506422,
                3.57581
              ],
              [
                116.5064459,
                3.5758005
              ],
              [
                116.5064659,
                3.5757277
              ],
              [
                116.5064798,
                3.5757253
              ],
              [
                116.5064863,
                3.5757265
              ],
              [
                116.5065029,
                3.575794
              ],
              [
                116.5065118,
                3.5758191
              ],
              [
                116.5065376,
                3.5759082
              ],
              [
                116.5065382,
                3.5760423
              ],
              [
                116.5065923,
                3.5761444
              ],
              [
                116.5065918,
                3.5762394
              ],
              [
                116.5066308,
                3.5763269
              ],
              [
                116.5066834,
                3.5764615
              ],
              [
                116.5066864,
                3.5764655
              ],
              [
                116.5066861,
                3.5765403
              ],
              [
                116.5066555,
                3.576624
              ],
              [
                116.5065962,
                3.5767178
              ],
              [
                116.5065878,
                3.5768105
              ],
              [
                116.5065883,
                3.5768461
              ],
              [
                116.506634,
                3.5769498
              ],
              [
                116.5067007,
                3.5770455
              ],
              [
                116.5067038,
                3.5770988
              ],
              [
                116.5067255,
                3.5771192
              ],
              [
                116.506736,
                3.5771562
              ],
              [
                116.5067446,
                3.577225
              ],
              [
                116.5067511,
                3.5772498
              ],
              [
                116.5067397,
                3.5773009
              ],
              [
                116.5067464,
                3.5773102
              ],
              [
                116.5067696,
                3.5773913
              ],
              [
                116.5067632,
                3.5774699
              ],
              [
                116.5067394,
                3.5776158
              ],
              [
                116.5067166,
                3.5776863
              ],
              [
                116.5067102,
                3.577902
              ],
              [
                116.5067287,
                3.5780693
              ],
              [
                116.5067046,
                3.5781972
              ],
              [
                116.5066768,
                3.5782199
              ],
              [
                116.5066641,
                3.5782469
              ],
              [
                116.5066438,
                3.578333
              ],
              [
                116.5066074,
                3.5783952
              ],
              [
                116.5065889,
                3.578502
              ],
              [
                116.5066197,
                3.5785879
              ],
              [
                116.506622932,
                3.578689199
              ],
              [
                116.5066547,
                3.5787753
              ],
              [
                116.5066911,
                3.5788756
              ],
              [
                116.5067095,
                3.5790149
              ],
              [
                116.5067273,
                3.5791219
              ],
              [
                116.5067231,
                3.5791725
              ],
              [
                116.5067294,
                3.5792545
              ],
              [
                116.5067077,
                3.5792706
              ],
              [
                116.5067201,
                3.5792996
              ],
              [
                116.5067412,
                3.579344
              ],
              [
                116.5067936,
                3.5793836
              ],
              [
                116.5068308,
                3.5794217
              ],
              [
                116.5068788,
                3.5794522
              ],
              [
                116.5068525,
                3.5795097
              ],
              [
                116.5068466,
                3.5795435
              ],
              [
                116.5068048,
                3.5796247
              ],
              [
                116.506806,
                3.5796813
              ],
              [
                116.506802,
                3.579698
              ],
              [
                116.5067913,
                3.5797801
              ],
              [
                116.5068053,
                3.5799268
              ],
              [
                116.5067925,
                3.5799983
              ],
              [
                116.5067687,
                3.5800078
              ],
              [
                116.5068093,
                3.5800373
              ],
              [
                116.5069147,
                3.5800855
              ],
              [
                116.5070249,
                3.580109
              ],
              [
                116.5071041,
                3.5801672
              ],
              [
                116.5071748,
                3.5801828
              ],
              [
                116.5072296,
                3.5801829
              ],
              [
                116.5072532,
                3.5801614
              ],
              [
                116.5073121,
                3.5801777
              ],
              [
                116.5073548,
                3.5802097
              ],
              [
                116.5074198,
                3.5802237
              ],
              [
                116.5074871,
                3.5801911
              ],
              [
                116.5075874,
                3.5802024
              ],
              [
                116.5076192,
                3.5802226
              ],
              [
                116.5076028,
                3.5802506
              ],
              [
                116.507533,
                3.5802676
              ],
              [
                116.5075316,
                3.5802725
              ],
              [
                116.5075909,
                3.5803298
              ],
              [
                116.5076402,
                3.5804093
              ],
              [
                116.5077021,
                3.5804305
              ],
              [
                116.5077107,
                3.5804772
              ],
              [
                116.50776,
                3.5805295
              ],
              [
                116.5078158,
                3.5805969
              ],
              [
                116.5078813,
                3.5806311
              ],
              [
                116.507903037,
                3.58063734
              ],
              [
                116.507934,
                3.5806363
              ],
              [
                116.5080017,
                3.5806155
              ],
              [
                116.5080417,
                3.5805879
              ],
              [
                116.5080793,
                3.5805894
              ],
              [
                116.5081321,
                3.5805875
              ],
              [
                116.5081788,
                3.5805591
              ],
              [
                116.508232023,
                3.580553696
              ],
              [
                116.5082348,
                3.580575
              ],
              [
                116.5082691,
                3.5806016
              ],
              [
                116.5083393,
                3.5806547
              ],
              [
                116.5084013,
                3.5806623
              ],
              [
                116.5084498,
                3.5806769
              ],
              [
                116.5084636,
                3.5807068
              ],
              [
                116.5085068,
                3.58075
              ],
              [
                116.5085317,
                3.5807689
              ],
              [
                116.5085975,
                3.5807743
              ],
              [
                116.5086526,
                3.5808007
              ],
              [
                116.5086803,
                3.5808407
              ],
              [
                116.5086927,
                3.5808968
              ],
              [
                116.5086962,
                3.5809007
              ],
              [
                116.5087441,
                3.5809684
              ],
              [
                116.5087274,
                3.5810121
              ],
              [
                116.5087203,
                3.5810304
              ],
              [
                116.5087233,
                3.5810629
              ],
              [
                116.5087994,
                3.581113
              ],
              [
                116.5088374,
                3.5811814
              ],
              [
                116.5088691,
                3.5812267
              ],
              [
                116.5089215,
                3.5812706
              ],
              [
                116.5090381,
                3.5812726
              ],
              [
                116.5090352,
                3.5813856
              ],
              [
                116.5090973,
                3.5814756
              ],
              [
                116.5091411,
                3.5815454
              ],
              [
                116.5091753,
                3.5815923
              ],
              [
                116.5092182,
                3.5816159
              ],
              [
                116.5092553,
                3.581655
              ],
              [
                116.5093121,
                3.5816337
              ],
              [
                116.5093666,
                3.5816711
              ],
              [
                116.509425,
                3.5816925
              ],
              [
                116.5094486,
                3.5816989
              ],
              [
                116.5094543,
                3.5817141
              ],
              [
                116.5094737,
                3.5817856
              ],
              [
                116.5095475,
                3.5817546
              ],
              [
                116.509572,
                3.5817915
              ],
              [
                116.5095762,
                3.581874
              ],
              [
                116.5096176,
                3.5818927
              ],
              [
                116.5096488,
                3.5819837
              ],
              [
                116.5096431,
                3.5820259
              ],
              [
                116.5097228,
                3.5820195
              ],
              [
                116.509814,
                3.5821274
              ],
              [
                116.5098326,
                3.5821428
              ],
              [
                116.5098964,
                3.5821757
              ],
              [
                116.509964,
                3.5821673
              ],
              [
                116.5100298,
                3.5821776
              ],
              [
                116.510094,
                3.5821834
              ],
              [
                116.510110964,
                3.582220523
              ],
              [
                116.5101726,
                3.5823554
              ],
              [
                116.5101994,
                3.5824335
              ],
              [
                116.5101761,
                3.58253
              ],
              [
                116.5101847,
                3.5825897
              ],
              [
                116.5101358,
                3.5826462
              ],
              [
                116.5102466,
                3.5827901
              ],
              [
                116.5102493,
                3.5828859
              ],
              [
                116.5102303,
                3.5829892
              ],
              [
                116.5102398,
                3.5831202
              ],
              [
                116.5102513,
                3.5831418
              ],
              [
                116.5103267,
                3.5833958
              ],
              [
                116.510289,
                3.5834718
              ],
              [
                116.5102789,
                3.583467
              ],
              [
                116.5101906,
                3.5835702
              ],
              [
                116.5101297,
                3.5836605
              ],
              [
                116.5101217,
                3.5836948
              ],
              [
                116.5102414,
                3.5837096
              ],
              [
                116.5104372,
                3.5836497
              ],
              [
                116.5104689,
                3.5836478
              ],
              [
                116.5104994,
                3.5836273
              ],
              [
                116.5105381,
                3.5835652
              ],
              [
                116.5106367,
                3.5834732
              ],
              [
                116.5106614,
                3.5834777
              ],
              [
                116.5107562,
                3.583603
              ],
              [
                116.5107803,
                3.5836343
              ],
              [
                116.5108151,
                3.5838683
              ],
              [
                116.5106763,
                3.5840046
              ],
              [
                116.5105599,
                3.584103
              ],
              [
                116.5103516,
                3.5841422
              ],
              [
                116.5103139,
                3.5841526
              ],
              [
                116.5101501,
                3.5841965
              ],
              [
                116.5100449,
                3.5842453
              ],
              [
                116.5099929,
                3.5844042
              ],
              [
                116.5100052,
                3.5845919
              ],
              [
                116.5100953,
                3.584783
              ],
              [
                116.5101238,
                3.5849003
              ],
              [
                116.5102382,
                3.5849955
              ],
              [
                116.5102516,
                3.5850111
              ],
              [
                116.5103192,
                3.5851448
              ],
              [
                116.5103177,
                3.5851537
              ],
              [
                116.5103731,
                3.5852037
              ],
              [
                116.5104517,
                3.5852226
              ],
              [
                116.510527,
                3.5853095
              ],
              [
                116.510619,
                3.5854449
              ],
              [
                116.5106578,
                3.5855049
              ],
              [
                116.5106035,
                3.5856146
              ],
              [
                116.5105555,
                3.5858259
              ],
              [
                116.5104694,
                3.5859648
              ],
              [
                116.5103968,
                3.5862254
              ],
              [
                116.5103544,
                3.5864039
              ],
              [
                116.5103769,
                3.5864837
              ],
              [
                116.5105325,
                3.5867107
              ],
              [
                116.5105528,
                3.5867485
              ],
              [
                116.5106018,
                3.5868049
              ],
              [
                116.5106735,
                3.5867711
              ],
              [
                116.5107252,
                3.5870153
              ],
              [
                116.5106612,
                3.5871699
              ],
              [
                116.5106501,
                3.5871817
              ],
              [
                116.5105598,
                3.5873614
              ],
              [
                116.5104818,
                3.5874619
              ],
              [
                116.5104102,
                3.5876722
              ],
              [
                116.5103007,
                3.5877347
              ],
              [
                116.5101732,
                3.5877732
              ],
              [
                116.5101671,
                3.5877715
              ],
              [
                116.5100653,
                3.5878777
              ],
              [
                116.5101337,
                3.5879622
              ],
              [
                116.5101823,
                3.5880258
              ],
              [
                116.5102489,
                3.5881443
              ],
              [
                116.5102565,
                3.5881721
              ],
              [
                116.5102554,
                3.5883139
              ],
              [
                116.5102623,
                3.5884351
              ],
              [
                116.5102761,
                3.5886109
              ],
              [
                116.5103253,
                3.588762
              ],
              [
                116.5103511,
                3.5889292
              ],
              [
                116.5103349,
                3.5890174
              ],
              [
                116.5102478,
                3.5892228
              ],
              [
                116.5101761,
                3.5894002
              ],
              [
                116.5101714,
                3.5894146
              ],
              [
                116.5101063,
                3.5895786
              ],
              [
                116.5100928,
                3.5896663
              ],
              [
                116.5100976,
                3.5896681
              ],
              [
                116.5101644,
                3.5897822
              ],
              [
                116.5102646,
                3.5898695
              ],
              [
                116.5103927,
                3.5898881
              ],
              [
                116.5104113,
                3.5898882
              ],
              [
                116.5106429,
                3.5900282
              ],
              [
                116.51065,
                3.5901392
              ],
              [
                116.510633,
                3.5902071
              ],
              [
                116.5105739,
                3.5903253
              ],
              [
                116.5106113,
                3.5903827
              ],
              [
                116.5107263,
                3.5905837
              ],
              [
                116.5108378,
                3.5907734
              ],
              [
                116.5109685,
                3.5908898
              ],
              [
                116.5110522,
                3.5910046
              ],
              [
                116.511164,
                3.5910537
              ],
              [
                116.5111985,
                3.591064
              ],
              [
                116.511365,
                3.5910822
              ],
              [
                116.511496,
                3.5910776
              ],
              [
                116.5116765,
                3.5910014
              ],
              [
                116.5118133,
                3.5909419
              ],
              [
                116.5118933,
                3.590953
              ],
              [
                116.512057,
                3.5909324
              ],
              [
                116.5121201,
                3.590902
              ],
              [
                116.5122669,
                3.5908797
              ],
              [
                116.5123435,
                3.5908329
              ],
              [
                116.5123647,
                3.5908179
              ],
              [
                116.5124065,
                3.5907857
              ],
              [
                116.5125451,
                3.5907221
              ],
              [
                116.5126617,
                3.5906755
              ],
              [
                116.5127885,
                3.5906689
              ],
              [
                116.5129234,
                3.5907243
              ],
              [
                116.5130873,
                3.5908175
              ],
              [
                116.5131669,
                3.5908087
              ],
              [
                116.5132733,
                3.5907154
              ],
              [
                116.5132898,
                3.5906398
              ],
              [
                116.5133131,
                3.5905623
              ],
              [
                116.513311,
                3.5904135
              ],
              [
                116.5133124,
                3.5903095
              ],
              [
                116.5134243,
                3.5902472
              ],
              [
                116.5134589,
                3.5902262
              ],
              [
                116.5136442,
                3.5901583
              ],
              [
                116.513823,
                3.5900959
              ],
              [
                116.5139337,
                3.5900669
              ],
              [
                116.5140632,
                3.5901018
              ],
              [
                116.5142777,
                3.5902182
              ],
              [
                116.5144148,
                3.5901809
              ],
              [
                116.5145219,
                3.5900796
              ],
              [
                116.5145817,
                3.5900234
              ],
              [
                116.5146505,
                3.5898499
              ],
              [
                116.514667,
                3.5897446
              ],
              [
                116.5147341,
                3.5896673
              ],
              [
                116.5148661,
                3.5896732
              ],
              [
                116.5150783,
                3.5897779
              ],
              [
                116.5151819,
                3.5898329
              ],
              [
                116.515334,
                3.5898627
              ],
              [
                116.5154499,
                3.5896866
              ],
              [
                116.5154644,
                3.5896305
              ],
              [
                116.515457,
                3.5895459
              ],
              [
                116.5155367,
                3.5894734
              ],
              [
                116.5155557,
                3.5894722
              ],
              [
                116.5156366,
                3.5894876
              ],
              [
                116.5156831,
                3.5895234
              ],
              [
                116.515768,
                3.5896323
              ],
              [
                116.5158178,
                3.5897289
              ],
              [
                116.5159466,
                3.5898023
              ],
              [
                116.5160779,
                3.5898385
              ],
              [
                116.5161804,
                3.5898469
              ],
              [
                116.5163028,
                3.5897868
              ],
              [
                116.5163594,
                3.5896982
              ],
              [
                116.5163482,
                3.5896293
              ],
              [
                116.5162372,
                3.5894665
              ],
              [
                116.5162278,
                3.5894012
              ],
              [
                116.5161951,
                3.5892262
              ],
              [
                116.5162998,
                3.5890801
              ],
              [
                116.5163517,
                3.5889106
              ],
              [
                116.5163543,
                3.5888868
              ],
              [
                116.516413,
                3.5886045
              ],
              [
                116.5165342,
                3.5884301
              ],
              [
                116.5166469,
                3.5883641
              ],
              [
                116.5169059,
                3.588285
              ],
              [
                116.516959,
                3.5883371
              ],
              [
                116.5170206,
                3.588371
              ],
              [
                116.5171419,
                3.5883411
              ],
              [
                116.5172827,
                3.5883089
              ],
              [
                116.5174398,
                3.5882209
              ],
              [
                116.5175876,
                3.5882118
              ],
              [
                116.5176363,
                3.5882251
              ],
              [
                116.5177179,
                3.5882844
              ],
              [
                116.5178292,
                3.5883815
              ],
              [
                116.5178808,
                3.5884419
              ],
              [
                116.5178965,
                3.5884686
              ],
              [
                116.5179142,
                3.5885059
              ],
              [
                116.5179859,
                3.5885476
              ],
              [
                116.5181521,
                3.5885583
              ],
              [
                116.518278,
                3.5884468
              ],
              [
                116.518448,
                3.5884139
              ],
              [
                116.518538,
                3.588394
              ],
              [
                116.5187654,
                3.5883301
              ],
              [
                116.5188856,
                3.5883364
              ],
              [
                116.519021,
                3.5883685
              ],
              [
                116.5191048,
                3.5882983
              ],
              [
                116.5191378,
                3.5882264
              ],
              [
                116.5191124,
                3.5880224
              ],
              [
                116.5191472,
                3.5877641
              ],
              [
                116.5191913,
                3.587719
              ],
              [
                116.5193402,
                3.5877257
              ],
              [
                116.5193982,
                3.5877459
              ],
              [
                116.5195686,
                3.5877321
              ],
              [
                116.5195928,
                3.5877245
              ],
              [
                116.519716,
                3.5877212
              ],
              [
                116.5198579,
                3.5877349
              ],
              [
                116.5199428,
                3.5877592
              ],
              [
                116.5200546,
                3.5878671
              ],
              [
                116.5201967,
                3.5878928
              ],
              [
                116.5203627,
                3.5878242
              ],
              [
                116.5203638,
                3.5878966
              ],
              [
                116.5204664,
                3.5879553
              ],
              [
                116.5205026,
                3.5879576
              ],
              [
                116.5207756,
                3.587925
              ],
              [
                116.5208126,
                3.5878673
              ],
              [
                116.5208494,
                3.5878141
              ],
              [
                116.520872,
                3.58778
              ],
              [
                116.5209269,
                3.5877488
              ],
              [
                116.5210456,
                3.5877276
              ],
              [
                116.5211422,
                3.587836
              ],
              [
                116.5213259,
                3.5879177
              ],
              [
                116.521582,
                3.5879111
              ],
              [
                116.5216523,
                3.5879724
              ],
              [
                116.5218261,
                3.5880144
              ],
              [
                116.5220225,
                3.5879693
              ],
              [
                116.522154,
                3.5878063
              ],
              [
                116.5223224,
                3.5877142
              ],
              [
                116.5223722,
                3.5877345
              ],
              [
                116.5224054,
                3.5877686
              ],
              [
                116.5224208,
                3.5877865
              ],
              [
                116.5225369,
                3.587876
              ],
              [
                116.5226348,
                3.5879085
              ],
              [
                116.5227888,
                3.5879456
              ],
              [
                116.5228708,
                3.5879944
              ],
              [
                116.5229192,
                3.5880084
              ],
              [
                116.5231145,
                3.5879944
              ],
              [
                116.5232215,
                3.5879976
              ],
              [
                116.5232403,
                3.5880115
              ],
              [
                116.5232637,
                3.5880245
              ],
              [
                116.523322319,
                3.588127359
              ],
              [
                116.523357162,
                3.588190075
              ],
              [
                116.523443396,
                3.588221433
              ],
              [
                116.523543568,
                3.588256711
              ],
              [
                116.523583636,
                3.588262808
              ],
              [
                116.523590026,
                3.588264239
              ],
              [
                116.523705331,
                3.588183876
              ],
              [
                116.524537013,
                3.587353558
              ],
              [
                116.525493483,
                3.586772263
              ],
              [
                116.526657895,
                3.586273945
              ],
              [
                116.527489607,
                3.585941726
              ],
              [
                116.527736162,
                3.585489611
              ],
              [
                116.527774465,
                3.585298263
              ],
              [
                116.527774424,
                3.585106924
              ],
              [
                116.527812735,
                3.584953845
              ],
              [
                116.527851029,
                3.58472423
              ],
              [
                116.527850997,
                3.584571159
              ],
              [
                116.527889308,
                3.584418079
              ],
              [
                116.527927618,
                3.584265
              ],
              [
                116.527965928,
                3.584111921
              ],
              [
                116.52800423,
                3.583920573
              ],
              [
                116.528042541,
                3.583767494
              ],
              [
                116.528119195,
                3.583614407
              ],
              [
                116.528272543,
                3.583499571
              ],
              [
                116.528387549,
                3.583384744
              ],
              [
                116.528502554,
                3.583269916
              ],
              [
                116.528617566,
                3.583193357
              ],
              [
                116.528617533,
                3.583040285
              ],
              [
                116.528655843,
                3.582887206
              ],
              [
                116.528809199,
                3.582810639
              ],
              [
                116.528962547,
                3.582695803
              ],
              [
                116.529077542,
                3.582542708
              ],
              [
                116.529154195,
                3.582389621
              ],
              [
                116.529230847,
                3.582236533
              ],
              [
                116.529345842,
                3.582083438
              ],
              [
                116.52938416,
                3.581968626
              ],
              [
                116.529575875,
                3.581968587
              ],
              [
                116.529767591,
                3.581968547
              ],
              [
                116.529920979,
                3.582045051
              ],
              [
                116.530036016,
                3.582083295
              ],
              [
                116.530227731,
                3.582083255
              ],
              [
                116.530342785,
                3.582198034
              ],
              [
                116.530496173,
                3.582274538
              ],
              [
                116.530687887,
                3.582274497
              ],
              [
                116.530841267,
                3.582312733
              ],
              [
                116.53103298,
                3.582312692
              ],
              [
                116.531224694,
                3.582312652
              ],
              [
                116.531378056,
                3.582274352
              ],
              [
                116.531531418,
                3.582236051
              ],
              [
                116.531723131,
                3.582236011
              ],
              [
                116.531914844,
                3.58223597
              ],
              [
                116.532144899,
                3.582235921
              ],
              [
                116.532336595,
                3.582159344
              ],
              [
                116.532528282,
                3.5820445
              ],
              [
                116.532643293,
                3.58196794
              ],
              [
                116.532719952,
                3.58185312
              ],
              [
                116.532873314,
                3.581814819
              ],
              [
                116.533065026,
                3.581814778
              ],
              [
                116.533180037,
                3.581738217
              ],
              [
                116.533371749,
                3.581738176
              ],
              [
                116.533563461,
                3.581738134
              ],
              [
                116.533755173,
                3.581738092
              ],
              [
                116.533946886,
                3.58173805
              ],
              [
                116.534138598,
                3.581738008
              ],
              [
                116.53433031,
                3.581737966
              ],
              [
                116.534483671,
                3.581699665
              ],
              [
                116.534598682,
                3.581623104
              ],
              [
                116.534790394,
                3.581623062
              ],
              [
                116.534943747,
                3.581546492
              ],
              [
                116.535173802,
                3.581546441
              ],
              [
                116.535327155,
                3.581469872
              ],
              [
                116.535518859,
                3.581431561
              ],
              [
                116.53563387,
                3.581354999
              ],
              [
                116.535748873,
                3.58124017
              ],
              [
                116.53597892,
                3.58120185
              ],
              [
                116.536170632,
                3.581201807
              ],
              [
                116.536324003,
                3.581201773
              ],
              [
                116.536515716,
                3.581201729
              ],
              [
                116.536669086,
                3.581201695
              ],
              [
                116.536822474,
                3.581278196
              ],
              [
                116.536975853,
                3.581316429
              ],
              [
                116.537167567,
                3.581316385
              ],
              [
                116.53735928,
                3.581316341
              ],
              [
                116.537512643,
                3.581278038
              ],
              [
                116.537742683,
                3.581201449
              ],
              [
                116.537896038,
                3.581124878
              ],
              [
                116.538011042,
                3.581010047
              ],
              [
                116.538164406,
                3.580971743
              ],
              [
                116.538241059,
                3.580818653
              ],
              [
                116.538241026,
                3.580665581
              ],
              [
                116.538240993,
                3.580512508
              ],
              [
                116.53824096,
                3.580359435
              ],
              [
                116.538202584,
                3.580206371
              ],
              [
                116.538355932,
                3.58009153
              ],
              [
                116.538547639,
                3.580053216
              ],
              [
                116.538701012,
                3.58005318
              ],
              [
                116.538892719,
                3.580014866
              ],
              [
                116.539007741,
                3.579976571
              ],
              [
                116.539161106,
                3.579938266
              ],
              [
                116.539314471,
                3.579899961
              ],
              [
                116.539467836,
                3.579861656
              ],
              [
                116.539697897,
                3.579861601
              ],
              [
                116.539889606,
                3.579823286
              ],
              [
                116.540081324,
                3.57982324
              ],
              [
                116.540273042,
                3.579823194
              ],
              [
                116.540426425,
                3.579861425
              ],
              [
                116.54054148,
                3.579976203
              ],
              [
                116.540694871,
                3.580052703
              ],
              [
                116.540886591,
                3.580052656
              ],
              [
                116.54107831,
                3.580052609
              ],
              [
                116.54123167,
                3.579976034
              ],
              [
                116.541346687,
                3.579899469
              ],
              [
                116.541423343,
                3.579746375
              ],
              [
                116.541538351,
                3.57963154
              ],
              [
                116.541653361,
                3.579516704
              ],
              [
                116.541806722,
                3.579440128
              ],
              [
                116.541960091,
                3.579401821
              ],
              [
                116.542113453,
                3.579325244
              ],
              [
                116.542266808,
                3.579210398
              ],
              [
                116.54238181,
                3.579057293
              ],
              [
                116.542458469,
                3.578904197
              ],
              [
                116.542573472,
                3.57875109
              ],
              [
                116.542688483,
                3.578636253
              ],
              [
                116.542880208,
                3.578636203
              ],
              [
                116.543071932,
                3.578636154
              ],
              [
                116.543263657,
                3.578636104
              ],
              [
                116.54341703,
                3.578597795
              ],
              [
                116.543443286,
                3.578590808
              ],
              [
                116.54345726,
                3.578581457
              ],
              [
                116.543439421,
                3.578509355
              ],
              [
                116.543347916,
                3.578358607
              ],
              [
                116.543187125,
                3.578262476
              ],
              [
                116.543096064,
                3.57811228
              ],
              [
                116.543042037,
                3.577955736
              ],
              [
                116.542988127,
                3.577799529
              ],
              [
                116.54297109,
                3.577637001
              ],
              [
                116.542917371,
                3.577481474
              ],
              [
                116.542827089,
                3.577332924
              ],
              [
                116.542737,
                3.577184693
              ],
              [
                116.542642955,
                3.576996537
              ],
              [
                116.542561522,
                3.576929366
              ],
              [
                116.542443625,
                3.576868885
              ],
              [
                116.542427284,
                3.57670844
              ],
              [
                116.542410977,
                3.576548337
              ],
              [
                116.542394705,
                3.576388576
              ],
              [
                116.542378467,
                3.576229156
              ],
              [
                116.542362264,
                3.576070076
              ],
              [
                116.542346095,
                3.575911334
              ],
              [
                116.542325933,
                3.575713381
              ],
              [
                116.542305823,
                3.575515954
              ],
              [
                116.542289774,
                3.575358389
              ],
              [
                116.542273758,
                3.575201157
              ],
              [
                116.542257776,
                3.575044258
              ],
              [
                116.542273906,
                3.57484207
              ],
              [
                116.542289993,
                3.574640415
              ],
              [
                116.542266095,
                3.574406945
              ],
              [
                116.542250204,
                3.574251707
              ],
              [
                116.542230388,
                3.574058119
              ],
              [
                116.542246447,
                3.573858551
              ],
              [
                116.54226642,
                3.573697977
              ],
              [
                116.5423221,
                3.573531266
              ],
              [
                116.542337985,
                3.573333065
              ],
              [
                116.542357794,
                3.573173585
              ],
              [
                116.542306309,
                3.573027342
              ],
              [
                116.542247067,
                3.572805328
              ],
              [
                116.54219583,
                3.572659849
              ],
              [
                116.542180198,
                3.572508243
              ],
              [
                116.542085925,
                3.572294262
              ],
              [
                116.542031186,
                3.572112179
              ],
              [
                116.541980424,
                3.571968132
              ],
              [
                116.541929767,
                3.571824384
              ],
              [
                116.541777132,
                3.57173754
              ],
              [
                116.541691517,
                3.571600674
              ],
              [
                116.54156714,
                3.571433176
              ],
              [
                116.541513419,
                3.571253373
              ],
              [
                116.541491273,
                3.57103059
              ],
              [
                116.541441469,
                3.5708888
              ],
              [
                116.541426809,
                3.570740957
              ],
              [
                116.541485864,
                3.570617592
              ],
              [
                116.541471185,
                3.570470291
              ],
              [
                116.541452877,
                3.570286589
              ],
              [
                116.541473164,
                3.570133645
              ],
              [
                116.541531943,
                3.57001125
              ],
              [
                116.541548441,
                3.569822388
              ],
              [
                116.541603361,
                3.569664086
              ],
              [
                116.541696626,
                3.569536128
              ],
              [
                116.541725236,
                3.569545401
              ],
              [
                116.541916492,
                3.569607388
              ],
              [
                116.542098066,
                3.569648652
              ],
              [
                116.542244996,
                3.569696264
              ],
              [
                116.542353354,
                3.56971378
              ],
              [
                116.542500526,
                3.569761462
              ],
              [
                116.542709649,
                3.569723597
              ],
              [
                116.542861087,
                3.569807814
              ],
              [
                116.542938909,
                3.569868243
              ],
              [
                116.543082571,
                3.569879519
              ],
              [
                116.543199593,
                3.56997031
              ],
              [
                116.543343468,
                3.569981623
              ],
              [
                116.543518181,
                3.569949989
              ],
              [
                116.543692893,
                3.569918354
              ],
              [
                116.543832663,
                3.569893047
              ],
              [
                116.544050961,
                3.569928307
              ],
              [
                116.544133917,
                3.57002561
              ],
              [
                116.544330848,
                3.570177543
              ],
              [
                116.54456336,
                3.570323514
              ],
              [
                116.544717194,
                3.570408734
              ],
              [
                116.544836136,
                3.570500447
              ],
              [
                116.544955261,
                3.570592301
              ],
              [
                116.545131049,
                3.570560472
              ],
              [
                116.545302166,
                3.570491662
              ],
              [
                116.545438055,
                3.570429249
              ],
              [
                116.545564405,
                3.570293065
              ],
              [
                116.545690561,
                3.570157091
              ],
              [
                116.545786245,
                3.570064442
              ],
              [
                116.545916881,
                3.569965543
              ],
              [
                116.546042539,
                3.569830065
              ],
              [
                116.546177749,
                3.569768048
              ],
              [
                116.546352814,
                3.569736351
              ],
              [
                116.546527878,
                3.569704655
              ],
              [
                116.546737955,
                3.569666619
              ],
              [
                116.546948031,
                3.569628584
              ],
              [
                116.547088082,
                3.569603227
              ],
              [
                116.547238427,
                3.569651099
              ],
              [
                116.547388926,
                3.56969902
              ],
              [
                116.547574646,
                3.569740642
              ],
              [
                116.547760557,
                3.569782306
              ],
              [
                116.547911556,
                3.569830369
              ],
              [
                116.54812217,
                3.569792237
              ],
              [
                116.548297681,
                3.569760461
              ],
              [
                116.548484153,
                3.569802179
              ],
              [
                116.548635679,
                3.569850302
              ],
              [
                116.54881137,
                3.569818493
              ],
              [
                116.548951922,
                3.569793046
              ],
              [
                116.549127613,
                3.569761238
              ],
              [
                116.549303303,
                3.56972943
              ],
              [
                116.549438124,
                3.569667234
              ],
              [
                116.549607995,
                3.569598711
              ],
              [
                116.54981289,
                3.569523867
              ],
              [
                116.549982577,
                3.569455417
              ],
              [
                116.550076104,
                3.569363084
              ],
              [
                116.550280667,
                3.569288379
              ],
              [
                116.55045006,
                3.56922006
              ],
              [
                116.550607329,
                3.569078748
              ],
              [
                116.550846523,
                3.56899787
              ],
              [
                116.551009438,
                3.568893285
              ],
              [
                116.55117834,
                3.56882519
              ],
              [
                116.551242174,
                3.568776136
              ],
              [
                116.551404719,
                3.568671772
              ],
              [
                116.551567098,
                3.568567515
              ],
              [
                116.551735598,
                3.568499609
              ],
              [
                116.551799192,
                3.568450714
              ],
              [
                116.551967546,
                3.568382872
              ],
              [
                116.552142202,
                3.568351254
              ],
              [
                116.552316858,
                3.568319636
              ],
              [
                116.552519959,
                3.568245524
              ],
              [
                116.552716423,
                3.568135326
              ],
              [
                116.552954162,
                3.568055002
              ],
              [
                116.553226667,
                3.567968402
              ],
              [
                116.55342257,
                3.567858459
              ],
              [
                116.553555307,
                3.567797219
              ],
              [
                116.553625027,
                3.567784598
              ],
              [
                116.553722827,
                3.567729702
              ],
              [
                116.553883445,
                3.567626299
              ],
              [
                116.554078715,
                3.567516698
              ],
              [
                116.554315502,
                3.567436737
              ],
              [
                116.554545192,
                3.567321019
              ],
              [
                116.55467734,
                3.567260057
              ],
              [
                116.554844191,
                3.567192831
              ],
              [
                116.555018048,
                3.56716136
              ],
              [
                116.555184771,
                3.567094176
              ],
              [
                116.555281902,
                3.567039609
              ],
              [
                116.555420916,
                3.567014445
              ],
              [
                116.555719168,
                3.566886544
              ],
              [
                116.555962321,
                3.566842528
              ],
              [
                116.556093907,
                3.566781781
              ],
              [
                116.556260146,
                3.56671478
              ],
              [
                116.55653043,
                3.566628963
              ],
              [
                116.556738689,
                3.566591265
              ],
              [
                116.557008784,
                3.566505502
              ],
              [
                116.55710528,
                3.566451182
              ],
              [
                116.557332801,
                3.566336348
              ],
              [
                116.557498474,
                3.566269562
              ],
              [
                116.557664064,
                3.56620281
              ],
              [
                116.557994991,
                3.566069407
              ],
              [
                116.558256339,
                3.565948674
              ],
              [
                116.558536133,
                3.565751399
              ],
              [
                116.558727672,
                3.565643524
              ],
              [
                116.5588419,
                3.565513181
              ],
              [
                116.558937496,
                3.565459359
              ],
              [
                116.559128543,
                3.565351795
              ],
              [
                116.559327522,
                3.565279315
              ],
              [
                116.559483737,
                3.565178167
              ],
              [
                116.559666067,
                3.565035994
              ],
              [
                116.559795697,
                3.564976177
              ],
              [
                116.559951441,
                3.564875335
              ],
              [
                116.560141451,
                3.564768363
              ],
              [
                116.560193649,
                3.564686409
              ],
              [
                116.560357315,
                3.564620559
              ],
              [
                116.560512505,
                3.564520073
              ],
              [
                116.560667538,
                3.564419687
              ],
              [
                116.56078807,
                3.56432562
              ],
              [
                116.561011466,
                3.564213005
              ],
              [
                116.56114024,
                3.564153634
              ],
              [
                116.561286119,
                3.564019152
              ],
              [
                116.561414695,
                3.563959889
              ],
              [
                116.561534583,
                3.563866264
              ],
              [
                116.561654351,
                3.563772732
              ],
              [
                116.561808233,
                3.563673097
              ],
              [
                116.56197068,
                3.56360783
              ],
              [
                116.562124289,
                3.563508352
              ],
              [
                116.562277745,
                3.563408973
              ],
              [
                116.562362699,
                3.563322066
              ],
              [
                116.562438748,
                3.563201139
              ],
              [
                116.56253997,
                3.563040185
              ],
              [
                116.56260691,
                3.56288572
              ],
              [
                116.562707764,
                3.562725401
              ],
              [
                116.562792147,
                3.5626392
              ],
              [
                116.562883777,
                3.562445608
              ],
              [
                116.562950127,
                3.562292308
              ],
              [
                116.563016346,
                3.562139313
              ],
              [
                116.56311632,
                3.561980488
              ],
              [
                116.563182243,
                3.561828104
              ],
              [
                116.563205294,
                3.561648759
              ],
              [
                116.563270983,
                3.561497042
              ],
              [
                116.563302798,
                3.561351733
              ],
              [
                116.563291924,
                3.56117965
              ],
              [
                116.563332562,
                3.561068069
              ],
              [
                116.56335531,
                3.560890586
              ],
              [
                116.563447288,
                3.560839314
              ],
              [
                116.563460938,
                3.560629467
              ],
              [
                116.563434194,
                3.560530849
              ],
              [
                116.563456734,
                3.560354676
              ],
              [
                116.563463534,
                3.560250391
              ],
              [
                116.563485995,
                3.560074905
              ],
              [
                116.563483875,
                3.559938454
              ],
              [
                116.563515142,
                3.559796227
              ],
              [
                116.563470786,
                3.559633922
              ],
              [
                116.563480748,
                3.559414697
              ],
              [
                116.563520287,
                3.558544575
              ],
              [
                116.563476322,
                3.558385233
              ],
              [
                116.563432464,
                3.558226276
              ],
              [
                116.563388711,
                3.558067701
              ],
              [
                116.563345064,
                3.557909509
              ],
              [
                116.563343115,
                3.557777273
              ],
              [
                116.56333247,
                3.557613824
              ],
              [
                116.563306398,
                3.557519508
              ],
              [
                116.563328609,
                3.557350744
              ],
              [
                116.563359443,
                3.557213652
              ],
              [
                116.563390218,
                3.557076822
              ],
              [
                116.563379572,
                3.556915029
              ],
              [
                116.563353597,
                3.556821687
              ],
              [
                116.563319022,
                3.556697439
              ],
              [
                116.563284513,
                3.556573428
              ],
              [
                116.56325007,
                3.556449653
              ],
              [
                116.563272176,
                3.556283485
              ],
              [
                116.563352541,
                3.556204176
              ],
              [
                116.563482612,
                3.556180626
              ],
              [
                116.56360401,
                3.556126291
              ],
              [
                116.563749151,
                3.556035346
              ],
              [
                116.5638704,
                3.555981083
              ],
              [
                116.563991592,
                3.555926846
              ],
              [
                116.564103948,
                3.55584196
              ],
              [
                116.564257456,
                3.555781917
              ],
              [
                116.564369607,
                3.55569716
              ],
              [
                116.564564254,
                3.555661918
              ],
              [
                116.56469402,
                3.555638423
              ],
              [
                116.564888668,
                3.55560318
              ],
              [
                116.565018435,
                3.555579685
              ],
              [
                116.565180644,
                3.555550316
              ],
              [
                116.565342853,
                3.555520946
              ],
              [
                116.565505063,
                3.555491577
              ],
              [
                116.565699716,
                3.555456333
              ],
              [
                116.565861927,
                3.555426964
              ],
              [
                116.566024139,
                3.555397594
              ],
              [
                116.56631166,
                3.555405662
              ],
              [
                116.566355211,
                3.555397644
              ],
              [
                116.566369005,
                3.555366346
              ],
              [
                116.566368113,
                3.555259467
              ],
              [
                116.566317773,
                3.555113985
              ],
              [
                116.56620973,
                3.554974882
              ],
              [
                116.566112529,
                3.554790614
              ],
              [
                116.566054474,
                3.55452062
              ],
              [
                116.566017812,
                3.55430495
              ],
              [
                116.5660132,
                3.55412141
              ],
              [
                116.566010517,
                3.553916484
              ],
              [
                116.565994554,
                3.553726214
              ],
              [
                116.566041492,
                3.553567313
              ],
              [
                116.565976764,
                3.553408146
              ],
              [
                116.565844222,
                3.553287236
              ],
              [
                116.565641284,
                3.553317011
              ],
              [
                116.565426104,
                3.553326343
              ],
              [
                116.565115631,
                3.553174216
              ],
              [
                116.564814805,
                3.552840081
              ],
              [
                116.564768554,
                3.55258063
              ],
              [
                116.564641941,
                3.552443383
              ],
              [
                116.564506271,
                3.552254542
              ],
              [
                116.564243436,
                3.552139712
              ],
              [
                116.56398067,
                3.551946623
              ],
              [
                116.563795084,
                3.551797789
              ],
              [
                116.563728831,
                3.551616701
              ],
              [
                116.563611482,
                3.551513834
              ],
              [
                116.563502998,
                3.551296694
              ],
              [
                116.563344732,
                3.551034434
              ],
              [
                116.563180811,
                3.55086398
              ],
              [
                116.563001572,
                3.550730451
              ],
              [
                116.562842743,
                3.550596879
              ],
              [
                116.562758323,
                3.550401592
              ],
              [
                116.56266012,
                3.55015648
              ],
              [
                116.562631963,
                3.549922923
              ],
              [
                116.562673251,
                3.549710409
              ],
              [
                116.562755127,
                3.549480848
              ],
              [
                116.562942683,
                3.549233196
              ],
              [
                116.563154625,
                3.54913078
              ],
              [
                116.563378668,
                3.549036877
              ],
              [
                116.563510247,
                3.548917499
              ],
              [
                116.563586068,
                3.548712379
              ],
              [
                116.563668415,
                3.548474367
              ],
              [
                116.563738112,
                3.548294776
              ],
              [
                116.563768186,
                3.548078292
              ],
              [
                116.563808923,
                3.547860361
              ],
              [
                116.563828124,
                3.547646823
              ],
              [
                116.563929503,
                3.547462939
              ],
              [
                116.563998594,
                3.547285214
              ],
              [
                116.564055047,
                3.547099101
              ],
              [
                116.564082748,
                3.546874714
              ],
              [
                116.564149664,
                3.546687466
              ],
              [
                116.5642536,
                3.546461109
              ],
              [
                116.564360581,
                3.546360362
              ],
              [
                116.56457058,
                3.546261898
              ],
              [
                116.564775602,
                3.546115852
              ],
              [
                116.56499158,
                3.546033163
              ],
              [
                116.565139889,
                3.54594104
              ],
              [
                116.565286207,
                3.545838468
              ],
              [
                116.565416101,
                3.545706405
              ],
              [
                116.565568275,
                3.545573684
              ],
              [
                116.565670802,
                3.545357097
              ],
              [
                116.565728121,
                3.545130823
              ],
              [
                116.565875675,
                3.544920964
              ],
              [
                116.565971988,
                3.544731513
              ],
              [
                116.566096509,
                3.544540948
              ],
              [
                116.566162192,
                3.544332247
              ],
              [
                116.56622311,
                3.544202316
              ],
              [
                116.566297829,
                3.543981417
              ],
              [
                116.566383176,
                3.543793798
              ],
              [
                116.566490437,
                3.543571547
              ],
              [
                116.566633303,
                3.543332978
              ],
              [
                116.566874923,
                3.543236606
              ],
              [
                116.567121289,
                3.54323276
              ],
              [
                116.567335742,
                3.543246429
              ],
              [
                116.567594575,
                3.543275513
              ],
              [
                116.567793147,
                3.54332738
              ],
              [
                116.567974167,
                3.54334735
              ],
              [
                116.568197232,
                3.543277529
              ],
              [
                116.56837338,
                3.543210375
              ],
              [
                116.568563315,
                3.543093892
              ],
              [
                116.568764402,
                3.542946314
              ],
              [
                116.568911598,
                3.542738897
              ],
              [
                116.568987848,
                3.542562419
              ],
              [
                116.569047804,
                3.542394101
              ],
              [
                116.569104404,
                3.542125552
              ],
              [
                116.56921007,
                3.541961919
              ],
              [
                116.569324687,
                3.541790229
              ],
              [
                116.569487058,
                3.541609898
              ],
              [
                116.569601422,
                3.541438555
              ],
              [
                116.569773259,
                3.541306811
              ],
              [
                116.569925403,
                3.541078783
              ],
              [
                116.569943832,
                3.540925551
              ],
              [
                116.569980636,
                3.540619545
              ],
              [
                116.570027145,
                3.540362079
              ],
              [
                116.570005282,
                3.540043254
              ],
              [
                116.570001879,
                3.539810571
              ],
              [
                116.570042255,
                3.53962321
              ],
              [
                116.570129389,
                3.539376086
              ],
              [
                116.570229145,
                3.539196726
              ],
              [
                116.570343727,
                3.539016126
              ],
              [
                116.570409286,
                3.538856191
              ],
              [
                116.57047291,
                3.538655976
              ],
              [
                116.570423347,
                3.538395179
              ],
              [
                116.570404727,
                3.538119892
              ],
              [
                116.570519013,
                3.537961086
              ],
              [
                116.570572837,
                3.537746189
              ],
              [
                116.570628222,
                3.537540487
              ],
              [
                116.570742134,
                3.537278708
              ],
              [
                116.570879933,
                3.537049383
              ],
              [
                116.571186353,
                3.536813531
              ],
              [
                116.571394063,
                3.536532699
              ],
              [
                116.571309431,
                3.536233246
              ],
              [
                116.571226902,
                3.536033863
              ],
              [
                116.571162082,
                3.535858388
              ],
              [
                116.571108631,
                3.535634474
              ],
              [
                116.571084211,
                3.53551553
              ],
              [
                116.57109195,
                3.535321397
              ],
              [
                116.571052795,
                3.53513615
              ],
              [
                116.570957075,
                3.534913555
              ],
              [
                116.570918065,
                3.534728845
              ],
              [
                116.570832319,
                3.534552989
              ],
              [
                116.570783729,
                3.534322731
              ],
              [
                116.570754613,
                3.534184756
              ],
              [
                116.570622447,
                3.534018193
              ],
              [
                116.570453427,
                3.533906303
              ],
              [
                116.570247524,
                3.533848949
              ],
              [
                116.570078824,
                3.533737232
              ],
              [
                116.569891213,
                3.533534118
              ],
              [
                116.569759971,
                3.533368435
              ],
              [
                116.56972197,
                3.53318583
              ],
              [
                116.569674538,
                3.532957907
              ],
              [
                116.569673644,
                3.532721797
              ],
              [
                116.569719174,
                3.53247752
              ],
              [
                116.569681316,
                3.532296049
              ],
              [
                116.569755163,
                3.532188323
              ],
              [
                116.569846889,
                3.531936376
              ],
              [
                116.569911117,
                3.531783697
              ],
              [
                116.57002158,
                3.531622641
              ],
              [
                116.570085662,
                3.531470261
              ],
              [
                116.570140179,
                3.531272991
              ],
              [
                116.570102197,
                3.531092993
              ],
              [
                116.570045316,
                3.530823429
              ],
              [
                116.57002638,
                3.530733689
              ],
              [
                116.569979093,
                3.530509593
              ],
              [
                116.569941319,
                3.530330573
              ],
              [
                116.569765415,
                3.530177226
              ],
              [
                116.569727826,
                3.529998649
              ],
              [
                116.569579561,
                3.529748145
              ],
              [
                116.569486856,
                3.529534118
              ],
              [
                116.569412934,
                3.529409248
              ],
              [
                116.569375678,
                3.529231673
              ],
              [
                116.569485393,
                3.529073299
              ],
              [
                116.569595004,
                3.528915076
              ],
              [
                116.569740989,
                3.528704348
              ],
              [
                116.569840993,
                3.528502319
              ],
              [
                116.5699315,
                3.528256464
              ],
              [
                116.569903408,
                3.528124297
              ],
              [
                116.56990235,
                3.527895884
              ],
              [
                116.569910639,
                3.527711732
              ],
              [
                116.56996456,
                3.527519409
              ],
              [
                116.570027766,
                3.527371127
              ],
              [
                116.570329852,
                3.527031445
              ],
              [
                116.570777153,
                3.526395346
              ],
              [
                116.571306315,
                3.524683908
              ],
              [
                116.571292617,
                3.524292327
              ],
              [
                116.571280533,
                3.523788794
              ],
              [
                116.571505646,
                3.523594806
              ],
              [
                116.571754444,
                3.523419342
              ],
              [
                116.571960562,
                3.523320638
              ],
              [
                116.572377146,
                3.523301974
              ],
              [
                116.57260931,
                3.523132399
              ],
              [
                116.572805512,
                3.522946548
              ],
              [
                116.57302988,
                3.522837495
              ],
              [
                116.573310296,
                3.522645973
              ],
              [
                116.57364308,
                3.522627031
              ],
              [
                116.573877769,
                3.522583822
              ],
              [
                116.574002196,
                3.522566978
              ],
              [
                116.573970258,
                3.522488356
              ],
              [
                116.573938936,
                3.522434289
              ],
              [
                116.573888219,
                3.522335369
              ],
              [
                116.573806371,
                3.522144503
              ],
              [
                116.573610398,
                3.521897276
              ],
              [
                116.573421194,
                3.521764393
              ],
              [
                116.573191678,
                3.521633497
              ],
              [
                116.572928705,
                3.521479864
              ],
              [
                116.572882545,
                3.521223959
              ],
              [
                116.572860877,
                3.521043625
              ],
              [
                116.572810339,
                3.520758499
              ],
              [
                116.572794857,
                3.520579515
              ],
              [
                116.572756606,
                3.520334058
              ],
              [
                116.572739646,
                3.520072165
              ],
              [
                116.572732823,
                3.519841676
              ],
              [
                116.572786396,
                3.519589491
              ],
              [
                116.572803917,
                3.51935324
              ],
              [
                116.57285074,
                3.518997996
              ],
              [
                116.57283181,
                3.518763458
              ],
              [
                116.57278689,
                3.518540175
              ],
              [
                116.572786972,
                3.518365414
              ],
              [
                116.572769378,
                3.518051837
              ],
              [
                116.572739143,
                3.517844238
              ],
              [
                116.572729459,
                3.517550345
              ],
              [
                116.572680569,
                3.517293082
              ],
              [
                116.572592234,
                3.517051282
              ],
              [
                116.572440629,
                3.516882058
              ],
              [
                116.572216716,
                3.516730492
              ],
              [
                116.572070123,
                3.51668546
              ],
              [
                116.571821776,
                3.516525037
              ],
              [
                116.571697838,
                3.516309371
              ],
              [
                116.571641426,
                3.516105935
              ],
              [
                116.571515689,
                3.515864587
              ],
              [
                116.571342478,
                3.515632331
              ],
              [
                116.571218102,
                3.515424221
              ],
              [
                116.571131931,
                3.5152269
              ],
              [
                116.571025157,
                3.514924991
              ],
              [
                116.570920143,
                3.514678982
              ],
              [
                116.570865616,
                3.514427099
              ],
              [
                116.57087658,
                3.51417633
              ],
              [
                116.570846223,
                3.513956927
              ],
              [
                116.570800339,
                3.51373153
              ],
              [
                116.570729183,
                3.513489504
              ],
              [
                116.570688401,
                3.513238092
              ],
              [
                116.570642517,
                3.51301049
              ],
              [
                116.570595762,
                3.512734302
              ],
              [
                116.570566657,
                3.512502109
              ],
              [
                116.570533842,
                3.512262037
              ],
              [
                116.570480675,
                3.511983995
              ],
              [
                116.570366688,
                3.511751209
              ],
              [
                116.57025875,
                3.511548911
              ],
              [
                116.570130386,
                3.511329177
              ],
              [
                116.569952424,
                3.511083455
              ],
              [
                116.56982472,
                3.510829209
              ],
              [
                116.569625179,
                3.510666538
              ],
              [
                116.569446576,
                3.51048072
              ],
              [
                116.569315311,
                3.510340288
              ],
              [
                116.569101545,
                3.510134561
              ],
              [
                116.568918418,
                3.509984096
              ],
              [
                116.568814447,
                3.509730874
              ],
              [
                116.568831538,
                3.509456917
              ],
              [
                116.568847263,
                3.50921074
              ],
              [
                116.56889097,
                3.508956197
              ],
              [
                116.568856768,
                3.508673239
              ],
              [
                116.568874468,
                3.508277271
              ],
              [
                116.568876699,
                3.508060351
              ],
              [
                116.568934902,
                3.507830185
              ],
              [
                116.568993091,
                3.507600081
              ],
              [
                116.569051263,
                3.50737004
              ],
              [
                116.569176316,
                3.507052471
              ],
              [
                116.569186015,
                3.506746377
              ],
              [
                116.568938981,
                3.506335659
              ],
              [
                116.568783371,
                3.506110731
              ],
              [
                116.568652891,
                3.505818962
              ],
              [
                116.568582865,
                3.505619596
              ],
              [
                116.568550617,
                3.505435684
              ],
              [
                116.568452275,
                3.5050924
              ],
              [
                116.568430239,
                3.504903531
              ],
              [
                116.568470649,
                3.504633924
              ],
              [
                116.568537612,
                3.504358078
              ],
              [
                116.56854822,
                3.504050505
              ],
              [
                116.568469909,
                3.503805083
              ],
              [
                116.568429662,
                3.503583443
              ],
              [
                116.568445665,
                3.503355081
              ],
              [
                116.56843031,
                3.503170898
              ],
              [
                116.568465139,
                3.502908707
              ],
              [
                116.56847756,
                3.502709728
              ],
              [
                116.568561325,
                3.502401723
              ],
              [
                116.568636003,
                3.502170564
              ],
              [
                116.568704884,
                3.501904546
              ],
              [
                116.568794298,
                3.501672785
              ],
              [
                116.568918337,
                3.501407817
              ],
              [
                116.569116702,
                3.501194398
              ],
              [
                116.569304286,
                3.500975666
              ],
              [
                116.569469936,
                3.500839916
              ],
              [
                116.569585136,
                3.500611684
              ],
              [
                116.569741695,
                3.500402769
              ],
              [
                116.569929816,
                3.500269433
              ],
              [
                116.570044915,
                3.500041353
              ],
              [
                116.570168077,
                3.499815823
              ],
              [
                116.570266463,
                3.499653526
              ],
              [
                116.570374174,
                3.499406509
              ],
              [
                116.570562756,
                3.499111003
              ],
              [
                116.570734386,
                3.49895879
              ],
              [
                116.570945122,
                3.498819393
              ],
              [
                116.571105183,
                3.498643505
              ],
              [
                116.571187416,
                3.498429552
              ],
              [
                116.571227255,
                3.498169601
              ],
              [
                116.571215206,
                3.497963527
              ],
              [
                116.571191002,
                3.497589711
              ],
              [
                116.571194771,
                3.497365982
              ],
              [
                116.571217818,
                3.497153947
              ],
              [
                116.571246762,
                3.496946328
              ],
              [
                116.571283703,
                3.496715922
              ],
              [
                116.571304245,
                3.496489949
              ],
              [
                116.571364487,
                3.496200917
              ],
              [
                116.571414925,
                3.495960003
              ],
              [
                116.571456731,
                3.495724087
              ],
              [
                116.57148316,
                3.495492572
              ],
              [
                116.571582389,
                3.495266632
              ],
              [
                116.571665352,
                3.495052378
              ],
              [
                116.57171038,
                3.494812563
              ],
              [
                116.571660868,
                3.494570716
              ],
              [
                116.571598787,
                3.494359171
              ],
              [
                116.571541945,
                3.49413268
              ],
              [
                116.571485048,
                3.493962852
              ],
              [
                116.571371215,
                3.493679881
              ],
              [
                116.570924093,
                3.492734572
              ],
              [
                116.570696701,
                3.49259563
              ],
              [
                116.570484574,
                3.49250389
              ],
              [
                116.570289003,
                3.492379469
              ],
              [
                116.570066348,
                3.492241742
              ],
              [
                116.569947441,
                3.492040559
              ],
              [
                116.569844942,
                3.491854739
              ],
              [
                116.569798064,
                3.491648917
              ],
              [
                116.569775811,
                3.491455047
              ],
              [
                116.569712621,
                3.491223376
              ],
              [
                116.5696294,
                3.490908383
              ],
              [
                116.569520728,
                3.49063305
              ],
              [
                116.569323345,
                3.490440503
              ],
              [
                116.569051182,
                3.490303945
              ],
              [
                116.568856992,
                3.490213849
              ],
              [
                116.568570952,
                3.490176547
              ],
              [
                116.568330072,
                3.490176568
              ],
              [
                116.568128421,
                3.490122579
              ],
              [
                116.567871475,
                3.490035929
              ],
              [
                116.567655735,
                3.489940742
              ],
              [
                116.567442738,
                3.489817524
              ],
              [
                116.567218332,
                3.489728268
              ],
              [
                116.567056797,
                3.489631796
              ],
              [
                116.566861993,
                3.489554194
              ],
              [
                116.566701664,
                3.48951211
              ],
              [
                116.56666467,
                3.489497527
              ],
              [
                116.566523047,
                3.489454582
              ],
              [
                116.566381553,
                3.489383409
              ],
              [
                116.566275421,
                3.489276652
              ],
              [
                116.566179335,
                3.489158778
              ],
              [
                116.566123533,
                3.489033786
              ],
              [
                116.566093571,
                3.488890046
              ],
              [
                116.566098971,
                3.488709883
              ],
              [
                116.566193718,
                3.488536198
              ],
              [
                116.566300808,
                3.488400522
              ],
              [
                116.566370575,
                3.488279997
              ],
              [
                116.566334553,
                3.48812133
              ],
              [
                116.566258826,
                3.487975975
              ],
              [
                116.566164605,
                3.487866111
              ],
              [
                116.566081749,
                3.487713774
              ],
              [
                116.566015912,
                3.487632217
              ],
              [
                116.565936106,
                3.487497464
              ],
              [
                116.565869356,
                3.487361387
              ],
              [
                116.565801672,
                3.487225998
              ],
              [
                116.565741253,
                3.487097297
              ],
              [
                116.565701082,
                3.486960537
              ],
              [
                116.565638862,
                3.486786096
              ],
              [
                116.565580758,
                3.48666623
              ],
              [
                116.565514373,
                3.486533795
              ],
              [
                116.565460731,
                3.486377417
              ],
              [
                116.565405973,
                3.486241087
              ],
              [
                116.565356656,
                3.486115996
              ],
              [
                116.565301741,
                3.485975718
              ],
              [
                116.565250863,
                3.485832524
              ],
              [
                116.565167098,
                3.485661541
              ],
              [
                116.565104288,
                3.485511839
              ],
              [
                116.565016786,
                3.485378202
              ],
              [
                116.564955103,
                3.485259459
              ],
              [
                116.564887015,
                3.485151891
              ],
              [
                116.564805151,
                3.485046825
              ],
              [
                116.564667361,
                3.484936378
              ],
              [
                116.564514588,
                3.484841321
              ],
              [
                116.564363241,
                3.484740832
              ],
              [
                116.564228734,
                3.484664352
              ],
              [
                116.564136755,
                3.484558806
              ],
              [
                116.564030807,
                3.484434676
              ],
              [
                116.563947071,
                3.484310705
              ],
              [
                116.563875495,
                3.484177076
              ],
              [
                116.563803638,
                3.484056253
              ],
              [
                116.563705689,
                3.483872015
              ],
              [
                116.563601483,
                3.483767124
              ],
              [
                116.563486771,
                3.483642707
              ],
              [
                116.563410216,
                3.483566983
              ],
              [
                116.56335985,
                3.483518969
              ],
              [
                116.563270178,
                3.483445296
              ],
              [
                116.56317162,
                3.48336532
              ],
              [
                116.563050377,
                3.483277246
              ],
              [
                116.562904749,
                3.483131755
              ],
              [
                116.562821436,
                3.483038915
              ],
              [
                116.562751194,
                3.482933024
              ],
              [
                116.562716243,
                3.482791852
              ],
              [
                116.562681299,
                3.482650706
              ],
              [
                116.562686855,
                3.482494495
              ],
              [
                116.562758604,
                3.48230483
              ],
              [
                116.562769657,
                3.482197556
              ],
              [
                116.562765758,
                3.482029324
              ],
              [
                116.562736207,
                3.481906615
              ],
              [
                116.562756722,
                3.481750375
              ],
              [
                116.562736303,
                3.481604379
              ],
              [
                116.56275396,
                3.481451955
              ],
              [
                116.562754222,
                3.481311048
              ],
              [
                116.562754485,
                3.481170166
              ],
              [
                116.562684399,
                3.481029317
              ],
              [
                116.562579154,
                3.480888496
              ],
              [
                116.562499632,
                3.480775065
              ],
              [
                116.562457413,
                3.480646869
              ],
              [
                116.562375991,
                3.480535681
              ],
              [
                116.562349887,
                3.480417544
              ],
              [
                116.562334232,
                3.480290274
              ],
              [
                116.562286221,
                3.480189962
              ],
              [
                116.562238002,
                3.480023989
              ],
              [
                116.562198895,
                3.479859823
              ],
              [
                116.562153182,
                3.47975455
              ],
              [
                116.562081984,
                3.479640549
              ],
              [
                116.56202873,
                3.47954621
              ],
              [
                116.561966581,
                3.479415136
              ],
              [
                116.561820051,
                3.479239097
              ],
              [
                116.561743069,
                3.479138135
              ],
              [
                116.561666143,
                3.478992512
              ],
              [
                116.561564452,
                3.478884516
              ],
              [
                116.561506576,
                3.478758947
              ],
              [
                116.561448264,
                3.478617065
              ],
              [
                116.561439589,
                3.478450375
              ],
              [
                116.561425569,
                3.478287816
              ],
              [
                116.561422413,
                3.478063193
              ],
              [
                116.561446276,
                3.477944865
              ],
              [
                116.561405822,
                3.477769233
              ],
              [
                116.561373815,
                3.47761221
              ],
              [
                116.561318382,
                3.477513949
              ],
              [
                116.56116118,
                3.477367863
              ],
              [
                116.561075182,
                3.477311471
              ],
              [
                116.560959004,
                3.477199373
              ],
              [
                116.560828344,
                3.47708028
              ],
              [
                116.560706384,
                3.476970061
              ],
              [
                116.56058742,
                3.47688566
              ],
              [
                116.560464373,
                3.47678318
              ],
              [
                116.560342445,
                3.47671058
              ],
              [
                116.560197494,
                3.476584901
              ],
              [
                116.56009098,
                3.476531436
              ],
              [
                116.559946137,
                3.476433926
              ],
              [
                116.559786384,
                3.476407455
              ],
              [
                116.559613606,
                3.476407467
              ],
              [
                116.559452032,
                3.476433959
              ],
              [
                116.559329462,
                3.476442806
              ],
              [
                116.559145391,
                3.476495961
              ],
              [
                116.558975454,
                3.476465628
              ],
              [
                116.558800399,
                3.476395635
              ],
              [
                116.558666673,
                3.476302093
              ],
              [
                116.558537341,
                3.476223529
              ],
              [
                116.558450981,
                3.476115695
              ],
              [
                116.55834519,
                3.476059076
              ],
              [
                116.558206195,
                3.475975769
              ],
              [
                116.558037183,
                3.475820152
              ],
              [
                116.557841818,
                3.47578636
              ],
              [
                116.557703161,
                3.475905054
              ],
              [
                116.557575871,
                3.475947694
              ],
              [
                116.557474415,
                3.476033349
              ],
              [
                116.557329598,
                3.476067765
              ],
              [
                116.557175999,
                3.476093636
              ],
              [
                116.557062844,
                3.47611955
              ],
              [
                116.556948598,
                3.476110919
              ],
              [
                116.556841431,
                3.476050593
              ],
              [
                116.556703016,
                3.476033413
              ],
              [
                116.556548142,
                3.475981976
              ],
              [
                116.556434347,
                3.475939253
              ],
              [
                116.556328717,
                3.475828758
              ],
              [
                116.556175785,
                3.475685564
              ],
              [
                116.556104059,
                3.475577039
              ],
              [
                116.556001249,
                3.475444619
              ],
              [
                116.555851162,
                3.475370693
              ],
              [
                116.555709782,
                3.475297158
              ],
              [
                116.555568382,
                3.47525648
              ],
              [
                116.555426697,
                3.47524025
              ],
              [
                116.555261796,
                3.475215936
              ],
              [
                116.555111639,
                3.475224054
              ],
              [
                116.554908864,
                3.475175516
              ],
              [
                116.554763964,
                3.475086952
              ],
              [
                116.554636463,
                3.475032067
              ],
              [
                116.554489013,
                3.474967105
              ],
              [
                116.554321587,
                3.47496221
              ],
              [
                116.554111858,
                3.474892351
              ],
              [
                116.553981737,
                3.474864108
              ],
              [
                116.553832069,
                3.474822504
              ],
              [
                116.553692451,
                3.474752651
              ],
              [
                116.553587611,
                3.47471773
              ],
              [
                116.553491846,
                3.474551919
              ],
              [
                116.553404742,
                3.474429033
              ],
              [
                116.553348933,
                3.474307262
              ],
              [
                116.552547974,
                3.473857015
              ],
              [
                116.552126544,
                3.473316898
              ],
              [
                116.551710862,
                3.472912586
              ],
              [
                116.551434122,
                3.472643415
              ],
              [
                116.550881555,
                3.472105962
              ],
              [
                116.550334634,
                3.47170364
              ],
              [
                116.549788614,
                3.47130198
              ],
              [
                116.549384897,
                3.471168232
              ],
              [
                116.54871917,
                3.471168207
              ],
              [
                116.548182752,
                3.471034529
              ],
              [
                116.54765032,
                3.47103451
              ],
              [
                116.547107256,
                3.470633954
              ],
              [
                116.546701401,
                3.47036728
              ],
              [
                116.546169702,
                3.470367263
              ],
              [
                116.545505078,
                3.470367243
              ],
              [
                116.54552061,
                3.47103444
              ],
              [
                116.545399815,
                3.471569509
              ],
              [
                116.545278755,
                3.472105751
              ],
              [
                116.544887395,
                3.472508695
              ],
              [
                116.54449539,
                3.472912303
              ],
              [
                116.543963618,
                3.473046974
              ],
              [
                116.54383795,
                3.473451478
              ],
              [
                116.54344177,
                3.473721509
              ],
              [
                116.543181551,
                3.474127122
              ],
              [
                116.54319151,
                3.474668996
              ],
              [
                116.543469979,
                3.475212075
              ],
              [
                116.543612057,
                3.47562017
              ],
              [
                116.543625144,
                3.476301825
              ],
              [
                116.543366262,
                3.476848499
              ],
              [
                116.543106807,
                3.477396385
              ],
              [
                116.543251741,
                3.477945503
              ],
              [
                116.543532135,
                3.478495847
              ],
              [
                116.543542576,
                3.479047406
              ],
              [
                116.543553042,
                3.479600195
              ],
              [
                116.543699121,
                3.480154222
              ],
              [
                116.543845527,
                3.480709488
              ],
              [
                116.543861797,
                3.481544707
              ],
              [
                116.543878122,
                3.482382735
              ],
              [
                116.54361368,
                3.482802795
              ],
              [
                116.543214911,
                3.483363973
              ],
              [
                116.54309351,
                3.484208129
              ],
              [
                116.542549091,
                3.484349076
              ],
              [
                116.54214789,
                3.484913736
              ],
              [
                116.54215917,
                3.485621374
              ],
              [
                116.542168217,
                3.486188924
              ],
              [
                116.542452066,
                3.486757771
              ],
              [
                116.542466174,
                3.48761344
              ],
              [
                116.542477967,
                3.488328724
              ],
              [
                116.542209187,
                3.488758856
              ],
              [
                116.542075751,
                3.48904602
              ],
              [
                116.541812782,
                3.489909482
              ],
              [
                116.541683107,
                3.490486766
              ],
              [
                116.541553137,
                3.491065367
              ],
              [
                116.541145423,
                3.491645279
              ],
              [
                116.540734895,
                3.492081079
              ],
              [
                116.540323662,
                3.492517628
              ],
              [
                116.539913375,
                3.493100866
              ],
              [
                116.53935988,
                3.493392974
              ],
              [
                116.538803081,
                3.493392954
              ],
              [
                116.538107084,
                3.49339293
              ],
              [
                116.537409218,
                3.493100778
              ],
              [
                116.536851192,
                3.492808968
              ],
              [
                116.536014282,
                3.492080922
              ],
              [
                116.535319742,
                3.491935552
              ],
              [
                116.53476436,
                3.49179027
              ],
              [
                116.534209261,
                3.491354942
              ],
              [
                116.533516046,
                3.491354934
              ],
              [
                116.532961474,
                3.491354928
              ],
              [
                116.532269331,
                3.491065125
              ],
              [
                116.531853639,
                3.491065123
              ],
              [
                116.531300195,
                3.490920347
              ],
              [
                116.530609589,
                3.490631044
              ],
              [
                116.530055805,
                3.490631046
              ],
              [
                116.529364938,
                3.490486522
              ],
              [
                116.528814349,
                3.490197718
              ],
              [
                116.528264385,
                3.489909243
              ],
              [
                116.527715046,
                3.489621098
              ],
              [
                116.527306368,
                3.48918949
              ],
              [
                116.526896326,
                3.488902163
              ],
              [
                116.526208702,
                3.488758631
              ],
              [
                116.525521467,
                3.488615181
              ],
              [
                116.525102641,
                3.488902198
              ],
              [
                116.524274781,
                3.488902219
              ],
              [
                116.523852081,
                3.489333356
              ],
              [
                116.523563862,
                3.489909344
              ],
              [
                116.523136575,
                3.490486651
              ],
              [
                116.52284688,
                3.491065272
              ],
              [
                116.522695248,
                3.491645212
              ],
              [
                116.522404385,
                3.492226485
              ],
              [
                116.521977293,
                3.492663323
              ],
              [
                116.52168859,
                3.493100907
              ],
              [
                116.520981657,
                3.493539266
              ],
              [
                116.520703168,
                3.49353928
              ],
              [
                116.520130118,
                3.49412492
              ],
              [
                116.519687005,
                3.495005888
              ],
              [
                116.519250938,
                3.495594902
              ],
              [
                116.519089461,
                3.496333059
              ],
              [
                116.519072079,
                3.496925113
              ],
              [
                116.518914324,
                3.497518546
              ],
              [
                116.518615708,
                3.498113365
              ],
              [
                116.518311812,
                3.498858827
              ],
              [
                116.518016393,
                3.49930715
              ],
              [
                116.517433719,
                3.49990615
              ],
              [
                116.516859737,
                3.500206198
              ],
              [
                116.516426236,
                3.500506586
              ],
              [
                116.515840345,
                3.501108389
              ],
              [
                116.515394566,
                3.501711587
              ],
              [
                116.515089391,
                3.502316183
              ],
              [
                116.514794806,
                3.502619026
              ],
              [
                116.514340706,
                3.503377658
              ],
              [
                116.513897133,
                3.503833925
              ],
              [
                116.513446712,
                3.504443518
              ],
              [
                116.512735564,
                3.504443605
              ],
              [
                116.512432016,
                3.50490174
              ],
              [
                116.512108523,
                3.505820402
              ],
              [
                116.511654267,
                3.506434679
              ],
              [
                116.511212446,
                3.506742393
              ],
              [
                116.510606357,
                3.507513203
              ],
              [
                116.510306157,
                3.507822175
              ],
              [
                116.509855187,
                3.50828632
              ],
              [
                116.509260006,
                3.508751315
              ],
              [
                116.508799805,
                3.509372546
              ],
              [
                116.508217802,
                3.509528164
              ],
              [
                116.507755677,
                3.510151244
              ],
              [
                116.507308378,
                3.510463381
              ],
              [
                116.506708435,
                3.510932273
              ],
              [
                116.505963274,
                3.511402035
              ],
              [
                116.505513835,
                3.511715671
              ],
              [
                116.505037881,
                3.512501271
              ],
              [
                116.504722711,
                3.512973765
              ],
              [
                116.504262271,
                3.51344714
              ],
              [
                116.503936817,
                3.514079568
              ],
              [
                116.503474701,
                3.514554935
              ],
              [
                116.503147616,
                3.515190025
              ],
              [
                116.502547966,
                3.515508247
              ],
              [
                116.501947595,
                3.515826852
              ],
              [
                116.501346498,
                3.516145848
              ],
              [
                116.500744674,
                3.516465233
              ],
              [
                116.500287745,
                3.516784968
              ],
              [
                116.49981995,
                3.517265239
              ],
              [
                116.499205417,
                3.517746423
              ],
              [
                116.498735787,
                3.518228442
              ],
              [
                116.497669688,
                3.51887263
              ],
              [
                116.497062521,
                3.519195337
              ],
              [
                116.49672478,
                3.519841661
              ],
              [
                116.496397634,
                3.520327456
              ],
              [
                116.495652984,
                3.520489791
              ],
              [
                116.49491974,
                3.520490032
              ],
              [
                116.49433314,
                3.520490228
              ],
              [
                116.493868823,
                3.520814873
              ],
              [
                116.493232319,
                3.521465253
              ],
              [
                116.493489196,
                3.521953819
              ],
              [
                116.493881502,
                3.522606608
              ],
              [
                116.494286877,
                3.523097204
              ],
              [
                116.494692984,
                3.523588697
              ],
              [
                116.494877231,
                3.524078105
              ],
              [
                116.494796706,
                3.52418942
              ],
              [
                116.494796691,
                3.524189435
              ],
              [
                116.494634951,
                3.524355967
              ],
              [
                116.494609544,
                3.524382127
              ],
              [
                116.49420431,
                3.524799364
              ],
              [
                116.49382124,
                3.524951014
              ],
              [
                116.493698094,
                3.524977568
              ],
              [
                116.493583483,
                3.525023562
              ],
              [
                116.493440204,
                3.525090646
              ],
              [
                116.493312429,
                3.525149209
              ],
              [
                116.493285462,
                3.525161569
              ],
              [
                116.493276301,
                3.525165015
              ],
              [
                116.493163198,
                3.525207557
              ],
              [
                116.492998914,
                3.525276558
              ],
              [
                116.492639684,
                3.525587256
              ],
              [
                116.492507873,
                3.525642838
              ],
              [
                116.492383729,
                3.52565236
              ],
              [
                116.492368828,
                3.525653851
              ],
              [
                116.492234736,
                3.525686819
              ],
              [
                116.492127732,
                3.525778882
              ],
              [
                116.49202456,
                3.525851751
              ],
              [
                116.49188894,
                3.525872781
              ],
              [
                116.491795369,
                3.52585546
              ],
              [
                116.491564354,
                3.52570373
              ],
              [
                116.491486212,
                3.525659419
              ],
              [
                116.491459344,
                3.525644183
              ],
              [
                116.491297036,
                3.525573087
              ],
              [
                116.491275158,
                3.525570327
              ],
              [
                116.491264232,
                3.525568949
              ],
              [
                116.491174816,
                3.525557667
              ],
              [
                116.491151644,
                3.525564194
              ],
              [
                116.491089811,
                3.525581609
              ],
              [
                116.491004806,
                3.52560555
              ],
              [
                116.490911205,
                3.525636202
              ],
              [
                116.490817603,
                3.525666854
              ],
              [
                116.490233195,
                3.525639666
              ],
              [
                116.490101316,
                3.525596413
              ],
              [
                116.490063242,
                3.525583926
              ],
              [
                116.489965838,
                3.525578109
              ],
              [
                116.489765281,
                3.525625973
              ],
              [
                116.489661191,
                3.525623038
              ],
              [
                116.4895571,
                3.525620104
              ],
              [
                116.489021318,
                3.52559457
              ],
              [
                116.488981669,
                3.525592028
              ],
              [
                116.488870446,
                3.525584898
              ],
              [
                116.488711123,
                3.525611187
              ],
              [
                116.488704538,
                3.525612274
              ],
              [
                116.48869663,
                3.525613579
              ],
              [
                116.488642038,
                3.525650107
              ],
              [
                116.488604916,
                3.525674946
              ],
              [
                116.488542788,
                3.525737311
              ],
              [
                116.488534219,
                3.525745913
              ],
              [
                116.488310741,
                3.525774576
              ],
              [
                116.487995672,
                3.52565733
              ],
              [
                116.487592806,
                3.525432579
              ],
              [
                116.487363741,
                3.525225196
              ],
              [
                116.487270212,
                3.525111917
              ],
              [
                116.487222531,
                3.524998664
              ],
              [
                116.487215404,
                3.524919433
              ],
              [
                116.487211138,
                3.524872004
              ],
              [
                116.487228402,
                3.524731918
              ],
              [
                116.487262422,
                3.524605386
              ],
              [
                116.487287729,
                3.524511258
              ],
              [
                116.487293213,
                3.524461902
              ],
              [
                116.487305001,
                3.52435582
              ],
              [
                116.487302705,
                3.524304412
              ],
              [
                116.487297458,
                3.524186934
              ],
              [
                116.487259322,
                3.524071768
              ],
              [
                116.487254977,
                3.524065688
              ],
              [
                116.487093293,
                3.523839467
              ],
              [
                116.487065733,
                3.523762102
              ],
              [
                116.487057056,
                3.523737745
              ],
              [
                116.487057084,
                3.52368645
              ],
              [
                116.48705713,
                3.523603403
              ],
              [
                116.487095431,
                3.52341919
              ],
              [
                116.487121147,
                3.523337521
              ],
              [
                116.487137923,
                3.523284245
              ],
              [
                116.487141346,
                3.523273375
              ],
              [
                116.487159293,
                3.523198237
              ],
              [
                116.487173888,
                3.523137134
              ],
              [
                116.487156754,
                3.523039249
              ],
              [
                116.487097638,
                3.522876097
              ],
              [
                116.487079172,
                3.522712412
              ],
              [
                116.487063429,
                3.522572862
              ],
              [
                116.485991722,
                3.522692233
              ],
              [
                116.484920964,
                3.521740449
              ],
              [
                116.483532946,
                3.52035243
              ],
              [
                116.481946639,
                3.520114483
              ],
              [
                116.479924097,
                3.519598934
              ],
              [
                116.478218817,
                3.518567834
              ],
              [
                116.477623952,
                3.517378104
              ],
              [
                116.475879013,
                3.516545292
              ],
              [
                116.474887572,
                3.517259131
              ],
              [
                116.473975444,
                3.517576392
              ],
              [
                116.472669723,
                3.517032342
              ],
              [
                116.472565133,
                3.516988763
              ],
              [
                116.472547768,
                3.516981528
              ],
              [
                116.472403257,
                3.516845417
              ],
              [
                116.472363667,
                3.516850583
              ],
              [
                116.472220725,
                3.516879225
              ],
              [
                116.472106358,
                3.516927031
              ],
              [
                116.471849069,
                3.516965183
              ],
              [
                116.471687172,
                3.516811901
              ],
              [
                116.471620565,
                3.5166491
              ],
              [
                116.471592131,
                3.516381002
              ],
              [
                116.471554151,
                3.516141623
              ],
              [
                116.471525674,
                3.51595012
              ],
              [
                116.471516259,
                3.515749054
              ],
              [
                116.471459202,
                3.51554796
              ],
              [
                116.471430703,
                3.515394756
              ],
              [
                116.471383137,
                3.515260688
              ],
              [
                116.471268925,
                3.515030839
              ],
              [
                116.471145153,
                3.514858431
              ],
              [
                116.471059495,
                3.514686045
              ],
              [
                116.470926167,
                3.514561502
              ],
              [
                116.470792867,
                3.514389089
              ],
              [
                116.470697653,
                3.514264568
              ],
              [
                116.470669154,
                3.514111363
              ],
              [
                116.470650163,
                3.51399646
              ],
              [
                116.470564498,
                3.513833648
              ],
              [
                116.470393064,
                3.51369951
              ],
              [
                116.470212062,
                3.513632387
              ],
              [
                116.469926233,
                3.513593926
              ],
              [
                116.469659465,
                3.513545903
              ],
              [
                116.469392687,
                3.513517028
              ],
              [
                116.469192596,
                3.513507339
              ],
              [
                116.468906778,
                3.513449731
              ],
              [
                116.468687664,
                3.513382585
              ],
              [
                116.468420875,
                3.513372858
              ],
              [
                116.468277943,
                3.513382351
              ],
              [
                116.46803968,
                3.513477958
              ],
              [
                116.467868082,
                3.513631049
              ],
              [
                116.467839475,
                3.51366933
              ],
              [
                116.467506021,
                3.513602118
              ],
              [
                116.467344066,
                3.513554155
              ],
              [
                116.467153504,
                3.513544471
              ],
              [
                116.466943874,
                3.513553926
              ],
              [
                116.466477005,
                3.51351536
              ],
              [
                116.466315034,
                3.513496119
              ],
              [
                116.466095909,
                3.513448122
              ],
              [
                116.46589583,
                3.513419284
              ],
              [
                116.465629057,
                3.513380833
              ],
              [
                116.465314615,
                3.513390227
              ],
              [
                116.465076395,
                3.513409238
              ],
              [
                116.464895368,
                3.513389986
              ],
              [
                116.464619132,
                3.513236638
              ],
              [
                116.464247564,
                3.513169404
              ],
              [
                116.46396173,
                3.513140516
              ],
              [
                116.463780724,
                3.513082966
              ],
              [
                116.463714047,
                3.513044631
              ],
              [
                116.463609274,
                3.51297755
              ],
              [
                116.463533085,
                3.512910486
              ],
              [
                116.463418761,
                3.512881697
              ],
              [
                116.463151901,
                3.512996435
              ],
              [
                116.462970747,
                3.513197391
              ],
              [
                116.462871007,
                3.513424812
              ],
              [
                116.462865799,
                3.513436688
              ],
              [
                116.462713224,
                3.513647235
              ],
              [
                116.462636888,
                3.513838677
              ],
              [
                116.462503365,
                3.514058809
              ],
              [
                116.462265046,
                3.514250158
              ],
              [
                116.462017227,
                3.514393629
              ],
              [
                116.461907241,
                3.514461551
              ],
              [
                116.461894827,
                3.514469217
              ],
              [
                116.461893313,
                3.514470152
              ],
              [
                116.461712296,
                3.514431749
              ],
              [
                116.461550446,
                3.514201873
              ],
              [
                116.461455256,
                3.514039055
              ],
              [
                116.461350504,
                3.513933676
              ],
              [
                116.461207726,
                3.513675087
              ],
              [
                116.461131582,
                3.513531429
              ],
              [
                116.460902929,
                3.513483424
              ],
              [
                116.46069331,
                3.513473729
              ],
              [
                116.460512332,
                3.513368306
              ],
              [
                116.46026465,
                3.513272419
              ],
              [
                116.459988328,
                3.513272259
              ],
              [
                116.459550062,
                3.513204985
              ],
              [
                116.459378595,
                3.513128291
              ],
              [
                116.459169049,
                3.512994129
              ],
              [
                116.458902332,
                3.512859933
              ],
              [
                116.458740406,
                3.512764096
              ],
              [
                116.458616642,
                3.512582112
              ],
              [
                116.458521452,
                3.512419294
              ],
              [
                116.458416739,
                3.512246895
              ],
              [
                116.45827388,
                3.51213192
              ],
              [
                116.457921448,
                3.511930655
              ],
              [
                116.457745237,
                3.511820448
              ],
              [
                116.457580405,
                3.511717357
              ],
              [
                116.457569026,
                3.511710241
              ],
              [
                116.457388054,
                3.511595243
              ],
              [
                116.457273814,
                3.51142284
              ],
              [
                116.457150034,
                3.511269578
              ],
              [
                116.457035777,
                3.511125897
              ],
              [
                116.456997699,
                3.511063642
              ],
              [
                116.456962211,
                3.51100562
              ],
              [
                116.456959622,
                3.511001387
              ],
              [
                116.456721458,
                3.510924654
              ],
              [
                116.456521363,
                3.510924537
              ],
              [
                116.456349837,
                3.51095316
              ],
              [
                116.456235513,
                3.51092437
              ],
              [
                116.456219086,
                3.510907845
              ],
              [
                116.456140287,
                3.510828573
              ],
              [
                116.456045058,
                3.510732772
              ],
              [
                116.455921245,
                3.510636958
              ],
              [
                116.455826028,
                3.51052201
              ],
              [
                116.455730812,
                3.510407063
              ],
              [
                116.455654669,
                3.510263404
              ],
              [
                116.455645217,
                3.510129358
              ],
              [
                116.45545479,
                3.509889889
              ],
              [
                116.455302398,
                3.509784483
              ],
              [
                116.455202367,
                3.509755701
              ],
              [
                116.455102336,
                3.50972692
              ],
              [
                116.454930838,
                3.509707672
              ],
              [
                116.454759295,
                3.509765017
              ],
              [
                116.454559162,
                3.509831919
              ],
              [
                116.454320893,
                3.509937097
              ],
              [
                116.454111281,
                3.509917825
              ],
              [
                116.453768234,
                3.509965496
              ],
              [
                116.45357283,
                3.509840387
              ],
              [
                116.453558689,
                3.509831333
              ],
              [
                116.453387268,
                3.509678043
              ],
              [
                116.453282534,
                3.509543942
              ],
              [
                116.453187335,
                3.509400272
              ],
              [
                116.452977807,
                3.509237386
              ],
              [
                116.452882614,
                3.509084141
              ],
              [
                116.452835061,
                3.508930925
              ],
              [
                116.452797064,
                3.508729841
              ],
              [
                116.452682859,
                3.508499992
              ],
              [
                116.452540046,
                3.508308422
              ],
              [
                116.452425779,
                3.508183889
              ],
              [
                116.452244903,
                3.507906128
              ],
              [
                116.452006813,
                3.507704927
              ],
              [
                116.451993709,
                3.507696138
              ],
              [
                116.451835371,
                3.507589935
              ],
              [
                116.45173061,
                3.507503705
              ],
              [
                116.451511525,
                3.507388685
              ],
              [
                116.451340039,
                3.507350286
              ],
              [
                116.451130383,
                3.507407608
              ],
              [
                116.450987303,
                3.507675604
              ],
              [
                116.450891913,
                3.50785746
              ],
              [
                116.450729882,
                3.507943533
              ],
              [
                116.450710968,
                3.507950647
              ],
              [
                116.450501153,
                3.508029567
              ],
              [
                116.450310509,
                3.508163494
              ],
              [
                116.450100814,
                3.508287837
              ],
              [
                116.449891152,
                3.508354734
              ],
              [
                116.449691014,
                3.508431209
              ],
              [
                116.449595675,
                3.508526896
              ],
              [
                116.449281113,
                3.508746919
              ],
              [
                116.449080951,
                3.508861692
              ],
              [
                116.448937999,
                3.508909479
              ],
              [
                116.448747422,
                3.508928515
              ],
              [
                116.448518714,
                3.508976251
              ],
              [
                116.448417079,
                3.508976191
              ],
              [
                116.448213809,
                3.508976071
              ],
              [
                116.448023305,
                3.50887064
              ],
              [
                116.447842363,
                3.50870777
              ],
              [
                116.447728102,
                3.508573662
              ],
              [
                116.447623381,
                3.508420412
              ],
              [
                116.447642528,
                3.508267234
              ],
              [
                116.447785575,
                3.508056685
              ],
              [
                116.447985922,
                3.507625961
              ],
              [
                116.448000349,
                3.507396186
              ],
              [
                116.448005158,
                3.507319594
              ],
              [
                116.448043406,
                3.507089834
              ],
              [
                116.448081671,
                3.506831351
              ],
              [
                116.448072272,
                3.506611137
              ],
              [
                116.448005658,
                3.506467483
              ],
              [
                116.447824694,
                3.50634291
              ],
              [
                116.447700866,
                3.506275817
              ],
              [
                116.447567543,
                3.506151272
              ],
              [
                116.447539093,
                3.505921472
              ],
              [
                116.447539183,
                3.505768284
              ],
              [
                116.447577453,
                3.505500226
              ],
              [
                116.447596622,
                3.505308752
              ],
              [
                116.447568156,
                3.505107675
              ],
              [
                116.447453889,
                3.504983142
              ],
              [
                116.447291937,
                3.504935174
              ],
              [
                116.447063276,
                3.504906316
              ],
              [
                116.446891773,
                3.50489664
              ],
              [
                116.446720197,
                3.50501143
              ],
              [
                116.446500912,
                3.505241082
              ],
              [
                116.446262582,
                3.505451575
              ],
              [
                116.446014769,
                3.505585468
              ],
              [
                116.445690701,
                3.505767187
              ],
              [
                116.445414263,
                3.505968082
              ],
              [
                116.44492826,
                3.50607311
              ],
              [
                116.444480426,
                3.506082418
              ],
              [
                116.444137476,
                3.505967322
              ],
              [
                116.443823174,
                3.505746926
              ],
              [
                116.443728016,
                3.505536235
              ],
              [
                116.443642471,
                3.505181935
              ],
              [
                116.443652135,
                3.504952159
              ],
              [
                116.443671356,
                3.504674516
              ],
              [
                116.443681004,
                3.504445109
              ],
              [
                116.443681019,
                3.504444739
              ],
              [
                116.443490647,
                3.5041191
              ],
              [
                116.44332878,
                3.503927518
              ],
              [
                116.443204975,
                3.503822127
              ],
              [
                116.442976405,
                3.503640079
              ],
              [
                116.442871646,
                3.503553848
              ],
              [
                116.44280501,
                3.503448491
              ],
              [
                116.442643138,
                3.503266482
              ],
              [
                116.442500288,
                3.503141932
              ],
              [
                116.442186015,
                3.502873664
              ],
              [
                116.441928873,
                3.50267245
              ],
              [
                116.441747257,
                3.502524537
              ],
              [
                116.441728876,
                3.502509568
              ],
              [
                116.44141457,
                3.502298745
              ],
              [
                116.441185955,
                3.502193292
              ],
              [
                116.440947824,
                3.502068684
              ],
              [
                116.440519145,
                3.501915238
              ],
              [
                116.440204783,
                3.501800159
              ],
              [
                116.439757008,
                3.501713722
              ],
              [
                116.439395005,
                3.501598613
              ],
              [
                116.439147225,
                3.501675058
              ],
              [
                116.438918378,
                3.501962149
              ],
              [
                116.438861112,
                3.502124877
              ],
              [
                116.438718103,
                3.502268405
              ],
              [
                116.43853693,
                3.502498079
              ],
              [
                116.438250947,
                3.502727689
              ],
              [
                116.438165119,
                3.502852103
              ],
              [
                116.437964854,
                3.503139211
              ],
              [
                116.437840868,
                3.503340196
              ],
              [
                116.437764471,
                3.503627379
              ],
              [
                116.437802429,
                3.503885906
              ],
              [
                116.437821372,
                3.504077403
              ],
              [
                116.437840291,
                3.504307197
              ],
              [
                116.43743392,
                3.504644799
              ],
              [
                116.437005078,
                3.50477978
              ],
              [
                116.436651227,
                3.504907863
              ],
              [
                116.436297375,
                3.505035945
              ],
              [
                116.435808598,
                3.505381417
              ],
              [
                116.435088775,
                3.505796522
              ],
              [
                116.434492437,
                3.50545121
              ],
              [
                116.434409441,
                3.505403152
              ],
              [
                116.434287549,
                3.505143905
              ],
              [
                116.434277188,
                3.505121869
              ],
              [
                116.434144935,
                3.504840587
              ],
              [
                116.434230694,
                3.504403203
              ],
              [
                116.4343135,
                3.503980876
              ],
              [
                116.434316452,
                3.50396582
              ],
              [
                116.434179249,
                3.503602231
              ],
              [
                116.433786332,
                3.503486851
              ],
              [
                116.433723683,
                3.503528573
              ],
              [
                116.433696555,
                3.503575237
              ],
              [
                116.433688789,
                3.503614133
              ],
              [
                116.433688738,
                3.503699714
              ],
              [
                116.433677082,
                3.503769729
              ],
              [
                116.433642146,
                3.50392531
              ],
              [
                116.433571809,
                3.504034075
              ],
              [
                116.433572711,
                3.505431673
              ],
              [
                116.433451885,
                3.506237746
              ],
              [
                116.433330974,
                3.507184894
              ],
              [
                116.433330647,
                3.507729043
              ],
              [
                116.433430482,
                3.508474789
              ],
              [
                116.433670666,
                3.509301235
              ],
              [
                116.433870968,
                3.509744737
              ],
              [
                116.434151473,
                3.510228595
              ],
              [
                116.434386431,
                3.511407727
              ],
              [
                116.434511369,
                3.512103104
              ],
              [
                116.434751603,
                3.512848935
              ],
              [
                116.43551783,
                3.514431463
              ],
              [
                116.43605823,
                3.516326235
              ],
              [
                116.436659305,
                3.517384667
              ],
              [
                116.437320709,
                3.518181137
              ],
              [
                116.437841891,
                3.518685294
              ],
              [
                116.438558599,
                3.519239954
              ],
              [
                116.439039788,
                3.519542549
              ],
              [
                116.439148183,
                3.519768262
              ],
              [
                116.439195746,
                3.520069586
              ],
              [
                116.439184201,
                3.520226943
              ],
              [
                116.439130616,
                3.520403463
              ],
              [
                116.439006323,
                3.520650947
              ],
              [
                116.438935541,
                3.520844726
              ],
              [
                116.438912527,
                3.521013593
              ],
              [
                116.438944901,
                3.521165214
              ],
              [
                116.438977294,
                3.521286141
              ],
              [
                116.43895042,
                3.521512568
              ],
              [
                116.438980879,
                3.521689139
              ],
              [
                116.439078187,
                3.521836964
              ],
              [
                116.439139225,
                3.521979013
              ],
              [
                116.439135327,
                3.522098
              ],
              [
                116.43909135,
                3.522184323
              ],
              [
                116.438942316,
                3.522295541
              ],
              [
                116.43877042,
                3.522306954
              ],
              [
                116.43851833,
                3.522291449
              ],
              [
                116.438325397,
                3.522343151
              ],
              [
                116.438180189,
                3.522439012
              ],
              [
                116.438050244,
                3.522561748
              ],
              [
                116.43793746,
                3.522743995
              ],
              [
                116.43773473,
                3.523215956
              ],
              [
                116.437702129,
                3.523425119
              ],
              [
                116.437724944,
                3.523605521
              ],
              [
                116.43780699,
                3.52374183
              ],
              [
                116.437934902,
                3.523809068
              ],
              [
                116.438085741,
                3.523887847
              ],
              [
                116.438154417,
                3.52402222
              ],
              [
                116.43817149,
                3.524212217
              ],
              [
                116.438219158,
                3.524340824
              ],
              [
                116.438276382,
                3.52445984
              ],
              [
                116.43829925,
                3.524551965
              ],
              [
                116.438310616,
                3.524693985
              ],
              [
                116.43828186,
                3.524876281
              ],
              [
                116.438153775,
                3.525093058
              ],
              [
                116.438012327,
                3.525284877
              ],
              [
                116.437930094,
                3.525459462
              ],
              [
                116.43786696,
                3.525645573
              ],
              [
                116.437790453,
                3.525822079
              ],
              [
                116.437532322,
                3.526330474
              ],
              [
                116.437411882,
                3.526516552
              ],
              [
                116.437301006,
                3.526696872
              ],
              [
                116.437232147,
                3.526865711
              ],
              [
                116.437209129,
                3.527023052
              ],
              [
                116.437207109,
                3.527209201
              ],
              [
                116.437174538,
                3.527383817
              ],
              [
                116.437109526,
                3.527502756
              ],
              [
                116.436968103,
                3.527667716
              ],
              [
                116.436910739,
                3.52777898
              ],
              [
                116.436834106,
                3.528162751
              ],
              [
                116.436797943,
                3.528655686
              ],
              [
                116.436801605,
                3.528826341
              ],
              [
                116.43703831,
                3.529067735
              ],
              [
                116.43735477,
                3.529309239
              ],
              [
                116.437512055,
                3.529550868
              ],
              [
                116.437828134,
                3.529873212
              ],
              [
                116.4380647,
                3.530195768
              ],
              [
                116.438302022,
                3.530437814
              ],
              [
                116.437829895,
                3.531259717
              ],
              [
                116.437828246,
                3.531271269
              ],
              [
                116.43781396,
                3.531295295
              ],
              [
                116.437793591,
                3.531350248
              ],
              [
                116.437723612,
                3.531703095
              ],
              [
                116.437682699,
                3.531822062
              ],
              [
                116.437679541,
                3.531829615
              ],
              [
                116.437630456,
                3.531934348
              ],
              [
                116.437592278,
                3.532007279
              ],
              [
                116.437530934,
                3.53210067
              ],
              [
                116.437508877,
                3.532124993
              ],
              [
                116.43742226,
                3.532202617
              ],
              [
                116.437371709,
                3.532243649
              ],
              [
                116.437305444,
                3.532301425
              ],
              [
                116.437237274,
                3.532336726
              ],
              [
                116.437205006,
                3.532357683
              ],
              [
                116.437124558,
                3.532381754
              ],
              [
                116.437096126,
                3.532390262
              ],
              [
                116.437030011,
                3.532398763
              ],
              [
                116.436892114,
                3.53242498
              ],
              [
                116.43684577,
                3.532426965
              ],
              [
                116.436682369,
                3.532445418
              ],
              [
                116.436659611,
                3.532443212
              ],
              [
                116.43641605,
                3.532437585
              ],
              [
                116.436361676,
                3.532432748
              ],
              [
                116.436208811,
                3.532403756
              ],
              [
                116.436176926,
                3.532395247
              ],
              [
                116.436020547,
                3.532334987
              ],
              [
                116.436012065,
                3.532331788
              ],
              [
                116.435901725,
                3.532281166
              ],
              [
                116.435856841,
                3.53225347
              ],
              [
                116.435770575,
                3.532196357
              ],
              [
                116.435733566,
                3.532182487
              ],
              [
                116.435602218,
                3.532116032
              ],
              [
                116.435502785,
                3.532089301
              ],
              [
                116.435456592,
                3.532095502
              ],
              [
                116.435367403,
                3.532119823
              ],
              [
                116.435299945,
                3.532161766
              ],
              [
                116.435277697,
                3.532182053
              ],
              [
                116.435180762,
                3.532285838
              ],
              [
                116.435127194,
                3.532351887
              ],
              [
                116.434984406,
                3.53256913
              ],
              [
                116.434852541,
                3.532693783
              ],
              [
                116.434705424,
                3.532787733
              ],
              [
                116.434567898,
                3.532818352
              ],
              [
                116.434357756,
                3.532898819
              ],
              [
                116.434239297,
                3.532979351
              ],
              [
                116.434011927,
                3.533126979
              ],
              [
                116.433677611,
                3.533270704
              ],
              [
                116.433551495,
                3.533385772
              ],
              [
                116.433484558,
                3.53352966
              ],
              [
                116.43341951,
                3.533706172
              ],
              [
                116.433327766,
                3.533825097
              ],
              [
                116.433195927,
                3.533919054
              ],
              [
                116.433046933,
                3.533961174
              ],
              [
                116.432926619,
                3.533936158
              ],
              [
                116.432764342,
                3.533834349
              ],
              [
                116.43266508,
                3.533746012
              ],
              [
                116.432584914,
                3.533673039
              ],
              [
                116.43247799,
                3.533615402
              ],
              [
                116.432357676,
                3.533605729
              ],
              [
                116.432191475,
                3.533676633
              ],
              [
                116.432061523,
                3.53380705
              ],
              [
                116.431954447,
                3.533998888
              ],
              [
                116.431902789,
                3.534158138
              ],
              [
                116.431852989,
                3.534384561
              ],
              [
                116.431826113,
                3.534607152
              ],
              [
                116.431768707,
                3.534787505
              ],
              [
                116.43170561,
                3.534908372
              ],
              [
                116.431516425,
                3.535082891
              ],
              [
                116.431145598,
                3.535581614
              ],
              [
                116.43108251,
                3.535687121
              ],
              [
                116.430979328,
                3.535767662
              ],
              [
                116.430849451,
                3.535775253
              ],
              [
                116.430723436,
                3.535709933
              ],
              [
                116.430566873,
                3.535625395
              ],
              [
                116.430446554,
                3.535623403
              ],
              [
                116.430377773,
                3.535661736
              ],
              [
                116.430293663,
                3.535780674
              ],
              [
                116.430245809,
                3.535959114
              ],
              [
                116.430215131,
                3.536158679
              ],
              [
                116.430190186,
                3.536344814
              ],
              [
                116.430115588,
                3.53653091
              ],
              [
                116.42999708,
                3.5366882
              ],
              [
                116.429851856,
                3.536807092
              ],
              [
                116.429700869,
                3.536985477
              ],
              [
                116.429603354,
                3.53716005
              ],
              [
                116.429566952,
                3.537338497
              ],
              [
                116.429580166,
                3.537593744
              ],
              [
                116.429538014,
                3.537812481
              ],
              [
                116.42948446,
                3.537950625
              ],
              [
                116.429295207,
                3.538232606
              ],
              [
                116.429174813,
                3.538338086
              ],
              [
                116.429000954,
                3.538432008
              ],
              [
                116.428842365,
                3.538541301
              ],
              [
                116.428712412,
                3.538671716
              ],
              [
                116.42843328,
                3.539143627
              ],
              [
                116.428333861,
                3.539312446
              ],
              [
                116.428219192,
                3.53943519
              ],
              [
                116.428175523,
                3.539459289
              ],
              [
                116.428066352,
                3.539519536
              ],
              [
                116.427919242,
                3.539586616
              ],
              [
                116.427749202,
                3.539692056
              ],
              [
                116.427619259,
                3.539807119
              ],
              [
                116.42753897,
                3.539918377
              ],
              [
                116.427435759,
                3.540044965
              ],
              [
                116.427292455,
                3.540142751
              ],
              [
                116.427110954,
                3.540248184
              ],
              [
                116.42699819,
                3.540376691
              ],
              [
                116.426799354,
                3.540706648
              ],
              [
                116.426711416,
                3.540840926
              ],
              [
                116.426541344,
                3.54098475
              ],
              [
                116.42639233,
                3.541057581
              ],
              [
                116.426231852,
                3.541134242
              ],
              [
                116.426149646,
                3.541258933
              ],
              [
                116.426132358,
                3.541422039
              ],
              [
                116.426158881,
                3.54177516
              ],
              [
                116.426151138,
                3.541936354
              ],
              [
                116.426093699,
                3.542166607
              ],
              [
                116.426001913,
                3.542350783
              ],
              [
                116.425866238,
                3.542471595
              ],
              [
                116.425694288,
                3.5425636
              ],
              [
                116.42545737,
                3.542701629
              ],
              [
                116.425312108,
                3.542878091
              ],
              [
                116.425118985,
                3.543244516
              ],
              [
                116.425038669,
                3.543397985
              ],
              [
                116.424964068,
                3.543587925
              ],
              [
                116.424958237,
                3.543754883
              ],
              [
                116.425015447,
                3.543896922
              ],
              [
                116.42510317,
                3.544111914
              ],
              [
                116.425131692,
                3.544317269
              ],
              [
                116.425125823,
                3.544549471
              ],
              [
                116.425087487,
                3.544768218
              ],
              [
                116.42501859,
                3.544990783
              ],
              [
                116.424674531,
                3.545431957
              ],
              [
                116.424491105,
                3.545562338
              ],
              [
                116.42430963,
                3.545610199
              ],
              [
                116.424118659,
                3.545579375
              ],
              [
                116.423910486,
                3.545573492
              ],
              [
                116.423755754,
                3.545617534
              ],
              [
                116.423669765,
                3.545684641
              ],
              [
                116.423652531,
                3.545759472
              ],
              [
                116.423656154,
                3.546074203
              ],
              [
                116.423585407,
                3.546202737
              ],
              [
                116.42346887,
                3.546254481
              ],
              [
                116.42328171,
                3.546235167
              ],
              [
                116.423073536,
                3.546229284
              ],
              [
                116.422945515,
                3.546319398
              ],
              [
                116.422863297,
                3.546463276
              ],
              [
                116.422828788,
                3.54667819
              ],
              [
                116.422769418,
                3.546941062
              ],
              [
                116.422633686,
                3.547138635
              ],
              [
                116.42249994,
                3.547226836
              ],
              [
                116.422310839,
                3.547259339
              ],
              [
                116.422142776,
                3.547240038
              ],
              [
                116.421995745,
                3.547188135
              ],
              [
                116.421844924,
                3.547094011
              ],
              [
                116.421615852,
                3.546901955
              ],
              [
                116.421424906,
                3.546832747
              ],
              [
                116.421205241,
                3.546876747
              ],
              [
                116.421014208,
                3.546930363
              ],
              [
                116.420832715,
                3.547020443
              ],
              [
                116.420746705,
                3.547122099
              ],
              [
                116.420771013,
                3.547964579
              ],
              [
                116.420744016,
                3.548375246
              ],
              [
                116.420694246,
                3.548547921
              ],
              [
                116.420594808,
                3.548743607
              ],
              [
                116.420531675,
                3.548918201
              ],
              [
                116.420537284,
                3.549119706
              ],
              [
                116.420640315,
                3.549284807
              ],
              [
                116.42073195,
                3.549346282
              ],
              [
                116.420930546,
                3.549407813
              ],
              [
                116.421172964,
                3.549624811
              ],
              [
                116.421234003,
                3.549763025
              ],
              [
                116.42123008,
                3.549916552
              ],
              [
                116.421138288,
                3.550108398
              ],
              [
                116.421067521,
                3.550267635
              ],
              [
                116.421040615,
                3.550532444
              ],
              [
                116.421032894,
                3.550670616
              ],
              [
                116.421000333,
                3.550822197
              ],
              [
                116.420948683,
                3.550946906
              ],
              [
                116.420807105,
                3.551334461
              ],
              [
                116.420755254,
                3.551796921
              ],
              [
                116.420728436,
                3.551923565
              ],
              [
                116.420650058,
                3.552029061
              ],
              [
                116.420500774,
                3.552096444
              ],
              [
                116.420497225,
                3.552098052
              ],
              [
                116.420348185,
                3.552209266
              ],
              [
                116.420258312,
                3.552368484
              ],
              [
                116.420219995,
                3.552568042
              ],
              [
                116.420214121,
                3.552788728
              ],
              [
                116.420187229,
                3.553045868
              ],
              [
                116.42013733,
                3.553425808
              ],
              [
                116.420045392,
                3.55384794
              ],
              [
                116.420026102,
                3.554143459
              ],
              [
                116.420064142,
                3.554404484
              ],
              [
                116.420182409,
                3.554638682
              ],
              [
                116.42026826,
                3.554794174
              ],
              [
                116.420296792,
                3.554980341
              ],
              [
                116.420271832,
                3.555185662
              ],
              [
                116.420227676,
                3.555552172
              ],
              [
                116.420217929,
                3.555876492
              ],
              [
                116.42007893,
                3.556585145
              ],
              [
                116.419557166,
                3.556984057
              ],
              [
                116.419308685,
                3.557208474
              ],
              [
                116.418960414,
                3.558156453
              ],
              [
                116.418910308,
                3.558855094
              ],
              [
                116.419059063,
                3.55925443
              ],
              [
                116.419058844,
                3.559603767
              ],
              [
                116.418909182,
                3.560651681
              ],
              [
                116.418561285,
                3.561000798
              ],
              [
                116.418136401,
                3.561801568
              ],
              [
                116.417747194,
                3.561899005
              ],
              [
                116.417455401,
                3.56199649
              ],
              [
                116.416968202,
                3.562094026
              ],
              [
                116.416481477,
                3.562289236
              ],
              [
                116.416188439,
                3.56228924
              ],
              [
                116.415701086,
                3.562484645
              ],
              [
                116.415310601,
                3.562582422
              ],
              [
                116.415018052,
                3.562778114
              ],
              [
                116.414529514,
                3.562974005
              ],
              [
                116.414334552,
                3.563366357
              ],
              [
                116.414041158,
                3.563759493
              ],
              [
                116.413747179,
                3.564153412
              ],
              [
                116.413452649,
                3.564449368
              ],
              [
                116.41315757,
                3.564844664
              ],
              [
                116.412764111,
                3.564943617
              ],
              [
                116.412272423,
                3.564943626
              ],
              [
                116.411780734,
                3.564943635
              ],
              [
                116.411484669,
                3.565141682
              ],
              [
                116.411091121,
                3.56514169
              ],
              [
                116.410598439,
                3.565240795
              ],
              [
                116.410203946,
                3.565339947
              ],
              [
                116.409810201,
                3.565339956
              ],
              [
                116.409417499,
                3.565240821
              ],
              [
                116.409226131,
                3.564745846
              ],
              [
                116.409034103,
                3.564350756
              ],
              [
                116.408741948,
                3.564153511
              ],
              [
                116.408549433,
                3.563858005
              ],
              [
                116.408161213,
                3.563562945
              ],
              [
                116.407968115,
                3.563366579
              ],
              [
                116.407775017,
                3.563170212
              ],
              [
                116.4075837,
                3.562876173
              ],
              [
                116.40719716,
                3.562582576
              ],
              [
                116.406809514,
                3.56238709
              ],
              [
                116.406326395,
                3.562094221
              ],
              [
                116.406037242,
                3.561899217
              ],
              [
                116.405553303,
                3.56170441
              ],
              [
                116.405169414,
                3.561412552
              ],
              [
                116.404783915,
                3.561218225
              ],
              [
                116.404394251,
                3.561218235
              ],
              [
                116.403999843,
                3.561412581
              ],
              [
                116.40379522,
                3.561801839
              ],
              [
                116.403687849,
                3.562191866
              ],
              [
                116.403389817,
                3.562387176
              ],
              [
                116.402898632,
                3.562484914
              ],
              [
                116.402597256,
                3.562778386
              ],
              [
                116.402197554,
                3.563072298
              ],
              [
                116.401797253,
                3.563366649
              ],
              [
                116.401494378,
                3.563661438
              ],
              [
                116.401099174,
                3.563759809
              ],
              [
                116.4006057,
                3.563858232
              ],
              [
                116.400115333,
                3.563858248
              ],
              [
                116.399723038,
                3.563858262
              ],
              [
                116.399341386,
                3.563563201
              ],
              [
                116.398956663,
                3.563366743
              ],
              [
                116.398466898,
                3.56336676
              ],
              [
                116.398075086,
                3.563366774
              ],
              [
                116.397675358,
                3.563563261
              ],
              [
                116.397275228,
                3.563759944
              ],
              [
                116.3968747,
                3.563956824
              ],
              [
                116.396567679,
                3.564252501
              ],
              [
                116.396166296,
                3.564449873
              ],
              [
                116.395858359,
                3.56474629
              ],
              [
                116.395456117,
                3.564944157
              ],
              [
                116.394964381,
                3.564944179
              ],
              [
                116.394655155,
                3.565241339
              ],
              [
                116.394246967,
                3.565538949
              ],
              [
                116.393848045,
                3.565638266
              ],
              [
                116.393355439,
                3.56563829
              ],
              [
                116.392961352,
                3.56563831
              ],
              [
                116.39246874,
                3.565638336
              ],
              [
                116.391976126,
                3.565638362
              ],
              [
                116.391483508,
                3.565638388
              ],
              [
                116.390990888,
                3.565638415
              ],
              [
                116.390591037,
                3.565737784
              ],
              [
                116.390289557,
                3.565837199
              ],
              [
                116.389790725,
                3.565936675
              ],
              [
                116.389183848,
                3.566185548
              ],
              [
                116.388983442,
                3.566235365
              ],
              [
                116.388576206,
                3.566434735
              ],
              [
                116.388082577,
                3.566434766
              ],
              [
                116.387773456,
                3.566634331
              ],
              [
                116.387365198,
                3.566834104
              ],
              [
                116.387055404,
                3.567034072
              ],
              [
                116.38656102,
                3.567034106
              ],
              [
                116.38616551,
                3.567034134
              ],
              [
                116.38577,
                3.567034162
              ],
              [
                116.385275606,
                3.567034197
              ],
              [
                116.384880087,
                3.567034226
              ],
              [
                116.384385688,
                3.567034262
              ],
              [
                116.383967853,
                3.567334596
              ],
              [
                116.383549385,
                3.567635384
              ],
              [
                116.383320879,
                3.568037118
              ],
              [
                116.383091911,
                3.568439662
              ],
              [
                116.38296181,
                3.568843011
              ],
              [
                116.382540986,
                3.569146087
              ],
              [
                116.382219006,
                3.569449615
              ],
              [
                116.38180501,
                3.569652243
              ],
              [
                116.381390591,
                3.569855076
              ],
              [
                116.380975752,
                3.570058117
              ],
              [
                116.380568846,
                3.570159735
              ],
              [
                116.380144801,
                3.570464819
              ],
              [
                116.380093895,
                3.571076301
              ],
              [
                116.379859881,
                3.571485013
              ],
              [
                116.379525298,
                3.571894569
              ],
              [
                116.379281498,
                3.572407669
              ],
              [
                116.379045874,
                3.572819096
              ],
              [
                116.378910199,
                3.573231353
              ],
              [
                116.378673715,
                3.573644465
              ],
              [
                116.378436741,
                3.574058423
              ],
              [
                116.378107625,
                3.57436947
              ],
              [
                116.37785134,
                3.574992946
              ],
              [
                116.377603494,
                3.575513983
              ],
              [
                116.37746542,
                3.575931768
              ],
              [
                116.37695991,
                3.575931844
              ],
              [
                116.376637615,
                3.5761411
              ],
              [
                116.376213781,
                3.576350587
              ],
              [
                116.375697991,
                3.576455461
              ],
              [
                116.375364785,
                3.576770216
              ],
              [
                116.374959526,
                3.576770283
              ],
              [
                116.37454421,
                3.576875361
              ],
              [
                116.374138839,
                3.576875429
              ],
              [
                116.373621826,
                3.576980581
              ],
              [
                116.373205938,
                3.577085772
              ],
              [
                116.372779318,
                3.577296247
              ],
              [
                116.372272057,
                3.577296338
              ],
              [
                116.371844723,
                3.577507034
              ],
              [
                116.371337192,
                3.577507128
              ],
              [
                116.371021689,
                3.577612578
              ],
              [
                116.370491777,
                3.577823625
              ],
              [
                116.369983837,
                3.577823723
              ],
              [
                116.369475886,
                3.577823822
              ],
              [
                116.369058026,
                3.577929461
              ],
              [
                116.368549935,
                3.577929562
              ],
              [
                116.368030072,
                3.578035279
              ],
              [
                116.367611606,
                3.578141032
              ],
              [
                116.367270686,
                3.578458433
              ],
              [
                116.366839493,
                3.578670352
              ],
              [
                116.366407851,
                3.578882493
              ],
              [
                116.366222699,
                3.57860728
              ],
              [
                116.366101812,
                3.578551119
              ],
              [
                116.365692246,
                3.578203126
              ],
              [
                116.365491087,
                3.577833497
              ],
              [
                116.365290315,
                3.577464579
              ],
              [
                116.365279522,
                3.57709638
              ],
              [
                116.36507934,
                3.576728879
              ],
              [
                116.364879542,
                3.576362083
              ],
              [
                116.364680128,
                3.575995991
              ],
              [
                116.364483591,
                3.57572188
              ],
              [
                116.364471132,
                3.575265913
              ],
              [
                116.364275121,
                3.574992849
              ],
              [
                116.363801421,
                3.574901902
              ],
              [
                116.363514149,
                3.574720159
              ],
              [
                116.363132991,
                3.574538587
              ],
              [
                116.36275427,
                3.574447859
              ],
              [
                116.362283576,
                3.574447843
              ],
              [
                116.361812882,
                3.574447827
              ],
              [
                116.361439849,
                3.574629287
              ],
              [
                116.361256633,
                3.574901815
              ],
              [
                116.3607902,
                3.575174722
              ],
              [
                116.360513413,
                3.575539221
              ],
              [
                116.360138687,
                3.575721723
              ],
              [
                116.359764968,
                3.57599581
              ],
              [
                116.359389435,
                3.576178749
              ],
              [
                116.359109364,
                3.576453497
              ],
              [
                116.358733066,
                3.576636874
              ],
              [
                116.358452186,
                3.576912281
              ],
              [
                116.358076085,
                3.577188081
              ],
              [
                116.357793429,
                3.577372167
              ],
              [
                116.357414787,
                3.577464264
              ],
              [
                116.357036679,
                3.577648611
              ],
              [
                116.356658207,
                3.577833135
              ],
              [
                116.35618486,
                3.578110259
              ],
              [
                116.355901497,
                3.578480398
              ],
              [
                116.355712814,
                3.578851255
              ],
              [
                116.355428447,
                3.579222825
              ],
              [
                116.355143269,
                3.579501971
              ],
              [
                116.354762218,
                3.579781517
              ],
              [
                116.354571792,
                3.580154892
              ],
              [
                116.354285299,
                3.580435392
              ],
              [
                116.354094079,
                3.580716305
              ],
              [
                116.353710975,
                3.581091484
              ],
              [
                116.353327484,
                3.581279339
              ],
              [
                116.353039247,
                3.581561477
              ],
              [
                116.352750589,
                3.581844028
              ],
              [
                116.352461509,
                3.582126991
              ],
              [
                116.352172006,
                3.582410368
              ],
              [
                116.351785898,
                3.582694155
              ],
              [
                116.351399225,
                3.582978358
              ],
              [
                116.351203929,
                3.583357957
              ],
              [
                116.35091181,
                3.583738296
              ],
              [
                116.350715654,
                3.584119385
              ],
              [
                116.35042159,
                3.584596795
              ],
              [
                116.350031024,
                3.58497956
              ],
              [
                116.349930216,
                3.585363089
              ],
              [
                116.349829211,
                3.585747374
              ],
              [
                116.349630973,
                3.586132412
              ],
              [
                116.349626602,
                3.586518217
              ],
              [
                116.349426628,
                3.587001536
              ],
              [
                116.349422045,
                3.587389058
              ],
              [
                116.34922257,
                3.587777336
              ],
              [
                116.348926434,
                3.588069044
              ],
              [
                116.348726122,
                3.588458671
              ],
              [
                116.348526786,
                3.588751396
              ],
              [
                116.348229397,
                3.589044553
              ],
              [
                116.347931564,
                3.589338147
              ],
              [
                116.347532139,
                3.589828448
              ],
              [
                116.347035396,
                3.590221561
              ],
              [
                116.346637658,
                3.590516909
              ],
              [
                116.346337519,
                3.590812703
              ],
              [
                116.346133221,
                3.591207792
              ],
              [
                116.345928515,
                3.591603671
              ],
              [
                116.345821888,
                3.592000345
              ],
              [
                116.345717137,
                3.592298371
              ],
              [
                116.345509306,
                3.592796076
              ],
              [
                116.345397589,
                3.593394975
              ],
              [
                116.345388881,
                3.593795246
              ],
              [
                116.345283328,
                3.594095975
              ],
              [
                116.345074007,
                3.594598198
              ],
              [
                116.344968004,
                3.59490014
              ],
              [
                116.344861839,
                3.595202539
              ],
              [
                116.344646649,
                3.595909921
              ],
              [
                116.344539971,
                3.596213851
              ],
              [
                116.344223951,
                3.596924815
              ],
              [
                116.344016893,
                3.597230285
              ],
              [
                116.343906808,
                3.597638307
              ],
              [
                116.343593857,
                3.598149496
              ],
              [
                116.34338297,
                3.598559385
              ],
              [
                116.343171652,
                3.59897011
              ],
              [
                116.342862436,
                3.599278701
              ],
              [
                116.342351996,
                3.599587763
              ],
              [
                116.342142127,
                3.599897302
              ],
              [
                116.341834532,
                3.600103924
              ],
              [
                116.341319,
                3.600517804
              ],
              [
                116.341305958,
                3.600932535
              ],
              [
                116.340886263,
                3.601452144
              ],
              [
                116.340775212,
                3.60176455
              ],
              [
                116.340455017,
                3.602286297
              ],
              [
                116.340346929,
                3.602495372
              ],
              [
                116.34022806,
                3.603018999
              ],
              [
                116.339906169,
                3.603543978
              ],
              [
                116.339684936,
                3.604070311
              ],
              [
                116.339568494,
                3.604492356
              ],
              [
                116.33955351,
                3.604915274
              ],
              [
                116.339538493,
                3.605339067
              ],
              [
                116.339319625,
                3.605763742
              ],
              [
                116.338896271,
                3.606189303
              ],
              [
                116.338676279,
                3.606615745
              ],
              [
                116.338353601,
                3.607043077
              ],
              [
                116.338038587,
                3.607257081
              ],
              [
                116.3378129,
                3.607793054
              ],
              [
                116.337787477,
                3.60843806
              ],
              [
                116.337770483,
                3.608869188
              ],
              [
                116.337749191,
                3.609409366
              ],
              [
                116.337723565,
                3.610059446
              ],
              [
                116.337706435,
                3.610493971
              ],
              [
                116.337689269,
                3.610929408
              ],
              [
                116.337878671,
                3.611365753
              ],
              [
                116.33817606,
                3.611693608
              ],
              [
                116.338366323,
                3.612131561
              ],
              [
                116.338656528,
                3.6126803
              ],
              [
                116.338744008,
                3.613120338
              ],
              [
                116.338939515,
                3.613450972
              ],
              [
                116.33902348,
                3.614003206
              ],
              [
                116.339003572,
                3.614556907
              ],
              [
                116.339091811,
                3.61500092
              ],
              [
                116.339071945,
                3.615557269
              ],
              [
                116.339056013,
                3.616003414
              ],
              [
                116.338730429,
                3.616338661
              ],
              [
                116.338504805,
                3.616786482
              ],
              [
                116.338178171,
                3.617122984
              ],
              [
                116.337846689,
                3.617572488
              ],
              [
                116.33752333,
                3.61779761
              ],
              [
                116.337190614,
                3.618248559
              ],
              [
                116.336861785,
                3.618587412
              ],
              [
                116.336632947,
                3.619040049
              ],
              [
                116.336298291,
                3.619493668
              ],
              [
                116.335972622,
                3.619720855
              ],
              [
                116.335541164,
                3.619948297
              ],
              [
                116.335109241,
                3.620175985
              ],
              [
                116.33468205,
                3.620289945
              ],
              [
                116.334463029,
                3.620461018
              ],
              [
                116.334243994,
                3.620632103
              ],
              [
                116.333905497,
                3.621089158
              ],
              [
                116.333571787,
                3.621432606
              ],
              [
                116.333443771,
                3.62189137
              ],
              [
                116.333315477,
                3.622351123
              ],
              [
                116.333080751,
                3.622811887
              ],
              [
                116.332845517,
                3.623273649
              ],
              [
                116.332603961,
                3.623852257
              ],
              [
                116.332373512,
                3.624200187
              ],
              [
                116.332024145,
                3.624781328
              ],
              [
                116.331579256,
                3.625130805
              ],
              [
                116.331240458,
                3.62548084
              ],
              [
                116.330901108,
                3.62583145
              ],
              [
                116.330561199,
                3.626182635
              ],
              [
                116.330441335,
                3.626417063
              ],
              [
                116.330080959,
                3.627121888
              ],
              [
                116.329726054,
                3.627711022
              ],
              [
                116.329484424,
                3.628183483
              ],
              [
                116.329457487,
                3.62865695
              ],
              [
                116.32943049,
                3.629131458
              ],
              [
                116.329396659,
                3.629726061
              ],
              [
                116.329578786,
                3.630322264
              ],
              [
                116.329659959,
                3.630800422
              ],
              [
                116.32974131,
                3.631279635
              ],
              [
                116.329714456,
                3.631759928
              ],
              [
                116.32947733,
                3.632120885
              ],
              [
                116.329124348,
                3.632603104
              ],
              [
                116.328777584,
                3.632965487
              ],
              [
                116.328321465,
                3.633328499
              ],
              [
                116.327777581,
                3.63332861
              ],
              [
                116.32764161,
                3.633328639
              ],
              [
                116.327233695,
                3.633328724
              ],
              [
                116.326791025,
                3.633449928
              ],
              [
                116.32624698,
                3.633450048
              ],
              [
                116.325803907,
                3.633571325
              ],
              [
                116.325259701,
                3.63357145
              ],
              [
                116.324824335,
                3.633571552
              ],
              [
                116.324397186,
                3.633450477
              ],
              [
                116.323961931,
                3.633450583
              ],
              [
                116.323552044,
                3.633087552
              ],
              [
                116.32312571,
                3.632966748
              ],
              [
                116.322708291,
                3.632725233
              ],
              [
                116.322508477,
                3.632483932
              ],
              [
                116.322337578,
                3.632347801
              ],
              [
                116.3220846,
                3.63209608
              ],
              [
                116.321752033,
                3.631844743
              ],
              [
                116.321503966,
                3.631677402
              ],
              [
                116.321092412,
                3.631426713
              ],
              [
                116.320685337,
                3.631259785
              ],
              [
                116.320358487,
                3.631093046
              ],
              [
                116.320115415,
                3.63100973
              ],
              [
                116.319712957,
                3.630926432
              ],
              [
                116.319386962,
                3.630760045
              ],
              [
                116.319054519,
                3.630427843
              ],
              [
                116.31888521,
                3.63017916
              ],
              [
                116.318553898,
                3.629848172
              ],
              [
                116.318305869,
                3.629600386
              ],
              [
                116.318058228,
                3.629352987
              ],
              [
                116.317890271,
                3.629105987
              ],
              [
                116.317643343,
                3.628859361
              ],
              [
                116.317317624,
                3.62861311
              ],
              [
                116.316998089,
                3.628531082
              ],
              [
                116.316675967,
                3.628367199
              ],
              [
                116.316356849,
                3.6282853
              ],
              [
                116.316035311,
                3.628121673
              ],
              [
                116.315714108,
                3.627958217
              ],
              [
                116.315474643,
                3.627876542
              ],
              [
                116.315075034,
                3.627713331
              ],
              [
                116.314599143,
                3.627631753
              ],
              [
                116.314202405,
                3.627550229
              ],
              [
                116.313805874,
                3.627468748
              ],
              [
                116.313411449,
                3.627468699
              ],
              [
                116.313095909,
                3.62746866
              ],
              [
                116.312701485,
                3.627468612
              ],
              [
                116.312384312,
                3.627387184
              ],
              [
                116.311989992,
                3.627387138
              ],
              [
                116.311037197,
                3.626980712
              ],
              [
                116.310240952,
                3.6263327
              ],
              [
                116.309844061,
                3.626009697
              ],
              [
                116.309605772,
                3.625767888
              ],
              [
                116.309290284,
                3.625606873
              ],
              [
                116.309053497,
                3.625446032
              ],
              [
                116.30873793,
                3.625205085
              ],
              [
                116.308424666,
                3.625205052
              ],
              [
                116.308110352,
                3.625044617
              ],
              [
                116.307796804,
                3.624964445
              ],
              [
                116.307404839,
                3.624804249
              ],
              [
                116.307169344,
                3.6245643
              ],
              [
                116.306934211,
                3.62432472
              ],
              [
                116.306621403,
                3.6240855
              ],
              [
                116.306387134,
                3.623926222
              ],
              [
                116.306153059,
                3.623608177
              ],
              [
                116.305841512,
                3.62344938
              ],
              [
                116.305530419,
                3.623211503
              ],
              [
                116.30545276,
                3.623132295
              ],
              [
                116.305142753,
                3.622736864
              ],
              [
                116.304988457,
                3.622421253
              ],
              [
                116.304912015,
                3.622106292
              ],
              [
                116.304680806,
                3.621791956
              ],
              [
                116.304604831,
                3.621478273
              ],
              [
                116.304451707,
                3.621165219
              ],
              [
                116.304298444,
                3.620930842
              ],
              [
                116.304146387,
                3.620541012
              ],
              [
                116.303993666,
                3.620307582
              ],
              [
                116.303918749,
                3.619996904
              ],
              [
                116.303843983,
                3.619686853
              ],
              [
                116.303769368,
                3.619377426
              ],
              [
                116.303696096,
                3.618914458
              ],
              [
                116.303545155,
                3.618606579
              ],
              [
                116.303395187,
                3.618222603
              ],
              [
                116.303090417,
                3.618069259
              ],
              [
                116.302863245,
                3.617839554
              ],
              [
                116.302711185,
                3.617763074
              ],
              [
                116.302559122,
                3.617686594
              ],
              [
                116.302445877,
                3.617572027
              ],
              [
                116.302332633,
                3.617457463
              ],
              [
                116.302029156,
                3.617304886
              ],
              [
                116.30179801,
                3.617457413
              ],
              [
                116.301489073,
                3.617686494
              ],
              [
                116.301256161,
                3.617915927
              ],
              [
                116.300873712,
                3.617915892
              ],
              [
                116.300642882,
                3.617992432
              ],
              [
                116.300260336,
                3.617992397
              ],
              [
                116.299877789,
                3.617992363
              ],
              [
                116.299493593,
                3.618068928
              ],
              [
                116.299187479,
                3.618068901
              ],
              [
                116.29887956,
                3.618145512
              ],
              [
                116.298649915,
                3.618145491
              ],
              [
                116.298263257,
                3.61829885
              ],
              [
                116.29780166,
                3.618375564
              ],
              [
                116.297495235,
                3.618375537
              ],
              [
                116.297109953,
                3.618452296
              ],
              [
                116.29664783,
                3.618529088
              ],
              [
                116.296338804,
                3.618605932
              ],
              [
                116.296027098,
                3.618759763
              ],
              [
                116.29564358,
                3.618759731
              ],
              [
                116.29526006,
                3.618759699
              ],
              [
                116.29487654,
                3.618759667
              ],
              [
                116.294493017,
                3.618759635
              ],
              [
                116.294186199,
                3.61875961
              ],
              [
                116.293796505,
                3.618913591
              ],
              [
                116.293412785,
                3.61891356
              ],
              [
                116.293029066,
                3.618913529
              ],
              [
                116.292792154,
                3.619067679
              ],
              [
                116.292555002,
                3.619221983
              ],
              [
                116.292237265,
                3.619453736
              ],
              [
                116.292072923,
                3.619685852
              ],
              [
                116.291978215,
                3.620073508
              ],
              [
                116.291883267,
                3.620462143
              ],
              [
                116.291868904,
                3.620773765
              ],
              [
                116.291777223,
                3.621086013
              ],
              [
                116.291762723,
                3.621398901
              ],
              [
                116.291678055,
                3.621555578
              ],
              [
                116.291501056,
                3.62202657
              ],
              [
                116.29146021,
                3.622893818
              ],
              [
                116.291367477,
                3.623210383
              ],
              [
                116.291196651,
                3.623527591
              ],
              [
                116.291025476,
                3.623845449
              ],
              [
                116.290631617,
                3.623924995
              ],
              [
                116.290319607,
                3.623924977
              ],
              [
                116.289999376,
                3.62408422
              ],
              [
                116.289683011,
                3.624163894
              ],
              [
                116.289436048,
                3.6244032
              ],
              [
                116.289188704,
                3.624642875
              ],
              [
                116.288862734,
                3.624882916
              ],
              [
                116.288692869,
                3.625123335
              ],
              [
                116.288670529,
                3.625524871
              ],
              [
                116.288648131,
                3.625927442
              ],
              [
                116.288556098,
                3.626169479
              ],
              [
                116.288376167,
                3.626573706
              ],
              [
                116.288200388,
                3.62689784
              ],
              [
                116.287759342,
                3.627711115
              ],
              [
                116.287414536,
                3.628201105
              ],
              [
                116.287157679,
                3.628528615
              ],
              [
                116.28697953,
                3.628856809
              ],
              [
                116.286806023,
                3.629103402
              ],
              [
                116.28671161,
                3.629350383
              ],
              [
                116.286532529,
                3.629680292
              ],
              [
                116.286353072,
                3.63001089
              ],
              [
                116.286173241,
                3.63034218
              ],
              [
                116.286072731,
                3.630674165
              ],
              [
                116.285812446,
                3.631006844
              ],
              [
                116.285631478,
                3.631340224
              ],
              [
                116.285530082,
                3.631674304
              ],
              [
                116.285342993,
                3.632092892
              ],
              [
                116.285000628,
                3.632428557
              ],
              [
                116.284737766,
                3.632764931
              ],
              [
                116.284485726,
                3.632933384
              ],
              [
                116.284227659,
                3.633186399
              ],
              [
                116.28387708,
                3.633608982
              ],
              [
                116.283531526,
                3.633947856
              ],
              [
                116.283271878,
                3.634202483
              ],
              [
                116.283005714,
                3.634542615
              ],
              [
                116.282738984,
                3.634883471
              ],
              [
                116.282471683,
                3.635225052
              ],
              [
                116.282185377,
                3.635860902
              ],
              [
                116.280333377,
                3.639237559
              ],
              [
                116.279605187,
                3.644553346
              ],
              [
                116.276765246,
                3.64863121
              ],
              [
                116.27651038,
                3.657442309
              ],
              [
                116.280606448,
                3.667764402
              ],
              [
                116.283064089,
                3.669675901
              ],
              [
                116.285467116,
                3.669675901
              ],
              [
                116.287214772,
                3.672151747
              ],
              [
                116.290054713,
                3.669675901
              ],
              [
                116.29030958,
                3.666872369
              ],
              [
                116.293586435,
                3.664979075
              ],
              [
                116.296317147,
                3.665161123
              ],
              [
                116.300922949,
                3.662302977
              ],
              [
                116.303344181,
                3.662594253
              ],
              [
                116.305729003,
                3.664087042
              ],
              [
                116.309351748,
                3.663358852
              ],
              [
                116.313466021,
                3.665907517
              ],
              [
                116.313720888,
                3.669730515
              ],
              [
                116.311936822,
                3.675009892
              ],
              [
                116.311135813,
                3.678141109
              ],
              [
                116.307203587,
                3.681636421
              ],
              [
                116.307167178,
                3.6853866
              ],
              [
                116.308587148,
                3.68677016
              ],
              [
                116.308295872,
                3.689318825
              ],
              [
                116.309278929,
                3.693760784
              ],
              [
                116.312009641,
                3.695253574
              ],
              [
                116.311463499,
                3.698967343
              ],
              [
                116.312519374,
                3.702608293
              ],
              [
                116.31062608,
                3.704210311
              ],
              [
                116.310334804,
                3.71516957
              ],
              [
                116.315650591,
                3.717754644
              ]
            ],
            [
              [
                116.4314747,
                3.5996954
              ],
              [
                116.4306425,
                3.5999195
              ],
              [
                116.4308896,
                3.5998373
              ],
              [
                116.4311543,
                3.5997556
              ],
              [
                116.4314747,
                3.5996954
              ]
            ]
          ]
        ]
      }
    }
  ]
}