{
  "type": "FeatureCollection",
  "features": [
    {
      "type": "Feature",
      "properties": {
        "idx": "2804",
        "nama_kewilayahan": "Eik Beneik"
      },
      "geometry": {
        "type": "MultiPolygon",
        "coordinates": [
          [
            [
              [
                140.023708668,
                -2.512569362
              ],
              [
                140.023739212,
                -2.512706167
              ],
              [
                140.023618163,
                -2.513091899
              ],
              [
                140.023463914,
                -2.513352482
              ],
              [
                140.023358763,
                -2.513484657
              ],
              [
                140.023148277,
                -2.513749235
              ],
              [
                140.022627347,
                -2.514521107
              ],
              [
                140.022482157,
                -2.51479393
              ],
              [
                140.022388493,
                -2.515063003
              ],
              [
                140.022317551,
                -2.515251739
              ],
              [
                140.022293601,
                -2.515315457
              ],
              [
                140.022155187,
                -2.515841895
              ],
              [
                140.022098849,
                -2.516158417
              ],
              [
                140.022142831,
                -2.5162631
              ],
              [
                140.022208848,
                -2.516363223
              ],
              [
                140.022329304,
                -2.516502635
              ],
              [
                140.022453951,
                -2.516619928
              ],
              [
                140.022504142,
                -2.516667157
              ],
              [
                140.022664723,
                -2.51678477
              ],
              [
                140.022787578,
                -2.516856706
              ],
              [
                140.022795614,
                -2.516861411
              ],
              [
                140.0229333,
                -2.516920656
              ],
              [
                140.023064897,
                -2.516949546
              ],
              [
                140.023334363,
                -2.516954268
              ],
              [
                140.023968683,
                -2.516833685
              ],
              [
                140.024413837,
                -2.51671433
              ],
              [
                140.024529009,
                -2.516666065
              ],
              [
                140.024635185,
                -2.516621569
              ],
              [
                140.024656084,
                -2.516612811
              ],
              [
                140.024958704,
                -2.516440469
              ],
              [
                140.024971351,
                -2.51643487
              ],
              [
                140.025168838,
                -2.516347442
              ],
              [
                140.025967124,
                -2.516374308
              ],
              [
                140.026151218,
                -2.516303613
              ],
              [
                140.026284971,
                -2.516229828
              ],
              [
                140.026317305,
                -2.516198934
              ],
              [
                140.026436192,
                -2.516085339
              ],
              [
                140.026571382,
                -2.515888243
              ],
              [
                140.026579588,
                -2.515234663
              ],
              [
                140.026606422,
                -2.515059212
              ],
              [
                140.026590622,
                -2.514831403
              ],
              [
                140.026554028,
                -2.514667393
              ],
              [
                140.026426999,
                -2.514098068
              ],
              [
                140.026402526,
                -2.513891211
              ],
              [
                140.026386156,
                -2.513182544
              ],
              [
                140.026403443,
                -2.512975962
              ],
              [
                140.026436542,
                -2.512843402
              ],
              [
                140.026503959,
                -2.512709439
              ],
              [
                140.026565404,
                -2.512627196
              ],
              [
                140.026624224,
                -2.512571549
              ],
              [
                140.026638205,
                -2.512558323
              ],
              [
                140.026766248,
                -2.512477509
              ],
              [
                140.026874014,
                -2.512438592
              ],
              [
                140.026877575,
                -2.512437306
              ],
              [
                140.027010211,
                -2.512417217
              ],
              [
                140.027104787,
                -2.512416818
              ],
              [
                140.027144261,
                -2.512416652
              ],
              [
                140.027193008,
                -2.512423012
              ],
              [
                140.027276948,
                -2.512433965
              ],
              [
                140.027433399,
                -2.512486351
              ],
              [
                140.027608414,
                -2.51258205
              ],
              [
                140.02776965,
                -2.512739906
              ],
              [
                140.027825472,
                -2.512821923
              ],
              [
                140.027865644,
                -2.512880946
              ],
              [
                140.028042027,
                -2.513241261
              ],
              [
                140.028524438,
                -2.513760608
              ],
              [
                140.028990459,
                -2.514297074
              ],
              [
                140.029001453,
                -2.514358149
              ],
              [
                140.029085257,
                -2.514823689
              ],
              [
                140.028961322,
                -2.515082081
              ],
              [
                140.028826065,
                -2.51526496
              ],
              [
                140.028232824,
                -2.515874591
              ],
              [
                140.028120558,
                -2.515970458
              ],
              [
                140.027992571,
                -2.516147103
              ],
              [
                140.027949094,
                -2.51625945
              ],
              [
                140.027933024,
                -2.516399115
              ],
              [
                140.027927648,
                -2.51644583
              ],
              [
                140.027947286,
                -2.516606591
              ],
              [
                140.02801016,
                -2.516788717
              ],
              [
                140.028125513,
                -2.516949304
              ],
              [
                140.028285834,
                -2.517062518
              ],
              [
                140.028562789,
                -2.517305221
              ],
              [
                140.02902511,
                -2.517422039
              ],
              [
                140.029190546,
                -2.517542131
              ],
              [
                140.029349685,
                -2.517657651
              ],
              [
                140.02963512,
                -2.517830188
              ],
              [
                140.029734992,
                -2.518018864
              ],
              [
                140.029863251,
                -2.518261168
              ],
              [
                140.03000305,
                -2.518693703
              ],
              [
                140.029922878,
                -2.519149278
              ],
              [
                140.029850792,
                -2.519656687
              ],
              [
                140.029849926,
                -2.519662785
              ],
              [
                140.029857441,
                -2.519755404
              ],
              [
                140.029868341,
                -2.519889741
              ],
              [
                140.029875,
                -2.519971808
              ],
              [
                140.029882547,
                -2.520064816
              ],
              [
                140.030061339,
                -2.520702567
              ],
              [
                140.030432337,
                -2.521018771
              ],
              [
                140.030679584,
                -2.521344456
              ],
              [
                140.030698015,
                -2.521410848
              ],
              [
                140.030746039,
                -2.521583844
              ],
              [
                140.03074726,
                -2.521877508
              ],
              [
                140.030705645,
                -2.522137464
              ],
              [
                140.03060285,
                -2.52235808
              ],
              [
                140.030486965,
                -2.522496263
              ],
              [
                140.030050083,
                -2.523048073
              ],
              [
                140.029729227,
                -2.523813811
              ],
              [
                140.029644445,
                -2.523993886
              ],
              [
                140.029601509,
                -2.524142372
              ],
              [
                140.029583969,
                -2.524277431
              ],
              [
                140.029593713,
                -2.524377501
              ],
              [
                140.029603508,
                -2.524413998
              ],
              [
                140.02973861,
                -2.524618146
              ],
              [
                140.029796621,
                -2.524662954
              ],
              [
                140.030053257,
                -2.524747203
              ],
              [
                140.030082947,
                -2.524749857
              ],
              [
                140.030587781,
                -2.524794991
              ],
              [
                140.030950529,
                -2.524827422
              ],
              [
                140.031439144,
                -2.524995142
              ],
              [
                140.031592691,
                -2.525065904
              ],
              [
                140.031763539,
                -2.525172029
              ],
              [
                140.031890478,
                -2.525273137
              ],
              [
                140.032011576,
                -2.525407546
              ],
              [
                140.032111942,
                -2.52558288
              ],
              [
                140.032151646,
                -2.525684691
              ],
              [
                140.03219929,
                -2.525806861
              ],
              [
                140.032228901,
                -2.525923306
              ],
              [
                140.032251015,
                -2.526133437
              ],
              [
                140.032092068,
                -2.526573668
              ],
              [
                140.031982954,
                -2.52687588
              ],
              [
                140.031870797,
                -2.527109647
              ],
              [
                140.031859899,
                -2.527394073
              ],
              [
                140.031872653,
                -2.527603695
              ],
              [
                140.031901553,
                -2.527738458
              ],
              [
                140.031924113,
                -2.527787834
              ],
              [
                140.03195391,
                -2.527853049
              ],
              [
                140.032019529,
                -2.52793842
              ],
              [
                140.032022263,
                -2.527941977
              ],
              [
                140.032140266,
                -2.528043078
              ],
              [
                140.032157631,
                -2.528052814
              ],
              [
                140.032161296,
                -2.528054869
              ],
              [
                140.032333541,
                -2.528151442
              ],
              [
                140.032902779,
                -2.528472771
              ],
              [
                140.03307805,
                -2.528573952
              ],
              [
                140.033085993,
                -2.52858084
              ],
              [
                140.033340096,
                -2.52880119
              ],
              [
                140.033634844,
                -2.529265257
              ],
              [
                140.033798639,
                -2.529523145
              ],
              [
                140.033911648,
                -2.529618377
              ],
              [
                140.03408236,
                -2.529724811
              ],
              [
                140.034274947,
                -2.529795594
              ],
              [
                140.034281658,
                -2.529796556
              ],
              [
                140.034504194,
                -2.529828448
              ],
              [
                140.034816237,
                -2.5298323
              ],
              [
                140.034993896,
                -2.52981414
              ],
              [
                140.035047269,
                -2.529808685
              ],
              [
                140.035294148,
                -2.529735115
              ],
              [
                140.035413965,
                -2.529669047
              ],
              [
                140.035514961,
                -2.529613357
              ],
              [
                140.035704056,
                -2.529501119
              ],
              [
                140.035766342,
                -2.529464148
              ],
              [
                140.035774799,
                -2.529459129
              ],
              [
                140.03588063,
                -2.529201188
              ],
              [
                140.035967395,
                -2.52903545
              ],
              [
                140.035974524,
                -2.529021831
              ],
              [
                140.036001566,
                -2.528519894
              ],
              [
                140.03604539,
                -2.527983944
              ],
              [
                140.036064295,
                -2.527752747
              ],
              [
                140.036150895,
                -2.527578168
              ],
              [
                140.036183006,
                -2.527537637
              ],
              [
                140.036228626,
                -2.527480058
              ],
              [
                140.036349298,
                -2.52739179
              ],
              [
                140.036470643,
                -2.527360553
              ],
              [
                140.036567621,
                -2.52733559
              ],
              [
                140.036792962,
                -2.527350872
              ],
              [
                140.03700288,
                -2.527430173
              ],
              [
                140.037306634,
                -2.527482114
              ],
              [
                140.037561216,
                -2.527743295
              ],
              [
                140.037588482,
                -2.527771268
              ],
              [
                140.037661726,
                -2.52784641
              ],
              [
                140.038006799,
                -2.528078612
              ],
              [
                140.038435059,
                -2.528198601
              ],
              [
                140.038746046,
                -2.52818703
              ],
              [
                140.038750379,
                -2.528186869
              ],
              [
                140.039020891,
                -2.528177839
              ],
              [
                140.039340137,
                -2.52824885
              ],
              [
                140.039429431,
                -2.528268711
              ],
              [
                140.039696139,
                -2.528426911
              ],
              [
                140.039874475,
                -2.528906284
              ],
              [
                140.039892079,
                -2.528953603
              ],
              [
                140.039951833,
                -2.52931816
              ],
              [
                140.039991734,
                -2.52941969
              ],
              [
                140.040031029,
                -2.529519684
              ],
              [
                140.040037709,
                -2.529536682
              ],
              [
                140.040129967,
                -2.529915269
              ],
              [
                140.040172371,
                -2.530089278
              ],
              [
                140.040124318,
                -2.530276123
              ],
              [
                140.040044743,
                -2.530462285
              ],
              [
                140.040030318,
                -2.530486168
              ],
              [
                140.039797948,
                -2.530870886
              ],
              [
                140.039743822,
                -2.530921131
              ],
              [
                140.039557343,
                -2.53109424
              ],
              [
                140.039549385,
                -2.531102613
              ],
              [
                140.039220675,
                -2.531448465
              ],
              [
                140.039184577,
                -2.531710705
              ],
              [
                140.039203648,
                -2.531866145
              ],
              [
                140.039293704,
                -2.532044333
              ],
              [
                140.039444508,
                -2.532173826
              ],
              [
                140.039607524,
                -2.532235614
              ],
              [
                140.039798967,
                -2.532247562
              ],
              [
                140.039996867,
                -2.532200712
              ],
              [
                140.040167451,
                -2.532095395
              ],
              [
                140.040268456,
                -2.531985233
              ],
              [
                140.040333703,
                -2.531875319
              ],
              [
                140.04039585,
                -2.53170829
              ],
              [
                140.040459794,
                -2.531346953
              ],
              [
                140.040488808,
                -2.531182999
              ],
              [
                140.040491702,
                -2.531166646
              ],
              [
                140.04060707,
                -2.530726439
              ],
              [
                140.040680271,
                -2.530601738
              ],
              [
                140.040801858,
                -2.53047869
              ],
              [
                140.040929195,
                -2.530404875
              ],
              [
                140.041052058,
                -2.530373275
              ],
              [
                140.041113472,
                -2.530374292
              ],
              [
                140.041240389,
                -2.530376392
              ],
              [
                140.041409721,
                -2.530424029
              ],
              [
                140.041567055,
                -2.530505345
              ],
              [
                140.041606969,
                -2.530538728
              ],
              [
                140.041681895,
                -2.530601395
              ],
              [
                140.041775993,
                -2.530717079
              ],
              [
                140.04186342,
                -2.530869257
              ],
              [
                140.04186397,
                -2.530870214
              ],
              [
                140.042314636,
                -2.531556267
              ],
              [
                140.042455192,
                -2.53179522
              ],
              [
                140.042554932,
                -2.531909252
              ],
              [
                140.042670498,
                -2.532006793
              ],
              [
                140.042779728,
                -2.532071786
              ],
              [
                140.042831624,
                -2.532089964
              ],
              [
                140.042918534,
                -2.532120407
              ],
              [
                140.043058915,
                -2.532134489
              ],
              [
                140.043198105,
                -2.532118649
              ],
              [
                140.043332718,
                -2.532067232
              ],
              [
                140.043371743,
                -2.532039652
              ],
              [
                140.043435106,
                -2.531994873
              ],
              [
                140.04358407,
                -2.531800953
              ],
              [
                140.043890509,
                -2.53123281
              ],
              [
                140.044294589,
                -2.530483639
              ],
              [
                140.044403589,
                -2.530319395
              ],
              [
                140.04448769,
                -2.530226761
              ],
              [
                140.044587538,
                -2.530149844
              ],
              [
                140.044629159,
                -2.530127927
              ],
              [
                140.044698957,
                -2.530091174
              ],
              [
                140.044781139,
                -2.530065407
              ],
              [
                140.04488753,
                -2.530104918
              ],
              [
                140.046003875,
                -2.530519505
              ],
              [
                140.046167206,
                -2.530659024
              ],
              [
                140.046414996,
                -2.530896629
              ],
              [
                140.046582031,
                -2.531081659
              ],
              [
                140.046643476,
                -2.531149722
              ],
              [
                140.046740335,
                -2.531286709
              ],
              [
                140.046855643,
                -2.531516104
              ],
              [
                140.046909955,
                -2.531690061
              ],
              [
                140.046918717,
                -2.53174623
              ],
              [
                140.046922177,
                -2.531768414
              ],
              [
                140.046935968,
                -2.531856817
              ],
              [
                140.046890206,
                -2.532110627
              ],
              [
                140.04681532,
                -2.532525965
              ],
              [
                140.046788703,
                -2.532692081
              ],
              [
                140.046687468,
                -2.533090103
              ],
              [
                140.046662176,
                -2.533383051
              ],
              [
                140.046652275,
                -2.533497724
              ],
              [
                140.046767597,
                -2.533711297
              ],
              [
                140.046826331,
                -2.533883932
              ],
              [
                140.046873428,
                -2.533965851
              ],
              [
                140.046901958,
                -2.534015477
              ],
              [
                140.046982811,
                -2.534115152
              ],
              [
                140.047078643,
                -2.534198966
              ],
              [
                140.047202678,
                -2.534279476
              ],
              [
                140.047332685,
                -2.534334499
              ],
              [
                140.047597661,
                -2.534391569
              ],
              [
                140.048057024,
                -2.534431742
              ],
              [
                140.048275815,
                -2.53446902
              ],
              [
                140.048384657,
                -2.534500963
              ],
              [
                140.04848255,
                -2.534529692
              ],
              [
                140.048633654,
                -2.534597972
              ],
              [
                140.04869023,
                -2.534623537
              ],
              [
                140.048695559,
                -2.534625945
              ],
              [
                140.048710703,
                -2.534632789
              ],
              [
                140.048880364,
                -2.534738743
              ],
              [
                140.049029299,
                -2.534875336
              ],
              [
                140.049116476,
                -2.534998406
              ],
              [
                140.049204115,
                -2.535213241
              ],
              [
                140.049256983,
                -2.53544174
              ],
              [
                140.049259115,
                -2.535460828
              ],
              [
                140.049274472,
                -2.535598376
              ],
              [
                140.049275319,
                -2.535673456
              ],
              [
                140.049277166,
                -2.535837316
              ],
              [
                140.049255867,
                -2.536074369
              ],
              [
                140.049209238,
                -2.536248751
              ],
              [
                140.049156067,
                -2.536447602
              ],
              [
                140.049107835,
                -2.536571712
              ],
              [
                140.048901016,
                -2.537103895
              ],
              [
                140.049593054,
                -2.537375705
              ],
              [
                140.050583095,
                -2.53776456
              ],
              [
                140.066961003,
                -2.545817312
              ],
              [
                140.067457741,
                -2.546202337
              ],
              [
                140.072217964,
                -2.549891996
              ],
              [
                140.072367999,
                -2.549998131
              ],
              [
                140.074319521,
                -2.55157061
              ],
              [
                140.074776137,
                -2.551938538
              ],
              [
                140.0752507,
                -2.552300502
              ],
              [
                140.0755172,
                -2.552681216
              ],
              [
                140.075764664,
                -2.553214215
              ],
              [
                140.075955021,
                -2.553861428
              ],
              [
                140.076287731,
                -2.555044893
              ],
              [
                140.076405691,
                -2.555269197
              ],
              [
                140.07676261,
                -2.556018727
              ],
              [
                140.078185528,
                -2.557865189
              ],
              [
                140.079651625,
                -2.559276228
              ],
              [
                140.080622096,
                -2.560358864
              ],
              [
                140.081269309,
                -2.561196434
              ],
              [
                140.081650023,
                -2.561596183
              ],
              [
                140.081973629,
                -2.561824612
              ],
              [
                140.082063506,
                -2.561865539
              ],
              [
                140.082343455,
                -2.561993019
              ],
              [
                140.082512101,
                -2.562111337
              ],
              [
                140.082585826,
                -2.562165401
              ],
              [
                140.082695807,
                -2.562125987
              ],
              [
                140.084196487,
                -2.5628756
              ],
              [
                140.08448277,
                -2.563018603
              ],
              [
                140.084535006,
                -2.563168498
              ],
              [
                140.084547358,
                -2.563203943
              ],
              [
                140.085103635,
                -2.564800214
              ],
              [
                140.085109762,
                -2.564817796
              ],
              [
                140.085113765,
                -2.564829282
              ],
              [
                140.085123618,
                -2.564857556
              ],
              [
                140.085179372,
                -2.565017545
              ],
              [
                140.085268529,
                -2.565273387
              ],
              [
                140.085373668,
                -2.565799672
              ],
              [
                140.085396707,
                -2.565889111
              ],
              [
                140.085396177,
                -2.565912343
              ],
              [
                140.085445563,
                -2.566159552
              ],
              [
                140.085431717,
                -2.566742374
              ],
              [
                140.085430274,
                -2.566753668
              ],
              [
                140.085379401,
                -2.567151884
              ],
              [
                140.085385308,
                -2.567412612
              ],
              [
                140.085532882,
                -2.567816057
              ],
              [
                140.085626209,
                -2.568033076
              ],
              [
                140.08591355,
                -2.568502121
              ],
              [
                140.085913701,
                -2.56850288
              ],
              [
                140.085914111,
                -2.568503037
              ],
              [
                140.085932791,
                -2.568533531
              ],
              [
                140.08619588,
                -2.568730487
              ],
              [
                140.086207171,
                -2.56873894
              ],
              [
                140.086879332,
                -2.568872142
              ],
              [
                140.087138641,
                -2.568980862
              ],
              [
                140.087316433,
                -2.56906979
              ],
              [
                140.087406592,
                -2.569125689
              ],
              [
                140.087448853,
                -2.5691593
              ],
              [
                140.087526119,
                -2.569235218
              ],
              [
                140.087591092,
                -2.569321912
              ],
              [
                140.08761697,
                -2.569369691
              ],
              [
                140.087651715,
                -2.569469752
              ],
              [
                140.087680438,
                -2.569606695
              ],
              [
                140.087691198,
                -2.569694579
              ],
              [
                140.087687657,
                -2.569919058
              ],
              [
                140.087703352,
                -2.570198942
              ],
              [
                140.087626046,
                -2.57024942
              ],
              [
                140.087373985,
                -2.570414008
              ],
              [
                140.087143879,
                -2.570564259
              ],
              [
                140.08682483,
                -2.570715289
              ],
              [
                140.086396222,
                -2.571052453
              ],
              [
                140.086281607,
                -2.57159089
              ],
              [
                140.086439585,
                -2.572028786
              ],
              [
                140.086509621,
                -2.572222917
              ],
              [
                140.086683771,
                -2.572343144
              ],
              [
                140.086704865,
                -2.572357707
              ],
              [
                140.087144723,
                -2.57266137
              ],
              [
                140.087715982,
                -2.572873743
              ],
              [
                140.087718904,
                -2.572874829
              ],
              [
                140.087818155,
                -2.573237297
              ],
              [
                140.087829675,
                -2.573279365
              ],
              [
                140.087815023,
                -2.573803513
              ],
              [
                140.08760018,
                -2.574729613
              ],
              [
                140.087610016,
                -2.575260062
              ],
              [
                140.087532268,
                -2.575447548
              ],
              [
                140.087496237,
                -2.575534438
              ],
              [
                140.087515737,
                -2.575675428
              ],
              [
                140.087506766,
                -2.576921861
              ],
              [
                140.087506502,
                -2.576958545
              ],
              [
                140.08764538,
                -2.577474848
              ],
              [
                140.087871328,
                -2.57770351
              ],
              [
                140.087931467,
                -2.577780829
              ],
              [
                140.087976441,
                -2.577871334
              ],
              [
                140.088112238,
                -2.57807718
              ],
              [
                140.088224112,
                -2.578342616
              ],
              [
                140.088309203,
                -2.578496667
              ],
              [
                140.088425963,
                -2.578659007
              ],
              [
                140.088480925,
                -2.578745913
              ],
              [
                140.088527991,
                -2.578834044
              ],
              [
                140.088654281,
                -2.578983766
              ],
              [
                140.088680238,
                -2.57901454
              ],
              [
                140.0888308,
                -2.579257343
              ],
              [
                140.088904857,
                -2.579402436
              ],
              [
                140.088853685,
                -2.579571208
              ],
              [
                140.088646522,
                -2.579736205
              ],
              [
                140.088366385,
                -2.579876991
              ],
              [
                140.088361905,
                -2.579879409
              ],
              [
                140.087988763,
                -2.580080825
              ],
              [
                140.087910104,
                -2.580266798
              ],
              [
                140.087870916,
                -2.580359449
              ],
              [
                140.087832384,
                -2.580477878
              ],
              [
                140.087812402,
                -2.580562638
              ],
              [
                140.087801677,
                -2.580650472
              ],
              [
                140.087805375,
                -2.580739022
              ],
              [
                140.088083106,
                -2.581163413
              ],
              [
                140.088087273,
                -2.581175233
              ],
              [
                140.088111806,
                -2.581219699
              ],
              [
                140.088173042,
                -2.581299639
              ],
              [
                140.088246791,
                -2.581367949
              ],
              [
                140.088287812,
                -2.581397241
              ],
              [
                140.088423482,
                -2.581468115
              ],
              [
                140.088516995,
                -2.581504408
              ],
              [
                140.088569578,
                -2.581517906
              ],
              [
                140.088731742,
                -2.581537041
              ],
              [
                140.08873472,
                -2.581536974
              ],
              [
                140.088951246,
                -2.58153208
              ],
              [
                140.089097025,
                -2.581510632
              ],
              [
                140.089342308,
                -2.581453839
              ],
              [
                140.089510981,
                -2.581389377
              ],
              [
                140.089598122,
                -2.581342635
              ],
              [
                140.08972722,
                -2.581261465
              ],
              [
                140.089904479,
                -2.58113165
              ],
              [
                140.089945546,
                -2.581089196
              ],
              [
                140.090135047,
                -2.580843024
              ],
              [
                140.090205727,
                -2.580731153
              ],
              [
                140.090273866,
                -2.580648541
              ],
              [
                140.090358815,
                -2.580517812
              ],
              [
                140.090426336,
                -2.580443516
              ],
              [
                140.09047798,
                -2.580399469
              ],
              [
                140.09053676,
                -2.580364393
              ],
              [
                140.090630487,
                -2.580339778
              ],
              [
                140.090724162,
                -2.580338273
              ],
              [
                140.090724446,
                -2.580338328
              ],
              [
                140.090727732,
                -2.580338276
              ],
              [
                140.09078711,
                -2.580349829
              ],
              [
                140.090840717,
                -2.580376969
              ],
              [
                140.090874011,
                -2.5804123
              ],
              [
                140.091017361,
                -2.580524076
              ],
              [
                140.09109224,
                -2.580646194
              ],
              [
                140.091209907,
                -2.580836556
              ],
              [
                140.091273253,
                -2.581115685
              ],
              [
                140.091281343,
                -2.581210832
              ],
              [
                140.091295015,
                -2.581267733
              ],
              [
                140.091361151,
                -2.581380588
              ],
              [
                140.091417822,
                -2.581518142
              ],
              [
                140.09148286,
                -2.581599818
              ],
              [
                140.091626202,
                -2.58183606
              ],
              [
                140.091688033,
                -2.581920679
              ],
              [
                140.091708866,
                -2.581974987
              ],
              [
                140.091719453,
                -2.582036881
              ],
              [
                140.091725264,
                -2.58213701
              ],
              [
                140.091677944,
                -2.582556754
              ],
              [
                140.091672408,
                -2.582691998
              ],
              [
                140.091654746,
                -2.582782728
              ],
              [
                140.091599179,
                -2.582875889
              ],
              [
                140.091552294,
                -2.582985476
              ],
              [
                140.091523915,
                -2.583026296
              ],
              [
                140.091483289,
                -2.583054784
              ],
              [
                140.091480694,
                -2.583055904
              ],
              [
                140.091374263,
                -2.583101836
              ],
              [
                140.091344085,
                -2.583122057
              ],
              [
                140.091339079,
                -2.583125411
              ],
              [
                140.091307491,
                -2.583146576
              ],
              [
                140.09125365,
                -2.58316586
              ],
              [
                140.091192402,
                -2.58317568
              ],
              [
                140.09088589,
                -2.583180644
              ],
              [
                140.090747758,
                -2.583175732
              ],
              [
                140.090647159,
                -2.583165233
              ],
              [
                140.090511082,
                -2.583135231
              ],
              [
                140.09031343,
                -2.58310214
              ],
              [
                140.089798306,
                -2.583003981
              ],
              [
                140.089477016,
                -2.58301811
              ],
              [
                140.089273526,
                -2.583035914
              ],
              [
                140.089055745,
                -2.583071659
              ],
              [
                140.088837142,
                -2.583105401
              ],
              [
                140.088691048,
                -2.583077209
              ],
              [
                140.088490605,
                -2.582992318
              ],
              [
                140.088373711,
                -2.582925469
              ],
              [
                140.0882599,
                -2.582769873
              ],
              [
                140.088120856,
                -2.582522054
              ],
              [
                140.088010344,
                -2.582310156
              ],
              [
                140.087841696,
                -2.582199111
              ],
              [
                140.087603509,
                -2.582144717
              ],
              [
                140.087459606,
                -2.582128034
              ],
              [
                140.087265155,
                -2.58212934
              ],
              [
                140.087132561,
                -2.582149414
              ],
              [
                140.086983105,
                -2.582189841
              ],
              [
                140.086949666,
                -2.582204628
              ],
              [
                140.086949605,
                -2.582204655
              ],
              [
                140.086900919,
                -2.582226185
              ],
              [
                140.086678829,
                -2.582298425
              ],
              [
                140.086275286,
                -2.582520721
              ],
              [
                140.0862092,
                -2.582571995
              ],
              [
                140.08620477,
                -2.582575432
              ],
              [
                140.086083796,
                -2.582669292
              ],
              [
                140.086072403,
                -2.582714842
              ],
              [
                140.086063917,
                -2.582807468
              ],
              [
                140.08607249,
                -2.582900207
              ],
              [
                140.086083823,
                -2.582945887
              ],
              [
                140.086186885,
                -2.583005085
              ],
              [
                140.086359435,
                -2.583023426
              ],
              [
                140.086363705,
                -2.58302388
              ],
              [
                140.086810358,
                -2.583071355
              ],
              [
                140.087219687,
                -2.583082899
              ],
              [
                140.087347345,
                -2.583108661
              ],
              [
                140.087516576,
                -2.583166565
              ],
              [
                140.087673694,
                -2.583251259
              ],
              [
                140.087674114,
                -2.583251485
              ],
              [
                140.087752549,
                -2.583391557
              ],
              [
                140.087677895,
                -2.583515019
              ],
              [
                140.087676904,
                -2.583516657
              ],
              [
                140.087631034,
                -2.583592516
              ],
              [
                140.087566667,
                -2.583746846
              ],
              [
                140.087605758,
                -2.583994593
              ],
              [
                140.087848408,
                -2.584127603
              ],
              [
                140.088365509,
                -2.584051879
              ],
              [
                140.088368573,
                -2.58405143
              ],
              [
                140.088433912,
                -2.584041862
              ],
              [
                140.088847927,
                -2.584153455
              ],
              [
                140.088900436,
                -2.584218093
              ],
              [
                140.088901495,
                -2.584219397
              ],
              [
                140.089072625,
                -2.584430057
              ],
              [
                140.08906889,
                -2.584780518
              ],
              [
                140.089068305,
                -2.584788107
              ],
              [
                140.089050789,
                -2.585015233
              ],
              [
                140.089179277,
                -2.585303744
              ],
              [
                140.089183199,
                -2.585312551
              ],
              [
                140.089371573,
                -2.58571195
              ],
              [
                140.089398314,
                -2.585859655
              ],
              [
                140.089415699,
                -2.585955679
              ],
              [
                140.089426667,
                -2.58602098
              ],
              [
                140.089431276,
                -2.586048425
              ],
              [
                140.089466785,
                -2.586194849
              ],
              [
                140.089491375,
                -2.58629625
              ],
              [
                140.089534021,
                -2.586513863
              ],
              [
                140.089449261,
                -2.586948122
              ],
              [
                140.089489738,
                -2.587138493
              ],
              [
                140.089985558,
                -2.587405738
              ],
              [
                140.090392257,
                -2.587377789
              ],
              [
                140.090585652,
                -2.58748358
              ],
              [
                140.090662462,
                -2.587544977
              ],
              [
                140.090727648,
                -2.587621391
              ],
              [
                140.090745902,
                -2.587651851
              ],
              [
                140.09077727,
                -2.587704193
              ],
              [
                140.090808707,
                -2.587801645
              ],
              [
                140.090806461,
                -2.587958221
              ],
              [
                140.090694128,
                -2.588394603
              ],
              [
                140.090691792,
                -2.588398426
              ],
              [
                140.090508205,
                -2.588698961
              ],
              [
                140.090347207,
                -2.589098476
              ],
              [
                140.090345513,
                -2.589102681
              ],
              [
                140.090291254,
                -2.589237325
              ],
              [
                140.090114895,
                -2.589586637
              ],
              [
                140.090001021,
                -2.590127868
              ],
              [
                140.090043939,
                -2.590284566
              ],
              [
                140.090136878,
                -2.590352388
              ],
              [
                140.090213509,
                -2.590352643
              ],
              [
                140.090445533,
                -2.590370761
              ],
              [
                140.090623997,
                -2.590406791
              ],
              [
                140.090765054,
                -2.590503627
              ],
              [
                140.090825504,
                -2.590602122
              ],
              [
                140.090861802,
                -2.590661264
              ],
              [
                140.091203502,
                -2.591229948
              ],
              [
                140.091315036,
                -2.591357053
              ],
              [
                140.091326393,
                -2.591369995
              ],
              [
                140.091501904,
                -2.591570007
              ],
              [
                140.091595783,
                -2.591639806
              ],
              [
                140.092118405,
                -2.591937535
              ],
              [
                140.092582205,
                -2.591989277
              ],
              [
                140.092665445,
                -2.592005994
              ],
              [
                140.092776494,
                -2.592051101
              ],
              [
                140.092848297,
                -2.592097319
              ],
              [
                140.092917557,
                -2.592164341
              ],
              [
                140.092978906,
                -2.592269686
              ],
              [
                140.092979377,
                -2.592270495
              ],
              [
                140.092992894,
                -2.592293706
              ],
              [
                140.093049999,
                -2.592457908
              ],
              [
                140.093120944,
                -2.593122684
              ],
              [
                140.093174188,
                -2.593517087
              ],
              [
                140.093290013,
                -2.593789423
              ],
              [
                140.093447519,
                -2.59401392
              ],
              [
                140.093569243,
                -2.594104108
              ],
              [
                140.093572944,
                -2.59410685
              ],
              [
                140.093706194,
                -2.59420558
              ],
              [
                140.093905404,
                -2.59435232
              ],
              [
                140.094158091,
                -2.594597828
              ],
              [
                140.094184165,
                -2.59464343
              ],
              [
                140.094187887,
                -2.594649939
              ],
              [
                140.094372013,
                -2.594971955
              ],
              [
                140.094446152,
                -2.595298112
              ],
              [
                140.094458148,
                -2.595420396
              ],
              [
                140.094462145,
                -2.595461146
              ],
              [
                140.094493407,
                -2.595779823
              ],
              [
                140.094536031,
                -2.596248765
              ],
              [
                140.094551256,
                -2.596357628
              ],
              [
                140.094569262,
                -2.596486378
              ],
              [
                140.094578437,
                -2.59666691
              ],
              [
                140.094588118,
                -2.596857378
              ],
              [
                140.094640223,
                -2.597350214
              ],
              [
                140.094715108,
                -2.597530246
              ],
              [
                140.09480653,
                -2.597750036
              ],
              [
                140.094828866,
                -2.5979872
              ],
              [
                140.09468355,
                -2.598426801
              ],
              [
                140.094630642,
                -2.59863899
              ],
              [
                140.094596265,
                -2.598776863
              ],
              [
                140.09464244,
                -2.599103599
              ],
              [
                140.094767238,
                -2.599308326
              ],
              [
                140.094956351,
                -2.599430527
              ],
              [
                140.095256153,
                -2.599520497
              ],
              [
                140.09535729,
                -2.599577676
              ],
              [
                140.095605855,
                -2.599718206
              ],
              [
                140.095762843,
                -2.599836794
              ],
              [
                140.095815727,
                -2.600050184
              ],
              [
                140.095817821,
                -2.600058633
              ],
              [
                140.095841154,
                -2.600152782
              ],
              [
                140.095855468,
                -2.600322152
              ],
              [
                140.095862394,
                -2.600404107
              ],
              [
                140.096051375,
                -2.600712995
              ],
              [
                140.096247374,
                -2.600890976
              ],
              [
                140.096268994,
                -2.600910609
              ],
              [
                140.096550014,
                -2.601114087
              ],
              [
                140.097013999,
                -2.601434162
              ],
              [
                140.097123375,
                -2.601578032
              ],
              [
                140.097157147,
                -2.601730897
              ],
              [
                140.097164969,
                -2.601766301
              ],
              [
                140.097180414,
                -2.601893662
              ],
              [
                140.097189437,
                -2.601968069
              ],
              [
                140.097151039,
                -2.602176391
              ],
              [
                140.096959886,
                -2.602512946
              ],
              [
                140.09678527,
                -2.602686867
              ],
              [
                140.095747017,
                -2.603573743
              ],
              [
                140.095296943,
                -2.604367196
              ],
              [
                140.095286577,
                -2.604427632
              ],
              [
                140.095210223,
                -2.605667236
              ],
              [
                140.095186705,
                -2.605758957
              ],
              [
                140.09496987,
                -2.606604609
              ],
              [
                140.094903333,
                -2.606694003
              ],
              [
                140.094849293,
                -2.606943136
              ],
              [
                140.094807677,
                -2.607121379
              ],
              [
                140.094133835,
                -2.607676314
              ],
              [
                140.093963814,
                -2.607816333
              ],
              [
                140.093394958,
                -2.608802426
              ],
              [
                140.093278547,
                -2.609071313
              ],
              [
                140.093064748,
                -2.609565152
              ],
              [
                140.093024815,
                -2.609657392
              ],
              [
                140.093017519,
                -2.609698036
              ],
              [
                140.092833659,
                -2.610722326
              ],
              [
                140.092745413,
                -2.61158909
              ],
              [
                140.092798051,
                -2.611925114
              ],
              [
                140.092695359,
                -2.612750651
              ],
              [
                140.092535094,
                -2.613139479
              ],
              [
                140.092534738,
                -2.613828873
              ],
              [
                140.092628585,
                -2.61419339
              ],
              [
                140.092894036,
                -2.614318966
              ],
              [
                140.093036708,
                -2.615828297
              ],
              [
                140.093018531,
                -2.616111124
              ],
              [
                140.092995977,
                -2.616368188
              ],
              [
                140.092994884,
                -2.616648583
              ],
              [
                140.093016306,
                -2.616830053
              ],
              [
                140.093037719,
                -2.617011531
              ],
              [
                140.093037576,
                -2.617209239
              ],
              [
                140.093037434,
                -2.617406957
              ],
              [
                140.092986131,
                -2.617588382
              ],
              [
                140.092934828,
                -2.617769799
              ],
              [
                140.092719188,
                -2.618051316
              ],
              [
                140.092570974,
                -2.618170371
              ],
              [
                140.092422768,
                -2.618289434
              ],
              [
                140.092314926,
                -2.618454562
              ],
              [
                140.092207093,
                -2.6186197
              ],
              [
                140.092158466,
                -2.618820079
              ],
              [
                140.092109856,
                -2.619020466
              ],
              [
                140.092023466,
                -2.619312906
              ],
              [
                140.091840169,
                -2.619545688
              ],
              [
                140.091683875,
                -2.619680993
              ],
              [
                140.091392991,
                -2.619713282
              ],
              [
                140.091042873,
                -2.619723865
              ],
              [
                140.090930072,
                -2.619830316
              ],
              [
                140.090813096,
                -2.619948073
              ],
              [
                140.090670054,
                -2.620092062
              ],
              [
                140.090584256,
                -2.620184748
              ],
              [
                140.09045605,
                -2.62032322
              ],
              [
                140.090317798,
                -2.62047256
              ],
              [
                140.090239428,
                -2.620568028
              ],
              [
                140.090126235,
                -2.620705933
              ],
              [
                140.089981379,
                -2.620882396
              ],
              [
                140.089848811,
                -2.621043887
              ],
              [
                140.089721912,
                -2.621165273
              ],
              [
                140.089565481,
                -2.621314888
              ],
              [
                140.089421291,
                -2.621452805
              ],
              [
                140.08929847,
                -2.621533613
              ],
              [
                140.089180142,
                -2.621581408
              ],
              [
                140.089080045,
                -2.621595374
              ],
              [
                140.0889447,
                -2.62159351
              ],
              [
                140.088792632,
                -2.62159141
              ],
              [
                140.088667684,
                -2.62161538
              ],
              [
                140.088513984,
                -2.621644858
              ],
              [
                140.088384911,
                -2.62169902
              ],
              [
                140.088300663,
                -2.621789112
              ],
              [
                140.088258315,
                -2.62190012
              ],
              [
                140.088221987,
                -2.622059112
              ],
              [
                140.088184764,
                -2.622221993
              ],
              [
                140.088173443,
                -2.62234217
              ],
              [
                140.088159655,
                -2.622488579
              ],
              [
                140.088162609,
                -2.622644814
              ],
              [
                140.088165745,
                -2.622811071
              ],
              [
                140.088124929,
                -2.622968813
              ],
              [
                140.088067743,
                -2.623061139
              ],
              [
                140.087994043,
                -2.62318013
              ],
              [
                140.087924305,
                -2.623267318
              ],
              [
                140.08784975,
                -2.623360538
              ],
              [
                140.08775654,
                -2.62347708
              ],
              [
                140.087662565,
                -2.623594583
              ],
              [
                140.087574911,
                -2.623704174
              ],
              [
                140.087529991,
                -2.623789951
              ],
              [
                140.087519943,
                -2.623865685
              ],
              [
                140.087532745,
                -2.623948348
              ],
              [
                140.087566985,
                -2.624040714
              ],
              [
                140.087589182,
                -2.624076058
              ],
              [
                140.087627892,
                -2.624137695
              ],
              [
                140.087698044,
                -2.624249392
              ],
              [
                140.08778532,
                -2.624350517
              ],
              [
                140.087898977,
                -2.624443377
              ],
              [
                140.088000398,
                -2.624526248
              ],
              [
                140.088124482,
                -2.624627637
              ],
              [
                140.088242201,
                -2.624749283
              ],
              [
                140.088296639,
                -2.624873804
              ],
              [
                140.088343308,
                -2.624980562
              ],
              [
                140.088350561,
                -2.625087591
              ],
              [
                140.088275282,
                -2.625162662
              ],
              [
                140.088150815,
                -2.625192865
              ],
              [
                140.088007223,
                -2.625212218
              ],
              [
                140.087892042,
                -2.625212695
              ],
              [
                140.087696931,
                -2.625176106
              ],
              [
                140.087413096,
                -2.625062489
              ],
              [
                140.08720767,
                -2.624886457
              ],
              [
                140.087096625,
                -2.624791303
              ],
              [
                140.086928401,
                -2.624718885
              ],
              [
                140.08691322,
                -2.62471235
              ],
              [
                140.086790455,
                -2.624701756
              ],
              [
                140.086568572,
                -2.624720519
              ],
              [
                140.086345228,
                -2.624767547
              ],
              [
                140.08622568,
                -2.624811278
              ],
              [
                140.0859957,
                -2.624954713
              ],
              [
                140.08584721,
                -2.625092999
              ],
              [
                140.085707803,
                -2.625257488
              ],
              [
                140.085668574,
                -2.62531288
              ],
              [
                140.085573829,
                -2.625446658
              ],
              [
                140.08538832,
                -2.625751443
              ],
              [
                140.085291752,
                -2.625921989
              ],
              [
                140.08515279,
                -2.626167412
              ],
              [
                140.085041478,
                -2.626363981
              ],
              [
                140.084936265,
                -2.626583603
              ],
              [
                140.084825394,
                -2.626755131
              ],
              [
                140.084742747,
                -2.626818954
              ],
              [
                140.08459924,
                -2.626895195
              ],
              [
                140.084429618,
                -2.626936654
              ],
              [
                140.084333491,
                -2.626921051
              ],
              [
                140.084145618,
                -2.626839202
              ],
              [
                140.083960638,
                -2.62677559
              ],
              [
                140.083729539,
                -2.626787668
              ],
              [
                140.083547759,
                -2.626837034
              ],
              [
                140.083440689,
                -2.626902511
              ],
              [
                140.083342996,
                -2.627009651
              ],
              [
                140.083263211,
                -2.627145661
              ],
              [
                140.083159991,
                -2.627321602
              ],
              [
                140.08313921,
                -2.627357024
              ],
              [
                140.083015316,
                -2.627568205
              ],
              [
                140.082852286,
                -2.627760294
              ],
              [
                140.082681855,
                -2.627961097
              ],
              [
                140.082460302,
                -2.628152781
              ],
              [
                140.082316765,
                -2.628221324
              ],
              [
                140.082206624,
                -2.628242518
              ],
              [
                140.081999399,
                -2.628239949
              ],
              [
                140.081737767,
                -2.628220941
              ],
              [
                140.081451355,
                -2.628225379
              ],
              [
                140.081264456,
                -2.628275148
              ],
              [
                140.081069688,
                -2.628348411
              ],
              [
                140.080795215,
                -2.628483355
              ],
              [
                140.080491789,
                -2.628666382
              ],
              [
                140.080151599,
                -2.628895808
              ],
              [
                140.079890171,
                -2.629091052
              ],
              [
                140.079695641,
                -2.629281036
              ],
              [
                140.079540268,
                -2.629531087
              ],
              [
                140.079420885,
                -2.629764438
              ],
              [
                140.079282193,
                -2.629996354
              ],
              [
                140.079081366,
                -2.630284582
              ],
              [
                140.078926661,
                -2.630444879
              ],
              [
                140.078731097,
                -2.630609244
              ],
              [
                140.078529313,
                -2.630778832
              ],
              [
                140.078500132,
                -2.630811013
              ],
              [
                140.078322269,
                -2.631007161
              ],
              [
                140.07817857,
                -2.631196304
              ],
              [
                140.078056212,
                -2.631416283
              ],
              [
                140.077964779,
                -2.631659868
              ],
              [
                140.077892377,
                -2.631917279
              ],
              [
                140.077813325,
                -2.632130533
              ],
              [
                140.07775119,
                -2.632567949
              ],
              [
                140.07762718,
                -2.632759503
              ],
              [
                140.077610988,
                -2.632784513
              ],
              [
                140.077583892,
                -2.632995753
              ],
              [
                140.077595293,
                -2.633150927
              ],
              [
                140.077178913,
                -2.633413353
              ],
              [
                140.077086764,
                -2.633643647
              ],
              [
                140.077258871,
                -2.634685219
              ],
              [
                140.077574233,
                -2.635401705
              ],
              [
                140.077774918,
                -2.636175507
              ],
              [
                140.07768891,
                -2.636806014
              ],
              [
                140.077459556,
                -2.637264565
              ],
              [
                140.077230203,
                -2.637780433
              ],
              [
                140.077155769,
                -2.638489807
              ],
              [
                140.077202603,
                -2.639427753
              ],
              [
                140.077057747,
                -2.640508297
              ],
              [
                140.077329747,
                -2.641466243
              ],
              [
                140.077499907,
                -2.641676958
              ],
              [
                140.077967602,
                -2.642256119
              ],
              [
                140.078503734,
                -2.643140436
              ],
              [
                140.078786341,
                -2.643606578
              ],
              [
                140.079734905,
                -2.643588721
              ],
              [
                140.079687835,
                -2.642870662
              ],
              [
                140.079069928,
                -2.641673496
              ],
              [
                140.078261804,
                -2.640236846
              ],
              [
                140.07845361,
                -2.63832226
              ],
              [
                140.079169107,
                -2.636264458
              ],
              [
                140.079836791,
                -2.634493828
              ],
              [
                140.080789819,
                -2.633058487
              ],
              [
                140.082266606,
                -2.631384191
              ],
              [
                140.084123409,
                -2.630763275
              ],
              [
                140.085749358,
                -2.630674368
              ],
              [
                140.085242467,
                -2.631856705
              ],
              [
                140.085031266,
                -2.632743456
              ],
              [
                140.085031266,
                -2.633461303
              ],
              [
                140.085031266,
                -2.634474736
              ],
              [
                140.085031266,
                -2.635192583
              ],
              [
                140.084739014,
                -2.636148868
              ],
              [
                140.084227255,
                -2.63712253
              ],
              [
                140.08361644,
                -2.637997179
              ],
              [
                140.083385323,
                -2.638657291
              ],
              [
                140.083451353,
                -2.639152374
              ],
              [
                140.083666342,
                -2.63968661
              ],
              [
                140.08407905,
                -2.640264209
              ],
              [
                140.084161596,
                -2.640676779
              ],
              [
                140.084161596,
                -2.641138858
              ],
              [
                140.084128575,
                -2.641600937
              ],
              [
                140.084211121,
                -2.642013504
              ],
              [
                140.084499064,
                -2.642757602
              ],
              [
                140.085032102,
                -2.643750965
              ],
              [
                140.085103486,
                -2.645250026
              ],
              [
                140.085103486,
                -2.6462494
              ],
              [
                140.084675183,
                -2.647605692
              ],
              [
                140.084532415,
                -2.648533682
              ],
              [
                140.084389648,
                -2.64924752
              ],
              [
                140.083747193,
                -2.649675823
              ],
              [
                140.083547447,
                -2.650600601
              ],
              [
                140.077071739,
                -2.651892312
              ],
              [
                140.070759381,
                -2.650228749
              ],
              [
                140.069195727,
                -2.650534926
              ],
              [
                140.066966114,
                -2.652018385
              ],
              [
                140.065624978,
                -2.651609255
              ],
              [
                140.064435717,
                -2.650650991
              ],
              [
                140.061982625,
                -2.651309127
              ],
              [
                140.060151523,
                -2.651006739
              ],
              [
                140.05884309,
                -2.650287721
              ],
              [
                140.058605727,
                -2.64944985
              ],
              [
                140.057124221,
                -2.648168944
              ],
              [
                140.055394334,
                -2.647413007
              ],
              [
                140.053966276,
                -2.647531582
              ],
              [
                140.053132841,
                -2.648129291
              ],
              [
                140.051759728,
                -2.648273254
              ],
              [
                140.050277818,
                -2.646930399
              ],
              [
                140.048493319,
                -2.646330676
              ],
              [
                140.047897877,
                -2.646928564
              ],
              [
                140.047897844,
                -2.646971792
              ],
              [
                140.047866465,
                -2.646972695
              ],
              [
                140.047738296,
                -2.647046942
              ],
              [
                140.046939366,
                -2.647509756
              ],
              [
                140.046808831,
                -2.647928695
              ],
              [
                140.046462206,
                -2.649041157
              ],
              [
                140.045842651,
                -2.650045901
              ],
              [
                140.044992501,
                -2.651233878
              ],
              [
                140.044807559,
                -2.651343372
              ],
              [
                140.044627367,
                -2.651452868
              ],
              [
                140.044488244,
                -2.651565571
              ],
              [
                140.044349121,
                -2.651678273
              ],
              [
                140.044209998,
                -2.651790975
              ],
              [
                140.04392072,
                -2.65196235
              ],
              [
                140.043697923,
                -2.65199554
              ],
              [
                140.043517813,
                -2.651998575
              ],
              [
                140.043337684,
                -2.652001618
              ],
              [
                140.043157574,
                -2.652004653
              ],
              [
                140.04289687,
                -2.652004451
              ],
              [
                140.042612498,
                -2.651994696
              ],
              [
                140.042542669,
                -2.65197583
              ],
              [
                140.042435575,
                -2.651946896
              ],
              [
                140.042258653,
                -2.651899087
              ],
              [
                140.042081739,
                -2.651851286
              ],
              [
                140.041806891,
                -2.651750971
              ],
              [
                140.041624501,
                -2.651629279
              ],
              [
                140.041442122,
                -2.651507589
              ],
              [
                140.041245477,
                -2.651419248
              ],
              [
                140.041048842,
                -2.651330916
              ],
              [
                140.040873493,
                -2.651294234
              ],
              [
                140.040698144,
                -2.651257553
              ],
              [
                140.040522806,
                -2.65122087
              ],
              [
                140.040333202,
                -2.651215956
              ],
              [
                140.040048804,
                -2.651230036
              ],
              [
                140.039859165,
                -2.651284706
              ],
              [
                140.039669524,
                -2.651339375
              ],
              [
                140.039380273,
                -2.651501215
              ],
              [
                140.039233242,
                -2.651613911
              ],
              [
                140.039086221,
                -2.651726608
              ],
              [
                140.0389392,
                -2.651839303
              ],
              [
                140.038799267,
                -2.651975045
              ],
              [
                140.038659334,
                -2.652110785
              ],
              [
                140.038502831,
                -2.652225056
              ],
              [
                140.038346328,
                -2.652339338
              ],
              [
                140.038142451,
                -2.652415444
              ],
              [
                140.037938582,
                -2.65249155
              ],
              [
                140.037744233,
                -2.6525057
              ],
              [
                140.037549884,
                -2.652519849
              ],
              [
                140.037296308,
                -2.652514884
              ],
              [
                140.037042733,
                -2.652509918
              ],
              [
                140.036837654,
                -2.652521653
              ],
              [
                140.036632576,
                -2.652533397
              ],
              [
                140.036427498,
                -2.652545131
              ],
              [
                140.036222429,
                -2.652556875
              ],
              [
                140.035844293,
                -2.653403213
              ],
              [
                140.035605668,
                -2.654216775
              ],
              [
                140.035462055,
                -2.655269751
              ],
              [
                140.035270768,
                -2.656418424
              ],
              [
                140.035222203,
                -2.657662944
              ],
              [
                140.034731009,
                -2.659079811
              ],
              [
                140.033506391,
                -2.660548012
              ],
              [
                140.03269646,
                -2.661504726
              ],
              [
                140.031934314,
                -2.662222138
              ],
              [
                140.031776857,
                -2.662339237
              ],
              [
                140.030648388,
                -2.663178474
              ],
              [
                140.029241311,
                -2.664086715
              ],
              [
                140.029018367,
                -2.664305809
              ],
              [
                140.02871496,
                -2.664377067
              ],
              [
                140.028449443,
                -2.664491249
              ],
              [
                140.028250163,
                -2.664734198
              ],
              [
                140.02812913,
                -2.664946208
              ],
              [
                140.028008096,
                -2.665158227
              ],
              [
                140.027891818,
                -2.665360715
              ],
              [
                140.027775532,
                -2.665563214
              ],
              [
                140.027688498,
                -2.665733151
              ],
              [
                140.027601463,
                -2.665903099
              ],
              [
                140.027514437,
                -2.666073036
              ],
              [
                140.027357787,
                -2.666358905
              ],
              [
                140.027196441,
                -2.666611407
              ],
              [
                140.027079396,
                -2.666771796
              ],
              [
                140.026962352,
                -2.666932175
              ],
              [
                140.026845306,
                -2.667092565
              ],
              [
                140.026702946,
                -2.667292653
              ],
              [
                140.026560584,
                -2.667492732
              ],
              [
                140.026356559,
                -2.667764269
              ],
              [
                140.026190011,
                -2.667870561
              ],
              [
                140.026023464,
                -2.667976862
              ],
              [
                140.02585198,
                -2.667955251
              ],
              [
                140.025690027,
                -2.667892696
              ],
              [
                140.025344418,
                -2.667991377
              ],
              [
                140.025065647,
                -2.667901615
              ],
              [
                140.024442587,
                -2.667816671
              ],
              [
                140.024256646,
                -2.667776373
              ],
              [
                140.024074707,
                -2.667701681
              ],
              [
                140.023911263,
                -2.667601168
              ],
              [
                140.023804179,
                -2.667500554
              ],
              [
                140.023699038,
                -2.667342874
              ],
              [
                140.023432058,
                -2.666692051
              ],
              [
                140.023334242,
                -2.666531711
              ],
              [
                140.023204859,
                -2.666372597
              ],
              [
                140.022721022,
                -2.66584798
              ],
              [
                140.022545903,
                -2.665682215
              ],
              [
                140.022308016,
                -2.66549243
              ],
              [
                140.022025193,
                -2.665301349
              ],
              [
                140.021702736,
                -2.66511612
              ],
              [
                140.021474375,
                -2.665011932
              ],
              [
                140.021134711,
                -2.664901855
              ],
              [
                140.020949793,
                -2.664871557
              ],
              [
                140.020695342,
                -2.664863778
              ],
              [
                140.020505259,
                -2.664876307
              ],
              [
                140.020322698,
                -2.664914845
              ],
              [
                140.020139393,
                -2.664994099
              ],
              [
                140.019877447,
                -2.665132479
              ],
              [
                140.019736791,
                -2.665183829
              ],
              [
                140.019632505,
                -2.665197427
              ],
              [
                140.019527102,
                -2.665192518
              ],
              [
                140.019368923,
                -2.665138104
              ],
              [
                140.019273242,
                -2.66506526
              ],
              [
                140.019194326,
                -2.664974846
              ],
              [
                140.01911733,
                -2.664844775
              ],
              [
                140.019079237,
                -2.664748789
              ],
              [
                140.019018114,
                -2.664479832
              ],
              [
                140.018877435,
                -2.663860816
              ],
              [
                140.018791029,
                -2.663567278
              ],
              [
                140.018664826,
                -2.663041521
              ],
              [
                140.018604886,
                -2.662729824
              ],
              [
                140.018510355,
                -2.662495583
              ],
              [
                140.018416101,
                -2.662359761
              ],
              [
                140.018333122,
                -2.662282836
              ],
              [
                140.018248191,
                -2.662226145
              ],
              [
                140.018099323,
                -2.662164618
              ],
              [
                140.017920977,
                -2.662144642
              ],
              [
                140.01774305,
                -2.662163725
              ],
              [
                140.017630152,
                -2.662202749
              ],
              [
                140.017529685,
                -2.662268909
              ],
              [
                140.017445226,
                -2.662351402
              ],
              [
                140.017268404,
                -2.6625804
              ],
              [
                140.017136599,
                -2.662697906
              ],
              [
                140.017034323,
                -2.662747436
              ],
              [
                140.016930604,
                -2.662770253
              ],
              [
                140.016824738,
                -2.662774117
              ],
              [
                140.016719524,
                -2.662759131
              ],
              [
                140.016641907,
                -2.662731168
              ],
              [
                140.01660146,
                -2.662716597
              ],
              [
                140.016508374,
                -2.662658964
              ],
              [
                140.016428705,
                -2.66257959
              ],
              [
                140.016369569,
                -2.662488429
              ],
              [
                140.016318524,
                -2.662374993
              ],
              [
                140.016241695,
                -2.662134886
              ],
              [
                140.016219987,
                -2.662033578
              ],
              [
                140.016217717,
                -2.66198724
              ],
              [
                140.016216186,
                -2.661991611
              ],
              [
                140.016085518,
                -2.661952411
              ],
              [
                140.015898776,
                -2.661896389
              ],
              [
                140.015502348,
                -2.66177746
              ],
              [
                140.014859893,
                -2.660563935
              ],
              [
                140.01443159,
                -2.660278399
              ],
              [
                140.014265973,
                -2.660499223
              ],
              [
                140.014003287,
                -2.66084947
              ],
              [
                140.013309278,
                -2.661127074
              ],
              [
                140.013160332,
                -2.660951048
              ],
              [
                140.012785796,
                -2.660508414
              ],
              [
                140.012640642,
                -2.660250361
              ],
              [
                140.012357493,
                -2.659746987
              ],
              [
                140.011834012,
                -2.659033148
              ],
              [
                140.01135812,
                -2.659413862
              ],
              [
                140.01135812,
                -2.659794576
              ],
              [
                140.011881601,
                -2.660175289
              ],
              [
                140.011893375,
                -2.660281257
              ],
              [
                140.01192919,
                -2.660603592
              ],
              [
                140.011486331,
                -2.660825023
              ],
              [
                140.010977406,
                -2.661079485
              ],
              [
                140.010818236,
                -2.660902629
              ],
              [
                140.010549103,
                -2.660603592
              ],
              [
                140.010787049,
                -2.659413862
              ],
              [
                140.010691871,
                -2.659128327
              ],
              [
                140.010596692,
                -2.659080737
              ],
              [
                140.010006782,
                -2.660033669
              ],
              [
                140.009978032,
                -2.660080111
              ],
              [
                140.009454551,
                -2.660793949
              ],
              [
                140.009130423,
                -2.660284606
              ],
              [
                140.009121426,
                -2.660270468
              ],
              [
                140.008502767,
                -2.6601277
              ],
              [
                140.007794893,
                -2.66041085
              ],
              [
                140.007787467,
                -2.660413418
              ],
              [
                140.007323776,
                -2.66047138
              ],
              [
                140.00712313,
                -2.66049646
              ],
              [
                140.006646787,
                -2.660556003
              ],
              [
                140.006075716,
                -2.660222879
              ],
              [
                140.00583777,
                -2.65955663
              ],
              [
                140.005409467,
                -2.659080737
              ],
              [
                140.005067173,
                -2.659348155
              ],
              [
                140.005046341,
                -2.659328325
              ],
              [
                140.004940999,
                -2.659274227
              ],
              [
                140.004777217,
                -2.659241675
              ],
              [
                140.004513612,
                -2.659249703
              ],
              [
                140.004322526,
                -2.659255518
              ],
              [
                140.004135829,
                -2.659261201
              ],
              [
                140.00392769,
                -2.65923356
              ],
              [
                140.003796343,
                -2.659179124
              ],
              [
                140.003685274,
                -2.65913309
              ],
              [
                140.003507281,
                -2.659031752
              ],
              [
                140.003335815,
                -2.658910815
              ],
              [
                140.003170898,
                -2.658770274
              ],
              [
                140.003037432,
                -2.658622838
              ],
              [
                140.002903974,
                -2.658475392
              ],
              [
                140.002770517,
                -2.658327956
              ],
              [
                140.00273513,
                -2.658126424
              ],
              [
                140.002699735,
                -2.657924902
              ],
              [
                140.002683749,
                -2.657713643
              ],
              [
                140.002667764,
                -2.657502385
              ],
              [
                140.002613016,
                -2.65726184
              ],
              [
                140.002558277,
                -2.657021306
              ],
              [
                140.002506808,
                -2.656715763
              ],
              [
                140.002439102,
                -2.656517462
              ],
              [
                140.002371384,
                -2.656319159
              ],
              [
                140.002235833,
                -2.656101301
              ],
              [
                140.002100275,
                -2.655883451
              ],
              [
                140.001916183,
                -2.655750048
              ],
              [
                140.001732082,
                -2.655616654
              ],
              [
                140.001557613,
                -2.655551511
              ],
              [
                140.001383163,
                -2.655486375
              ],
              [
                140.001208704,
                -2.655421232
              ],
              [
                140.000982438,
                -2.655473042
              ],
              [
                140.000756183,
                -2.655524861
              ],
              [
                140.000424014,
                -2.655572118
              ],
              [
                140.00002035,
                -2.655650293
              ],
              [
                140.000000057,
                -2.655647861
              ],
              [
                140.000000018,
                -2.655647858
              ],
              [
                139.999999981,
                -2.655647846
              ],
              [
                139.999988887,
                -2.655642706
              ],
              [
                139.999885396,
                -2.655594739
              ],
              [
                139.999754609,
                -2.655493881
              ],
              [
                139.99964792,
                -2.655348827
              ],
              [
                139.99957294,
                -2.65518957
              ],
              [
                139.999557608,
                -2.655071213
              ],
              [
                139.999557862,
                -2.654911157
              ],
              [
                139.999582471,
                -2.654713392
              ],
              [
                139.999675995,
                -2.654406954
              ],
              [
                139.999774787,
                -2.654070035
              ],
              [
                139.999858751,
                -2.653627722
              ],
              [
                139.999880177,
                -2.65334789
              ],
              [
                139.999859984,
                -2.652999098
              ],
              [
                139.999801925,
                -2.65286152
              ],
              [
                139.999754125,
                -2.652728924
              ],
              [
                139.999614217,
                -2.652572029
              ],
              [
                139.999458933,
                -2.652410248
              ],
              [
                139.999293388,
                -2.652243482
              ],
              [
                139.999147938,
                -2.652055908
              ],
              [
                139.999033736,
                -2.651914032
              ],
              [
                139.998898988,
                -2.651762189
              ],
              [
                139.998739652,
                -2.651672245
              ],
              [
                139.998525434,
                -2.651665115
              ],
              [
                139.998337585,
                -2.651719128
              ],
              [
                139.998181427,
                -2.651849576
              ],
              [
                139.998056226,
                -2.652005214
              ],
              [
                139.997982069,
                -2.652165236
              ],
              [
                139.997959389,
                -2.65236037
              ],
              [
                139.997962508,
                -2.652575652
              ],
              [
                139.997965763,
                -2.652801184
              ],
              [
                139.997968131,
                -2.652965211
              ],
              [
                139.997963172,
                -2.653325589
              ],
              [
                139.997942548,
                -2.653570775
              ],
              [
                139.99791557,
                -2.65381838
              ],
              [
                139.997797755,
                -2.654108462
              ],
              [
                139.997664142,
                -2.654323478
              ],
              [
                139.997529408,
                -2.654454189
              ],
              [
                139.997338154,
                -2.654513571
              ],
              [
                139.997129367,
                -2.65450877
              ],
              [
                139.99697836,
                -2.654441147
              ],
              [
                139.996853847,
                -2.654335717
              ],
              [
                139.996718472,
                -2.654116095
              ],
              [
                139.996610125,
                -2.653761324
              ],
              [
                139.996544378,
                -2.653396248
              ],
              [
                139.996408139,
                -2.653098794
              ],
              [
                139.996264445,
                -2.652942213
              ],
              [
                139.996036812,
                -2.65289489
              ],
              [
                139.995865392,
                -2.652966483
              ],
              [
                139.995765496,
                -2.65305257
              ],
              [
                139.995654904,
                -2.65325154
              ],
              [
                139.995569864,
                -2.653499252
              ],
              [
                139.995500436,
                -2.653761495
              ],
              [
                139.995440303,
                -2.653930383
              ],
              [
                139.995340356,
                -2.654070537
              ],
              [
                139.995259447,
                -2.654147234
              ],
              [
                139.995007012,
                -2.654237132
              ],
              [
                139.994893954,
                -2.654261029
              ],
              [
                139.994793723,
                -2.654338469
              ],
              [
                139.994731898,
                -2.654407934
              ],
              [
                139.994687115,
                -2.65452864
              ],
              [
                139.994687739,
                -2.654656203
              ],
              [
                139.994769662,
                -2.654828184
              ],
              [
                139.99496985,
                -2.654999864
              ],
              [
                139.995208839,
                -2.655118097
              ],
              [
                139.995396058,
                -2.655288128
              ],
              [
                139.995469893,
                -2.655473381
              ],
              [
                139.995477505,
                -2.655669889
              ],
              [
                139.995461294,
                -2.655806772
              ],
              [
                139.995341424,
                -2.655932574
              ],
              [
                139.995130285,
                -2.656033831
              ],
              [
                139.9948694,
                -2.656072153
              ],
              [
                139.994611388,
                -2.656073596
              ],
              [
                139.994412724,
                -2.655997024
              ],
              [
                139.994288633,
                -2.655902395
              ],
              [
                139.994112313,
                -2.655736289
              ],
              [
                139.99392098,
                -2.655626979
              ],
              [
                139.993701859,
                -2.655577164
              ],
              [
                139.993449696,
                -2.655563245
              ],
              [
                139.99327218,
                -2.655477184
              ],
              [
                139.993144512,
                -2.655345934
              ],
              [
                139.993018554,
                -2.655147567
              ],
              [
                139.992797407,
                -2.654989691
              ],
              [
                139.992531606,
                -2.654956846
              ],
              [
                139.992292721,
                -2.655063507
              ],
              [
                139.992158693,
                -2.655267714
              ],
              [
                139.992145141,
                -2.6554737
              ],
              [
                139.992230719,
                -2.655684472
              ],
              [
                139.992349707,
                -2.655813896
              ],
              [
                139.992458933,
                -2.655913425
              ],
              [
                139.992559657,
                -2.656015463
              ],
              [
                139.992591243,
                -2.656109383
              ],
              [
                139.992589147,
                -2.656221927
              ],
              [
                139.992504308,
                -2.65636366
              ],
              [
                139.992351567,
                -2.656473439
              ],
              [
                139.992130674,
                -2.656544801
              ],
              [
                139.991975084,
                -2.656581164
              ],
              [
                139.991802492,
                -2.656622524
              ],
              [
                139.991363551,
                -2.656672132
              ],
              [
                139.991235884,
                -2.656707406
              ],
              [
                139.99111805,
                -2.656774736
              ],
              [
                139.990973335,
                -2.656925299
              ],
              [
                139.990813586,
                -2.657076459
              ],
              [
                139.990629364,
                -2.657150699
              ],
              [
                139.990400664,
                -2.657131533
              ],
              [
                139.990185632,
                -2.657020998
              ],
              [
                139.990047902,
                -2.656907434
              ],
              [
                139.989963022,
                -2.656770187
              ],
              [
                139.989830862,
                -2.656355803
              ],
              [
                139.989769893,
                -2.656113788
              ],
              [
                139.989662958,
                -2.655962267
              ],
              [
                139.989483696,
                -2.655887093
              ],
              [
                139.989364699,
                -2.655924193
              ],
              [
                139.989280442,
                -2.656081038
              ],
              [
                139.989271392,
                -2.6563474
              ],
              [
                139.989267868,
                -2.656589759
              ],
              [
                139.989202764,
                -2.656741528
              ],
              [
                139.989052559,
                -2.656805802
              ],
              [
                139.988858556,
                -2.656793928
              ],
              [
                139.988742828,
                -2.656748713
              ],
              [
                139.988617013,
                -2.656664963
              ],
              [
                139.988449962,
                -2.656572017
              ],
              [
                139.988219598,
                -2.656509656
              ],
              [
                139.987965216,
                -2.656493662
              ],
              [
                139.98772256,
                -2.656503151
              ],
              [
                139.987554576,
                -2.656496744
              ],
              [
                139.987409869,
                -2.656480776
              ],
              [
                139.987305639,
                -2.656454585
              ],
              [
                139.987209322,
                -2.656410768
              ],
              [
                139.987108837,
                -2.656315218
              ],
              [
                139.987046748,
                -2.656155446
              ],
              [
                139.987024722,
                -2.656030868
              ],
              [
                139.987033578,
                -2.655870487
              ],
              [
                139.987125183,
                -2.655737139
              ],
              [
                139.987343803,
                -2.655551258
              ],
              [
                139.987630882,
                -2.655356188
              ],
              [
                139.987791942,
                -2.655183357
              ],
              [
                139.987836711,
                -2.655006425
              ],
              [
                139.987801222,
                -2.654867245
              ],
              [
                139.987689679,
                -2.654763471
              ],
              [
                139.987499448,
                -2.654682238
              ],
              [
                139.987308724,
                -2.654644297
              ],
              [
                139.987085232,
                -2.654648709
              ],
              [
                139.986838463,
                -2.654662679
              ],
              [
                139.986531394,
                -2.654674692
              ],
              [
                139.98627065,
                -2.654661117
              ],
              [
                139.986097424,
                -2.654574886
              ],
              [
                139.985998851,
                -2.65447278
              ],
              [
                139.985970482,
                -2.654350611
              ],
              [
                139.985976861,
                -2.654237898
              ],
              [
                139.986036352,
                -2.654107969
              ],
              [
                139.986160988,
                -2.653938728
              ],
              [
                139.986260779,
                -2.65379426
              ],
              [
                139.986314577,
                -2.65368402
              ],
              [
                139.986324596,
                -2.65355386
              ],
              [
                139.98632042,
                -2.653445886
              ],
              [
                139.986218267,
                -2.653234441
              ],
              [
                139.9860881,
                -2.65306934
              ],
              [
                139.986017944,
                -2.652986723
              ],
              [
                139.985820571,
                -2.652917911
              ],
              [
                139.985688647,
                -2.652900997
              ],
              [
                139.985592232,
                -2.652889609
              ],
              [
                139.985500772,
                -2.652888512
              ],
              [
                139.985363583,
                -2.652886861
              ],
              [
                139.985231467,
                -2.652885269
              ],
              [
                139.985104142,
                -2.652909289
              ],
              [
                139.984961379,
                -2.652948457
              ],
              [
                139.984838528,
                -2.653023634
              ],
              [
                139.984694915,
                -2.653134334
              ],
              [
                139.984571514,
                -2.653255499
              ],
              [
                139.984463833,
                -2.653335971
              ],
              [
                139.984320529,
                -2.653421127
              ],
              [
                139.984182731,
                -2.653470574
              ],
              [
                139.984096412,
                -2.653464423
              ],
              [
                139.984046034,
                -2.653428046
              ],
              [
                139.984006353,
                -2.653345796
              ],
              [
                139.983967531,
                -2.653192015
              ],
              [
                139.983933482,
                -2.653063845
              ],
              [
                139.98387434,
                -2.652909811
              ],
              [
                139.983769035,
                -2.65279101
              ],
              [
                139.983683024,
                -2.652759305
              ],
              [
                139.983561073,
                -2.652757838
              ],
              [
                139.983397932,
                -2.652801866
              ],
              [
                139.98335141,
                -2.652867743
              ],
              [
                139.983334889,
                -2.652974866
              ],
              [
                139.983338455,
                -2.653102675
              ],
              [
                139.983352359,
                -2.65321527
              ],
              [
                139.983361423,
                -2.653307372
              ],
              [
                139.983339945,
                -2.653404206
              ],
              [
                139.983201838,
                -2.653479208
              ],
              [
                139.983038273,
                -2.653558999
              ],
              [
                139.982865209,
                -2.653582475
              ],
              [
                139.982595672,
                -2.653599666
              ],
              [
                139.982508628,
                -2.653654836
              ],
              [
                139.982457083,
                -2.653715544
              ],
              [
                139.982394715,
                -2.653832335
              ],
              [
                139.98232744,
                -2.653933726
              ],
              [
                139.982244262,
                -2.654091152
              ],
              [
                139.982115344,
                -2.654248024
              ],
              [
                139.98200718,
                -2.654369374
              ],
              [
                139.981904349,
                -2.654470347
              ],
              [
                139.981756387,
                -2.654519668
              ],
              [
                139.981627244,
                -2.65452707
              ],
              [
                139.98166821,
                -2.654761052
              ],
              [
                139.981765059,
                -2.654924605
              ],
              [
                139.981892411,
                -2.655097981
              ],
              [
                139.982033154,
                -2.655263634
              ],
              [
                139.982176457,
                -2.655433785
              ],
              [
                139.982306635,
                -2.655616261
              ],
              [
                139.982405063,
                -2.655807523
              ],
              [
                139.982434013,
                -2.656032895
              ],
              [
                139.982427795,
                -2.656288094
              ],
              [
                139.982335579,
                -2.656529711
              ],
              [
                139.98218962,
                -2.656758202
              ],
              [
                139.982017421,
                -2.657011373
              ],
              [
                139.981909585,
                -2.657302538
              ],
              [
                139.981879365,
                -2.657540586
              ],
              [
                139.981406887,
                -2.65965688
              ],
              [
                139.980276643,
                -2.662155314
              ],
              [
                139.979622291,
                -2.66393991
              ],
              [
                139.978751429,
                -2.664979202
              ],
              [
                139.978289295,
                -2.665530716
              ],
              [
                139.978041269,
                -2.665826711
              ],
              [
                139.976053099,
                -2.665070154
              ],
              [
                139.974871382,
                -2.664833811
              ],
              [
                139.974565936,
                -2.664772722
              ],
              [
                139.973692949,
                -2.664663598
              ],
              [
                139.973614152,
                -2.664653748
              ],
              [
                139.97302601,
                -2.664629243
              ],
              [
                139.972186475,
                -2.664594262
              ],
              [
                139.970923904,
                -2.663668748
              ],
              [
                139.969978532,
                -2.662975752
              ],
              [
                139.968648629,
                -2.662410582
              ],
              [
                139.96853724,
                -2.662337967
              ],
              [
                139.967538036,
                -2.661906327
              ],
              [
                139.967469322,
                -2.66190941
              ],
              [
                139.965926652,
                -2.661253819
              ],
              [
                139.965823993,
                -2.661210192
              ],
              [
                139.965013349,
                -2.660600746
              ],
              [
                139.96320401,
                -2.659240475
              ],
              [
                139.962668471,
                -2.658763422
              ],
              [
                139.961505271,
                -2.657727256
              ],
              [
                139.960624434,
                -2.657525991
              ],
              [
                139.95984897,
                -2.657348803
              ],
              [
                139.958635445,
                -2.657241727
              ],
              [
                139.957778839,
                -2.657598647
              ],
              [
                139.956838889,
                -2.658134814
              ],
              [
                139.955324106,
                -2.65899888
              ],
              [
                139.955407097,
                -2.659527309
              ],
              [
                139.954940141,
                -2.659849568
              ],
              [
                139.954130976,
                -2.659848878
              ],
              [
                139.953321932,
                -2.65970459
              ],
              [
                139.952846559,
                -2.658986188
              ],
              [
                139.952466543,
                -2.658076402
              ],
              [
                139.951800415,
                -2.657788635
              ],
              [
                139.951039012,
                -2.65759652
              ],
              [
                139.950039499,
                -2.6575478
              ],
              [
                139.948373658,
                -2.657450643
              ],
              [
                139.947433101,
                -2.65710578
              ],
              [
                139.946280007,
                -2.656682988
              ],
              [
                139.94466189,
                -2.656442268
              ],
              [
                139.943774683,
                -2.655530388
              ],
              [
                139.942802867,
                -2.655091472
              ],
              [
                139.942017812,
                -2.6547318
              ],
              [
                139.941054207,
                -2.654443773
              ],
              [
                139.940126177,
                -2.654299375
              ],
              [
                139.939340819,
                -2.654298698
              ],
              [
                139.93869813,
                -2.654441743
              ],
              [
                139.937984107,
                -2.654512926
              ],
              [
                139.937341694,
                -2.654332873
              ],
              [
                139.936861893,
                -2.653852757
              ],
              [
                139.936344418,
                -2.651675439
              ],
              [
                139.935952476,
                -2.650813509
              ],
              [
                139.935382167,
                -2.649807827
              ],
              [
                139.934840066,
                -2.648904429
              ],
              [
                139.934977552,
                -2.648672288
              ],
              [
                139.935163322,
                -2.64850731
              ],
              [
                139.935313333,
                -2.648414101
              ],
              [
                139.935535549,
                -2.648412835
              ],
              [
                139.935803456,
                -2.64862418
              ],
              [
                139.936118294,
                -2.648800216
              ],
              [
                139.936406879,
                -2.648938554
              ],
              [
                139.936690457,
                -2.648947817
              ],
              [
                139.936992341,
                -2.648957658
              ],
              [
                139.937257929,
                -2.648957118
              ],
              [
                139.937523516,
                -2.648956569
              ],
              [
                139.937753403,
                -2.648927242
              ],
              [
                139.937982105,
                -2.648934703
              ],
              [
                139.938538645,
                -2.648998908
              ],
              [
                139.93881279,
                -2.649017055
              ],
              [
                139.939143001,
                -2.649000206
              ],
              [
                139.939390887,
                -2.648980664
              ],
              [
                139.939628737,
                -2.648988413
              ],
              [
                139.939994061,
                -2.649018749
              ],
              [
                139.939495658,
                -2.646790015
              ],
              [
                139.939353232,
                -2.646359096
              ],
              [
                139.939246657,
                -2.64574871
              ],
              [
                139.939318572,
                -2.645138478
              ],
              [
                139.939675794,
                -2.644851588
              ],
              [
                139.939732471,
                -2.643943038
              ],
              [
                139.93975141,
                -2.643639766
              ],
              [
                139.939764473,
                -2.643234979
              ],
              [
                139.939773369,
                -2.642958988
              ],
              [
                139.939745389,
                -2.642691006
              ],
              [
                139.939690252,
                -2.642412926
              ],
              [
                139.939681158,
                -2.642127141
              ],
              [
                139.939652875,
                -2.641868359
              ],
              [
                139.939631954,
                -2.641665069
              ],
              [
                139.939619599,
                -2.641480476
              ],
              [
                139.93962553,
                -2.641296475
              ],
              [
                139.939650355,
                -2.64109469
              ],
              [
                139.939707613,
                -2.641022891
              ],
              [
                139.939820357,
                -2.640934468
              ],
              [
                139.94024744,
                -2.640683095
              ],
              [
                139.940244868,
                -2.640467937
              ],
              [
                139.940244576,
                -2.640443548
              ],
              [
                139.940234897,
                -2.640251692
              ],
              [
                139.940214808,
                -2.640054155
              ],
              [
                139.940152819,
                -2.63967967
              ],
              [
                139.940120444,
                -2.639534949
              ],
              [
                139.940125423,
                -2.6393808
              ],
              [
                139.940131595,
                -2.639189454
              ],
              [
                139.940153104,
                -2.639014567
              ],
              [
                139.94016796,
                -2.638882026
              ],
              [
                139.940179935,
                -2.638674893
              ],
              [
                139.940192079,
                -2.638462459
              ],
              [
                139.940155282,
                -2.638290987
              ],
              [
                139.940139965,
                -2.638109575
              ],
              [
                139.940155678,
                -2.637950458
              ],
              [
                139.940202081,
                -2.637824268
              ],
              [
                139.940312245,
                -2.63768952
              ],
              [
                139.940428215,
                -2.637538991
              ],
              [
                139.940520669,
                -2.637297246
              ],
              [
                139.940536382,
                -2.637138131
              ],
              [
                139.940508611,
                -2.637014843
              ],
              [
                139.940429183,
                -2.636852615
              ],
              [
                139.940291798,
                -2.636683192
              ],
              [
                139.940158141,
                -2.636561776
              ],
              [
                139.940019554,
                -2.636462164
              ],
              [
                139.939864251,
                -2.636356009
              ],
              [
                139.939713546,
                -2.636271276
              ],
              [
                139.939539158,
                -2.636100636
              ],
              [
                139.939458704,
                -2.635970312
              ],
              [
                139.93945242,
                -2.635837082
              ],
              [
                139.939433024,
                -2.635618282
              ],
              [
                139.939351226,
                -2.635365533
              ],
              [
                139.939300974,
                -2.635119123
              ],
              [
                139.939307486,
                -2.634917142
              ],
              [
                139.939312806,
                -2.634752363
              ],
              [
                139.939350692,
                -2.63456206
              ],
              [
                139.939392654,
                -2.634409107
              ],
              [
                139.939457141,
                -2.634214349
              ],
              [
                139.93957279,
                -2.633909494
              ],
              [
                139.939636593,
                -2.633736001
              ],
              [
                139.939685046,
                -2.633546012
              ],
              [
                139.939765037,
                -2.633362402
              ],
              [
                139.939808209,
                -2.633172256
              ],
              [
                139.939867406,
                -2.63297731
              ],
              [
                139.93992063,
                -2.632803455
              ],
              [
                139.939989888,
                -2.632624801
              ],
              [
                139.94011097,
                -2.632479767
              ],
              [
                139.940242787,
                -2.63232976
              ],
              [
                139.940402747,
                -2.632127457
              ],
              [
                139.940455122,
                -2.631980186
              ],
              [
                139.940504433,
                -2.631763623
              ],
              [
                139.940527145,
                -2.631551533
              ],
              [
                139.940533315,
                -2.631360178
              ],
              [
                139.94056626,
                -2.631159052
              ],
              [
                139.940635166,
                -2.630991034
              ],
              [
                139.940751818,
                -2.63081925
              ],
              [
                139.940804535,
                -2.630661333
              ],
              [
                139.940830298,
                -2.630518516
              ],
              [
                139.940857273,
                -2.630338487
              ],
              [
                139.940873503,
                -2.630163424
              ],
              [
                139.940879496,
                -2.629977387
              ],
              [
                139.940886359,
                -2.629764759
              ],
              [
                139.940891495,
                -2.629605309
              ],
              [
                139.940892727,
                -2.629403151
              ],
              [
                139.940872647,
                -2.629205622
              ],
              [
                139.940825107,
                -2.629039117
              ],
              [
                139.940702886,
                -2.628891479
              ],
              [
                139.940507695,
                -2.628709505
              ],
              [
                139.940326993,
                -2.628570592
              ],
              [
                139.940172199,
                -2.62844849
              ],
              [
                139.940016723,
                -2.628347644
              ],
              [
                139.939833787,
                -2.628277818
              ],
              [
                139.939634319,
                -2.628228739
              ],
              [
                139.939454787,
                -2.628217569
              ],
              [
                139.939153687,
                -2.628202422
              ],
              [
                139.938975015,
                -2.628164677
              ],
              [
                139.938798226,
                -2.628068452
              ],
              [
                139.938657065,
                -2.628015949
              ],
              [
                139.938510955,
                -2.627952667
              ],
              [
                139.938268171,
                -2.627934098
              ],
              [
                139.938104839,
                -2.62791281
              ],
              [
                139.937990102,
                -2.627861179
              ],
              [
                139.93785065,
                -2.627755535
              ],
              [
                139.937699602,
                -2.62768144
              ],
              [
                139.937602783,
                -2.627566541
              ],
              [
                139.937526416,
                -2.627473579
              ],
              [
                139.937407943,
                -2.627373949
              ],
              [
                139.937320657,
                -2.627291289
              ],
              [
                139.937266638,
                -2.627161827
              ],
              [
                139.937249953,
                -2.627022928
              ],
              [
                139.937170699,
                -2.62685539
              ],
              [
                139.937058872,
                -2.626713406
              ],
              [
                139.936929831,
                -2.626613424
              ],
              [
                139.93679072,
                -2.626497151
              ],
              [
                139.936630472,
                -2.626380181
              ],
              [
                139.936466654,
                -2.626209885
              ],
              [
                139.936334384,
                -2.626045939
              ],
              [
                139.936229555,
                -2.625850962
              ],
              [
                139.936134963,
                -2.625666966
              ],
              [
                139.936025371,
                -2.625455886
              ],
              [
                139.935920894,
                -2.625250272
              ],
              [
                139.935875588,
                -2.625014668
              ],
              [
                139.935884129,
                -2.624913863
              ],
              [
                139.935923699,
                -2.624835327
              ],
              [
                139.93601255,
                -2.62470521
              ],
              [
                139.936096453,
                -2.62456428
              ],
              [
                139.936147627,
                -2.624454213
              ],
              [
                139.93615243,
                -2.62430538
              ],
              [
                139.93616303,
                -2.62414077
              ],
              [
                139.936187085,
                -2.624051113
              ],
              [
                139.936243196,
                -2.62395184
              ],
              [
                139.936258567,
                -2.623803352
              ],
              [
                139.936264053,
                -2.623633265
              ],
              [
                139.93624822,
                -2.623467799
              ],
              [
                139.936253198,
                -2.623313658
              ],
              [
                139.936300967,
                -2.623144935
              ],
              [
                139.936400727,
                -2.623004524
              ],
              [
                139.936484805,
                -2.622858293
              ],
              [
                139.936527295,
                -2.622689405
              ],
              [
                139.936537718,
                -2.62253012
              ],
              [
                139.936546776,
                -2.622413351
              ],
              [
                139.936514623,
                -2.622240588
              ],
              [
                139.936509267,
                -2.622191286
              ],
              [
                139.936495371,
                -2.62213881
              ],
              [
                139.936475623,
                -2.622089947
              ],
              [
                139.936457672,
                -2.622044251
              ],
              [
                139.936433438,
                -2.621984077
              ],
              [
                139.936385392,
                -2.621896295
              ],
              [
                139.936360695,
                -2.621851045
              ],
              [
                139.936322052,
                -2.621812116
              ],
              [
                139.936254196,
                -2.621748287
              ],
              [
                139.936209251,
                -2.621717042
              ],
              [
                139.936151275,
                -2.621669504
              ],
              [
                139.936110385,
                -2.621627407
              ],
              [
                139.936082537,
                -2.621586678
              ],
              [
                139.936033126,
                -2.62151789
              ],
              [
                139.936004376,
                -2.621478968
              ],
              [
                139.935975628,
                -2.621437335
              ],
              [
                139.935942847,
                -2.621380319
              ],
              [
                139.935924454,
                -2.62132603
              ],
              [
                139.935922695,
                -2.621276731
              ],
              [
                139.935917821,
                -2.621191699
              ],
              [
                139.935916146,
                -2.621044706
              ],
              [
                139.935916651,
                -2.620979579
              ],
              [
                139.935914903,
                -2.620918972
              ],
              [
                139.935908223,
                -2.620841174
              ],
              [
                139.935887153,
                -2.620762009
              ],
              [
                139.935858408,
                -2.620716304
              ],
              [
                139.935759122,
                -2.6205932
              ],
              [
                139.93572137,
                -2.620564222
              ],
              [
                139.935663387,
                -2.620526632
              ],
              [
                139.935588293,
                -2.620513904
              ],
              [
                139.935506908,
                -2.620495292
              ],
              [
                139.935459698,
                -2.62048304
              ],
              [
                139.935376064,
                -2.620463973
              ],
              [
                139.935293785,
                -2.620440837
              ],
              [
                139.935228155,
                -2.620404145
              ],
              [
                139.935187256,
                -2.620372451
              ],
              [
                139.935143666,
                -2.620333971
              ],
              [
                139.935130217,
                -2.620282851
              ],
              [
                139.935119515,
                -2.620174295
              ],
              [
                139.935111087,
                -2.6200377
              ],
              [
                139.93510935,
                -2.61996262
              ],
              [
                139.935109402,
                -2.619901564
              ],
              [
                139.935102272,
                -2.619823766
              ],
              [
                139.935089269,
                -2.61977717
              ],
              [
                139.93506727,
                -2.619733279
              ],
              [
                139.935025938,
                -2.619682138
              ],
              [
                139.934988189,
                -2.619649089
              ],
              [
                139.934935604,
                -2.619610148
              ],
              [
                139.934856497,
                -2.619557164
              ],
              [
                139.93477963,
                -2.619514132
              ],
              [
                139.934707257,
                -2.619475627
              ],
              [
                139.934524304,
                -2.619373708
              ],
              [
                139.934456443,
                -2.61931802
              ],
              [
                139.934406114,
                -2.619270035
              ],
              [
                139.934345905,
                -2.61920576
              ],
              [
                139.934320305,
                -2.619165938
              ],
              [
                139.934295603,
                -2.619125663
              ],
              [
                139.934271811,
                -2.619074083
              ],
              [
                139.934255228,
                -2.619007584
              ],
              [
                139.934239524,
                -2.6189637
              ],
              [
                139.934213474,
                -2.618924782
              ],
              [
                139.93417574,
                -2.618872737
              ],
              [
                139.934073277,
                -2.61878536
              ],
              [
                139.934005398,
                -2.618751382
              ],
              [
                139.933963142,
                -2.618727828
              ],
              [
                139.933906949,
                -2.618701095
              ],
              [
                139.933851648,
                -2.618683409
              ],
              [
                139.933806686,
                -2.618670254
              ],
              [
                139.93375364,
                -2.618645333
              ],
              [
                139.933706447,
                -2.618612277
              ],
              [
                139.933670943,
                -2.618582396
              ],
              [
                139.933646703,
                -2.618529006
              ],
              [
                139.933625153,
                -2.618485569
              ],
              [
                139.933601813,
                -2.618433537
              ],
              [
                139.933578943,
                -2.618353466
              ],
              [
                139.933565965,
                -2.618277923
              ],
              [
                139.933558367,
                -2.618222287
              ],
              [
                139.933555729,
                -2.61815173
              ],
              [
                139.933554977,
                -2.617975792
              ],
              [
                139.933552779,
                -2.617916542
              ],
              [
                139.933550179,
                -2.617800758
              ],
              [
                139.93354797,
                -2.617752814
              ],
              [
                139.93354224,
                -2.617614865
              ],
              [
                139.933539133,
                -2.617567372
              ],
              [
                139.93352484,
                -2.617450221
              ],
              [
                139.933512303,
                -2.617384629
              ],
              [
                139.933492131,
                -2.617309081
              ],
              [
                139.933471483,
                -2.617261122
              ],
              [
                139.933452194,
                -2.617202762
              ],
              [
                139.933414452,
                -2.617161572
              ],
              [
                139.933359163,
                -2.617130319
              ],
              [
                139.933307911,
                -2.617109922
              ],
              [
                139.933248555,
                -2.617100826
              ],
              [
                139.933186043,
                -2.617100773
              ],
              [
                139.933132051,
                -2.617131934
              ],
              [
                139.933074448,
                -2.61717485
              ],
              [
                139.933020913,
                -2.617196061
              ],
              [
                139.932957043,
                -2.617208671
              ],
              [
                139.932902624,
                -2.617209528
              ],
              [
                139.932855403,
                -2.617209488
              ],
              [
                139.932793338,
                -2.617212602
              ],
              [
                139.932729476,
                -2.617214356
              ],
              [
                139.932646277,
                -2.617214284
              ],
              [
                139.932566223,
                -2.617217382
              ],
              [
                139.932497864,
                -2.617218681
              ],
              [
                139.932436699,
                -2.61722089
              ],
              [
                139.932344509,
                -2.61721674
              ],
              [
                139.932295058,
                -2.617194988
              ],
              [
                139.932283853,
                -2.617150204
              ],
              [
                139.932271368,
                -2.617022651
              ],
              [
                139.932266464,
                -2.616972444
              ],
              [
                139.932268788,
                -2.616882894
              ],
              [
                139.932279184,
                -2.616821393
              ],
              [
                139.932299024,
                -2.616758997
              ],
              [
                139.932335963,
                -2.616686211
              ],
              [
                139.932368824,
                -2.616650509
              ],
              [
                139.932402134,
                -2.616614355
              ],
              [
                139.93243499,
                -2.616582725
              ],
              [
                139.932484499,
                -2.616537992
              ],
              [
                139.932531301,
                -2.616500492
              ],
              [
                139.932571802,
                -2.616470676
              ],
              [
                139.93265912,
                -2.61638527
              ],
              [
                139.932691546,
                -2.61633193
              ],
              [
                139.93274512,
                -2.616264135
              ],
              [
                139.932782022,
                -2.616235673
              ],
              [
                139.932848627,
                -2.616181004
              ],
              [
                139.932908473,
                -2.616142612
              ],
              [
                139.932953474,
                -2.616109633
              ],
              [
                139.933003413,
                -2.616086158
              ],
              [
                139.933078993,
                -2.61605592
              ],
              [
                139.933155907,
                -2.616041964
              ],
              [
                139.933223371,
                -2.61603569
              ],
              [
                139.933272388,
                -2.61603935
              ],
              [
                139.933348382,
                -2.616050723
              ],
              [
                139.933429317,
                -2.616068431
              ],
              [
                139.933473377,
                -2.616084298
              ],
              [
                139.933514735,
                -2.616104234
              ],
              [
                139.933559683,
                -2.616134575
              ],
              [
                139.933672032,
                -2.616231457
              ],
              [
                139.933735404,
                -2.616277645
              ],
              [
                139.933789345,
                -2.616307993
              ],
              [
                139.933852748,
                -2.616317092
              ],
              [
                139.933918416,
                -2.616308555
              ],
              [
                139.933979603,
                -2.61627921
              ],
              [
                139.934002134,
                -2.616225407
              ],
              [
                139.934006231,
                -2.616166616
              ],
              [
                139.934003584,
                -2.616106007
              ],
              [
                139.933993296,
                -2.616041323
              ],
              [
                139.933981191,
                -2.615996085
              ],
              [
                139.933966387,
                -2.615952654
              ],
              [
                139.93394484,
                -2.61590605
              ],
              [
                139.933905315,
                -2.615844507
              ],
              [
                139.933932438,
                -2.615393909
              ],
              [
                139.933974337,
                -2.615094781
              ],
              [
                139.933998377,
                -2.614807605
              ],
              [
                139.933945109,
                -2.614478479
              ],
              [
                139.933808478,
                -2.614233049
              ],
              [
                139.933751799,
                -2.613717003
              ],
              [
                139.933937883,
                -2.613171488
              ],
              [
                139.934095397,
                -2.612640308
              ],
              [
                139.933924452,
                -2.612166287
              ],
              [
                139.934068067,
                -2.611184196
              ],
              [
                139.93418306,
                -2.610279623
              ],
              [
                139.93449776,
                -2.609604978
              ],
              [
                139.934812254,
                -2.609174451
              ],
              [
                139.93545525,
                -2.608635067
              ],
              [
                139.935626921,
                -2.608247497
              ],
              [
                139.935841476,
                -2.607802524
              ],
              [
                139.935898916,
                -2.607414857
              ],
              [
                139.935827643,
                -2.607271198
              ],
              [
                139.935799219,
                -2.607113215
              ],
              [
                139.935685255,
                -2.606797201
              ],
              [
                139.93608513,
                -2.606711382
              ],
              [
                139.936370644,
                -2.606783424
              ],
              [
                139.936799578,
                -2.606577563
              ],
              [
                139.937560339,
                -2.606142641
              ],
              [
                139.93792791,
                -2.605932503
              ],
              [
                139.938375573,
                -2.605676576
              ],
              [
                139.938651865,
                -2.605483235
              ],
              [
                139.938830004,
                -2.605424589
              ],
              [
                139.939053144,
                -2.60533161
              ],
              [
                139.939276311,
                -2.605206064
              ],
              [
                139.939645368,
                -2.604865358
              ],
              [
                139.939820905,
                -2.604691832
              ],
              [
                139.940046863,
                -2.604454124
              ],
              [
                139.940281069,
                -2.604036417
              ],
              [
                139.941075971,
                -2.603204896
              ],
              [
                139.94126323,
                -2.602996101
              ],
              [
                139.941476523,
                -2.60284522
              ],
              [
                139.94166189,
                -2.60274678
              ],
              [
                139.94175817,
                -2.60269892
              ],
              [
                139.941886916,
                -2.602547967
              ],
              [
                139.941962598,
                -2.602394255
              ],
              [
                139.94200961,
                -2.602106645
              ],
              [
                139.942115902,
                -2.601916778
              ],
              [
                139.942291406,
                -2.601780337
              ],
              [
                139.942452439,
                -2.601742483
              ],
              [
                139.942769914,
                -2.601776218
              ],
              [
                139.942935416,
                -2.601770025
              ],
              [
                139.943043382,
                -2.601729412
              ],
              [
                139.943182926,
                -2.601573946
              ],
              [
                139.943323463,
                -2.601304505
              ],
              [
                139.944288871,
                -2.601070904
              ],
              [
                139.945050299,
                -2.60069019
              ],
              [
                139.945621369,
                -2.600642601
              ],
              [
                139.946382797,
                -2.600737779
              ],
              [
                139.947286992,
                -2.600928136
              ],
              [
                139.948272526,
                -2.600700347
              ],
              [
                139.94923815,
                -2.599928763
              ],
              [
                139.950332702,
                -2.598976978
              ],
              [
                139.950808594,
                -2.598405908
              ],
              [
                139.951379665,
                -2.597834837
              ],
              [
                139.952045914,
                -2.597168588
              ],
              [
                139.953080796,
                -2.595258924
              ],
              [
                139.953088536,
                -2.594585946
              ],
              [
                139.95306461,
                -2.594159867
              ],
              [
                139.952958689,
                -2.59389023
              ],
              [
                139.952769142,
                -2.593615989
              ],
              [
                139.952283059,
                -2.592991438
              ],
              [
                139.952104355,
                -2.592645748
              ],
              [
                139.95204172,
                -2.592250392
              ],
              [
                139.952077108,
                -2.59187323
              ],
              [
                139.952216836,
                -2.591490708
              ],
              [
                139.952663509,
                -2.590818093
              ],
              [
                139.952737518,
                -2.590507891
              ],
              [
                139.952772024,
                -2.590109912
              ],
              [
                139.952775228,
                -2.58949391
              ],
              [
                139.952706219,
                -2.589181779
              ],
              [
                139.952523004,
                -2.588864124
              ],
              [
                139.95215918,
                -2.588318373
              ],
              [
                139.951968719,
                -2.588051369
              ],
              [
                139.951424072,
                -2.586971973
              ],
              [
                139.951565847,
                -2.586909659
              ],
              [
                139.951671314,
                -2.586812063
              ],
              [
                139.951793286,
                -2.586636362
              ],
              [
                139.951814013,
                -2.586456435
              ],
              [
                139.95182254,
                -2.586258751
              ],
              [
                139.951825207,
                -2.586067167
              ],
              [
                139.951822237,
                -2.585893624
              ],
              [
                139.9518602,
                -2.585677484
              ],
              [
                139.951964327,
                -2.585502094
              ],
              [
                139.95210406,
                -2.585320095
              ],
              [
                139.952291185,
                -2.585125318
              ],
              [
                139.952449371,
                -2.584978919
              ],
              [
                139.952988689,
                -2.584496702
              ],
              [
                139.952886001,
                -2.584408692
              ],
              [
                139.952807112,
                -2.584320269
              ],
              [
                139.952721557,
                -2.584190068
              ],
              [
                139.952606351,
                -2.584066364
              ],
              [
                139.952497202,
                -2.583948537
              ],
              [
                139.952303932,
                -2.583784279
              ],
              [
                139.952164721,
                -2.583649023
              ],
              [
                139.95207999,
                -2.583566683
              ],
              [
                139.951959139,
                -2.583461039
              ],
              [
                139.951801773,
                -2.583308128
              ],
              [
                139.951620403,
                -2.583143673
              ],
              [
                139.951427751,
                -2.583015318
              ],
              [
                139.95118581,
                -2.582942238
              ],
              [
                139.950861369,
                -2.582874154
              ],
              [
                139.950663406,
                -2.582816477
              ],
              [
                139.950478032,
                -2.582709079
              ],
              [
                139.95030403,
                -2.582509686
              ],
              [
                139.950214694,
                -2.58232899
              ],
              [
                139.950117127,
                -2.582106223
              ],
              [
                139.950004741,
                -2.581855684
              ],
              [
                139.949859571,
                -2.581683661
              ],
              [
                139.949664759,
                -2.581491931
              ],
              [
                139.94947837,
                -2.581349308
              ],
              [
                139.949285787,
                -2.581235075
              ],
              [
                139.949059004,
                -2.581150039
              ],
              [
                139.948860228,
                -2.581064185
              ],
              [
                139.948661051,
                -2.580964237
              ],
              [
                139.948468478,
                -2.580850003
              ],
              [
                139.948245849,
                -2.580666138
              ],
              [
                139.94807266,
                -2.580494933
              ],
              [
                139.947810127,
                -2.580143021
              ],
              [
                139.947608309,
                -2.579951493
              ],
              [
                139.947428317,
                -2.579787536
              ],
              [
                139.947256755,
                -2.579672687
              ],
              [
                139.947029962,
                -2.579587651
              ],
              [
                139.947282863,
                -2.578866638
              ],
              [
                139.947325118,
                -2.578690908
              ],
              [
                139.947372507,
                -2.578419842
              ],
              [
                139.947388598,
                -2.578157631
              ],
              [
                139.947381278,
                -2.577904024
              ],
              [
                139.947382983,
                -2.577689815
              ],
              [
                139.947376809,
                -2.577475838
              ],
              [
                139.947362072,
                -2.577238315
              ],
              [
                139.947347793,
                -2.57701665
              ],
              [
                139.947340017,
                -2.576747193
              ],
              [
                139.947341267,
                -2.576517137
              ],
              [
                139.947342509,
                -2.576287082
              ],
              [
                139.947366715,
                -2.576032559
              ],
              [
                139.947383497,
                -2.575794111
              ],
              [
                139.94747816,
                -2.575521673
              ],
              [
                139.947525093,
                -2.575234759
              ],
              [
                139.947562188,
                -2.57460707
              ],
              [
                139.948985758,
                -2.57472595
              ],
              [
                139.950353688,
                -2.575235664
              ],
              [
                139.951335034,
                -2.575595475
              ],
              [
                139.952167917,
                -2.57562608
              ],
              [
                139.954573215,
                -2.576384357
              ],
              [
                139.956457548,
                -2.576902868
              ],
              [
                139.958113895,
                -2.576846792
              ],
              [
                139.960169668,
                -2.57725056
              ],
              [
                139.961083956,
                -2.576676911
              ],
              [
                139.961884666,
                -2.575299008
              ],
              [
                139.962513987,
                -2.573978405
              ],
              [
                139.962572262,
                -2.572542454
              ],
              [
                139.9629728,
                -2.571623742
              ],
              [
                139.963256814,
                -2.57015665
              ],
              [
                139.963448273,
                -2.56881654
              ],
              [
                139.965096378,
                -2.568487898
              ],
              [
                139.965435146,
                -2.568030447
              ],
              [
                139.965643977,
                -2.567804999
              ],
              [
                139.965820887,
                -2.567556343
              ],
              [
                139.966012876,
                -2.567267807
              ],
              [
                139.966126522,
                -2.567004399
              ],
              [
                139.96626244,
                -2.56666138
              ],
              [
                139.966422931,
                -2.566373389
              ],
              [
                139.966654022,
                -2.566068341
              ],
              [
                139.96682374,
                -2.565859414
              ],
              [
                139.967087551,
                -2.565625093
              ],
              [
                139.967429169,
                -2.565333965
              ],
              [
                139.967653059,
                -2.565068638
              ],
              [
                139.96783107,
                -2.564883338
              ],
              [
                139.968000924,
                -2.564682336
              ],
              [
                139.968123533,
                -2.564482156
              ],
              [
                139.968159378,
                -2.564275545
              ],
              [
                139.968265007,
                -2.564004351
              ],
              [
                139.968410289,
                -2.563748324
              ],
              [
                139.968516195,
                -2.563492968
              ],
              [
                139.968583135,
                -2.56326206
              ],
              [
                139.968609744,
                -2.562976393
              ],
              [
                139.968604862,
                -2.562691268
              ],
              [
                139.968598752,
                -2.562334865
              ],
              [
                139.968585855,
                -2.562041964
              ],
              [
                139.968540635,
                -2.561702083
              ],
              [
                139.968370789,
                -2.561443592
              ],
              [
                139.968177845,
                -2.561217186
              ],
              [
                139.967961422,
                -2.56099911
              ],
              [
                139.967736982,
                -2.560773257
              ],
              [
                139.967543773,
                -2.560531011
              ],
              [
                139.967437464,
                -2.560303101
              ],
              [
                139.967419,
                -2.560144977
              ],
              [
                139.967195702,
                -2.55955852
              ],
              [
                139.967084336,
                -2.559355102
              ],
              [
                139.966995406,
                -2.559261036
              ],
              [
                139.966862884,
                -2.559207316
              ],
              [
                139.966671702,
                -2.559196288
              ],
              [
                139.966507303,
                -2.559189424
              ],
              [
                139.966346019,
                -2.559179661
              ],
              [
                139.966191328,
                -2.559155121
              ],
              [
                139.96601359,
                -2.559036261
              ],
              [
                139.965881311,
                -2.558904242
              ],
              [
                139.965800351,
                -2.558762321
              ],
              [
                139.96578465,
                -2.5586352
              ],
              [
                139.965791236,
                -2.558475865
              ],
              [
                139.965810278,
                -2.558304999
              ],
              [
                139.965866322,
                -2.558180866
              ],
              [
                139.965918875,
                -2.558068635
              ],
              [
                139.965934312,
                -2.557984966
              ],
              [
                139.965937174,
                -2.557915822
              ],
              [
                139.965914492,
                -2.557812485
              ],
              [
                139.965826058,
                -2.55770639
              ],
              [
                139.965711598,
                -2.557650413
              ],
              [
                139.965573845,
                -2.557578387
              ],
              [
                139.96548591,
                -2.557532554
              ],
              [
                139.965419399,
                -2.557475559
              ],
              [
                139.965381036,
                -2.557389639
              ],
              [
                139.965355249,
                -2.557289184
              ],
              [
                139.965361716,
                -2.557132863
              ],
              [
                139.965377397,
                -2.556970894
              ],
              [
                139.965382871,
                -2.556838625
              ],
              [
                139.965363304,
                -2.556732403
              ],
              [
                139.965166975,
                -2.556468501
              ],
              [
                139.965180468,
                -2.556375803
              ],
              [
                139.965166321,
                -2.556297501
              ],
              [
                139.965105083,
                -2.556236647
              ],
              [
                139.965007287,
                -2.556172334
              ],
              [
                139.964903148,
                -2.556121341
              ],
              [
                139.964779563,
                -2.556073434
              ],
              [
                139.964682498,
                -2.556038286
              ],
              [
                139.964610903,
                -2.555994492
              ],
              [
                139.964561077,
                -2.555938007
              ],
              [
                139.964556414,
                -2.555863982
              ],
              [
                139.964573765,
                -2.555771449
              ],
              [
                139.9646239,
                -2.555680274
              ],
              [
                139.964635699,
                -2.555581695
              ],
              [
                139.96464035,
                -2.555422577
              ],
              [
                139.964593815,
                -2.555286565
              ],
              [
                139.964520207,
                -2.555151372
              ],
              [
                139.964470299,
                -2.555050202
              ],
              [
                139.964421922,
                -2.554958802
              ],
              [
                139.964363506,
                -2.554876701
              ],
              [
                139.96427463,
                -2.554783612
              ],
              [
                139.964216015,
                -2.554740211
              ],
              [
                139.964188408,
                -2.55471977
              ],
              [
                139.964067955,
                -2.554689479
              ],
              [
                139.963945331,
                -2.554664919
              ],
              [
                139.963837738,
                -2.554604073
              ],
              [
                139.963732876,
                -2.554523916
              ],
              [
                139.963620371,
                -2.554441491
              ],
              [
                139.963502577,
                -2.554393825
              ],
              [
                139.963376343,
                -2.554363284
              ],
              [
                139.963280397,
                -2.554300972
              ],
              [
                139.963183803,
                -2.55420756
              ],
              [
                139.963112605,
                -2.554107448
              ],
              [
                139.963108979,
                -2.554008214
              ],
              [
                139.963120144,
                -2.553925121
              ],
              [
                139.963203868,
                -2.553815946
              ],
              [
                139.963333534,
                -2.553483306
              ],
              [
                139.963348386,
                -2.553311026
              ],
              [
                139.963351277,
                -2.553194566
              ],
              [
                139.963308518,
                -2.553107303
              ],
              [
                139.963230811,
                -2.553024391
              ],
              [
                139.963154322,
                -2.55300565
              ],
              [
                139.963014183,
                -2.552984242
              ],
              [
                139.962867052,
                -2.552945056
              ],
              [
                139.962779467,
                -2.552867554
              ],
              [
                139.962734381,
                -2.552743275
              ],
              [
                139.962713718,
                -2.552588921
              ],
              [
                139.962654171,
                -2.552440715
              ],
              [
                139.962583696,
                -2.552323137
              ],
              [
                139.962543585,
                -2.552218492
              ],
              [
                139.962544221,
                -2.552109718
              ],
              [
                139.962570088,
                -2.551998116
              ],
              [
                139.96264955,
                -2.55189847
              ],
              [
                139.962754975,
                -2.551825159
              ],
              [
                139.962920732,
                -2.551740771
              ],
              [
                139.963098863,
                -2.551637486
              ],
              [
                139.963267674,
                -2.551479416
              ],
              [
                139.963339907,
                -2.551321175
              ],
              [
                139.96336738,
                -2.551170787
              ],
              [
                139.963389618,
                -2.551006571
              ],
              [
                139.963470769,
                -2.550819565
              ],
              [
                139.963551267,
                -2.550694699
              ],
              [
                139.963647281,
                -2.550568546
              ],
              [
                139.963762101,
                -2.550454836
              ],
              [
                139.963866474,
                -2.550360113
              ],
              [
                139.964182203,
                -2.550169767
              ],
              [
                139.964383006,
                -2.550235285
              ],
              [
                139.964602413,
                -2.550308722
              ],
              [
                139.964741598,
                -2.550376434
              ],
              [
                139.964837873,
                -2.550451853
              ],
              [
                139.964924301,
                -2.550593513
              ],
              [
                139.96492097,
                -2.550788535
              ],
              [
                139.964915081,
                -2.551045328
              ],
              [
                139.964940198,
                -2.551353407
              ],
              [
                139.965031165,
                -2.551557125
              ],
              [
                139.965168292,
                -2.551731844
              ],
              [
                139.965365465,
                -2.551885273
              ],
              [
                139.965545989,
                -2.551983276
              ],
              [
                139.96575467,
                -2.552087198
              ],
              [
                139.965944847,
                -2.552180838
              ],
              [
                139.966139362,
                -2.55228418
              ],
              [
                139.966181782,
                -2.552315047
              ],
              [
                139.966302466,
                -2.552402864
              ],
              [
                139.9664519,
                -2.552566195
              ],
              [
                139.966541574,
                -2.552686566
              ],
              [
                139.966682351,
                -2.552887619
              ],
              [
                139.966959059,
                -2.553177648
              ],
              [
                139.967123446,
                -2.553322574
              ],
              [
                139.96729217,
                -2.553420069
              ],
              [
                139.967448775,
                -2.553467089
              ],
              [
                139.967606856,
                -2.553478451
              ],
              [
                139.967744172,
                -2.553477061
              ],
              [
                139.96785146,
                -2.55340062
              ],
              [
                139.967969569,
                -2.553291327
              ],
              [
                139.968103915,
                -2.553132728
              ],
              [
                139.968208143,
                -2.552958585
              ],
              [
                139.968262333,
                -2.552890895
              ],
              [
                139.96829508,
                -2.552880618
              ],
              [
                139.968346894,
                -2.552881609
              ],
              [
                139.968389822,
                -2.552906691
              ],
              [
                139.968446395,
                -2.552974462
              ],
              [
                139.968490624,
                -2.553057754
              ],
              [
                139.968529443,
                -2.553172457
              ],
              [
                139.968578918,
                -2.553297073
              ],
              [
                139.96863121,
                -2.553399919
              ],
              [
                139.968694929,
                -2.553472689
              ],
              [
                139.968761585,
                -2.5535176
              ],
              [
                139.968823843,
                -2.553540636
              ],
              [
                139.968940662,
                -2.553546501
              ],
              [
                139.96903269,
                -2.553525227
              ],
              [
                139.9691108,
                -2.553474599
              ],
              [
                139.969139759,
                -2.553409684
              ],
              [
                139.969132842,
                -2.553329533
              ],
              [
                139.969089725,
                -2.5532511
              ],
              [
                139.968999139,
                -2.553132972
              ],
              [
                139.968937152,
                -2.553032361
              ],
              [
                139.968874521,
                -2.552902649
              ],
              [
                139.968845298,
                -2.552790542
              ],
              [
                139.968845075,
                -2.552675362
              ],
              [
                139.968877495,
                -2.552554728
              ],
              [
                139.968952154,
                -2.552432501
              ],
              [
                139.969051973,
                -2.552318027
              ],
              [
                139.969175708,
                -2.552213694
              ],
              [
                139.969317332,
                -2.552119425
              ],
              [
                139.969460805,
                -2.552055499
              ],
              [
                139.96955739,
                -2.552047652
              ],
              [
                139.969659316,
                -2.552076274
              ],
              [
                139.969777148,
                -2.552156133
              ],
              [
                139.96988838,
                -2.552266172
              ],
              [
                139.970004209,
                -2.552388418
              ],
              [
                139.970099728,
                -2.552500599
              ],
              [
                139.970196989,
                -2.55264795
              ],
              [
                139.970249084,
                -2.552761714
              ],
              [
                139.970273683,
                -2.552862801
              ],
              [
                139.970273169,
                -2.552953735
              ],
              [
                139.970263119,
                -2.553038414
              ],
              [
                139.970227401,
                -2.553141994
              ],
              [
                139.970160331,
                -2.553246191
              ],
              [
                139.970074042,
                -2.553346375
              ],
              [
                139.970023117,
                -2.55342541
              ],
              [
                139.969999996,
                -2.553500154
              ],
              [
                139.969998728,
                -2.553566802
              ],
              [
                139.970008016,
                -2.553649433
              ],
              [
                139.970045241,
                -2.553720472
              ],
              [
                139.970103707,
                -2.553816149
              ],
              [
                139.970206523,
                -2.553924816
              ],
              [
                139.970307624,
                -2.553997092
              ],
              [
                139.970627322,
                -2.554175386
              ],
              [
                139.970829472,
                -2.554259275
              ],
              [
                139.970941645,
                -2.554319637
              ],
              [
                139.971069465,
                -2.554381486
              ],
              [
                139.971216401,
                -2.554452205
              ],
              [
                139.971314364,
                -2.554498942
              ],
              [
                139.971443784,
                -2.554540231
              ],
              [
                139.971567742,
                -2.554551086
              ],
              [
                139.97166897,
                -2.554553031
              ],
              [
                139.97177743,
                -2.554555117
              ],
              [
                139.971907648,
                -2.554553983
              ],
              [
                139.972027001,
                -2.554553843
              ],
              [
                139.972147511,
                -2.554556148
              ],
              [
                139.97222684,
                -2.554568585
              ],
              [
                139.972291114,
                -2.554612256
              ],
              [
                139.972350079,
                -2.554681285
              ],
              [
                139.972393122,
                -2.554763346
              ],
              [
                139.972435462,
                -2.554882963
              ],
              [
                139.972437397,
                -2.554971523
              ],
              [
                139.972436855,
                -2.555063644
              ],
              [
                139.972448226,
                -2.555163281
              ],
              [
                139.972485252,
                -2.555245228
              ],
              [
                139.972530547,
                -2.555335821
              ],
              [
                139.972557811,
                -2.555423631
              ],
              [
                139.972564643,
                -2.555508639
              ],
              [
                139.972560832,
                -2.55558253
              ],
              [
                139.972517837,
                -2.555688393
              ],
              [
                139.972455105,
                -2.555753879
              ],
              [
                139.972347703,
                -2.555823344
              ],
              [
                139.972195504,
                -2.55590287
              ],
              [
                139.972070864,
                -2.555991407
              ],
              [
                139.971966243,
                -2.556104585
              ],
              [
                139.971927403,
                -2.556245692
              ],
              [
                139.971939772,
                -2.556356268
              ],
              [
                139.971993402,
                -2.556516129
              ],
              [
                139.972050715,
                -2.556672422
              ],
              [
                139.97210326,
                -2.556761926
              ],
              [
                139.972210132,
                -2.556847638
              ],
              [
                139.972305535,
                -2.556902812
              ],
              [
                139.972394016,
                -2.556940894
              ],
              [
                139.972526819,
                -2.556994351
              ],
              [
                139.972675212,
                -2.557051758
              ],
              [
                139.972795991,
                -2.557103785
              ],
              [
                139.972918775,
                -2.557176477
              ],
              [
                139.973039998,
                -2.557268514
              ],
              [
                139.973132135,
                -2.557368489
              ],
              [
                139.973203503,
                -2.55748262
              ],
              [
                139.973253282,
                -2.557591471
              ],
              [
                139.97326936,
                -2.557697265
              ],
              [
                139.973270966,
                -2.557802783
              ],
              [
                139.973262083,
                -2.557889895
              ],
              [
                139.973208062,
                -2.558005257
              ],
              [
                139.973154745,
                -2.558083043
              ],
              [
                139.9731095,
                -2.558180393
              ],
              [
                139.973105248,
                -2.558277295
              ],
              [
                139.973115255,
                -2.55838539
              ],
              [
                139.973157309,
                -2.558456531
              ],
              [
                139.973223759,
                -2.558512352
              ],
              [
                139.973344204,
                -2.558689376
              ],
              [
                139.973677167,
                -2.558938552
              ],
              [
                139.973972146,
                -2.559072816
              ],
              [
                139.974371787,
                -2.559264605
              ],
              [
                139.976637481,
                -2.55943267
              ],
              [
                139.984093118,
                -2.55958558
              ],
              [
                139.984210529,
                -2.559587988
              ],
              [
                139.985625491,
                -2.559304716
              ],
              [
                139.986711235,
                -2.558558854
              ],
              [
                139.988025747,
                -2.557411089
              ],
              [
                139.989796805,
                -2.556723206
              ],
              [
                139.990939883,
                -2.555690181
              ],
              [
                139.992083362,
                -2.55414019
              ],
              [
                139.992998742,
                -2.552130494
              ],
              [
                139.994198882,
                -2.551154949
              ],
              [
                139.994656458,
                -2.5502937
              ],
              [
                139.995400134,
                -2.548743389
              ],
              [
                139.996372082,
                -2.547423017
              ],
              [
                139.998114848,
                -2.546373218
              ],
              [
                139.999543652,
                -2.545110639
              ],
              [
                140.000001487,
                -2.543904743
              ],
              [
                140.000573149,
                -2.5432159
              ],
              [
                140.001281107,
                -2.543061691
              ],
              [
                140.001886971,
                -2.542929719
              ],
              [
                140.004501749,
                -2.543103353
              ],
              [
                140.009902672,
                -2.541863697
              ],
              [
                140.011902362,
                -2.540907889
              ],
              [
                140.014092864,
                -2.539377815
              ],
              [
                140.018687775,
                -2.536652884
              ],
              [
                140.020593526,
                -2.534021622
              ],
              [
                140.020832935,
                -2.532107104
              ],
              [
                140.021447707,
                -2.527394821
              ],
              [
                140.021340146,
                -2.527191074
              ],
              [
                140.021241266,
                -2.526900664
              ],
              [
                140.021194059,
                -2.526644966
              ],
              [
                140.021189906,
                -2.526436964
              ],
              [
                140.021211612,
                -2.526215982
              ],
              [
                140.021345325,
                -2.526016749
              ],
              [
                140.021552215,
                -2.525921573
              ],
              [
                140.021832279,
                -2.525891454
              ],
              [
                140.02203699,
                -2.525824443
              ],
              [
                140.022241701,
                -2.525757434
              ],
              [
                140.022504628,
                -2.525610294
              ],
              [
                140.022569483,
                -2.525311343
              ],
              [
                140.022526622,
                -2.525003652
              ],
              [
                140.022595669,
                -2.5248607
              ],
              [
                140.022776676,
                -2.524800175
              ],
              [
                140.022957628,
                -2.52481331
              ],
              [
                140.023142923,
                -2.524765778
              ],
              [
                140.023190514,
                -2.524510153
              ],
              [
                140.023173462,
                -2.524267478
              ],
              [
                140.023078886,
                -2.523981405
              ],
              [
                140.022971365,
                -2.523712661
              ],
              [
                140.022855238,
                -2.523439572
              ],
              [
                140.02279939,
                -2.523229368
              ],
              [
                140.02274354,
                -2.523019155
              ],
              [
                140.022713642,
                -2.522659471
              ],
              [
                140.022718092,
                -2.522468806
              ],
              [
                140.022722543,
                -2.522278152
              ],
              [
                140.022559038,
                -2.521979028
              ],
              [
                140.022421306,
                -2.52179476
              ],
              [
                140.022283564,
                -2.521610491
              ],
              [
                140.022150101,
                -2.521478223
              ],
              [
                140.022016637,
                -2.521345954
              ],
              [
                140.021848728,
                -2.521187661
              ],
              [
                140.02168081,
                -2.521029366
              ],
              [
                140.021585077,
                -2.520860301
              ],
              [
                140.021489335,
                -2.520691226
              ],
              [
                140.021393594,
                -2.52052215
              ],
              [
                140.021297852,
                -2.520353084
              ],
              [
                140.021211871,
                -2.520110356
              ],
              [
                140.021125888,
                -2.519867627
              ],
              [
                140.021089442,
                -2.519618434
              ],
              [
                140.021053004,
                -2.51936924
              ],
              [
                140.021059623,
                -2.519165578
              ],
              [
                140.021066243,
                -2.518961917
              ],
              [
                140.021075081,
                -2.518662932
              ],
              [
                140.021021354,
                -2.518478719
              ],
              [
                140.020967635,
                -2.518294514
              ],
              [
                140.020944095,
                -2.518092992
              ],
              [
                140.020920555,
                -2.517891479
              ],
              [
                140.020955285,
                -2.517536177
              ],
              [
                140.021093381,
                -2.517219948
              ],
              [
                140.021149539,
                -2.517029331
              ],
              [
                140.021145363,
                -2.51685166
              ],
              [
                140.021055003,
                -2.516691255
              ],
              [
                140.020964643,
                -2.516530859
              ],
              [
                140.020813967,
                -2.516370417
              ],
              [
                140.020542609,
                -2.51626188
              ],
              [
                140.020353131,
                -2.516142567
              ],
              [
                140.020163652,
                -2.516023255
              ],
              [
                140.020043133,
                -2.515864997
              ],
              [
                140.019922615,
                -2.51570674
              ],
              [
                140.019810722,
                -2.515533329
              ],
              [
                140.019688055,
                -2.515362071
              ],
              [
                140.019565387,
                -2.515190814
              ],
              [
                140.019518166,
                -2.514965447
              ],
              [
                140.019533304,
                -2.514560482
              ],
              [
                140.019555273,
                -2.514277068
              ],
              [
                140.019581825,
                -2.514054781
              ],
              [
                140.019725858,
                -2.513782611
              ],
              [
                140.019980202,
                -2.513574803
              ],
              [
                140.020178552,
                -2.513375619
              ],
              [
                140.020297141,
                -2.513226209
              ],
              [
                140.02041574,
                -2.513076798
              ],
              [
                140.02048691,
                -2.512907216
              ],
              [
                140.020554393,
                -2.512746466
              ],
              [
                140.020558098,
                -2.512737641
              ],
              [
                140.02062168,
                -2.512586183
              ],
              [
                140.020760619,
                -2.51253499
              ],
              [
                140.020780177,
                -2.51253341
              ],
              [
                140.02081375,
                -2.512550309
              ],
              [
                140.020984093,
                -2.512602619
              ],
              [
                140.021179708,
                -2.512617521
              ],
              [
                140.021335866,
                -2.512583106
              ],
              [
                140.021424709,
                -2.512536091
              ],
              [
                140.021983886,
                -2.512121946
              ],
              [
                140.022321681,
                -2.511899804
              ],
              [
                140.022658003,
                -2.511774472
              ],
              [
                140.022818351,
                -2.51174499
              ],
              [
                140.023089478,
                -2.511740566
              ],
              [
                140.023196414,
                -2.511755328
              ],
              [
                140.023299765,
                -2.51178802
              ],
              [
                140.023387328,
                -2.511840649
              ],
              [
                140.02349455,
                -2.511946847
              ],
              [
                140.023602869,
                -2.512146225
              ],
              [
                140.023685513,
                -2.512382222
              ],
              [
                140.023694985,
                -2.512471124
              ],
              [
                140.023702515,
                -2.512541802
              ],
              [
                140.023708668,
                -2.512569362
              ]
            ]
          ]
        ]
      }
    }
  ]
}