{
  "type": "FeatureCollection",
  "features": [
    {
      "type": "Feature",
      "properties": {
        "idx": "2887",
        "nama_kewilayahan": "Milima-Hubulama"
      },
      "geometry": {
        "type": "MultiPolygon",
        "coordinates": [
          [
            [
              [
                138.927186314,
                -4.006441061
              ],
              [
                138.927080719,
                -4.006348378
              ],
              [
                138.927007345,
                -4.006251155
              ],
              [
                138.926911035,
                -4.00612615
              ],
              [
                138.926816896,
                -4.006051979
              ],
              [
                138.926731955,
                -4.005980142
              ],
              [
                138.926680253,
                -4.005940601
              ],
              [
                138.926656181,
                -4.00592219
              ],
              [
                138.926594222,
                -4.005859652
              ],
              [
                138.926486682,
                -4.005553891
              ],
              [
                138.926293667,
                -4.005347083
              ],
              [
                138.92620754,
                -4.005260151
              ],
              [
                138.926022713,
                -4.005349385
              ],
              [
                138.925769139,
                -4.005543098
              ],
              [
                138.925484698,
                -4.004989205
              ],
              [
                138.925325076,
                -4.004528321
              ],
              [
                138.925271956,
                -4.004339809
              ],
              [
                138.925212783,
                -4.004190152
              ],
              [
                138.925244761,
                -4.00402518
              ],
              [
                138.925150374,
                -4.00367091
              ],
              [
                138.925112661,
                -4.003512936
              ],
              [
                138.925070135,
                -4.003374087
              ],
              [
                138.92506797,
                -4.003287966
              ],
              [
                138.925061114,
                -4.003173128
              ],
              [
                138.925044711,
                -4.003065443
              ],
              [
                138.925025812,
                -4.0030032
              ],
              [
                138.925059298,
                -4.002948268
              ],
              [
                138.925126118,
                -4.002898204
              ],
              [
                138.925188236,
                -4.002824206
              ],
              [
                138.925238522,
                -4.002719082
              ],
              [
                138.925272141,
                -4.002611524
              ],
              [
                138.925315124,
                -4.002568575
              ],
              [
                138.925400983,
                -4.002525735
              ],
              [
                138.925532099,
                -4.00248301
              ],
              [
                138.925622727,
                -4.002437791
              ],
              [
                138.925672724,
                -4.002447486
              ],
              [
                138.925760863,
                -4.002445318
              ],
              [
                138.925806288,
                -4.002378455
              ],
              [
                138.925849356,
                -4.002302017
              ],
              [
                138.925901897,
                -4.002247132
              ],
              [
                138.925963876,
                -4.002228152
              ],
              [
                138.926049626,
                -4.002228371
              ],
              [
                138.92613786,
                -4.002187929
              ],
              [
                138.92620953,
                -4.002104387
              ],
              [
                138.926097921,
                -4.001967755
              ],
              [
                138.925720005,
                -4.001643862
              ],
              [
                138.925377792,
                -4.001329631
              ],
              [
                138.925059262,
                -4.001070476
              ],
              [
                138.924719276,
                -4.000818443
              ],
              [
                138.92446744,
                -4.000559457
              ],
              [
                138.924484367,
                -4.000459033
              ],
              [
                138.924510797,
                -4.000368201
              ],
              [
                138.924472897,
                -4.00028438
              ],
              [
                138.924332591,
                -4.000193126
              ],
              [
                138.92419237,
                -4.00006838
              ],
              [
                138.924118837,
                -3.999946198
              ],
              [
                138.92401681,
                -3.99978806
              ],
              [
                138.923988505,
                -3.999677952
              ],
              [
                138.923957804,
                -3.999572622
              ],
              [
                138.923893684,
                -3.999495912
              ],
              [
                138.923796037,
                -3.999490881
              ],
              [
                138.923693523,
                -3.999526501
              ],
              [
                138.923522126,
                -3.999485401
              ],
              [
                138.923405489,
                -3.999454007
              ],
              [
                138.923264967,
                -3.999448867
              ],
              [
                138.923176829,
                -3.999451035
              ],
              [
                138.923055538,
                -3.999376572
              ],
              [
                138.922860424,
                -3.999294745
              ],
              [
                138.922741442,
                -3.999248993
              ],
              [
                138.922639198,
                -3.999176971
              ],
              [
                138.92254643,
                -3.999126501
              ],
              [
                138.922460878,
                -3.999047345
              ],
              [
                138.922394414,
                -3.998956277
              ],
              [
                138.922296959,
                -3.998874697
              ],
              [
                138.922104631,
                -3.998632609
              ],
              [
                138.921966889,
                -3.998469597
              ],
              [
                138.921859894,
                -3.998392778
              ],
              [
                138.921736185,
                -3.998332662
              ],
              [
                138.92163402,
                -3.998229542
              ],
              [
                138.921603169,
                -3.998184015
              ],
              [
                138.921513024,
                -3.998037868
              ],
              [
                138.92138475,
                -3.997898802
              ],
              [
                138.92128255,
                -3.997810035
              ],
              [
                138.92115641,
                -3.997769048
              ],
              [
                138.921085067,
                -3.997723417
              ],
              [
                138.92091161,
                -3.997554334
              ],
              [
                138.920854625,
                -3.997482426
              ],
              [
                138.920811985,
                -3.997389027
              ],
              [
                138.920794329,
                -3.997306456
              ],
              [
                138.920751662,
                -3.99722382
              ],
              [
                138.920651703,
                -3.997191272
              ],
              [
                138.920541033,
                -3.99715511
              ],
              [
                138.920441092,
                -3.997115387
              ],
              [
                138.920316149,
                -3.997072012
              ],
              [
                138.920134049,
                -3.997024902
              ],
              [
                138.919987688,
                -3.996974297
              ],
              [
                138.919891329,
                -3.996930995
              ],
              [
                138.919848635,
                -3.996859123
              ],
              [
                138.919877416,
                -3.996780258
              ],
              [
                138.919870497,
                -3.996690537
              ],
              [
                138.919809939,
                -3.99661862
              ],
              [
                138.919749326,
                -3.996568233
              ],
              [
                138.91959609,
                -3.996409965
              ],
              [
                138.919492901,
                -3.996241061
              ],
              [
                138.919450253,
                -3.99615125
              ],
              [
                138.919418296,
                -3.99607223
              ],
              [
                138.919429296,
                -3.995961026
              ],
              [
                138.919390265,
                -3.995853283
              ],
              [
                138.919333352,
                -3.99575267
              ],
              [
                138.919369416,
                -3.995620002
              ],
              [
                138.919419689,
                -3.995519662
              ],
              [
                138.919394995,
                -3.995394016
              ],
              [
                138.919348801,
                -3.995293429
              ],
              [
                138.919338345,
                -3.995189348
              ],
              [
                138.919409993,
                -3.995114179
              ],
              [
                138.919506587,
                -3.995064191
              ],
              [
                138.919528214,
                -3.994988896
              ],
              [
                138.91954635,
                -3.994881298
              ],
              [
                138.919628797,
                -3.994773864
              ],
              [
                138.91964687,
                -3.994691382
              ],
              [
                138.919714899,
                -3.994634146
              ],
              [
                138.919782874,
                -3.994598438
              ],
              [
                138.919829629,
                -3.994476559
              ],
              [
                138.919865574,
                -3.994390535
              ],
              [
                138.919955059,
                -3.994326177
              ],
              [
                138.920048134,
                -3.994254652
              ],
              [
                138.920119818,
                -3.99416513
              ],
              [
                138.920148637,
                -3.994071912
              ],
              [
                138.920145362,
                -3.993953495
              ],
              [
                138.920077766,
                -3.993838504
              ],
              [
                138.919940189,
                -3.993697566
              ],
              [
                138.919838998,
                -3.993593904
              ],
              [
                138.919721744,
                -3.993335261
              ],
              [
                138.919618646,
                -3.993130476
              ],
              [
                138.919565415,
                -3.992986816
              ],
              [
                138.91953021,
                -3.992778615
              ],
              [
                138.919516533,
                -3.992534588
              ],
              [
                138.919481256,
                -3.992355092
              ],
              [
                138.919395878,
                -3.992207762
              ],
              [
                138.919362174,
                -3.992098909
              ],
              [
                138.919360543,
                -3.99209364
              ],
              [
                138.919339173,
                -3.992024624
              ],
              [
                138.919268005,
                -3.991909624
              ],
              [
                138.919153971,
                -3.991790926
              ],
              [
                138.918996973,
                -3.991707999
              ],
              [
                138.918889913,
                -3.991657494
              ],
              [
                138.918825873,
                -3.991549687
              ],
              [
                138.918811962,
                -3.991398951
              ],
              [
                138.918798032,
                -3.991255391
              ],
              [
                138.918741264,
                -3.991097369
              ],
              [
                138.91871637,
                -3.99105066
              ],
              [
                138.918656083,
                -3.9908711
              ],
              [
                138.918581334,
                -3.99075968
              ],
              [
                138.918481574,
                -3.990648194
              ],
              [
                138.918392497,
                -3.990551089
              ],
              [
                138.918303491,
                -3.990425278
              ],
              [
                138.918225196,
                -3.990303083
              ],
              [
                138.91820098,
                -3.990229625
              ],
              [
                138.918196378,
                -3.990177315
              ],
              [
                138.918191823,
                -3.990105986
              ],
              [
                138.918173054,
                -3.990039377
              ],
              [
                138.918140081,
                -3.98997273
              ],
              [
                138.918110874,
                -3.989961645
              ],
              [
                138.918064405,
                -3.989944011
              ],
              [
                138.918015571,
                -3.989949335
              ],
              [
                138.917979166,
                -3.989953304
              ],
              [
                138.917965774,
                -3.989954615
              ],
              [
                138.917889157,
                -3.989945038
              ],
              [
                138.917790191,
                -3.989932666
              ],
              [
                138.917749986,
                -3.989911017
              ],
              [
                138.917700503,
                -3.989892462
              ],
              [
                138.917632464,
                -3.98988937
              ],
              [
                138.917589167,
                -3.98990174
              ],
              [
                138.917587743,
                -3.989904765
              ],
              [
                138.917576307,
                -3.989929067
              ],
              [
                138.917564425,
                -3.989954315
              ],
              [
                138.91755824,
                -3.989985242
              ],
              [
                138.917545869,
                -3.990037817
              ],
              [
                138.917530405,
                -3.990053282
              ],
              [
                138.917525959,
                -3.990053837
              ],
              [
                138.917480923,
                -3.990059466
              ],
              [
                138.917475207,
                -3.990059467
              ],
              [
                138.917453088,
                -3.990059467
              ],
              [
                138.917403605,
                -3.990050188
              ],
              [
                138.917400573,
                -3.990049322
              ],
              [
                138.917383822,
                -3.990044536
              ],
              [
                138.917378685,
                -3.99004549
              ],
              [
                138.917313917,
                -3.99007493
              ],
              [
                138.917312664,
                -3.990078693
              ],
              [
                138.917292268,
                -3.990139876
              ],
              [
                138.917276805,
                -3.990214101
              ],
              [
                138.91726421,
                -3.990238148
              ],
              [
                138.917242786,
                -3.990279047
              ],
              [
                138.917221137,
                -3.990309974
              ],
              [
                138.917184025,
                -3.99032853
              ],
              [
                138.917136043,
                -3.990292545
              ],
              [
                138.917122171,
                -3.99028214
              ],
              [
                138.917103615,
                -3.990251214
              ],
              [
                138.917094336,
                -3.990226472
              ],
              [
                138.917066502,
                -3.990139876
              ],
              [
                138.917054131,
                -3.99010895
              ],
              [
                138.916966292,
                -3.990020209
              ],
              [
                138.916936183,
                -3.989986229
              ],
              [
                138.91689849,
                -3.989958036
              ],
              [
                138.916819088,
                -3.989898647
              ],
              [
                138.916814685,
                -3.989896736
              ],
              [
                138.916510413,
                -3.989764646
              ],
              [
                138.916570294,
                -3.989741614
              ],
              [
                138.916634781,
                -3.98970937
              ],
              [
                138.91670157,
                -3.989635672
              ],
              [
                138.91674533,
                -3.989605731
              ],
              [
                138.916802907,
                -3.989559669
              ],
              [
                138.916848969,
                -3.989538941
              ],
              [
                138.916886182,
                -3.989532987
              ],
              [
                138.916906546,
                -3.989529729
              ],
              [
                138.916945699,
                -3.989527426
              ],
              [
                138.917000974,
                -3.989515911
              ],
              [
                138.917005799,
                -3.989513498
              ],
              [
                138.917060855,
                -3.989485969
              ],
              [
                138.917090794,
                -3.989465242
              ],
              [
                138.917102579,
                -3.989448744
              ],
              [
                138.917108723,
                -3.989440143
              ],
              [
                138.917113825,
                -3.989432998
              ],
              [
                138.917127645,
                -3.989393845
              ],
              [
                138.917123037,
                -3.989350088
              ],
              [
                138.91710922,
                -3.989317844
              ],
              [
                138.917083885,
                -3.989264872
              ],
              [
                138.917059619,
                -3.989231506
              ],
              [
                138.917034054,
                -3.989196353
              ],
              [
                138.917028611,
                -3.98918887
              ],
              [
                138.917017096,
                -3.989142807
              ],
              [
                138.917033189,
                -3.989095992
              ],
              [
                138.91704243,
                -3.989069109
              ],
              [
                138.917049546,
                -3.989053451
              ],
              [
                138.91706546,
                -3.98901844
              ],
              [
                138.917076589,
                -3.98900824
              ],
              [
                138.917093098,
                -3.988993106
              ],
              [
                138.917127644,
                -3.988965469
              ],
              [
                138.9171691,
                -3.98892171
              ],
              [
                138.917182181,
                -3.988902593
              ],
              [
                138.91719904,
                -3.988877951
              ],
              [
                138.917192131,
                -3.988838799
              ],
              [
                138.917178313,
                -3.988776615
              ],
              [
                138.917159888,
                -3.988723643
              ],
              [
                138.917157585,
                -3.988663762
              ],
              [
                138.917171404,
                -3.988603882
              ],
              [
                138.917176009,
                -3.988555517
              ],
              [
                138.917176009,
                -3.98852097
              ],
              [
                138.917196738,
                -3.988472606
              ],
              [
                138.91722898,
                -3.988421937
              ],
              [
                138.917240192,
                -3.988388303
              ],
              [
                138.917242799,
                -3.988380482
              ],
              [
                138.917245102,
                -3.988350541
              ],
              [
                138.917252012,
                -3.988304479
              ],
              [
                138.917258921,
                -3.988260719
              ],
              [
                138.917261224,
                -3.988242295
              ],
              [
                138.917268133,
                -3.988226173
              ],
              [
                138.91726583,
                -3.988189324
              ],
              [
                138.917265831,
                -3.988150171
              ],
              [
                138.917256618,
                -3.988117928
              ],
              [
                138.917254174,
                -3.988112689
              ],
              [
                138.917240497,
                -3.988083381
              ],
              [
                138.917238193,
                -3.988021198
              ],
              [
                138.917256619,
                -3.987949801
              ],
              [
                138.917328014,
                -3.987915255
              ],
              [
                138.917338929,
                -3.987907979
              ],
              [
                138.917348742,
                -3.987901436
              ],
              [
                138.917374076,
                -3.987873799
              ],
              [
                138.917401714,
                -3.987818524
              ],
              [
                138.917410926,
                -3.987772462
              ],
              [
                138.917443169,
                -3.987698763
              ],
              [
                138.9174662,
                -3.987634276
              ],
              [
                138.9174662,
                -3.987604599
              ],
              [
                138.9174662,
                -3.98759282
              ],
              [
                138.917461595,
                -3.987532939
              ],
              [
                138.917430686,
                -3.987495164
              ],
              [
                138.917415082,
                -3.987476093
              ],
              [
                138.917378682,
                -3.987431603
              ],
              [
                138.917360257,
                -3.987367117
              ],
              [
                138.917360257,
                -3.987270386
              ],
              [
                138.917364864,
                -3.98719208
              ],
              [
                138.917392501,
                -3.987090744
              ],
              [
                138.917420138,
                -3.98699862
              ],
              [
                138.917420138,
                -3.986949156
              ],
              [
                138.917420138,
                -3.986934134
              ],
              [
                138.917406319,
                -3.986832798
              ],
              [
                138.917402829,
                -3.986823023
              ],
              [
                138.917383288,
                -3.98676831
              ],
              [
                138.917355652,
                -3.986740674
              ],
              [
                138.91730959,
                -3.986699217
              ],
              [
                138.917289019,
                -3.986678647
              ],
              [
                138.917249709,
                -3.986639337
              ],
              [
                138.917212859,
                -3.986593274
              ],
              [
                138.917162191,
                -3.986551819
              ],
              [
                138.917083886,
                -3.986491938
              ],
              [
                138.917042322,
                -3.98647462
              ],
              [
                138.917028611,
                -3.986468907
              ],
              [
                138.916973336,
                -3.986445876
              ],
              [
                138.916895031,
                -3.986418239
              ],
              [
                138.916802908,
                -3.986395208
              ],
              [
                138.916788961,
                -3.986395208
              ],
              [
                138.916747632,
                -3.986395207
              ],
              [
                138.916687752,
                -3.986399814
              ],
              [
                138.916627871,
                -3.986409026
              ],
              [
                138.916521929,
                -3.986436664
              ],
              [
                138.916478442,
                -3.986454975
              ],
              [
                138.916434411,
                -3.986473514
              ],
              [
                138.916365318,
                -3.986505756
              ],
              [
                138.9162778,
                -3.986528788
              ],
              [
                138.916162645,
                -3.986533393
              ],
              [
                138.916047489,
                -3.986556424
              ],
              [
                138.915955366,
                -3.986602486
              ],
              [
                138.915858635,
                -3.986662368
              ],
              [
                138.91578033,
                -3.986694611
              ],
              [
                138.915702024,
                -3.986685399
              ],
              [
                138.915665174,
                -3.986630125
              ],
              [
                138.915619113,
                -3.986547212
              ],
              [
                138.915522383,
                -3.98651497
              ],
              [
                138.915453289,
                -3.986496544
              ],
              [
                138.915389341,
                -3.98651177
              ],
              [
                138.91535656,
                -3.986519575
              ],
              [
                138.915314419,
                -3.986526059
              ],
              [
                138.915296679,
                -3.986528788
              ],
              [
                138.915218374,
                -3.986584062
              ],
              [
                138.915198711,
                -3.986616832
              ],
              [
                138.915176917,
                -3.986653155
              ],
              [
                138.915176917,
                -3.986683371
              ],
              [
                138.915176917,
                -3.98673146
              ],
              [
                138.915163099,
                -3.98676831
              ],
              [
                138.915140068,
                -3.986805159
              ],
              [
                138.915098612,
                -3.986809766
              ],
              [
                138.915029519,
                -3.986818978
              ],
              [
                138.914932789,
                -3.986791342
              ],
              [
                138.914901955,
                -3.986789939
              ],
              [
                138.914831451,
                -3.986786736
              ],
              [
                138.91474854,
                -3.986800554
              ],
              [
                138.914740492,
                -3.986804095
              ],
              [
                138.914633385,
                -3.986851221
              ],
              [
                138.914550475,
                -3.986911103
              ],
              [
                138.914517867,
                -3.986914446
              ],
              [
                138.914370832,
                -3.986929527
              ],
              [
                138.914312888,
                -3.98689903
              ],
              [
                138.91425821,
                -3.986870252
              ],
              [
                138.914261132,
                -3.986869687
              ],
              [
                138.91425728,
                -3.986869874
              ],
              [
                138.914238862,
                -3.986859354
              ],
              [
                138.914135915,
                -3.986800554
              ],
              [
                138.914078749,
                -3.986721399
              ],
              [
                138.914055128,
                -3.986688693
              ],
              [
                138.914016154,
                -3.98663473
              ],
              [
                138.913960926,
                -3.986606225
              ],
              [
                138.913873362,
                -3.986561031
              ],
              [
                138.913787919,
                -3.986449053
              ],
              [
                138.913739783,
                -3.986390602
              ],
              [
                138.913736674,
                -3.986383141
              ],
              [
                138.913730541,
                -3.986375356
              ],
              [
                138.913718996,
                -3.986341364
              ],
              [
                138.913710755,
                -3.98632225
              ],
              [
                138.913667564,
                -3.986219019
              ],
              [
                138.913662641,
                -3.986207533
              ],
              [
                138.913633517,
                -3.986151823
              ],
              [
                138.913607649,
                -3.986102339
              ],
              [
                138.91357663,
                -3.986063081
              ],
              [
                138.913546322,
                -3.986026711
              ],
              [
                138.91350026,
                -3.985994468
              ],
              [
                138.91346341,
                -3.985902344
              ],
              [
                138.913463807,
                -3.985877153
              ],
              [
                138.913467688,
                -3.985605907
              ],
              [
                138.91346781,
                -3.985597442
              ],
              [
                138.913469046,
                -3.985511078
              ],
              [
                138.913454895,
                -3.985328662
              ],
              [
                138.913449917,
                -3.985317281
              ],
              [
                138.913407643,
                -3.985293796
              ],
              [
                138.913391636,
                -3.985284902
              ],
              [
                138.913373753,
                -3.985274969
              ],
              [
                138.913371287,
                -3.985273597
              ],
              [
                138.913330053,
                -3.985273597
              ],
              [
                138.91329298,
                -3.985273597
              ],
              [
                138.913227924,
                -3.985263925
              ],
              [
                138.913159401,
                -3.985248263
              ],
              [
                138.913108732,
                -3.985255172
              ],
              [
                138.913048852,
                -3.985257475
              ],
              [
                138.912986668,
                -3.98524596
              ],
              [
                138.913012002,
                -3.985213717
              ],
              [
                138.913067277,
                -3.985176867
              ],
              [
                138.913140977,
                -3.985174563
              ],
              [
                138.913205463,
                -3.98517917
              ],
              [
                138.913286072,
                -3.98517226
              ],
              [
                138.913415681,
                -3.985147248
              ],
              [
                138.913417348,
                -3.985146926
              ],
              [
                138.91350026,
                -3.985098562
              ],
              [
                138.913532092,
                -3.985071276
              ],
              [
                138.91359699,
                -3.98501565
              ],
              [
                138.913660217,
                -3.984956142
              ],
              [
                138.913753601,
                -3.984868251
              ],
              [
                138.913865709,
                -3.984707001
              ],
              [
                138.914105975,
                -3.984469815
              ],
              [
                138.914188886,
                -3.98442145
              ],
              [
                138.914423804,
                -3.984352356
              ],
              [
                138.91445835,
                -3.984285567
              ],
              [
                138.914437622,
                -3.9840138
              ],
              [
                138.914450963,
                -3.983823688
              ],
              [
                138.914456047,
                -3.983751247
              ],
              [
                138.914485987,
                -3.98359003
              ],
              [
                138.914481381,
                -3.983486391
              ],
              [
                138.91448829,
                -3.9834196
              ],
              [
                138.914527443,
                -3.983286021
              ],
              [
                138.91452036,
                -3.983203121
              ],
              [
                138.914519775,
                -3.983156705
              ],
              [
                138.914518745,
                -3.983074784
              ],
              [
                138.914428396,
                -3.982984146
              ],
              [
                138.914343081,
                -3.982887871
              ],
              [
                138.914348496,
                -3.98273532
              ],
              [
                138.914352657,
                -3.98260215
              ],
              [
                138.91435397,
                -3.982560164
              ],
              [
                138.91428899,
                -3.982384834
              ],
              [
                138.914213947,
                -3.982209476
              ],
              [
                138.91419987,
                -3.982187803
              ],
              [
                138.914176265,
                -3.982151463
              ],
              [
                138.914103656,
                -3.982039678
              ],
              [
                138.913998162,
                -3.981965952
              ],
              [
                138.913852239,
                -3.981959932
              ],
              [
                138.913835282,
                -3.981963695
              ],
              [
                138.913751526,
                -3.981982279
              ],
              [
                138.913691138,
                -3.981982126
              ],
              [
                138.913650938,
                -3.981959421
              ],
              [
                138.913600784,
                -3.981891487
              ],
              [
                138.913556022,
                -3.981682303
              ],
              [
                138.913551506,
                -3.981473219
              ],
              [
                138.913566855,
                -3.981377199
              ],
              [
                138.913537057,
                -3.981306078
              ],
              [
                138.913521825,
                -3.981269723
              ],
              [
                138.913411229,
                -3.981224239
              ],
              [
                138.913381149,
                -3.981178958
              ],
              [
                138.913346108,
                -3.981105412
              ],
              [
                138.913281242,
                -3.980884875
              ],
              [
                138.913291534,
                -3.980794492
              ],
              [
                138.913357112,
                -3.980732503
              ],
              [
                138.913457843,
                -3.980698855
              ],
              [
                138.913558526,
                -3.980687808
              ],
              [
                138.913617544,
                -3.980646614
              ],
              [
                138.913639186,
                -3.980631508
              ],
              [
                138.913665184,
                -3.98058314
              ],
              [
                138.913596082,
                -3.980477963
              ],
              [
                138.913586625,
                -3.98046357
              ],
              [
                138.91354517,
                -3.980392174
              ],
              [
                138.91347838,
                -3.980336899
              ],
              [
                138.913367832,
                -3.98032999
              ],
              [
                138.913280314,
                -3.980341506
              ],
              [
                138.913195099,
                -3.98035993
              ],
              [
                138.913110126,
                -3.98037371
              ],
              [
                138.91302467,
                -3.980387567
              ],
              [
                138.912743613,
                -3.980344301
              ],
              [
                138.912718357,
                -3.98032999
              ],
              [
                138.912688416,
                -3.980295443
              ],
              [
                138.912673447,
                -3.980241321
              ],
              [
                138.912682025,
                -3.980212465
              ],
              [
                138.912684076,
                -3.980210942
              ],
              [
                138.912840231,
                -3.980149182
              ],
              [
                138.912925919,
                -3.980098545
              ],
              [
                138.91298143,
                -3.980036529
              ],
              [
                138.913006777,
                -3.979963138
              ],
              [
                138.912988142,
                -3.979928051
              ],
              [
                138.912976725,
                -3.979906554
              ],
              [
                138.912906464,
                -3.979827269
              ],
              [
                138.912816024,
                -3.979770533
              ],
              [
                138.912735678,
                -3.979702523
              ],
              [
                138.912723503,
                -3.979686282
              ],
              [
                138.912680508,
                -3.979628925
              ],
              [
                138.912544586,
                -3.979645531
              ],
              [
                138.912428743,
                -3.97968479
              ],
              [
                138.912292819,
                -3.979701398
              ],
              [
                138.912240807,
                -3.979701266
              ],
              [
                138.912131786,
                -3.979700989
              ],
              [
                138.912016049,
                -3.979695044
              ],
              [
                138.911930485,
                -3.979700478
              ],
              [
                138.911860091,
                -3.979677695
              ],
              [
                138.91183497,
                -3.979660679
              ],
              [
                138.911804864,
                -3.979626701
              ],
              [
                138.911804892,
                -3.979615399
              ],
              [
                138.911845321,
                -3.979547695
              ],
              [
                138.911857525,
                -3.979515262
              ],
              [
                138.911857028,
                -3.97949297
              ],
              [
                138.911855845,
                -3.979439841
              ],
              [
                138.91191772,
                -3.979333646
              ],
              [
                138.911936728,
                -3.979220195
              ],
              [
                138.911886364,
                -3.979077681
              ],
              [
                138.911876767,
                -3.979050525
              ],
              [
                138.911766513,
                -3.978869429
              ],
              [
                138.911730971,
                -3.978814711
              ],
              [
                138.911656221,
                -3.978699633
              ],
              [
                138.911587317,
                -3.978579361
              ],
              [
                138.911545995,
                -3.978507233
              ],
              [
                138.91152598,
                -3.978461978
              ],
              [
                138.911541162,
                -3.978377961
              ],
              [
                138.911543308,
                -3.978366089
              ],
              [
                138.911551496,
                -3.978320779
              ],
              [
                138.911617158,
                -3.978224886
              ],
              [
                138.911668446,
                -3.978184783
              ],
              [
                138.911718002,
                -3.978146034
              ],
              [
                138.911827454,
                -3.97805567
              ],
              [
                138.911833997,
                -3.978050268
              ],
              [
                138.911873033,
                -3.978023441
              ],
              [
                138.911965064,
                -3.977960194
              ],
              [
                138.912151337,
                -3.977932414
              ],
              [
                138.912262049,
                -3.977932694
              ],
              [
                138.912433184,
                -3.977921829
              ],
              [
                138.912569153,
                -3.97788262
              ],
              [
                138.912624608,
                -3.977843207
              ],
              [
                138.912715341,
                -3.977786931
              ],
              [
                138.912745448,
                -3.977820913
              ],
              [
                138.912740232,
                -3.977894356
              ],
              [
                138.912689768,
                -3.977950732
              ],
              [
                138.912503321,
                -3.978046317
              ],
              [
                138.912382178,
                -3.978192926
              ],
              [
                138.912432245,
                -3.978294762
              ],
              [
                138.912502411,
                -3.978407953
              ],
              [
                138.912637964,
                -3.97853826
              ],
              [
                138.912773737,
                -3.978578157
              ],
              [
                138.912939824,
                -3.97857293
              ],
              [
                138.913005374,
                -3.978522241
              ],
              [
                138.913081072,
                -3.978437675
              ],
              [
                138.913227192,
                -3.978364589
              ],
              [
                138.913353192,
                -3.978291451
              ],
              [
                138.913438925,
                -3.978218211
              ],
              [
                138.913484488,
                -3.978110965
              ],
              [
                138.913489761,
                -3.97801492
              ],
              [
                138.913444713,
                -3.977918746
              ],
              [
                138.913349398,
                -3.977799843
              ],
              [
                138.913178717,
                -3.977629893
              ],
              [
                138.912962827,
                -3.977431576
              ],
              [
                138.912771792,
                -3.977351983
              ],
              [
                138.912661108,
                -3.977340401
              ],
              [
                138.912525384,
                -3.9772779
              ],
              [
                138.912399764,
                -3.977204123
              ],
              [
                138.91226404,
                -3.977141623
              ],
              [
                138.912173545,
                -3.977107488
              ],
              [
                138.91211826,
                -3.977079095
              ],
              [
                138.9120959,
                -3.977053861
              ],
              [
                138.912139756,
                -3.976925659
              ],
              [
                138.912196797,
                -3.976758913
              ],
              [
                138.912311859,
                -3.976420475
              ],
              [
                138.912320501,
                -3.976347411
              ],
              [
                138.912330134,
                -3.976265973
              ],
              [
                138.912364364,
                -3.976043728
              ],
              [
                138.912399378,
                -3.97586773
              ],
              [
                138.912422408,
                -3.975485417
              ],
              [
                138.912448206,
                -3.975366436
              ],
              [
                138.912463864,
                -3.975314987
              ],
              [
                138.91246847,
                -3.975259712
              ],
              [
                138.912482289,
                -3.975162981
              ],
              [
                138.912482289,
                -3.9750674
              ],
              [
                138.912482289,
                -3.975024796
              ],
              [
                138.912486895,
                -3.974918854
              ],
              [
                138.912492557,
                -3.974882991
              ],
              [
                138.912514532,
                -3.974748424
              ],
              [
                138.912542169,
                -3.974647087
              ],
              [
                138.912542169,
                -3.974564175
              ],
              [
                138.912542169,
                -3.974508902
              ],
              [
                138.912551382,
                -3.97444902
              ],
              [
                138.912557574,
                -3.974384011
              ],
              [
                138.91257182,
                -3.974293353
              ],
              [
                138.912597445,
                -3.974204892
              ],
              [
                138.912611262,
                -3.974135798
              ],
              [
                138.91260205,
                -3.974080524
              ],
              [
                138.912511557,
                -3.9739718
              ],
              [
                138.912507433,
                -3.973944997
              ],
              [
                138.912525989,
                -3.973914069
              ],
              [
                138.912534153,
                -3.973909257
              ],
              [
                138.912599374,
                -3.973870801
              ],
              [
                138.912811023,
                -3.973758326
              ],
              [
                138.91295219,
                -3.973656975
              ],
              [
                138.912998952,
                -3.973613819
              ],
              [
                138.913233249,
                -3.973387493
              ],
              [
                138.913280605,
                -3.973340892
              ],
              [
                138.913344519,
                -3.973213062
              ],
              [
                138.913259986,
                -3.973101725
              ],
              [
                138.913219992,
                -3.973038608
              ],
              [
                138.913179536,
                -3.972974759
              ],
              [
                138.91321569,
                -3.972934372
              ],
              [
                138.913311495,
                -3.972861157
              ],
              [
                138.913422377,
                -3.972793631
              ],
              [
                138.913543236,
                -3.972760035
              ],
              [
                138.913638901,
                -3.972743325
              ],
              [
                138.913764693,
                -3.972749295
              ],
              [
                138.913910623,
                -3.972755313
              ],
              [
                138.913964557,
                -3.972767571
              ],
              [
                138.913986064,
                -3.972772458
              ],
              [
                138.914051439,
                -3.972789576
              ],
              [
                138.914137003,
                -3.972784142
              ],
              [
                138.914222661,
                -3.972744805
              ],
              [
                138.914333511,
                -3.97268858
              ],
              [
                138.91439903,
                -3.972649192
              ],
              [
                138.914484772,
                -3.972575952
              ],
              [
                138.914605716,
                -3.972508452
              ],
              [
                138.914706484,
                -3.972463504
              ],
              [
                138.914797205,
                -3.972407224
              ],
              [
                138.914828509,
                -3.972367886
              ],
              [
                138.914863484,
                -3.972323935
              ],
              [
                138.914877979,
                -3.972305721
              ],
              [
                138.914913387,
                -3.972232354
              ],
              [
                138.914924091,
                -3.972211721
              ],
              [
                138.914969011,
                -3.972125134
              ],
              [
                138.914864059,
                -3.971836689
              ],
              [
                138.914803927,
                -3.971734827
              ],
              [
                138.914743851,
                -3.971610361
              ],
              [
                138.914724157,
                -3.971549824
              ],
              [
                138.914708895,
                -3.971502912
              ],
              [
                138.914689013,
                -3.971401152
              ],
              [
                138.914684108,
                -3.971350284
              ],
              [
                138.91467926,
                -3.971276815
              ],
              [
                138.914664433,
                -3.971169416
              ],
              [
                138.914659474,
                -3.971141151
              ],
              [
                138.914644475,
                -3.97110156
              ],
              [
                138.914579241,
                -3.971027937
              ],
              [
                138.914529003,
                -3.970993906
              ],
              [
                138.914458248,
                -3.970874063
              ],
              [
                138.914448818,
                -3.97085809
              ],
              [
                138.914423765,
                -3.970818472
              ],
              [
                138.914288184,
                -3.970699467
              ],
              [
                138.9141927,
                -3.97064837
              ],
              [
                138.914115199,
                -3.970581899
              ],
              [
                138.914067153,
                -3.970540692
              ],
              [
                138.913976829,
                -3.970438753
              ],
              [
                138.913916669,
                -3.970348191
              ],
              [
                138.91377108,
                -3.970206558
              ],
              [
                138.913600383,
                -3.970047911
              ],
              [
                138.913542347,
                -3.969973048
              ],
              [
                138.913530158,
                -3.969957324
              ],
              [
                138.913464395,
                -3.969851255
              ],
              [
                138.913377809,
                -3.969803133
              ],
              [
                138.91334941,
                -3.969787349
              ],
              [
                138.913217307,
                -3.969763937
              ],
              [
                138.913126524,
                -3.969761008
              ],
              [
                138.912988886,
                -3.969667298
              ],
              [
                138.91296253,
                -3.969597015
              ],
              [
                138.912947887,
                -3.969526731
              ],
              [
                138.912898433,
                -3.969483459
              ],
              [
                138.912854176,
                -3.969444733
              ],
              [
                138.912754608,
                -3.969353952
              ],
              [
                138.91267136,
                -3.969260129
              ],
              [
                138.912570114,
                -3.969216313
              ],
              [
                138.912488117,
                -3.969181171
              ],
              [
                138.912379763,
                -3.969099175
              ],
              [
                138.912344622,
                -3.969058176
              ],
              [
                138.912274339,
                -3.968935179
              ],
              [
                138.912151343,
                -3.968815113
              ],
              [
                138.912045918,
                -3.968750687
              ],
              [
                138.911893085,
                -3.968563138
              ],
              [
                138.911727367,
                -3.968421453
              ],
              [
                138.911697488,
                -3.968297068
              ],
              [
                138.91167268,
                -3.96815574
              ],
              [
                138.911622741,
                -3.968055908
              ],
              [
                138.911460223,
                -3.96786336
              ],
              [
                138.91144851,
                -3.967804789
              ],
              [
                138.911495365,
                -3.967728649
              ],
              [
                138.911571505,
                -3.967643724
              ],
              [
                138.911633003,
                -3.967576368
              ],
              [
                138.911700358,
                -3.967468016
              ],
              [
                138.911699843,
                -3.96735908
              ],
              [
                138.911669257,
                -3.967309191
              ],
              [
                138.911654738,
                -3.967285509
              ],
              [
                138.911584489,
                -3.967206223
              ],
              [
                138.911373663,
                -3.966990968
              ],
              [
                138.91129432,
                -3.966898486
              ],
              [
                138.911067586,
                -3.966634207
              ],
              [
                138.910786482,
                -3.966350967
              ],
              [
                138.910701353,
                -3.966146769
              ],
              [
                138.910603889,
                -3.96598303
              ],
              [
                138.910518121,
                -3.96584658
              ],
              [
                138.910389468,
                -3.965655551
              ],
              [
                138.910346584,
                -3.965507405
              ],
              [
                138.910295903,
                -3.965357311
              ],
              [
                138.910204287,
                -3.965253999
              ],
              [
                138.910146814,
                -3.965213287
              ],
              [
                138.910132788,
                -3.96520335
              ],
              [
                138.910072128,
                -3.965160379
              ],
              [
                138.910026816,
                -3.965127828
              ],
              [
                138.909835873,
                -3.964975252
              ],
              [
                138.909804526,
                -3.964957166
              ],
              [
                138.90973451,
                -3.964916774
              ],
              [
                138.909727686,
                -3.964918946
              ],
              [
                138.909666734,
                -3.96493834
              ],
              [
                138.909592655,
                -3.964969771
              ],
              [
                138.909500597,
                -3.965006441
              ],
              [
                138.909418727,
                -3.96500644
              ],
              [
                138.909362706,
                -3.964974421
              ],
              [
                138.909338545,
                -3.964956118
              ],
              [
                138.90928144,
                -3.964864604
              ],
              [
                138.90927778,
                -3.964860211
              ],
              [
                138.909263137,
                -3.964836051
              ],
              [
                138.90926753,
                -3.964814087
              ],
              [
                138.909290226,
                -3.964792856
              ],
              [
                138.909309993,
                -3.964779678
              ],
              [
                138.909322439,
                -3.964746
              ],
              [
                138.909316582,
                -3.964730625
              ],
              [
                138.909290225,
                -3.964710859
              ],
              [
                138.909276315,
                -3.964701341
              ],
              [
                138.909246298,
                -3.964678646
              ],
              [
                138.909203836,
                -3.964649361
              ],
              [
                138.909188914,
                -3.964607836
              ],
              [
                138.909177259,
                -3.964575403
              ],
              [
                138.909126335,
                -3.964480136
              ],
              [
                138.909110857,
                -3.964441439
              ],
              [
                138.90908735,
                -3.964382671
              ],
              [
                138.909021198,
                -3.964277318
              ],
              [
                138.909013567,
                -3.96426442
              ],
              [
                138.9089509,
                -3.964158505
              ],
              [
                138.908941154,
                -3.964117569
              ],
              [
                138.908939206,
                -3.96406299
              ],
              [
                138.9089235,
                -3.964027841
              ],
              [
                138.908898269,
                -3.963971374
              ],
              [
                138.908849538,
                -3.963862214
              ],
              [
                138.908776845,
                -3.963711262
              ],
              [
                138.908693595,
                -3.963563974
              ],
              [
                138.908617574,
                -3.963468459
              ],
              [
                138.908566873,
                -3.963435394
              ],
              [
                138.908437892,
                -3.963354588
              ],
              [
                138.908348573,
                -3.963291075
              ],
              [
                138.908231617,
                -3.963164372
              ],
              [
                138.908204327,
                -3.96311564
              ],
              [
                138.908210174,
                -3.963080553
              ],
              [
                138.908239413,
                -3.963037669
              ],
              [
                138.908274501,
                -3.962988937
              ],
              [
                138.908297892,
                -3.962949952
              ],
              [
                138.908313486,
                -3.962907067
              ],
              [
                138.908338582,
                -3.962814323
              ],
              [
                138.90835832,
                -3.962741378
              ],
              [
                138.908352472,
                -3.9626829
              ],
              [
                138.908334928,
                -3.962651712
              ],
              [
                138.908301791,
                -3.962599081
              ],
              [
                138.90826725,
                -3.962556482
              ],
              [
                138.908243312,
                -3.962526958
              ],
              [
                138.908199822,
                -3.962479277
              ],
              [
                138.908085371,
                -3.962353794
              ],
              [
                138.908081522,
                -3.962349574
              ],
              [
                138.908006215,
                -3.962277985
              ],
              [
                138.907979168,
                -3.962252274
              ],
              [
                138.907970206,
                -3.962243755
              ],
              [
                138.907725769,
                -3.962046699
              ],
              [
                138.907400629,
                -3.961784583
              ],
              [
                138.90724542,
                -3.961922222
              ],
              [
                138.9071971,
                -3.961961756
              ],
              [
                138.907156101,
                -3.961982254
              ],
              [
                138.90713121,
                -3.961983719
              ],
              [
                138.907106317,
                -3.961970541
              ],
              [
                138.907057998,
                -3.961922222
              ],
              [
                138.907022856,
                -3.9618944
              ],
              [
                138.906974536,
                -3.961876829
              ],
              [
                138.906911574,
                -3.961888544
              ],
              [
                138.906874968,
                -3.961898793
              ],
              [
                138.906825184,
                -3.961923685
              ],
              [
                138.906794436,
                -3.96196322
              ],
              [
                138.906781256,
                -3.961992505
              ],
              [
                138.906768079,
                -3.962007146
              ],
              [
                138.906750508,
                -3.96202179
              ],
              [
                138.90670951,
                -3.962018861
              ],
              [
                138.906636298,
                -3.961966148
              ],
              [
                138.906589442,
                -3.961931007
              ],
              [
                138.90651623,
                -3.961875366
              ],
              [
                138.90647816,
                -3.961846081
              ],
              [
                138.90642252,
                -3.961822653
              ],
              [
                138.906361022,
                -3.961767012
              ],
              [
                138.906308309,
                -3.961708443
              ],
              [
                138.906258525,
                -3.96167623
              ],
              [
                138.906197027,
                -3.96165573
              ],
              [
                138.906138457,
                -3.961638159
              ],
              [
                138.906065246,
                -3.961629374
              ],
              [
                138.906003747,
                -3.961588375
              ],
              [
                138.905959821,
                -3.961535663
              ],
              [
                138.905854396,
                -3.961400953
              ],
              [
                138.905725544,
                -3.961231102
              ],
              [
                138.905699187,
                -3.961187175
              ],
              [
                138.905678688,
                -3.961157889
              ],
              [
                138.905643546,
                -3.961154961
              ],
              [
                138.905374126,
                -3.961298456
              ],
              [
                138.905341913,
                -3.96131017
              ],
              [
                138.905239417,
                -3.961365811
              ],
              [
                138.905204275,
                -3.96136874
              ],
              [
                138.905151563,
                -3.961362884
              ],
              [
                138.905131063,
                -3.961345312
              ],
              [
                138.905087136,
                -3.961295528
              ],
              [
                138.905054923,
                -3.961222316
              ],
              [
                138.905028567,
                -3.961184246
              ],
              [
                138.904978783,
                -3.961160819
              ],
              [
                138.90494657,
                -3.961187175
              ],
              [
                138.904917285,
                -3.961213531
              ],
              [
                138.904864572,
                -3.961225245
              ],
              [
                138.904844073,
                -3.96121353
              ],
              [
                138.904832359,
                -3.961157889
              ],
              [
                138.904820645,
                -3.961140319
              ],
              [
                138.904767932,
                -3.961099321
              ],
              [
                138.904694721,
                -3.961055393
              ],
              [
                138.904612723,
                -3.96098511
              ],
              [
                138.904542441,
                -3.9608709
              ],
              [
                138.904533655,
                -3.960838686
              ],
              [
                138.904530727,
                -3.96081233
              ],
              [
                138.904510227,
                -3.96079476
              ],
              [
                138.904475086,
                -3.960803545
              ],
              [
                138.904437016,
                -3.96081233
              ],
              [
                138.904393088,
                -3.960821116
              ],
              [
                138.904349161,
                -3.960821115
              ],
              [
                138.904296449,
                -3.960806473
              ],
              [
                138.904261308,
                -3.96079476
              ],
              [
                138.904234951,
                -3.960783045
              ],
              [
                138.904167596,
                -3.960765474
              ],
              [
                138.904109026,
                -3.960730333
              ],
              [
                138.904079741,
                -3.960727405
              ],
              [
                138.904027029,
                -3.96073619
              ],
              [
                138.903971388,
                -3.960680548
              ],
              [
                138.903131038,
                -3.959703313
              ],
              [
                138.902701826,
                -3.959204187
              ],
              [
                138.902419804,
                -3.958876226
              ],
              [
                138.90130139,
                -3.957575633
              ],
              [
                138.900222944,
                -3.956321518
              ],
              [
                138.900158856,
                -3.956237311
              ],
              [
                138.900142362,
                -3.956194013
              ],
              [
                138.900154732,
                -3.956173395
              ],
              [
                138.900173289,
                -3.956165148
              ],
              [
                138.900214524,
                -3.956156901
              ],
              [
                138.900239266,
                -3.956134221
              ],
              [
                138.900222772,
                -3.956111542
              ],
              [
                138.900195969,
                -3.956099172
              ],
              [
                138.90016298,
                -3.956092985
              ],
              [
                138.900125867,
                -3.956088861
              ],
              [
                138.900115559,
                -3.956082677
              ],
              [
                138.900107264,
                -3.956071618
              ],
              [
                138.900097002,
                -3.956057935
              ],
              [
                138.900080508,
                -3.956002267
              ],
              [
                138.900066075,
                -3.955965155
              ],
              [
                138.900057827,
                -3.955919795
              ],
              [
                138.899954945,
                -3.955787382
              ],
              [
                138.899321224,
                -3.95565016
              ],
              [
                138.896304709,
                -3.955382558
              ],
              [
                138.894771675,
                -3.954955753
              ],
              [
                138.893702116,
                -3.954351112
              ],
              [
                138.892026475,
                -3.953853173
              ],
              [
                138.890849959,
                -3.953426368
              ],
              [
                138.889088105,
                -3.952668893
              ],
              [
                138.889036313,
                -3.952622475
              ],
              [
                138.88909871,
                -3.952617043
              ],
              [
                138.889182518,
                -3.952614433
              ],
              [
                138.889292536,
                -3.952556317
              ],
              [
                138.889380332,
                -3.952522725
              ],
              [
                138.889496207,
                -3.952472165
              ],
              [
                138.889514676,
                -3.952417922
              ],
              [
                138.889536476,
                -3.952362436
              ],
              [
                138.88957794,
                -3.952266982
              ],
              [
                138.889637031,
                -3.952167015
              ],
              [
                138.889650049,
                -3.952120432
              ],
              [
                138.889707409,
                -3.952122377
              ],
              [
                138.889762562,
                -3.952124333
              ],
              [
                138.889837424,
                -3.952095182
              ],
              [
                138.889890176,
                -3.952055058
              ],
              [
                138.889947349,
                -3.952017129
              ],
              [
                138.889967107,
                -3.951997097
              ],
              [
                138.88996484,
                -3.951983816
              ],
              [
                138.889953605,
                -3.951939563
              ],
              [
                138.889957831,
                -3.951899668
              ],
              [
                138.889957645,
                -3.951859793
              ],
              [
                138.88996858,
                -3.951839804
              ],
              [
                138.890003675,
                -3.951797547
              ],
              [
                138.89005417,
                -3.951746357
              ],
              [
                138.89010919,
                -3.951719515
              ],
              [
                138.890157644,
                -3.95170378
              ],
              [
                138.890192687,
                -3.951650448
              ],
              [
                138.890221146,
                -3.951603791
              ],
              [
                138.890325032,
                -3.951649824
              ],
              [
                138.890422158,
                -3.951664874
              ],
              [
                138.890490556,
                -3.951668983
              ],
              [
                138.890594175,
                -3.951657419
              ],
              [
                138.890704369,
                -3.951636962
              ],
              [
                138.89075943,
                -3.95161898
              ],
              [
                138.890847536,
                -3.951591982
              ],
              [
                138.89090705,
                -3.951582841
              ],
              [
                138.890995228,
                -3.951571349
              ],
              [
                138.891037095,
                -3.951562291
              ],
              [
                138.891118626,
                -3.951544184
              ],
              [
                138.891184725,
                -3.951528365
              ],
              [
                138.891255257,
                -3.951516958
              ],
              [
                138.891330253,
                -3.951516604
              ],
              [
                138.891380975,
                -3.951514149
              ],
              [
                138.891433913,
                -3.9515139
              ],
              [
                138.891480213,
                -3.951509252
              ],
              [
                138.891537459,
                -3.951486829
              ],
              [
                138.891579347,
                -3.951482202
              ],
              [
                138.891626844,
                -3.951483063
              ],
              [
                138.89162237,
                -3.951460501
              ],
              [
                138.891647657,
                -3.951409712
              ],
              [
                138.89167788,
                -3.951398488
              ],
              [
                138.891713031,
                -3.95142683
              ],
              [
                138.891766473,
                -3.95147547
              ],
              [
                138.891877009,
                -3.951456433
              ],
              [
                138.891949953,
                -3.951489318
              ],
              [
                138.892062674,
                -3.951537523
              ],
              [
                138.892115675,
                -3.951550567
              ],
              [
                138.892217282,
                -3.951581102
              ],
              [
                138.89229904,
                -3.951611731
              ],
              [
                138.892413935,
                -3.951653282
              ],
              [
                138.892491178,
                -3.951661778
              ],
              [
                138.892559545,
                -3.951659242
              ],
              [
                138.892621264,
                -3.95165009
              ],
              [
                138.892735871,
                -3.951629612
              ],
              [
                138.892771224,
                -3.951642737
              ],
              [
                138.892868442,
                -3.951677725
              ],
              [
                138.89296565,
                -3.951710497
              ],
              [
                138.893038523,
                -3.951727876
              ],
              [
                138.893124691,
                -3.951758483
              ],
              [
                138.893201871,
                -3.95175369
              ],
              [
                138.893267878,
                -3.951717934
              ],
              [
                138.893413446,
                -3.951715033
              ],
              [
                138.893532701,
                -3.951745486
              ],
              [
                138.893607965,
                -3.95180273
              ],
              [
                138.893667696,
                -3.951840107
              ],
              [
                138.893749329,
                -3.951844154
              ],
              [
                138.893804442,
                -3.951837248
              ],
              [
                138.893908059,
                -3.951825683
              ],
              [
                138.893961018,
                -3.951829865
              ],
              [
                138.894038167,
                -3.951818424
              ],
              [
                138.894077819,
                -3.951807161
              ],
              [
                138.894130674,
                -3.951789189
              ],
              [
                138.894302453,
                -3.951730783
              ],
              [
                138.894553524,
                -3.951647633
              ],
              [
                138.894723055,
                -3.951580376
              ],
              [
                138.894775827,
                -3.951544682
              ],
              [
                138.894830816,
                -3.951511193
              ],
              [
                138.894914353,
                -3.951450986
              ],
              [
                138.895039677,
                -3.951364
              ],
              [
                138.895110104,
                -3.951330438
              ],
              [
                138.895169494,
                -3.951294713
              ],
              [
                138.895206888,
                -3.951272384
              ],
              [
                138.89524657,
                -3.951267766
              ],
              [
                138.895264144,
                -3.951252177
              ],
              [
                138.895290478,
                -3.951223253
              ],
              [
                138.895321224,
                -3.95119431
              ],
              [
                138.895352022,
                -3.951176442
              ],
              [
                138.895379949,
                -3.951155199
              ],
              [
                138.895404772,
                -3.951136318
              ],
              [
                138.895451041,
                -3.951125024
              ],
              [
                138.895495125,
                -3.95111817
              ],
              [
                138.895539198,
                -3.951109102
              ],
              [
                138.895574448,
                -3.951100073
              ],
              [
                138.895624994,
                -3.95105996
              ],
              [
                138.895693124,
                -3.951006472
              ],
              [
                138.895732661,
                -3.950970841
              ],
              [
                138.895820829,
                -3.950957134
              ],
              [
                138.895884661,
                -3.950928034
              ],
              [
                138.895924281,
                -3.950910124
              ],
              [
                138.895961634,
                -3.950878935
              ],
              [
                138.895983597,
                -3.950858894
              ],
              [
                138.89602536,
                -3.950827683
              ],
              [
                138.896091295,
                -3.95077642
              ],
              [
                138.896208996,
                -3.950710514
              ],
              [
                138.896368715,
                -3.95066767
              ],
              [
                138.896422641,
                -3.950643048
              ],
              [
                138.896478795,
                -3.950622846
              ],
              [
                138.89651172,
                -3.950588353
              ],
              [
                138.896542527,
                -3.950572702
              ],
              [
                138.896590898,
                -3.950539244
              ],
              [
                138.896641433,
                -3.950496915
              ],
              [
                138.896669885,
                -3.950449152
              ],
              [
                138.896734711,
                -3.950396787
              ],
              [
                138.896764358,
                -3.950368956
              ],
              [
                138.89679616,
                -3.950330038
              ],
              [
                138.896818001,
                -3.950283414
              ],
              [
                138.896897045,
                -3.950205506
              ],
              [
                138.89694103,
                -3.950177608
              ],
              [
                138.896993837,
                -3.950149668
              ],
              [
                138.897040054,
                -3.950127297
              ],
              [
                138.897075186,
                -3.950092794
              ],
              [
                138.897132312,
                -3.950044897
              ],
              [
                138.897175147,
                -3.950007035
              ],
              [
                138.897258282,
                -3.949860433
              ],
              [
                138.897343643,
                -3.949718252
              ],
              [
                138.897435486,
                -3.949547242
              ],
              [
                138.897479471,
                -3.949519343
              ],
              [
                138.897536654,
                -3.949483629
              ],
              [
                138.897587216,
                -3.949446839
              ],
              [
                138.897612458,
                -3.949420136
              ],
              [
                138.897617832,
                -3.949390204
              ],
              [
                138.897627592,
                -3.949354713
              ],
              [
                138.89765607,
                -3.949312489
              ],
              [
                138.897695565,
                -3.949267997
              ],
              [
                138.897719598,
                -3.949241933
              ],
              [
                138.89774275,
                -3.949216823
              ],
              [
                138.897815099,
                -3.949122331
              ],
              [
                138.897889716,
                -3.949041121
              ],
              [
                138.897939174,
                -3.949004337
              ],
              [
                138.897998475,
                -3.948949782
              ],
              [
                138.898056776,
                -3.948917386
              ],
              [
                138.898104308,
                -3.948940422
              ],
              [
                138.898108869,
                -3.948943011
              ],
              [
                138.898292167,
                -3.948640912
              ],
              [
                138.898574927,
                -3.948257396
              ],
              [
                138.898948428,
                -3.947817604
              ],
              [
                138.899170584,
                -3.94752434
              ],
              [
                138.899211581,
                -3.947230618
              ],
              [
                138.899272192,
                -3.947140364
              ],
              [
                138.89938321,
                -3.947016334
              ],
              [
                138.899524628,
                -3.946813275
              ],
              [
                138.899565337,
                -3.94663256
              ],
              [
                138.899585979,
                -3.946429195
              ],
              [
                138.899606164,
                -3.946406645
              ],
              [
                138.899737308,
                -3.946282664
              ],
              [
                138.899848164,
                -3.946226442
              ],
              [
                138.90001934,
                -3.946192972
              ],
              [
                138.900069697,
                -3.946181797
              ],
              [
                138.900140344,
                -3.94610287
              ],
              [
                138.900180828,
                -3.946012564
              ],
              [
                138.90020107,
                -3.945967412
              ],
              [
                138.90030188,
                -3.945899859
              ],
              [
                138.900422716,
                -3.945877565
              ],
              [
                138.900503171,
                -3.945900369
              ],
              [
                138.9006638,
                -3.946058992
              ],
              [
                138.900824836,
                -3.946059399
              ],
              [
                138.900915667,
                -3.945957922
              ],
              [
                138.901046879,
                -3.945811339
              ],
              [
                138.901178081,
                -3.945664759
              ],
              [
                138.901288992,
                -3.945585932
              ],
              [
                138.901389805,
                -3.945518382
              ],
              [
                138.901467661,
                -3.945501104
              ],
              [
                138.901540849,
                -3.945484861
              ],
              [
                138.901631465,
                -3.945473789
              ],
              [
                138.901802639,
                -3.945440319
              ],
              [
                138.901842905,
                -3.945440421
              ],
              [
                138.901973825,
                -3.945406848
              ],
              [
                138.902054507,
                -3.945339248
              ],
              [
                138.902115062,
                -3.945271594
              ],
              [
                138.902145462,
                -3.945192564
              ],
              [
                138.90216576,
                -3.945124809
              ],
              [
                138.902176023,
                -3.945045728
              ],
              [
                138.902125778,
                -3.945011696
              ],
              [
                138.902015441,
                -3.944864505
              ],
              [
                138.901965262,
                -3.944807873
              ],
              [
                138.90183479,
                -3.944660629
              ],
              [
                138.901794645,
                -3.944615323
              ],
              [
                138.901754617,
                -3.944524813
              ],
              [
                138.901724622,
                -3.94444563
              ],
              [
                138.901734885,
                -3.944366548
              ],
              [
                138.901755128,
                -3.944321396
              ],
              [
                138.901856052,
                -3.944208641
              ],
              [
                138.90228925,
                -3.944040221
              ],
              [
                138.902399984,
                -3.944029201
              ],
              [
                138.902530855,
                -3.944018231
              ],
              [
                138.902671695,
                -3.944041189
              ],
              [
                138.902862837,
                -3.944075576
              ],
              [
                138.90314447,
                -3.944144094
              ],
              [
                138.903577092,
                -3.944201694
              ],
              [
                138.903908848,
                -3.944349447
              ],
              [
                138.904079693,
                -3.944451588
              ],
              [
                138.904124231,
                -3.94447953
              ],
              [
                138.904170127,
                -3.944508323
              ],
              [
                138.904280699,
                -3.944565106
              ],
              [
                138.904431465,
                -3.944644595
              ],
              [
                138.904542149,
                -3.944656175
              ],
              [
                138.904723246,
                -3.944679236
              ],
              [
                138.904743375,
                -3.944679287
              ],
              [
                138.904833817,
                -3.94473602
              ],
              [
                138.904994673,
                -3.944804234
              ],
              [
                138.905407067,
                -3.944906986
              ],
              [
                138.905678767,
                -3.944918972
              ],
              [
                138.906091217,
                -3.944999123
              ],
              [
                138.906463401,
                -3.945079171
              ],
              [
                138.906694743,
                -3.945136261
              ],
              [
                138.906976434,
                -3.945182175
              ],
              [
                138.907046854,
                -3.945193654
              ],
              [
                138.907388535,
                -3.945397937
              ],
              [
                138.907529329,
                -3.945443497
              ],
              [
                138.907700277,
                -3.945500434
              ],
              [
                138.907911549,
                -3.945534871
              ],
              [
                138.908153154,
                -3.945512879
              ],
              [
                138.908359312,
                -3.945403317
              ],
              [
                138.90841808,
                -3.945372081
              ],
              [
                138.908576421,
                -3.945287924
              ],
              [
                138.908908575,
                -3.94527746
              ],
              [
                138.909177786,
                -3.945249635
              ],
              [
                138.909442135,
                -3.945222303
              ],
              [
                138.909673817,
                -3.945143778
              ],
              [
                138.909716229,
                -3.94513896
              ],
              [
                138.929575941,
                -3.923065265
              ],
              [
                138.932176383,
                -3.918527
              ],
              [
                138.932400771,
                -3.918593839
              ],
              [
                138.932536902,
                -3.918627632
              ],
              [
                138.932683453,
                -3.918654989
              ],
              [
                138.932820236,
                -3.918673552
              ],
              [
                138.93296288,
                -3.918677461
              ],
              [
                138.933106616,
                -3.918677858
              ],
              [
                138.933343915,
                -3.918675506
              ],
              [
                138.933631156,
                -3.918669644
              ],
              [
                138.933861732,
                -3.918655966
              ],
              [
                138.934045411,
                -3.918624701
              ],
              [
                138.934135296,
                -3.918591483
              ],
              [
                138.934209549,
                -3.918552403
              ],
              [
                138.934303342,
                -3.918482057
              ],
              [
                138.934428401,
                -3.918397057
              ],
              [
                138.934508516,
                -3.918346684
              ],
              [
                138.934621849,
                -3.918309125
              ],
              [
                138.934700011,
                -3.918290563
              ],
              [
                138.934768401,
                -3.918282747
              ],
              [
                138.934885643,
                -3.918288609
              ],
              [
                138.9350107,
                -3.918323782
              ],
              [
                138.935147483,
                -3.918394126
              ],
              [
                138.935251046,
                -3.918470333
              ],
              [
                138.93538392,
                -3.918575851
              ],
              [
                138.935569553,
                -3.918738035
              ],
              [
                138.93565553,
                -3.918802518
              ],
              [
                138.935727829,
                -3.918847461
              ],
              [
                138.935800128,
                -3.918896312
              ],
              [
                138.935935933,
                -3.918941254
              ],
              [
                138.936059037,
                -3.918961772
              ],
              [
                138.936224152,
                -3.918974473
              ],
              [
                138.936453751,
                -3.91899499
              ],
              [
                138.936647199,
                -3.919025278
              ],
              [
                138.936880821,
                -3.919062112
              ],
              [
                138.937058522,
                -3.9190966
              ],
              [
                138.937125936,
                -3.919109301
              ],
              [
                138.937182603,
                -3.919116139
              ],
              [
                138.937260764,
                -3.919118094
              ],
              [
                138.937393145,
                -3.919108833
              ],
              [
                138.937590994,
                -3.919095623
              ],
              [
                138.937685765,
                -3.919096599
              ],
              [
                138.937761972,
                -3.919105393
              ],
              [
                138.93785088,
                -3.919119071
              ],
              [
                138.938052145,
                -3.919153266
              ],
              [
                138.938201628,
                -3.919183554
              ],
              [
                138.938310077,
                -3.919217749
              ],
              [
                138.938402893,
                -3.919261715
              ],
              [
                138.938504503,
                -3.919335968
              ],
              [
                138.938596342,
                -3.91941706
              ],
              [
                138.938730193,
                -3.919551888
              ],
              [
                138.938839619,
                -3.919677923
              ],
              [
                138.938926573,
                -3.919758038
              ],
              [
                138.939013527,
                -3.919821544
              ],
              [
                138.939081918,
                -3.919853786
              ],
              [
                138.939168872,
                -3.919866487
              ],
              [
                138.939243125,
                -3.919859647
              ],
              [
                138.939307608,
                -3.919844993
              ],
              [
                138.939346758,
                -3.919834872
              ],
              [
                138.93945123,
                -3.919807865
              ],
              [
                138.939568471,
                -3.919769762
              ],
              [
                138.93964761,
                -3.919730682
              ],
              [
                138.939719909,
                -3.919683785
              ],
              [
                138.939843989,
                -3.919586083
              ],
              [
                138.93994853,
                -3.919490336
              ],
              [
                138.940081403,
                -3.919372117
              ],
              [
                138.94015761,
                -3.919301772
              ],
              [
                138.940226002,
                -3.919225565
              ],
              [
                138.940290484,
                -3.919157174
              ],
              [
                138.940364737,
                -3.919075105
              ],
              [
                138.940470255,
                -3.918989128
              ],
              [
                138.940579681,
                -3.918928553
              ],
              [
                138.940855199,
                -3.918879702
              ],
              [
                138.941027153,
                -3.918871886
              ],
              [
                138.941177614,
                -3.918848437
              ],
              [
                138.941324165,
                -3.918801541
              ],
              [
                138.941406234,
                -3.918754644
              ],
              [
                138.941471695,
                -3.918719473
              ],
              [
                138.941520813,
                -3.918688285
              ],
              [
                138.941594799,
                -3.918641311
              ],
              [
                138.941799971,
                -3.918519185
              ],
              [
                138.941925041,
                -3.918454478
              ],
              [
                138.942081351,
                -3.918373609
              ],
              [
                138.942223996,
                -3.918308149
              ],
              [
                138.942296294,
                -3.918265161
              ],
              [
                138.942376409,
                -3.918210448
              ],
              [
                138.942515145,
                -3.918114701
              ],
              [
                138.942590376,
                -3.918074643
              ],
              [
                138.942653951,
                -3.918042855
              ],
              [
                138.942686122,
                -3.918026769
              ],
              [
                138.942798479,
                -3.917991596
              ],
              [
                138.94293917,
                -3.91796424
              ],
              [
                138.943107216,
                -3.91796424
              ],
              [
                138.943215664,
                -3.917977918
              ],
              [
                138.943317274,
                -3.917999412
              ],
              [
                138.943500953,
                -3.918041424
              ],
              [
                138.943693424,
                -3.918073666
              ],
              [
                138.943896644,
                -3.918106884
              ],
              [
                138.944088138,
                -3.918137171
              ],
              [
                138.944226874,
                -3.918154758
              ],
              [
                138.944324575,
                -3.918165505
              ],
              [
                138.944438886,
                -3.918166481
              ],
              [
                138.944716358,
                -3.918119586
              ],
              [
                138.944859002,
                -3.918061941
              ],
              [
                138.944992853,
                -3.917998436
              ],
              [
                138.945274233,
                -3.91786263
              ],
              [
                138.945418832,
                -3.917792285
              ],
              [
                138.945600556,
                -3.91771217
              ],
              [
                138.945809637,
                -3.917643779
              ],
              [
                138.946032396,
                -3.917577342
              ],
              [
                138.946300098,
                -3.917518722
              ],
              [
                138.946544264,
                -3.917487745
              ],
              [
                138.946784698,
                -3.917493319
              ],
              [
                138.947013318,
                -3.917518722
              ],
              [
                138.947114927,
                -3.917540215
              ],
              [
                138.947273204,
                -3.917540216
              ],
              [
                138.947408031,
                -3.91750309
              ],
              [
                138.947558491,
                -3.917446422
              ],
              [
                138.947705044,
                -3.917399526
              ],
              [
                138.947791021,
                -3.917386825
              ],
              [
                138.947945389,
                -3.917396595
              ],
              [
                138.948107574,
                -3.917453261
              ],
              [
                138.948335219,
                -3.917559756
              ],
              [
                138.948571655,
                -3.917671136
              ],
              [
                138.948698667,
                -3.917719987
              ],
              [
                138.948796369,
                -3.917751251
              ],
              [
                138.948896023,
                -3.917762976
              ],
              [
                138.94900545,
                -3.917768837
              ],
              [
                138.949134416,
                -3.917735619
              ],
              [
                138.949308324,
                -3.917649641
              ],
              [
                138.94940086,
                -3.917593963
              ],
              [
                138.9495389,
                -3.917510906
              ],
              [
                138.949665911,
                -3.917389756
              ],
              [
                138.949812464,
                -3.917188491
              ],
              [
                138.949994188,
                -3.916961824
              ],
              [
                138.950189591,
                -3.916797685
              ],
              [
                138.950302924,
                -3.916744926
              ],
              [
                138.950486603,
                -3.916703892
              ],
              [
                138.950544321,
                -3.91670735
              ],
              [
                138.950711316,
                -3.916766422
              ],
              [
                138.95093212,
                -3.917010674
              ],
              [
                138.951029823,
                -3.91711033
              ],
              [
                138.951150973,
                -3.917227572
              ],
              [
                138.951260398,
                -3.917321365
              ],
              [
                138.951412813,
                -3.917399526
              ],
              [
                138.951588675,
                -3.917438606
              ],
              [
                138.95180948,
                -3.917452285
              ],
              [
                138.952050103,
                -3.91745807
              ],
              [
                138.952396433,
                -3.917436234
              ],
              [
                138.952585514,
                -3.917387502
              ],
              [
                138.952766796,
                -3.917313429
              ],
              [
                138.952877905,
                -3.917295885
              ],
              [
                138.953010456,
                -3.917290037
              ],
              [
                138.953082579,
                -3.917303682
              ],
              [
                138.953180044,
                -3.917334871
              ],
              [
                138.953248777,
                -3.917371316
              ],
              [
                138.953349632,
                -3.917445979
              ],
              [
                138.953478283,
                -3.917543444
              ],
              [
                138.953661516,
                -3.917695487
              ],
              [
                138.953815509,
                -3.917818292
              ],
              [
                138.953916871,
                -3.917888465
              ],
              [
                138.954010437,
                -3.9179294
              ],
              [
                138.954113748,
                -3.917960589
              ],
              [
                138.954232654,
                -3.917966438
              ],
              [
                138.954349611,
                -3.917941096
              ],
              [
                138.954445924,
                -3.9179098
              ],
              [
                138.954548437,
                -3.917868973
              ],
              [
                138.954665394,
                -3.917818292
              ],
              [
                138.954778452,
                -3.91776956
              ],
              [
                138.954860322,
                -3.917734472
              ],
              [
                138.954940242,
                -3.917711081
              ],
              [
                138.95510983,
                -3.917691589
              ],
              [
                138.955314505,
                -3.917658451
              ],
              [
                138.955517229,
                -3.917638958
              ],
              [
                138.955618592,
                -3.917615568
              ],
              [
                138.955730473,
                -3.91759174
              ],
              [
                138.955833987,
                -3.917562936
              ],
              [
                138.955906867,
                -3.917523184
              ],
              [
                138.95598798,
                -3.917474244
              ],
              [
                138.9561371,
                -3.917372882
              ],
              [
                138.956265752,
                -3.917294911
              ],
              [
                138.956388557,
                -3.917226686
              ],
              [
                138.956470427,
                -3.917205243
              ],
              [
                138.956558144,
                -3.917197446
              ],
              [
                138.956628318,
                -3.917209142
              ],
              [
                138.956695099,
                -3.917242532
              ],
              [
                138.956714087,
                -3.917252027
              ],
              [
                138.956784261,
                -3.917314403
              ],
              [
                138.95684079,
                -3.917370933
              ],
              [
                138.956973494,
                -3.917578771
              ],
              [
                138.957065931,
                -3.917751042
              ],
              [
                138.957161446,
                -3.917955717
              ],
              [
                138.957198482,
                -3.918070724
              ],
              [
                138.957251114,
                -3.918234463
              ],
              [
                138.957317389,
                -3.918380659
              ],
              [
                138.957383665,
                -3.91848592
              ],
              [
                138.957455787,
                -3.918552195
              ],
              [
                138.957576643,
                -3.918626268
              ],
              [
                138.957715041,
                -3.918684746
              ],
              [
                138.957845644,
                -3.918698391
              ],
              [
                138.957982093,
                -3.918665254
              ],
              [
                138.958175071,
                -3.918628217
              ],
              [
                138.95831347,
                -3.918602877
              ],
              [
                138.958463564,
                -3.918598979
              ],
              [
                138.958670189,
                -3.918600927
              ],
              [
                138.958757906,
                -3.918602876
              ],
              [
                138.958831978,
                -3.918579485
              ],
              [
                138.958933341,
                -3.918554144
              ],
              [
                138.95899182,
                -3.918547322
              ],
              [
                138.959041526,
                -3.918551221
              ],
              [
                138.9591117,
                -3.918584359
              ],
              [
                138.959160432,
                -3.918625294
              ],
              [
                138.959238532,
                -3.918741759
              ],
              [
                138.959251795,
                -3.918734095
              ],
              [
                138.959342784,
                -3.918564797
              ],
              [
                138.959434209,
                -3.918214675
              ],
              [
                138.960070214,
                -3.917413827
              ],
              [
                138.96027249,
                -3.917007468
              ],
              [
                138.960465333,
                -3.916341152
              ],
              [
                138.960597234,
                -3.915900717
              ],
              [
                138.960638585,
                -3.915448761
              ],
              [
                138.960619716,
                -3.914928845
              ],
              [
                138.960519621,
                -3.914702572
              ],
              [
                138.960490386,
                -3.914306948
              ],
              [
                138.960581756,
                -3.91397943
              ],
              [
                138.960723155,
                -3.913776348
              ],
              [
                138.960915111,
                -3.913471677
              ],
              [
                138.961137623,
                -3.913020162
              ],
              [
                138.961198282,
                -3.912907294
              ],
              [
                138.961511397,
                -3.912444698
              ],
              [
                138.961784202,
                -3.912004606
              ],
              [
                138.962279463,
                -3.9111356
              ],
              [
                138.962693819,
                -3.910424616
              ],
              [
                138.962866473,
                -3.909780852
              ],
              [
                138.962958168,
                -3.909317714
              ],
              [
                138.963130439,
                -3.90883217
              ],
              [
                138.963231681,
                -3.908583785
              ],
              [
                138.963413988,
                -3.908109564
              ],
              [
                138.963536829,
                -3.907250951
              ],
              [
                138.963638612,
                -3.906776536
              ],
              [
                138.963932141,
                -3.90608786
              ],
              [
                138.964074681,
                -3.905410116
              ],
              [
                138.964046042,
                -3.904765861
              ],
              [
                138.964116953,
                -3.904573907
              ],
              [
                138.964197848,
                -3.904415883
              ],
              [
                138.964329205,
                -3.904201474
              ],
              [
                138.964510902,
                -3.903975886
              ],
              [
                138.964804046,
                -3.903445428
              ],
              [
                138.965187858,
                -3.902881284
              ],
              [
                138.965470746,
                -3.902429911
              ],
              [
                138.965602203,
                -3.902170297
              ],
              [
                138.965643058,
                -3.901921763
              ],
              [
                138.965704149,
                -3.901628073
              ],
              [
                138.965775557,
                -3.901232691
              ],
              [
                138.96579699,
                -3.900690272
              ],
              [
                138.965798078,
                -3.900238214
              ],
              [
                138.965869258,
                -3.899933246
              ],
              [
                138.966061427,
                -3.899538159
              ],
              [
                138.966213019,
                -3.899278593
              ],
              [
                138.966364605,
                -3.899019024
              ],
              [
                138.966455813,
                -3.89875931
              ],
              [
                138.966476812,
                -3.898397713
              ],
              [
                138.966487771,
                -3.89802479
              ],
              [
                138.966518969,
                -3.89760671
              ],
              [
                138.966560147,
                -3.897222559
              ],
              [
                138.967437873,
                -3.893792906
              ],
              [
                138.96719715,
                -3.893252035
              ],
              [
                138.967105245,
                -3.892352924
              ],
              [
                138.966907861,
                -3.891877819
              ],
              [
                138.967063082,
                -3.891645329
              ],
              [
                138.966904305,
                -3.891119021
              ],
              [
                138.966873201,
                -3.890835081
              ],
              [
                138.966440306,
                -3.890582943
              ],
              [
                138.966629902,
                -3.890446109
              ],
              [
                138.968637707,
                -3.890354292
              ],
              [
                138.972230133,
                -3.891125795
              ],
              [
                138.973134633,
                -3.891320041
              ],
              [
                138.978340756,
                -3.893833416
              ],
              [
                138.984807672,
                -3.895776729
              ],
              [
                138.991411625,
                -3.897014309
              ],
              [
                138.995342972,
                -3.897136574
              ],
              [
                138.999129252,
                -3.896272521
              ],
              [
                139.001926846,
                -3.894144195
              ],
              [
                139.004586713,
                -3.892580523
              ],
              [
                139.009207849,
                -3.890161503
              ],
              [
                139.013270104,
                -3.888309141
              ],
              [
                139.016648495,
                -3.890266929
              ],
              [
                139.021010865,
                -3.892501962
              ],
              [
                139.025376596,
                -3.895441901
              ],
              [
                139.028197541,
                -3.898248223
              ],
              [
                139.03185672,
                -3.90020452
              ],
              [
                139.036082797,
                -3.903285988
              ],
              [
                139.039324919,
                -3.906090174
              ],
              [
                139.044673357,
                -3.909025121
              ],
              [
                139.057748463,
                -3.913191367
              ],
              [
                139.062672393,
                -3.915423211
              ],
              [
                139.064223982,
                -3.916966513
              ],
              [
                139.06564066,
                -3.919638359
              ],
              [
                139.067757852,
                -3.922024799
              ],
              [
                139.069454623,
                -3.924554262
              ],
              [
                139.072420924,
                -3.928346368
              ],
              [
                139.074407391,
                -3.932707186
              ],
              [
                139.079226204,
                -3.935736968
              ],
              [
                139.079170469,
                -3.936475106
              ],
              [
                139.079224976,
                -3.937733739
              ],
              [
                139.079853103,
                -3.939128197
              ],
              [
                139.08043475,
                -3.939936525
              ],
              [
                139.081250693,
                -3.940769414
              ],
              [
                139.082298924,
                -3.94181099
              ],
              [
                139.083053125,
                -3.943151303
              ],
              [
                139.083240756,
                -3.94475749
              ],
              [
                139.083271794,
                -3.945823019
              ],
              [
                139.083287852,
                -3.947163224
              ],
              [
                139.083285472,
                -3.948200769
              ],
              [
                139.083208829,
                -3.949362721
              ],
              [
                139.081998943,
                -3.949595894
              ],
              [
                139.080512044,
                -3.949766975
              ],
              [
                139.078504792,
                -3.949980848
              ],
              [
                139.075903442,
                -3.950013613
              ],
              [
                139.074221323,
                -3.950221054
              ],
              [
                139.071895007,
                -3.951198036
              ],
              [
                139.069595098,
                -3.95217168
              ],
              [
                139.066812891,
                -3.953104478
              ],
              [
                139.065750398,
                -3.953409414
              ],
              [
                139.065208503,
                -3.954069295
              ],
              [
                139.065073376,
                -3.95525182
              ],
              [
                139.064718882,
                -3.956154946
              ],
              [
                139.064079805,
                -3.956811706
              ],
              [
                139.062897521,
                -3.957376702
              ],
              [
                139.061672214,
                -3.957518705
              ],
              [
                139.06099689,
                -3.957640377
              ],
              [
                139.06012041,
                -3.957999816
              ],
              [
                139.059592962,
                -3.958739265
              ],
              [
                139.059290793,
                -3.959640447
              ],
              [
                139.058563885,
                -3.960467515
              ],
              [
                139.057045547,
                -3.961319618
              ],
              [
                139.055507705,
                -3.962334127
              ],
              [
                139.054357007,
                -3.963132335
              ],
              [
                139.052823689,
                -3.96429277
              ],
              [
                139.051975442,
                -3.965340695
              ],
              [
                139.051426046,
                -3.966295781
              ],
              [
                139.051057183,
                -3.967768453
              ],
              [
                139.050641776,
                -3.969048083
              ],
              [
                139.049975854,
                -3.970307269
              ],
              [
                139.04894513,
                -3.971332656
              ],
              [
                139.048120378,
                -3.971740143
              ],
              [
                139.04705668,
                -3.971655478
              ],
              [
                139.046504351,
                -3.970925692
              ],
              [
                139.046016806,
                -3.970143031
              ],
              [
                139.045155043,
                -3.96969187
              ],
              [
                139.04387848,
                -3.970108073
              ],
              [
                139.043061136,
                -3.970780238
              ],
              [
                139.042247717,
                -3.971736666
              ],
              [
                139.04177524,
                -3.972559418
              ],
              [
                139.041545877,
                -3.973362184
              ],
              [
                139.041593702,
                -3.974089911
              ],
              [
                139.042124292,
                -3.975071827
              ],
              [
                139.042448221,
                -3.975465131
              ],
              [
                139.043032724,
                -3.976583586
              ],
              [
                139.043120729,
                -3.9775143
              ],
              [
                139.043097195,
                -3.978692895
              ],
              [
                139.04269331,
                -3.97959208
              ],
              [
                139.041768578,
                -3.97987712
              ],
              [
                139.039952971,
                -3.980049266
              ],
              [
                139.038906012,
                -3.980285781
              ],
              [
                139.037834068,
                -3.980651541
              ],
              [
                139.036766979,
                -3.980864949
              ],
              [
                139.034465724,
                -3.980713424
              ],
              [
                139.033007394,
                -3.980446906
              ],
              [
                139.031419497,
                -3.980401936
              ],
              [
                139.03001731,
                -3.980699894
              ],
              [
                139.029223367,
                -3.981056604
              ],
              [
                139.028615278,
                -3.981218453
              ],
              [
                139.027321208,
                -3.981147716
              ],
              [
                139.02664199,
                -3.981730936
              ],
              [
                139.026150283,
                -3.982946245
              ],
              [
                139.025906676,
                -3.983816115
              ],
              [
                139.025501658,
                -3.984981478
              ],
              [
                139.024771646,
                -3.985883321
              ],
              [
                139.023818473,
                -3.985861813
              ],
              [
                139.022835506,
                -3.985419169
              ],
              [
                139.0212266,
                -3.985275006
              ],
              [
                139.020152911,
                -3.98568362
              ],
              [
                139.019178582,
                -3.986386296
              ],
              [
                139.017546133,
                -3.986772283
              ],
              [
                139.016760777,
                -3.987176066
              ],
              [
                139.015904039,
                -3.987906589
              ],
              [
                139.014976201,
                -3.988849628
              ],
              [
                139.014095571,
                -3.989729761
              ],
              [
                139.013007699,
                -3.990892975
              ],
              [
                139.011827292,
                -3.991937802
              ],
              [
                139.010888305,
                -3.99262085
              ],
              [
                139.01007134,
                -3.992843327
              ],
              [
                139.008823168,
                -3.992777855
              ],
              [
                139.007952602,
                -3.992814164
              ],
              [
                139.007010243,
                -3.992869509
              ],
              [
                139.006125601,
                -3.992790505
              ],
              [
                139.00547118,
                -3.992447878
              ],
              [
                139.005120555,
                -3.992081255
              ],
              [
                138.994901813,
                -4.0006203
              ],
              [
                138.992992019,
                -4.002216137
              ],
              [
                138.96982478,
                -4.021574493
              ],
              [
                138.961690346,
                -4.022678762
              ],
              [
                138.961689512,
                -4.022678875
              ],
              [
                138.960782095,
                -4.022095232
              ],
              [
                138.960217312,
                -4.021731967
              ],
              [
                138.960074828,
                -4.021640321
              ],
              [
                138.95966466,
                -4.021376505
              ],
              [
                138.95961033,
                -4.021341561
              ],
              [
                138.959591053,
                -4.021327896
              ],
              [
                138.959499597,
                -4.021360727
              ],
              [
                138.959400183,
                -4.021384396
              ],
              [
                138.959286566,
                -4.021400177
              ],
              [
                138.959209243,
                -4.021390708
              ],
              [
                138.959117718,
                -4.021401755
              ],
              [
                138.959051443,
                -4.021415957
              ],
              [
                138.95898201,
                -4.021449095
              ],
              [
                138.958912577,
                -4.021479078
              ],
              [
                138.958885751,
                -4.021491701
              ],
              [
                138.958843145,
                -4.021512216
              ],
              [
                138.958805273,
                -4.021526418
              ],
              [
                138.958631691,
                -4.021557978
              ],
              [
                138.958410769,
                -4.02158796
              ],
              [
                138.958330291,
                -4.021589539
              ],
              [
                138.958224564,
                -4.021581648
              ],
              [
                138.958221343,
                -4.021582021
              ],
              [
                138.958115681,
                -4.021594272
              ],
              [
                138.958011532,
                -4.021606896
              ],
              [
                138.957976617,
                -4.021615246
              ],
              [
                138.957975215,
                -4.02161533
              ],
              [
                138.957974727,
                -4.021615697
              ],
              [
                138.957938944,
                -4.021624255
              ],
              [
                138.957822171,
                -4.021676328
              ],
              [
                138.957722756,
                -4.021707889
              ],
              [
                138.957615451,
                -4.021731559
              ],
              [
                138.957568747,
                -4.021741422
              ],
              [
                138.957568001,
                -4.02174158
              ],
              [
                138.957488422,
                -4.021758385
              ],
              [
                138.957462585,
                -4.021772515
              ],
              [
                138.957437925,
                -4.021786001
              ],
              [
                138.957377171,
                -4.021797047
              ],
              [
                138.95721227,
                -4.021812038
              ],
              [
                138.957179133,
                -4.021821416
              ],
              [
                138.957128635,
                -4.021835708
              ],
              [
                138.957057625,
                -4.021866479
              ],
              [
                138.957040819,
                -4.021890803
              ],
              [
                138.957027642,
                -4.021909874
              ],
              [
                138.957019752,
                -4.021924866
              ],
              [
                138.957017198,
                -4.021942745
              ],
              [
                138.957016806,
                -4.021943039
              ],
              [
                138.957017093,
                -4.021943482
              ],
              [
                138.957016596,
                -4.021946957
              ],
              [
                138.957030009,
                -4.021974573
              ],
              [
                138.957049203,
                -4.021993196
              ],
              [
                138.957066675,
                -4.02201015
              ],
              [
                138.95714126,
                -4.022062153
              ],
              [
                138.957218581,
                -4.022123695
              ],
              [
                138.957373227,
                -4.022221532
              ],
              [
                138.957480532,
                -4.022295698
              ],
              [
                138.957583029,
                -4.022345633
              ],
              [
                138.957603616,
                -4.022355663
              ],
              [
                138.957777198,
                -4.02241405
              ],
              [
                138.957919219,
                -4.02248506
              ],
              [
                138.958067552,
                -4.02257974
              ],
              [
                138.958181168,
                -4.022664953
              ],
              [
                138.958215884,
                -4.022699669
              ],
              [
                138.958247445,
                -4.02276279
              ],
              [
                138.958242711,
                -4.022832222
              ],
              [
                138.958223775,
                -4.022876407
              ],
              [
                138.958196949,
                -4.022907967
              ],
              [
                138.958171701,
                -4.022926903
              ],
              [
                138.958113314,
                -4.022967931
              ],
              [
                138.95808491,
                -4.022974244
              ],
              [
                138.957980303,
                -4.022988328
              ],
              [
                138.957850186,
                -4.023043939
              ],
              [
                138.957775093,
                -4.023090769
              ],
              [
                138.957764574,
                -4.023097328
              ],
              [
                138.957699875,
                -4.023155714
              ],
              [
                138.957659383,
                -4.023198048
              ],
              [
                138.957630443,
                -4.023228304
              ],
              [
                138.957573635,
                -4.023288268
              ],
              [
                138.957519982,
                -4.023345076
              ],
              [
                138.957493156,
                -4.023400306
              ],
              [
                138.957485372,
                -4.023433837
              ],
              [
                138.957472641,
                -4.023488674
              ],
              [
                138.957477376,
                -4.02352497
              ],
              [
                138.957491577,
                -4.023550217
              ],
              [
                138.957518404,
                -4.023584933
              ],
              [
                138.957545229,
                -4.023621229
              ],
              [
                138.957572057,
                -4.023657522
              ],
              [
                138.957609929,
                -4.023700128
              ],
              [
                138.957633599,
                -4.023726954
              ],
              [
                138.957717233,
                -4.023807433
              ],
              [
                138.957808465,
                -4.023870832
              ],
              [
                138.957810336,
                -4.023872132
              ],
              [
                138.957841896,
                -4.023914738
              ],
              [
                138.95792866,
                -4.024013423
              ],
              [
                138.958040726,
                -4.0241041
              ],
              [
                138.958126578,
                -4.024136263
              ],
              [
                138.958219041,
                -4.02417511
              ],
              [
                138.95827585,
                -4.024220872
              ],
              [
                138.958290051,
                -4.024261901
              ],
              [
                138.958286895,
                -4.024299773
              ],
              [
                138.958269537,
                -4.024342379
              ],
              [
                138.958252179,
                -4.024384985
              ],
              [
                138.958209573,
                -4.024426014
              ],
              [
                138.95814803,
                -4.024463886
              ],
              [
                138.957987468,
                -4.024474538
              ],
              [
                138.957832822,
                -4.02447296
              ],
              [
                138.957630837,
                -4.024452446
              ],
              [
                138.957408338,
                -4.024479272
              ],
              [
                138.957283908,
                -4.024559781
              ],
              [
                138.957264817,
                -4.024572133
              ],
              [
                138.957216848,
                -4.02460317
              ],
              [
                138.956985431,
                -4.024768048
              ],
              [
                138.956869718,
                -4.02485157
              ],
              [
                138.956824353,
                -4.024884314
              ],
              [
                138.956694563,
                -4.025003172
              ],
              [
                138.956575815,
                -4.025137453
              ],
              [
                138.956450241,
                -4.025279452
              ],
              [
                138.956190456,
                -4.025571195
              ],
              [
                138.955930517,
                -4.025817988
              ],
              [
                138.955734704,
                -4.02602468
              ],
              [
                138.955679268,
                -4.026104257
              ],
              [
                138.955588633,
                -4.02620714
              ],
              [
                138.95558458,
                -4.026203088
              ],
              [
                138.955534539,
                -4.02616175
              ],
              [
                138.955421403,
                -4.026061667
              ],
              [
                138.955384415,
                -4.026018153
              ],
              [
                138.95533655,
                -4.025965936
              ],
              [
                138.95530609,
                -4.025928948
              ],
              [
                138.955286509,
                -4.02590284
              ],
              [
                138.955258225,
                -4.025891962
              ],
              [
                138.955232116,
                -4.025896313
              ],
              [
                138.955208184,
                -4.025913719
              ],
              [
                138.955188602,
                -4.025935477
              ],
              [
                138.955162494,
                -4.025955058
              ],
              [
                138.955136385,
                -4.02596376
              ],
              [
                138.955123331,
                -4.025961585
              ],
              [
                138.955108101,
                -4.0259333
              ],
              [
                138.955079817,
                -4.025870206
              ],
              [
                138.955025424,
                -4.025767946
              ],
              [
                138.954984087,
                -4.025726609
              ],
              [
                138.954927518,
                -4.025667864
              ],
              [
                138.954914464,
                -4.025637404
              ],
              [
                138.954931869,
                -4.025596067
              ],
              [
                138.954984087,
                -4.025509038
              ],
              [
                138.955010194,
                -4.025474227
              ],
              [
                138.955051533,
                -4.025441591
              ],
              [
                138.955077641,
                -4.02540678
              ],
              [
                138.955079817,
                -4.025389374
              ],
              [
                138.955068939,
                -4.025369793
              ],
              [
                138.955029776,
                -4.02534586
              ],
              [
                138.954986262,
                -4.025354563
              ],
              [
                138.954951451,
                -4.025393725
              ],
              [
                138.954920991,
                -4.025443767
              ],
              [
                138.954903585,
                -4.025467699
              ],
              [
                138.95488618,
                -4.025472051
              ],
              [
                138.95487095,
                -4.025472051
              ],
              [
                138.954849193,
                -4.02545247
              ],
              [
                138.954768692,
                -4.025361091
              ],
              [
                138.954720826,
                -4.025313225
              ],
              [
                138.954662082,
                -4.025274062
              ],
              [
                138.954609865,
                -4.02526536
              ],
              [
                138.954572877,
                -4.025269711
              ],
              [
                138.954553297,
                -4.025291468
              ],
              [
                138.954520661,
                -4.025324102
              ],
              [
                138.954496729,
                -4.025328454
              ],
              [
                138.954459741,
                -4.025313224
              ],
              [
                138.954348781,
                -4.025215318
              ],
              [
                138.954194305,
                -4.025052139
              ],
              [
                138.954092048,
                -4.024973814
              ],
              [
                138.954013722,
                -4.024908543
              ],
              [
                138.953987614,
                -4.024871557
              ],
              [
                138.95397456,
                -4.024821516
              ],
              [
                138.953968032,
                -4.024786704
              ],
              [
                138.953957153,
                -4.024751893
              ],
              [
                138.953933221,
                -4.024730136
              ],
              [
                138.953911464,
                -4.024704027
              ],
              [
                138.953904937,
                -4.024669216
              ],
              [
                138.953904937,
                -4.024634405
              ],
              [
                138.95391364,
                -4.024595242
              ],
              [
                138.953911464,
                -4.024560431
              ],
              [
                138.953876652,
                -4.024512566
              ],
              [
                138.953809206,
                -4.024475579
              ],
              [
                138.953739583,
                -4.024436415
              ],
              [
                138.953693893,
                -4.02441901
              ],
              [
                138.953665609,
                -4.024392902
              ],
              [
                138.953656907,
                -4.024368969
              ],
              [
                138.953696069,
                -4.024305874
              ],
              [
                138.953743934,
                -4.02420144
              ],
              [
                138.953765375,
                -4.024138907
              ],
              [
                138.953770043,
                -4.024125289
              ],
              [
                138.95377657,
                -4.024053491
              ],
              [
                138.953759164,
                -4.024020856
              ],
              [
                138.953733056,
                -4.023986045
              ],
              [
                138.953704772,
                -4.023931652
              ],
              [
                138.953696069,
                -4.023788056
              ],
              [
                138.95370042,
                -4.023679271
              ],
              [
                138.953717826,
                -4.023583539
              ],
              [
                138.953726529,
                -4.023529148
              ],
              [
                138.95373088,
                -4.023474754
              ],
              [
                138.95373088,
                -4.023444294
              ],
              [
                138.953717826,
                -4.023407308
              ],
              [
                138.953678663,
                -4.023372496
              ],
              [
                138.953569879,
                -4.023379024
              ],
              [
                138.953406701,
                -4.023411658
              ],
              [
                138.953247874,
                -4.023381199
              ],
              [
                138.953114154,
                -4.023294675
              ],
              [
                138.953099926,
                -4.023285469
              ],
              [
                138.95303248,
                -4.023231076
              ],
              [
                138.952971559,
                -4.023144047
              ],
              [
                138.952912815,
                -4.023046141
              ],
              [
                138.952878004,
                -4.022922125
              ],
              [
                138.95286495,
                -4.022854679
              ],
              [
                138.952843193,
                -4.022811165
              ],
              [
                138.95281926,
                -4.022750245
              ],
              [
                138.952823611,
                -4.022676271
              ],
              [
                138.952836666,
                -4.022634933
              ],
              [
                138.95284972,
                -4.022614263
              ],
              [
                138.952846457,
                -4.022583804
              ],
              [
                138.952798467,
                -4.022544941
              ],
              [
                138.952786169,
                -4.022539696
              ],
              [
                138.952669798,
                -4.022447475
              ],
              [
                138.952604259,
                -4.022265351
              ],
              [
                138.952412322,
                -4.022003839
              ],
              [
                138.952295289,
                -4.021779688
              ],
              [
                138.952234431,
                -4.0215532
              ],
              [
                138.951644578,
                -4.020995154
              ],
              [
                138.951401147,
                -4.020630906
              ],
              [
                138.951316882,
                -4.020266657
              ],
              [
                138.948503689,
                -4.01790383
              ],
              [
                138.948129722,
                -4.017496338
              ],
              [
                138.947548708,
                -4.01686324
              ],
              [
                138.946750501,
                -4.016000063
              ],
              [
                138.945976475,
                -4.01499342
              ],
              [
                138.945268956,
                -4.014063492
              ],
              [
                138.945169186,
                -4.013953203
              ],
              [
                138.944894404,
                -4.013340126
              ],
              [
                138.944462733,
                -4.01259748
              ],
              [
                138.944261362,
                -4.012325075
              ],
              [
                138.944051221,
                -4.012096768
              ],
              [
                138.943842155,
                -4.011876167
              ],
              [
                138.94355696,
                -4.011617098
              ],
              [
                138.943461174,
                -4.011501437
              ],
              [
                138.94349955,
                -4.01139628
              ],
              [
                138.94350447,
                -4.011334097
              ],
              [
                138.943454759,
                -4.011209582
              ],
              [
                138.94342639,
                -4.011123394
              ],
              [
                138.943362238,
                -4.011058645
              ],
              [
                138.943333863,
                -4.010974849
              ],
              [
                138.943305417,
                -4.010919759
              ],
              [
                138.943281811,
                -4.010833583
              ],
              [
                138.943277449,
                -4.0106733
              ],
              [
                138.943284905,
                -4.010548929
              ],
              [
                138.943299575,
                -4.010398263
              ],
              [
                138.94332838,
                -4.010309826
              ],
              [
                138.943414425,
                -4.010192831
              ],
              [
                138.943469462,
                -4.0100925
              ],
              [
                138.943524571,
                -4.009963464
              ],
              [
                138.943565323,
                -4.009860706
              ],
              [
                138.94355604,
                -4.009762606
              ],
              [
                138.943484711,
                -4.009709799
              ],
              [
                138.943346585,
                -4.009697489
              ],
              [
                138.943218161,
                -4.009615834
              ],
              [
                138.943089725,
                -4.009538962
              ],
              [
                138.94297552,
                -4.009486048
              ],
              [
                138.942880397,
                -4.009423613
              ],
              [
                138.942759123,
                -4.009339583
              ],
              [
                138.942706785,
                -4.009313138
              ],
              [
                138.942795279,
                -4.009169834
              ],
              [
                138.94278602,
                -4.009062166
              ],
              [
                138.942531625,
                -4.008870154
              ],
              [
                138.942357889,
                -4.008809913
              ],
              [
                138.94219125,
                -4.008768827
              ],
              [
                138.942074514,
                -4.008775708
              ],
              [
                138.941969539,
                -4.008842423
              ],
              [
                138.941895387,
                -4.008966626
              ],
              [
                138.941828374,
                -4.009093239
              ],
              [
                138.941732729,
                -4.009238917
              ],
              [
                138.941670557,
                -4.009334444
              ],
              [
                138.941582238,
                -4.009408378
              ],
              [
                138.941551123,
                -4.009468102
              ],
              [
                138.941491262,
                -4.009592341
              ],
              [
                138.941443382,
                -4.009687904
              ],
              [
                138.941364543,
                -4.009780997
              ],
              [
                138.941295238,
                -4.009871723
              ],
              [
                138.941247453,
                -4.009929014
              ],
              [
                138.941173426,
                -4.010002982
              ],
              [
                138.941128013,
                -4.010065063
              ],
              [
                138.941075417,
                -4.010141478
              ],
              [
                138.941034725,
                -4.010220314
              ],
              [
                138.94099404,
                -4.01029676
              ],
              [
                138.940948608,
                -4.010366016
              ],
              [
                138.940893565,
                -4.010468738
              ],
              [
                138.940860043,
                -4.010538024
              ],
              [
                138.940902734,
                -4.010612287
              ],
              [
                138.940931204,
                -4.01065781
              ],
              [
                138.940907168,
                -4.010743866
              ],
              [
                138.940842632,
                -4.010832211
              ],
              [
                138.940799492,
                -4.010937355
              ],
              [
                138.940768239,
                -4.011052098
              ],
              [
                138.940653652,
                -4.011152277
              ],
              [
                138.940567774,
                -4.011202294
              ],
              [
                138.940520038,
                -4.011240448
              ],
              [
                138.940498384,
                -4.011326509
              ],
              [
                138.940445771,
                -4.0114101
              ],
              [
                138.940357499,
                -4.011464895
              ],
              [
                138.940278761,
                -4.011517323
              ],
              [
                138.940221437,
                -4.011579373
              ],
              [
                138.9401808,
                -4.011636681
              ],
              [
                138.940140143,
                -4.011701165
              ],
              [
                138.940056559,
                -4.011787071
              ],
              [
                138.940027722,
                -4.011887467
              ],
              [
                138.939986964,
                -4.011992616
              ],
              [
                138.939960516,
                -4.012090627
              ],
              [
                138.939907896,
                -4.01217661
              ],
              [
                138.939840979,
                -4.012264948
              ],
              [
                138.939785989,
                -4.012346141
              ],
              [
                138.939728576,
                -4.012444072
              ],
              [
                138.939683143,
                -4.012513329
              ],
              [
                138.939625777,
                -4.012592124
              ],
              [
                138.939563707,
                -4.012646986
              ],
              [
                138.937933816,
                -4.013354284
              ],
              [
                138.936641448,
                -4.013896035
              ],
              [
                138.935244645,
                -4.014365987
              ],
              [
                138.932554704,
                -4.015064997
              ],
              [
                138.932295329,
                -4.014473464
              ],
              [
                138.932120439,
                -4.014070146
              ],
              [
                138.931874165,
                -4.013559752
              ],
              [
                138.931709982,
                -4.013227817
              ],
              [
                138.931467277,
                -4.012795944
              ],
              [
                138.931406601,
                -4.01272813
              ],
              [
                138.931181523,
                -4.0124556
              ],
              [
                138.931142556,
                -4.012475084
              ],
              [
                138.931099093,
                -4.012497565
              ],
              [
                138.93107513,
                -4.01250999
              ],
              [
                138.931058629,
                -4.012518546
              ],
              [
                138.930982193,
                -4.012568004
              ],
              [
                138.930925011,
                -4.012542505
              ],
              [
                138.930924244,
                -4.012542795
              ],
              [
                138.930739988,
                -4.012438096
              ],
              [
                138.930638812,
                -4.012380604
              ],
              [
                138.930503472,
                -4.012208029
              ],
              [
                138.930371263,
                -4.012211282
              ],
              [
                138.930092896,
                -4.012081401
              ],
              [
                138.929921691,
                -4.011962558
              ],
              [
                138.929518821,
                -4.011613484
              ],
              [
                138.929330069,
                -4.01136901
              ],
              [
                138.929169799,
                -4.011164079
              ],
              [
                138.929098539,
                -4.011084959
              ],
              [
                138.92932397,
                -4.010952771
              ],
              [
                138.929128297,
                -4.010618575
              ],
              [
                138.92899995,
                -4.010507017
              ],
              [
                138.928785184,
                -4.010660762
              ],
              [
                138.928161651,
                -4.009970254
              ],
              [
                138.928544472,
                -4.009766702
              ],
              [
                138.929159745,
                -4.009481214
              ],
              [
                138.92974296,
                -4.009156172
              ],
              [
                138.930018412,
                -4.00902411
              ],
              [
                138.930179088,
                -4.009067576
              ],
              [
                138.930286132,
                -4.009125258
              ],
              [
                138.930436169,
                -4.009136403
              ],
              [
                138.930514819,
                -4.009118662
              ],
              [
                138.930607943,
                -4.009029194
              ],
              [
                138.930754777,
                -4.008893217
              ],
              [
                138.930947953,
                -4.008800415
              ],
              [
                138.931116125,
                -4.008703962
              ],
              [
                138.931263149,
                -4.008492633
              ],
              [
                138.931395899,
                -4.008274093
              ],
              [
                138.931450016,
                -4.008066117
              ],
              [
                138.93155061,
                -4.007847495
              ],
              [
                138.931726226,
                -4.007632652
              ],
              [
                138.93186955,
                -4.007471548
              ],
              [
                138.931970153,
                -4.007249337
              ],
              [
                138.93209913,
                -4.007109725
              ],
              [
                138.932238548,
                -4.007081374
              ],
              [
                138.932349535,
                -4.006991951
              ],
              [
                138.93247162,
                -4.006751855
              ],
              [
                138.932511391,
                -4.006565371
              ],
              [
                138.932350451,
                -4.006399717
              ],
              [
                138.932221662,
                -4.006463977
              ],
              [
                138.932100001,
                -4.006535432
              ],
              [
                138.931957083,
                -4.006535071
              ],
              [
                138.931864493,
                -4.006412838
              ],
              [
                138.931786303,
                -4.006247585
              ],
              [
                138.931701038,
                -4.006053609
              ],
              [
                138.931601302,
                -4.00593136
              ],
              [
                138.93159187,
                -4.005927272
              ],
              [
                138.931501367,
                -4.005888048
              ],
              [
                138.93140838,
                -4.005923694
              ],
              [
                138.93128663,
                -4.00603103
              ],
              [
                138.931172241,
                -4.006052269
              ],
              [
                138.931065161,
                -4.00600894
              ],
              [
                138.930941616,
                -4.00327477
              ],
              [
                138.930611189,
                -4.003352289
              ],
              [
                138.930049425,
                -4.003590456
              ],
              [
                138.929635124,
                -4.004031766
              ],
              [
                138.929410419,
                -4.004052781
              ],
              [
                138.929009585,
                -4.003959412
              ],
              [
                138.927241511,
                -4.006448132
              ],
              [
                138.927186314,
                -4.006441061
              ]
            ]
          ]
        ]
      }
    }
  ]
}