{
  "type": "FeatureCollection",
  "features": [
    {
      "type": "Feature",
      "properties": {
        "idx": "2980",
        "nama_kewilayahan": "Sub Suku Aifat"
      },
      "geometry": {
        "type": "Polygon",
        "coordinates": [
          [
            [
              132.393935361,
              -1.294789682
            ],
            [
              132.394086124,
              -1.298709511
            ],
            [
              132.394236886,
              -1.302177052
            ],
            [
              132.395442987,
              -1.30549383
            ],
            [
              132.396950614,
              -1.308509083
            ],
            [
              132.398005952,
              -1.312730437
            ],
            [
              132.396950614,
              -1.315896453
            ],
            [
              132.392880022,
              -1.319514757
            ],
            [
              132.393483073,
              -1.322077722
            ],
            [
              132.394689174,
              -1.326600601
            ],
            [
              132.39785519,
              -1.328862041
            ],
            [
              132.40071968,
              -1.332329582
            ],
            [
              132.399513579,
              -1.335043309
            ],
            [
              132.399212054,
              -1.338360088
            ],
            [
              132.401775019,
              -1.339264664
            ],
            [
              132.402227307,
              -1.342882967
            ],
            [
              132.404187221,
              -1.342882967
            ],
            [
              132.40810705,
              -1.341676866
            ],
            [
              132.409765439,
              -1.344692119
            ],
            [
              132.411725353,
              -1.347858135
            ],
            [
              132.414740606,
              -1.348762711
            ],
            [
              132.419715774,
              -1.348913473
            ],
            [
              132.423183315,
              -1.348008897
            ],
            [
              132.426801618,
              -1.346048983
            ],
            [
              132.437204241,
              -1.345596695
            ],
            [
              132.440973307,
              -1.347104321
            ],
            [
              132.442631697,
              -1.35102415
            ],
            [
              132.442631697,
              -1.362783637
            ],
            [
              132.441576358,
              -1.367306516
            ],
            [
              132.437204241,
              -1.37378931
            ],
            [
              132.433435175,
              -1.37831219
            ],
            [
              132.432229074,
              -1.384644221
            ],
            [
              132.432530599,
              -1.388413287
            ],
            [
              132.435244327,
              -1.38856405
            ],
            [
              132.43825958,
              -1.387810237
            ],
            [
              132.439314918,
              -1.390976252
            ],
            [
              132.441576358,
              -1.394443793
            ],
            [
              132.444290086,
              -1.395800657
            ],
            [
              132.446551525,
              -1.398363622
            ],
            [
              132.448059152,
              -1.402434214
            ],
            [
              132.450923642,
              -1.403188027
            ],
            [
              132.451677456,
              -1.405901755
            ],
            [
              132.454089658,
              -1.409520058
            ],
            [
              132.459215588,
              -1.40906777
            ],
            [
              132.465999907,
              -1.408766245
            ],
            [
              132.472633464,
              -1.409670821
            ],
            [
              132.479719308,
              -1.413289124
            ],
            [
              132.485297526,
              -1.418264292
            ],
            [
              132.489368118,
              -1.42444556
            ],
            [
              132.492534134,
              -1.429722253
            ],
            [
              132.498263114,
              -1.437109623
            ],
            [
              132.502333706,
              -1.445100043
            ],
            [
              132.505650484,
              -1.455050378
            ],
            [
              132.508364212,
              -1.468166729
            ],
            [
              132.509570313,
              -1.478267826
            ],
            [
              132.511379465,
              -1.486409009
            ],
            [
              132.51680692,
              -1.497414683
            ],
            [
              132.522837426,
              -1.511134084
            ],
            [
              132.529018695,
              -1.525305773
            ],
            [
              132.534295387,
              -1.538422123
            ],
            [
              132.542587333,
              -1.549729322
            ],
            [
              132.551331567,
              -1.560885758
            ],
            [
              132.555703684,
              -1.564353299
            ],
            [
              132.560528088,
              -1.569328466
            ],
            [
              132.56520173,
              -1.576112786
            ],
            [
              132.571533762,
              -1.585761595
            ],
            [
              132.576358167,
              -1.593601253
            ],
            [
              132.57937342,
              -1.595410405
            ],
            [
              132.589323754,
              -1.597370319
            ],
            [
              132.598972564,
              -1.597671845
            ],
            [
              132.609073661,
              -1.599330234
            ],
            [
              132.616762557,
              -1.601290148
            ],
            [
              132.622793063,
              -1.602948537
            ],
            [
              132.63289416,
              -1.604305401
            ],
            [
              132.636964752,
              -1.606566841
            ],
            [
              132.636964752,
              -1.612898872
            ],
            [
              132.636361701,
              -1.616969464
            ],
            [
              132.634854074,
              -1.624507596
            ],
            [
              132.630331195,
              -1.629332001
            ],
            [
              132.624149926,
              -1.63325183
            ],
            [
              132.612088914,
              -1.644860554
            ],
            [
              132.598821801,
              -1.65375555
            ],
            [
              132.595806548,
              -1.657826142
            ],
            [
              132.591585194,
              -1.667324189
            ],
            [
              132.589323754,
              -1.674410033
            ],
            [
              132.589172992,
              -1.678932913
            ],
            [
              132.586157739,
              -1.691596975
            ],
            [
              132.58449935,
              -1.700491971
            ],
            [
              132.58449935,
              -1.710593069
            ],
            [
              132.583293248,
              -1.716623575
            ],
            [
              132.581785622,
              -1.723860182
            ],
            [
              132.581333334,
              -1.735921194
            ],
            [
              132.583142486,
              -1.74421314
            ],
            [
              132.583142486,
              -1.762606183
            ],
            [
              132.583896299,
              -1.765319911
            ],
            [
              132.588569941,
              -1.770144315
            ],
            [
              132.594298922,
              -1.775119483
            ],
            [
              132.600027902,
              -1.779943888
            ],
            [
              132.605455358,
              -1.789441935
            ],
            [
              132.609978237,
              -1.800146083
            ],
            [
              132.614953405,
              -1.808588791
            ],
            [
              132.620682385,
              -1.816729974
            ],
            [
              132.631386534,
              -1.827132597
            ],
            [
              132.636210938,
              -1.83301234
            ],
            [
              132.640733818,
              -1.833916916
            ],
            [
              132.644653647,
              -1.834519967
            ],
            [
              132.644955172,
              -1.84039971
            ],
            [
              132.645859748,
              -1.844922589
            ],
            [
              132.648573476,
              -1.846731741
            ],
            [
              132.65053339,
              -1.849143944
            ],
            [
              132.649930339,
              -1.851706909
            ],
            [
              132.64827195,
              -1.853365298
            ],
            [
              132.646010511,
              -1.855626738
            ],
            [
              132.645558223,
              -1.860149617
            ],
            [
              132.645533937,
              -1.860327714
            ],
            [
              132.648900889,
              -1.860953641
            ],
            [
              132.663177655,
              -1.863035669
            ],
            [
              132.695002946,
              -1.864820265
            ],
            [
              132.718522079,
              -1.866681774
            ],
            [
              132.725870774,
              -1.86604879
            ],
            [
              132.727156436,
              -1.866220191
            ],
            [
              132.727449631,
              -1.865464981
            ],
            [
              132.72759623,
              -1.864867579
            ],
            [
              132.727866871,
              -1.863774217
            ],
            [
              132.72800219,
              -1.862771033
            ],
            [
              132.728024744,
              -1.861858018
            ],
            [
              132.727979823,
              -1.861280206
            ],
            [
              132.727884948,
              -1.860497833
            ],
            [
              132.727837513,
              -1.859928833
            ],
            [
              132.727830031,
              -1.85933887
            ],
            [
              132.72790867,
              -1.858790834
            ],
            [
              132.728003544,
              -1.858403598
            ],
            [
              132.728169576,
              -1.858079582
            ],
            [
              132.728430482,
              -1.857747667
            ],
            [
              132.72876337,
              -1.857395771
            ],
            [
              132.729127058,
              -1.857142883
            ],
            [
              132.729648874,
              -1.856882092
            ],
            [
              132.730739937,
              -1.856471149
            ],
            [
              132.731436123,
              -1.856270892
            ],
            [
              132.731848789,
              -1.856195898
            ],
            [
              132.732123896,
              -1.856208395
            ],
            [
              132.73256157,
              -1.856320892
            ],
            [
              132.733011749,
              -1.85655838
            ],
            [
              132.733249342,
              -1.856733371
            ],
            [
              132.733536957,
              -1.857070856
            ],
            [
              132.7341497,
              -1.857970815
            ],
            [
              132.734562365,
              -1.858458293
            ],
            [
              132.735087574,
              -1.859033269
            ],
            [
              132.735200116,
              -1.85922076
            ],
            [
              132.735562761,
              -1.859770735
            ],
            [
              132.735692582,
              -1.859936547
            ],
            [
              132.735803225,
              -1.860022569
            ],
            [
              132.735926163,
              -1.860041001
            ],
            [
              132.736098278,
              -1.860004134
            ],
            [
              132.736590034,
              -1.859930405
            ],
            [
              132.736948258,
              -1.859875221
            ],
            [
              132.737206428,
              -1.859764628
            ],
            [
              132.737778092,
              -1.859525001
            ],
            [
              132.737999384,
              -1.859408262
            ],
            [
              132.73820223,
              -1.859211647
            ],
            [
              132.738319186,
              -1.858880289
            ],
            [
              132.738388005,
              -1.858546176
            ],
            [
              132.738348683,
              -1.858192409
            ],
            [
              132.7382602,
              -1.857514359
            ],
            [
              132.737975096,
              -1.856089468
            ],
            [
              132.737886616,
              -1.855116611
            ],
            [
              132.73773915,
              -1.854124102
            ],
            [
              132.737551768,
              -1.85301788
            ],
            [
              132.737414134,
              -1.85261498
            ],
            [
              132.737197849,
              -1.852261216
            ],
            [
              132.736794768,
              -1.85175022
            ],
            [
              132.736411352,
              -1.851455416
            ],
            [
              132.735968949,
              -1.851140957
            ],
            [
              132.735191068,
              -1.850538443
            ],
            [
              132.734964954,
              -1.850263293
            ],
            [
              132.734866642,
              -1.850007793
            ],
            [
              132.734837149,
              -1.849595066
            ],
            [
              132.734905964,
              -1.849319916
            ],
            [
              132.735151746,
              -1.848975976
            ],
            [
              132.735476172,
              -1.848730307
            ],
            [
              132.735908747,
              -1.84859273
            ],
            [
              132.736567435,
              -1.848474808
            ],
            [
              132.736882032,
              -1.848474808
            ],
            [
              132.737353928,
              -1.848573076
            ],
            [
              132.738651643,
              -1.848897362
            ],
            [
              132.739639283,
              -1.849122982
            ],
            [
              132.740484763,
              -1.849309691
            ],
            [
              132.741045139,
              -1.849368651
            ],
            [
              132.741408895,
              -1.849329346
            ],
            [
              132.741792311,
              -1.849172114
            ],
            [
              132.742323193,
              -1.848916619
            ],
            [
              132.742913066,
              -1.848444929
            ],
            [
              132.74346361,
              -1.847943761
            ],
            [
              132.743738885,
              -1.847678438
            ],
            [
              132.743886352,
              -1.847373806
            ],
            [
              132.74402399,
              -1.846931597
            ],
            [
              132.744014157,
              -1.846676101
            ],
            [
              132.743945672,
              -1.846376253
            ],
            [
              132.743729387,
              -1.845953699
            ],
            [
              132.74267745,
              -1.844568114
            ],
            [
              132.742353025,
              -1.844096427
            ],
            [
              132.742058088,
              -1.843496991
            ],
            [
              132.741723826,
              -1.842671537
            ],
            [
              132.741565961,
              -1.842126747
            ],
            [
              132.741438155,
              -1.841379907
            ],
            [
              132.741428323,
              -1.840515147
            ],
            [
              132.741516803,
              -1.83982727
            ],
            [
              132.741644608,
              -1.839424367
            ],
            [
              132.741880558,
              -1.839041121
            ],
            [
              132.742106676,
              -1.838795453
            ],
            [
              132.742372115,
              -1.838569435
            ],
            [
              132.742588404,
              -1.838500645
            ],
            [
              132.742991481,
              -1.838471167
            ],
            [
              132.743365872,
              -1.838491633
            ],
            [
              132.74407532,
              -1.838530491
            ],
            [
              132.744366876,
              -1.838472207
            ],
            [
              132.744619556,
              -1.838355634
            ],
            [
              132.744911111,
              -1.838190493
            ],
            [
              132.745066608,
              -1.837957354
            ],
            [
              132.745115199,
              -1.83769507
            ],
            [
              132.745027733,
              -1.837287074
            ],
            [
              132.7448528,
              -1.836840219
            ],
            [
              132.744289129,
              -1.835596802
            ],
            [
              132.744006134,
              -1.834959264
            ],
            [
              132.743879796,
              -1.834726122
            ],
            [
              132.743675707,
              -1.834434695
            ],
            [
              132.74275245,
              -1.833502134
            ],
            [
              132.742107764,
              -1.833058116
            ],
            [
              132.741650061,
              -1.832709542
            ],
            [
              132.74133403,
              -1.832437222
            ],
            [
              132.740909021,
              -1.831925255
            ],
            [
              132.740712862,
              -1.831533112
            ],
            [
              132.740647477,
              -1.831271685
            ],
            [
              132.74057119,
              -1.830639898
            ],
            [
              132.740549398,
              -1.829920968
            ],
            [
              132.740636579,
              -1.829300074
            ],
            [
              132.740755956,
              -1.828139881
            ],
            [
              132.740755956,
              -1.827431844
            ],
            [
              132.740723265,
              -1.826647561
            ],
            [
              132.740636084,
              -1.826190057
            ],
            [
              132.740450823,
              -1.82569988
            ],
            [
              132.740080301,
              -1.825002737
            ],
            [
              132.739802394,
              -1.824453831
            ],
            [
              132.739740812,
              -1.824332196
            ],
            [
              132.73965363,
              -1.824114339
            ],
            [
              132.739610038,
              -1.823787552
            ],
            [
              132.739664525,
              -1.823482552
            ],
            [
              132.739806197,
              -1.823035945
            ],
            [
              132.740067741,
              -1.822175408
            ],
            [
              132.740198515,
              -1.821815941
            ],
            [
              132.740253002,
              -1.821369335
            ],
            [
              132.740242103,
              -1.820998978
            ],
            [
              132.740187616,
              -1.820672191
            ],
            [
              132.740176718,
              -1.820214691
            ],
            [
              132.740285696,
              -1.819931477
            ],
            [
              132.740481851,
              -1.819670047
            ],
            [
              132.740808784,
              -1.819452191
            ],
            [
              132.741898553,
              -1.819049154
            ],
            [
              132.743046114,
              -1.818620855
            ],
            [
              132.743928826,
              -1.818283178
            ],
            [
              132.744255759,
              -1.818196034
            ],
            [
              132.744648073,
              -1.818163354
            ],
            [
              132.744920515,
              -1.818097998
            ],
            [
              132.745301935,
              -1.817869248
            ],
            [
              132.745988491,
              -1.817411747
            ],
            [
              132.746424398,
              -1.817074067
            ],
            [
              132.746751327,
              -1.816681924
            ],
            [
              132.746848326,
              -1.816513658
            ],
            [
              132.746778948,
              -1.814568193
            ],
            [
              132.746734987,
              -1.814128747
            ],
            [
              132.746778948,
              -1.813586764
            ],
            [
              132.746910842,
              -1.812971541
            ],
            [
              132.747086697,
              -1.812195189
            ],
            [
              132.747159972,
              -1.811521372
            ],
            [
              132.747146772,
              -1.810547831
            ],
            [
              132.747073501,
              -1.808335959
            ],
            [
              132.747117462,
              -1.807251995
            ],
            [
              132.746999556,
              -1.805061868
            ],
            [
              132.746779597,
              -1.80469543
            ],
            [
              132.746571857,
              -1.804463354
            ],
            [
              132.746119719,
              -1.803950344
            ],
            [
              132.745728681,
              -1.803400689
            ],
            [
              132.74553316,
              -1.803046468
            ],
            [
              132.745382763,
              -1.802602362
            ],
            [
              132.745321664,
              -1.80219928
            ],
            [
              132.745347528,
              -1.801780453
            ],
            [
              132.745481946,
              -1.801389587
            ],
            [
              132.745750785,
              -1.800998722
            ],
            [
              132.746349563,
              -1.800326919
            ],
            [
              132.746670613,
              -1.799855814
            ],
            [
              132.746985003,
              -1.799313112
            ],
            [
              132.747486021,
              -1.798030585
            ],
            [
              132.747632658,
              -1.797505358
            ],
            [
              132.747718199,
              -1.796857989
            ],
            [
              132.747779298,
              -1.796039614
            ],
            [
              132.747902664,
              -1.794823467
            ],
            [
              132.747911757,
              -1.793877287
            ],
            [
              132.747829541,
              -1.793343119
            ],
            [
              132.747651407,
              -1.792562416
            ],
            [
              132.747541784,
              -1.791822797
            ],
            [
              132.747541784,
              -1.791329722
            ],
            [
              132.747719918,
              -1.790179206
            ],
            [
              132.747993974,
              -1.789110871
            ],
            [
              132.74826994,
              -1.78847239
            ],
            [
              132.748598802,
              -1.788034101
            ],
            [
              132.749188018,
              -1.787239697
            ],
            [
              132.74946207,
              -1.786760315
            ],
            [
              132.749626503,
              -1.786226148
            ],
            [
              132.749681312,
              -1.785733072
            ],
            [
              132.749653906,
              -1.785390655
            ],
            [
              132.749585395,
              -1.784911277
            ],
            [
              132.749297637,
              -1.783637491
            ],
            [
              132.749256529,
              -1.783089629
            ],
            [
              132.74927512,
              -1.782657744
            ],
            [
              132.749335743,
              -1.78232784
            ],
            [
              132.749517608,
              -1.781849818
            ],
            [
              132.749659055,
              -1.781627641
            ],
            [
              132.749800505,
              -1.781445859
            ],
            [
              132.75,
              -1.781316828
            ],
            [
              132.750029516,
              -1.781297737
            ],
            [
              132.750272003,
              -1.781196747
            ],
            [
              132.750981662,
              -1.780957876
            ],
            [
              132.75146088,
              -1.780808852
            ],
            [
              132.751822958,
              -1.780659827
            ],
            [
              132.75211049,
              -1.780489512
            ],
            [
              132.752419319,
              -1.780212754
            ],
            [
              132.752770747,
              -1.779797614
            ],
            [
              132.75300503,
              -1.779627299
            ],
            [
              132.75332451,
              -1.779403762
            ],
            [
              132.753793081,
              -1.779190871
            ],
            [
              132.754155159,
              -1.779084426
            ],
            [
              132.754378796,
              -1.779063135
            ],
            [
              132.754687625,
              -1.779020556
            ],
            [
              132.754911259,
              -1.778935401
            ],
            [
              132.755102948,
              -1.778828953
            ],
            [
              132.755262686,
              -1.778679928
            ],
            [
              132.755401131,
              -1.778392525
            ],
            [
              132.755550218,
              -1.777977385
            ],
            [
              132.755646065,
              -1.777487733
            ],
            [
              132.755656711,
              -1.777179039
            ],
            [
              132.755571519,
              -1.776795833
            ],
            [
              132.75530778,
              -1.775896868
            ],
            [
              132.755009601,
              -1.774896273
            ],
            [
              132.754956352,
              -1.774502424
            ],
            [
              132.754903107,
              -1.773395383
            ],
            [
              132.754881807,
              -1.773139914
            ],
            [
              132.754828562,
              -1.772927019
            ],
            [
              132.754668212,
              -1.772646851
            ],
            [
              132.754316785,
              -1.77227429
            ],
            [
              132.753571332,
              -1.771561098
            ],
            [
              132.753219904,
              -1.771305629
            ],
            [
              132.753028215,
              -1.771050159
            ],
            [
              132.752932372,
              -1.770709531
            ],
            [
              132.752900425,
              -1.770347616
            ],
            [
              132.752900425,
              -1.769943118
            ],
            [
              132.75297497,
              -1.769453466
            ],
            [
              132.753113411,
              -1.768921235
            ],
            [
              132.753478036,
              -1.767978375
            ],
            [
              132.753826008,
              -1.767212961
            ],
            [
              132.754081189,
              -1.766343173
            ],
            [
              132.754324767,
              -1.765531372
            ],
            [
              132.754521952,
              -1.765079081
            ],
            [
              132.754707537,
              -1.764742765
            ],
            [
              132.754904721,
              -1.764534016
            ],
            [
              132.755217895,
              -1.764278878
            ],
            [
              132.755531069,
              -1.764070127
            ],
            [
              132.755774651,
              -1.763942559
            ],
            [
              132.756227013,
              -1.763803394
            ],
            [
              132.75676057,
              -1.763733811
            ],
            [
              132.757549304,
              -1.763629437
            ],
            [
              132.758013269,
              -1.763513464
            ],
            [
              132.758488829,
              -1.763339507
            ],
            [
              132.759115177,
              -1.763061173
            ],
            [
              132.759683532,
              -1.762759648
            ],
            [
              132.760029404,
              -1.762552172
            ],
            [
              132.760232087,
              -1.762338922
            ],
            [
              132.760719247,
              -1.761387953
            ],
            [
              132.761484786,
              -1.759891919
            ],
            [
              132.761848243,
              -1.75925933
            ],
            [
              132.762300605,
              -1.75877225
            ],
            [
              132.762671775,
              -1.75844753
            ],
            [
              132.762950155,
              -1.758006837
            ],
            [
              132.763100942,
              -1.757577742
            ],
            [
              132.763193733,
              -1.756719551
            ],
            [
              132.763193733,
              -1.75626726
            ],
            [
              132.763147336,
              -1.756058512
            ],
            [
              132.763054545,
              -1.755768582
            ],
            [
              132.762938555,
              -1.755559834
            ],
            [
              132.762776169,
              -1.755351083
            ],
            [
              132.762347002,
              -1.755049558
            ],
            [
              132.761975722,
              -1.754755323
            ],
            [
              132.761906126,
              -1.754558173
            ],
            [
              132.761917726,
              -1.754279841
            ],
            [
              132.762045314,
              -1.753885538
            ],
            [
              132.7622193,
              -1.753537621
            ],
            [
              132.76249768,
              -1.752946167
            ],
            [
              132.762916364,
              -1.751966909
            ],
            [
              132.763229538,
              -1.751027538
            ],
            [
              132.763449921,
              -1.75028532
            ],
            [
              132.76357751,
              -1.749566296
            ],
            [
              132.763589109,
              -1.748998035
            ],
            [
              132.763589109,
              -1.748557342
            ],
            [
              132.763496318,
              -1.748023873
            ],
            [
              132.763334528,
              -1.747369481
            ],
            [
              132.76322592,
              -1.74701221
            ],
            [
              132.762986556,
              -1.746604067
            ],
            [
              132.762673382,
              -1.746140181
            ],
            [
              132.762383407,
              -1.745896641
            ],
            [
              132.762070233,
              -1.745699488
            ],
            [
              132.761617867,
              -1.745548724
            ],
            [
              132.761175736,
              -1.745367621
            ],
            [
              132.760747938,
              -1.745096436
            ],
            [
              132.76050436,
              -1.744852896
            ],
            [
              132.760365172,
              -1.744644145
            ],
            [
              132.760295576,
              -1.744470188
            ],
            [
              132.760260427,
              -1.744118772
            ],
            [
              132.760364821,
              -1.743631692
            ],
            [
              132.760504009,
              -1.74327218
            ],
            [
              132.760677995,
              -1.743005444
            ],
            [
              132.760886779,
              -1.742785098
            ],
            [
              132.761165155,
              -1.742587947
            ],
            [
              132.761559524,
              -1.742367601
            ],
            [
              132.762069882,
              -1.742100865
            ],
            [
              132.762615038,
              -1.741834131
            ],
            [
              132.763194989,
              -1.741463021
            ],
            [
              132.763635751,
              -1.741149898
            ],
            [
              132.763995322,
              -1.740836773
            ],
            [
              132.764273702,
              -1.740454067
            ],
            [
              132.76441289,
              -1.740140944
            ],
            [
              132.764704039,
              -1.739404798
            ],
            [
              132.764958597,
              -1.738612118
            ],
            [
              132.765027458,
              -1.73830228
            ],
            [
              132.765073368,
              -1.737958015
            ],
            [
              132.765096322,
              -1.737785885
            ],
            [
              132.765096322,
              -1.73733834
            ],
            [
              132.76506189,
              -1.736948174
            ],
            [
              132.765027458,
              -1.736466204
            ],
            [
              132.76506189,
              -1.736121941
            ],
            [
              132.765142232,
              -1.735880955
            ],
            [
              132.765337346,
              -1.735639971
            ],
            [
              132.76557837,
              -1.735433412
            ],
            [
              132.765796441,
              -1.735307182
            ],
            [
              132.766094851,
              -1.735203903
            ],
            [
              132.766462124,
              -1.735169477
            ],
            [
              132.767782021,
              -1.735054721
            ],
            [
              132.768091909,
              -1.734997344
            ],
            [
              132.768516568,
              -1.734848163
            ],
            [
              132.768987142,
              -1.734618653
            ],
            [
              132.769400322,
              -1.734377669
            ],
            [
              132.76989385,
              -1.733998978
            ],
            [
              132.770157827,
              -1.733723566
            ],
            [
              132.770163473,
              -1.733711148
            ],
            [
              132.770272602,
              -1.733471108
            ],
            [
              132.770329987,
              -1.733230122
            ],
            [
              132.770318513,
              -1.732966186
            ],
            [
              132.770284081,
              -1.732644872
            ],
            [
              132.770329987,
              -1.732415363
            ],
            [
              132.770479194,
              -1.732208804
            ],
            [
              132.770897173,
              -1.731917346
            ],
            [
              132.771333315,
              -1.731504229
            ],
            [
              132.771746499,
              -1.73104521
            ],
            [
              132.772182637,
              -1.730425535
            ],
            [
              132.772595822,
              -1.729737006
            ],
            [
              132.772779457,
              -1.729300939
            ],
            [
              132.772848321,
              -1.728945199
            ],
            [
              132.772871278,
              -1.728600936
            ],
            [
              132.772849886,
              -1.728147627
            ],
            [
              132.772666247,
              -1.727355819
            ],
            [
              132.772505566,
              -1.727045982
            ],
            [
              132.772333405,
              -1.726804998
            ],
            [
              132.77123158,
              -1.725359087
            ],
            [
              132.770665413,
              -1.724625971
            ],
            [
              132.770531465,
              -1.724452525
            ],
            [
              132.770369372,
              -1.724205664
            ],
            [
              132.770289033,
              -1.723895826
            ],
            [
              132.770254601,
              -1.723597463
            ],
            [
              132.770277555,
              -1.723218772
            ],
            [
              132.770422669,
              -1.72241157
            ],
            [
              132.770730452,
              -1.721099645
            ],
            [
              132.771054437,
              -1.719998275
            ],
            [
              132.771362224,
              -1.719172248
            ],
            [
              132.771751007,
              -1.718475794
            ],
            [
              132.771993993,
              -1.717989894
            ],
            [
              132.772325224,
              -1.717407751
            ],
            [
              132.772484219,
              -1.716930839
            ],
            [
              132.772563717,
              -1.716374443
            ],
            [
              132.772597791,
              -1.715897531
            ],
            [
              132.772597791,
              -1.715488749
            ],
            [
              132.772575535,
              -1.714780705
            ],
            [
              132.772621842,
              -1.714311052
            ],
            [
              132.772685538,
              -1.714005358
            ],
            [
              132.773105935,
              -1.712922697
            ],
            [
              132.773297023,
              -1.712425948
            ],
            [
              132.773347981,
              -1.712018358
            ],
            [
              132.773347981,
              -1.711814561
            ],
            [
              132.773335243,
              -1.711547081
            ],
            [
              132.773105935,
              -1.710719164
            ],
            [
              132.773016758,
              -1.710362523
            ],
            [
              132.772940323,
              -1.710260625
            ],
            [
              132.772761973,
              -1.710069568
            ],
            [
              132.772494449,
              -1.709903984
            ],
            [
              132.771959402,
              -1.709649241
            ],
            [
              132.77179379,
              -1.709534606
            ],
            [
              132.771679136,
              -1.709343548
            ],
            [
              132.771602702,
              -1.709114279
            ],
            [
              132.77161544,
              -1.70856658
            ],
            [
              132.771601415,
              -1.70804844
            ],
            [
              132.771486761,
              -1.707335158
            ],
            [
              132.771206499,
              -1.706379869
            ],
            [
              132.771104584,
              -1.705768485
            ],
            [
              132.771066368,
              -1.705399104
            ],
            [
              132.771053626,
              -1.704711298
            ],
            [
              132.771053626,
              -1.704354656
            ],
            [
              132.770951714,
              -1.703794219
            ],
            [
              132.77087528,
              -1.703399368
            ],
            [
              132.770645972,
              -1.702877143
            ],
            [
              132.770442144,
              -1.702482289
            ],
            [
              132.770110925,
              -1.702061962
            ],
            [
              132.769881617,
              -1.70175627
            ],
            [
              132.769255322,
              -1.701216421
            ],
            [
              132.769897617,
              -1.69788162
            ],
            [
              132.772277078,
              -1.694609861
            ],
            [
              132.773318092,
              -1.6922304
            ],
            [
              132.774507822,
              -1.688661209
            ],
            [
              132.78387695,
              -1.681374109
            ],
            [
              132.78833844,
              -1.677656202
            ],
            [
              132.793840943,
              -1.674235726
            ],
            [
              132.800235745,
              -1.671707549
            ],
            [
              132.804102369,
              -1.667602979
            ],
            [
              132.806035681,
              -1.662249192
            ],
            [
              132.808117709,
              -1.657341553
            ],
            [
              132.810645886,
              -1.652136482
            ],
            [
              132.812579199,
              -1.645444248
            ],
            [
              132.815850957,
              -1.635480255
            ],
            [
              132.817040688,
              -1.628936737
            ],
            [
              132.820015014,
              -1.621500922
            ],
            [
              132.820934239,
              -1.615996616
            ],
            [
              132.825098295,
              -1.610285909
            ],
            [
              132.831998732,
              -1.598745523
            ],
            [
              132.834735113,
              -1.592439952
            ],
            [
              132.837590466,
              -1.587205137
            ],
            [
              132.840445819,
              -1.580899566
            ],
            [
              132.842706307,
              -1.574356048
            ],
            [
              132.84401501,
              -1.569716099
            ],
            [
              132.84556166,
              -1.563803138
            ],
            [
              132.849487771,
              -1.555831944
            ],
            [
              132.85258107,
              -1.550359184
            ],
            [
              132.85841075,
              -1.544172585
            ],
            [
              132.864478375,
              -1.540960313
            ],
            [
              132.867809621,
              -1.536796256
            ],
            [
              132.870308055,
              -1.532751172
            ],
            [
              132.877373395,
              -1.527375537
            ],
            [
              132.883012695,
              -1.525042898
            ],
            [
              132.889936949,
              -1.526233396
            ],
            [
              132.898074706,
              -1.527375537
            ],
            [
              132.904927554,
              -1.530088123
            ],
            [
              132.906640766,
              -1.527946608
            ],
            [
              132.906069695,
              -1.511671095
            ],
            [
              132.908782281,
              -1.508101903
            ],
            [
              132.912922543,
              -1.503247803
            ],
            [
              132.913944181,
              -1.496583394
            ],
            [
              132.916710151,
              -1.495944284
            ],
            [
              132.918731804,
              -1.49509054
            ],
            [
              132.920328117,
              -1.494129427
            ],
            [
              132.922987834,
              -1.493383242
            ],
            [
              132.925541395,
              -1.492423031
            ],
            [
              132.926924887,
              -1.491568665
            ],
            [
              132.927401485,
              -1.49143854
            ],
            [
              132.927988594,
              -1.491462713
            ],
            [
              132.928863895,
              -1.491885736
            ],
            [
              132.929583008,
              -1.492533824
            ],
            [
              132.931069859,
              -1.494888359
            ],
            [
              132.932238733,
              -1.49606603
            ],
            [
              132.932763625,
              -1.496335652
            ],
            [
              132.933408308,
              -1.496494982
            ],
            [
              132.933984983,
              -1.496373714
            ],
            [
              132.934365959,
              -1.496068047
            ],
            [
              132.934792409,
              -1.494998847
            ],
            [
              132.935857821,
              -1.493074565
            ],
            [
              132.937590211,
              -1.490756049
            ],
            [
              132.939082452,
              -1.48733471
            ],
            [
              132.940255204,
              -1.484340909
            ],
            [
              132.941002602,
              -1.481239742
            ],
            [
              132.941642644,
              -1.479208083
            ],
            [
              132.942707929,
              -1.47739074
            ],
            [
              132.944838201,
              -1.47407693
            ],
            [
              132.945477936,
              -1.472366145
            ],
            [
              132.945586546,
              -1.469906136
            ],
            [
              132.945482142,
              -1.467766816
            ],
            [
              132.944845929,
              -1.465627003
            ],
            [
              132.94442195,
              -1.464022196
            ],
            [
              132.944434553,
              -1.463179165
            ],
            [
              132.944848755,
              -1.462525132
            ],
            [
              132.945470794,
              -1.461931563
            ],
            [
              132.94591343,
              -1.46134954
            ],
            [
              132.946154893,
              -1.460588864
            ],
            [
              132.946233777,
              -1.459959337
            ],
            [
              132.945809985,
              -1.458140606
            ],
            [
              132.944324427,
              -1.45428864
            ],
            [
              132.943475579,
              -1.452041678
            ],
            [
              132.943052265,
              -1.449688148
            ],
            [
              132.942627686,
              -1.447587266
            ],
            [
              132.941779519,
              -1.445729426
            ],
            [
              132.940762403,
              -1.443947683
            ],
            [
              132.940293565,
              -1.442305322
            ],
            [
              132.939557053,
              -1.43921747
            ],
            [
              132.939613272,
              -1.438393097
            ],
            [
              132.939877476,
              -1.437720311
            ],
            [
              132.940835955,
              -1.436330688
            ],
            [
              132.941109244,
              -1.435433372
            ],
            [
              132.941263018,
              -1.434512739
            ],
            [
              132.941053167,
              -1.431303722
            ],
            [
              132.94073571,
              -1.429485099
            ],
            [
              132.939886366,
              -1.427772958
            ],
            [
              132.939249357,
              -1.426488852
            ],
            [
              132.93850694,
              -1.424135047
            ],
            [
              132.937834711,
              -1.422656573
            ],
            [
              132.937339278,
              -1.421566938
            ],
            [
              132.935108511,
              -1.418463073
            ],
            [
              132.933834399,
              -1.416001839
            ],
            [
              132.932880303,
              -1.412471289
            ],
            [
              132.932457991,
              -1.408941218
            ],
            [
              132.932566329,
              -1.406695147
            ],
            [
              132.933205695,
              -1.405305231
            ],
            [
              132.934695917,
              -1.403916069
            ],
            [
              132.93743388,
              -1.402259905
            ],
            [
              132.926433182,
              -1.391154325
            ],
            [
              132.922150152,
              -1.387394777
            ],
            [
              132.922150152,
              -1.3771393
            ],
            [
              132.922007384,
              -1.370571987
            ],
            [
              132.920008637,
              -1.366217574
            ],
            [
              132.916606008,
              -1.362624588
            ],
            [
              132.913465119,
              -1.360245127
            ],
            [
              132.908991733,
              -1.358056022
            ],
            [
              132.904327989,
              -1.355105491
            ],
            [
              132.900657147,
              -1.350504184
            ],
            [
              132.897792657,
              -1.343719865
            ],
            [
              132.895229692,
              -1.33603097
            ],
            [
              132.893872828,
              -1.328342075
            ],
            [
              132.893872828,
              -1.320803942
            ],
            [
              132.894174353,
              -1.316281063
            ],
            [
              132.89628503,
              -1.311607421
            ],
            [
              132.898847995,
              -1.306330728
            ],
            [
              132.902014011,
              -1.300601747
            ],
            [
              132.904124688,
              -1.297284969
            ],
            [
              132.904765289,
              -1.293766322
            ],
            [
              132.904181007,
              -1.292954443
            ],
            [
              132.903436919,
              -1.292354799
            ],
            [
              132.89670223,
              -1.288197489
            ],
            [
              132.885837224,
              -1.281224844
            ],
            [
              132.880720909,
              -1.278448854
            ],
            [
              132.879064701,
              -1.277550235
            ],
            [
              132.878395332,
              -1.276651155
            ],
            [
              132.878216139,
              -1.276433181
            ],
            [
              132.874453091,
              -1.271855762
            ],
            [
              132.873336991,
              -1.270956314
            ],
            [
              132.871773912,
              -1.270356004
            ],
            [
              132.869019546,
              -1.269754707
            ],
            [
              132.867269738,
              -1.269119977
            ],
            [
              132.860795208,
              -1.265370787
            ],
            [
              132.85595896,
              -1.261323468
            ],
            [
              132.85140381,
              -1.258278068
            ],
            [
              132.848740443,
              -1.256974689
            ],
            [
              132.847302044,
              -1.254669606
            ],
            [
              132.846665482,
              -1.253328247
            ],
            [
              132.845946847,
              -1.252141442
            ],
            [
              132.844806959,
              -1.250000011
            ],
            [
              132.844677465,
              -1.249394722
            ],
            [
              132.844544118,
              -1.249066321
            ],
            [
              132.844371499,
              -1.248706236
            ],
            [
              132.844179203,
              -1.248385697
            ],
            [
              132.843876885,
              -1.248037376
            ],
            [
              132.84324463,
              -1.247494965
            ],
            [
              132.84293829,
              -1.247265301
            ],
            [
              132.842616258,
              -1.247003982
            ],
            [
              132.842353165,
              -1.246746671
            ],
            [
              132.842160869,
              -1.246426124
            ],
            [
              132.842078602,
              -1.246101717
            ],
            [
              132.842082842,
              -1.245725966
            ],
            [
              132.842134305,
              -1.245259276
            ],
            [
              132.84219363,
              -1.244800503
            ],
            [
              132.842209809,
              -1.244234896
            ],
            [
              132.842174861,
              -1.24371276
            ],
            [
              132.841994552,
              -1.24314304
            ],
            [
              132.841719944,
              -1.24255347
            ],
            [
              132.841531628,
              -1.242165691
            ],
            [
              132.84135517,
              -1.241698813
            ],
            [
              132.841262644,
              -1.241396856
            ],
            [
              132.841207533,
              -1.241268756
            ],
            [
              132.841110982,
              -1.241189995
            ],
            [
              132.841011354,
              -1.241117405
            ],
            [
              132.840727042,
              -1.240907226
            ],
            [
              132.84027925,
              -1.240653715
            ],
            [
              132.839772512,
              -1.240392246
            ],
            [
              132.839297193,
              -1.240166395
            ],
            [
              132.838908363,
              -1.239889201
            ],
            [
              132.838492006,
              -1.239639677
            ],
            [
              132.838044189,
              -1.239417809
            ],
            [
              132.837702442,
              -1.239243493
            ],
            [
              132.837337159,
              -1.239005872
            ],
            [
              132.836826578,
              -1.238645512
            ],
            [
              132.83643778,
              -1.238340635
            ],
            [
              132.836064709,
              -1.23801599
            ],
            [
              132.835691678,
              -1.237651793
            ],
            [
              132.835365784,
              -1.237303455
            ],
            [
              132.834929903,
              -1.236907563
            ],
            [
              132.834580417,
              -1.236575027
            ],
            [
              132.834321294,
              -1.236274209
            ],
            [
              132.834140705,
              -1.236039923
            ],
            [
              132.834046513,
              -1.235966317
            ],
            [
              132.833927284,
              -1.235917842
            ],
            [
              132.833698418,
              -1.23587895
            ],
            [
              132.833095568,
              -1.235822294
            ],
            [
              132.832490395,
              -1.235805975
            ],
            [
              132.832010998,
              -1.235762068
            ],
            [
              132.831543468,
              -1.235627203
            ],
            [
              132.831185989,
              -1.235460785
            ],
            [
              132.830875692,
              -1.235274634
            ],
            [
              132.830533977,
              -1.235052855
            ],
            [
              132.830141163,
              -1.234850806
            ],
            [
              132.829752482,
              -1.234725525
            ],
            [
              132.829472246,
              -1.234565816
            ],
            [
              132.829127748,
              -1.234276455
            ],
            [
              132.828939325,
              -1.23402316
            ],
            [
              132.828729464,
              -1.233810168
            ],
            [
              132.828495354,
              -1.233703322
            ],
            [
              132.828204043,
              -1.233632601
            ],
            [
              132.827830793,
              -1.233553613
            ],
            [
              132.827368741,
              -1.233455548
            ],
            [
              132.826618367,
              -1.233201791
            ],
            [
              132.826260867,
              -1.233063057
            ],
            [
              132.825911245,
              -1.232912467
            ],
            [
              132.825522368,
              -1.23269856
            ],
            [
              132.825141337,
              -1.232512352
            ],
            [
              132.824787807,
              -1.232330117
            ],
            [
              132.824391016,
              -1.232183439
            ],
            [
              132.823982422,
              -1.232060493
            ],
            [
              132.823475626,
              -1.231889994
            ],
            [
              132.823146144,
              -1.231838146
            ],
            [
              132.822728168,
              -1.23182029
            ],
            [
              132.822037228,
              -1.231959879
            ],
            [
              132.82120684,
              -1.232239521
            ],
            [
              132.820852676,
              -1.232285942
            ],
            [
              132.820440507,
              -1.232285603
            ],
            [
              132.820068321,
              -1.232148239
            ],
            [
              132.819438726,
              -1.231542718
            ],
            [
              132.81914895,
              -1.231243459
            ],
            [
              132.818869846,
              -1.230876575
            ],
            [
              132.818672068,
              -1.230531113
            ],
            [
              132.818548576,
              -1.230171472
            ],
            [
              132.818474579,
              -1.229829674
            ],
            [
              132.818397125,
              -1.229388199
            ],
            [
              132.818263047,
              -1.229000081
            ],
            [
              132.818072361,
              -1.228626146
            ],
            [
              132.817895762,
              -1.228337658
            ],
            [
              132.817751045,
              -1.227978001
            ],
            [
              132.817652391,
              -1.227515155
            ],
            [
              132.817596175,
              -1.227055897
            ],
            [
              132.817515225,
              -1.226571702
            ],
            [
              132.817367052,
              -1.226108816
            ],
            [
              132.816939711,
              -1.225368034
            ],
            [
              132.816713555,
              -1.225125785
            ],
            [
              132.816476857,
              -1.224790968
            ],
            [
              132.816307437,
              -1.22436722
            ],
            [
              132.816219359,
              -1.223954216
            ],
            [
              132.816141828,
              -1.223605291
            ],
            [
              132.816007701,
              -1.223277683
            ],
            [
              132.815848793,
              -1.222971418
            ],
            [
              132.815601473,
              -1.222654394
            ],
            [
              132.815361182,
              -1.222397895
            ],
            [
              132.815152663,
              -1.222216179
            ],
            [
              132.814852199,
              -1.222016586
            ],
            [
              132.814583516,
              -1.221881091
            ],
            [
              132.814286522,
              -1.221766935
            ],
            [
              132.813911707,
              -1.221674079
            ],
            [
              132.813618244,
              -1.221570603
            ],
            [
              132.813321299,
              -1.22139593
            ],
            [
              132.813088057,
              -1.221164362
            ],
            [
              132.812823063,
              -1.220843762
            ],
            [
              132.812565167,
              -1.220487576
            ],
            [
              132.812257816,
              -1.220063716
            ],
            [
              132.811939813,
              -1.219682564
            ],
            [
              132.811363901,
              -1.218973696
            ],
            [
              132.811180155,
              -1.218770647
            ],
            [
              132.810918732,
              -1.218410896
            ],
            [
              132.810728006,
              -1.218086805
            ],
            [
              132.810551485,
              -1.217702208
            ],
            [
              132.810535412,
              -1.217384471
            ],
            [
              132.810554346,
              -1.217184327
            ],
            [
              132.810648402,
              -1.216923825
            ],
            [
              132.810753853,
              -1.216734122
            ],
            [
              132.81092741,
              -1.216417444
            ],
            [
              132.811030333,
              -1.215976119
            ],
            [
              132.811044853,
              -1.215513359
            ],
            [
              132.811045188,
              -1.215096875
            ],
            [
              132.810978385,
              -1.214609133
            ],
            [
              132.810879675,
              -1.214213922
            ],
            [
              132.810734971,
              -1.213836467
            ],
            [
              132.810569065,
              -1.213441202
            ],
            [
              132.810275998,
              -1.212835801
            ],
            [
              132.810074732,
              -1.212436946
            ],
            [
              132.809905316,
              -1.212006085
            ],
            [
              132.809739487,
              -1.211504024
            ],
            [
              132.809697256,
              -1.211119284
            ],
            [
              132.809720546,
              -1.211030551
            ],
            [
              132.809994848,
              -1.210610737
            ],
            [
              132.810133015,
              -1.21032607
            ],
            [
              132.810218176,
              -1.209977279
            ],
            [
              132.810236164,
              -1.209589279
            ],
            [
              132.810236467,
              -1.209211951
            ],
            [
              132.810297021,
              -1.208678033
            ],
            [
              132.81039644,
              -1.208190436
            ],
            [
              132.810587345,
              -1.20748515
            ],
            [
              132.810669246,
              -1.207291123
            ],
            [
              132.810819824,
              -1.207110306
            ],
            [
              132.811012843,
              -1.206927218
            ],
            [
              132.811267726,
              -1.206628405
            ],
            [
              132.811476657,
              -1.206293963
            ],
            [
              132.811614845,
              -1.20597014
            ],
            [
              132.811763736,
              -1.205539528
            ],
            [
              132.811887882,
              -1.20508398
            ],
            [
              132.812019112,
              -1.204621314
            ],
            [
              132.812189241,
              -1.20416225
            ],
            [
              132.812376969,
              -1.203799303
            ],
            [
              132.812617744,
              -1.203450646
            ],
            [
              132.812890311,
              -1.203151847
            ],
            [
              132.813431827,
              -1.202653918
            ],
            [
              132.813647722,
              -1.202461861
            ],
            [
              132.813810556,
              -1.202273323
            ],
            [
              132.813876864,
              -1.202136415
            ],
            [
              132.814065619,
              -1.201746685
            ],
            [
              132.814181815,
              -1.201550153
            ],
            [
              132.814301295,
              -1.201369608
            ],
            [
              132.814452899,
              -1.201206935
            ],
            [
              132.814568385,
              -1.200977386
            ],
            [
              132.814637663,
              -1.200787263
            ],
            [
              132.81470847,
              -1.200627789
            ],
            [
              132.814805249,
              -1.200485033
            ],
            [
              132.814975045,
              -1.200329526
            ],
            [
              132.815204304,
              -1.200150334
            ],
            [
              132.815424255,
              -1.199905283
            ],
            [
              132.815681397,
              -1.199507258
            ],
            [
              132.815841925,
              -1.199259664
            ],
            [
              132.815959267,
              -1.199100376
            ],
            [
              132.816095332,
              -1.198915671
            ],
            [
              132.816256185,
              -1.198766964
            ],
            [
              132.816494088,
              -1.198594316
            ],
            [
              132.816579174,
              -1.198546096
            ],
            [
              132.816752602,
              -1.198447811
            ],
            [
              132.817012924,
              -1.19833286
            ],
            [
              132.817305601,
              -1.198204256
            ],
            [
              132.817568605,
              -1.198081614
            ],
            [
              132.81781281,
              -1.197913978
            ],
            [
              132.81802038,
              -1.197695912
            ],
            [
              132.818286999,
              -1.197409663
            ],
            [
              132.818547739,
              -1.197140685
            ],
            [
              132.818759549,
              -1.196864952
            ],
            [
              132.818888363,
              -1.196534112
            ],
            [
              132.818908247,
              -1.196127939
            ],
            [
              132.81885242,
              -1.195892547
            ],
            [
              132.818794906,
              -1.195700504
            ],
            [
              132.81878396,
              -1.195602863
            ],
            [
              132.818774231,
              -1.195516076
            ],
            [
              132.818794829,
              -1.195298139
            ],
            [
              132.818911144,
              -1.19505172
            ],
            [
              132.819061566,
              -1.194816123
            ],
            [
              132.819279534,
              -1.19452101
            ],
            [
              132.819450303,
              -1.194224901
            ],
            [
              132.819601736,
              -1.193913643
            ],
            [
              132.819761431,
              -1.193501289
            ],
            [
              132.820092585,
              -1.192838862
            ],
            [
              132.820448024,
              -1.19216763
            ],
            [
              132.820566418,
              -1.191941645
            ],
            [
              132.820650975,
              -1.191780245
            ],
            [
              132.820834806,
              -1.191514432
            ],
            [
              132.820989913,
              -1.191292462
            ],
            [
              132.821085017,
              -1.191085921
            ],
            [
              132.821100526,
              -1.190803765
            ],
            [
              132.8210315,
              -1.190493533
            ],
            [
              132.820929328,
              -1.190116075
            ],
            [
              132.820917096,
              -1.190087285
            ],
            [
              132.820821391,
              -1.189862027
            ],
            [
              132.820772607,
              -1.189613405
            ],
            [
              132.82077069,
              -1.189423567
            ],
            [
              132.820827359,
              -1.189171006
            ],
            [
              132.820917946,
              -1.189004625
            ],
            [
              132.820968321,
              -1.188912102
            ],
            [
              132.821097044,
              -1.188648704
            ],
            [
              132.821156574,
              -1.18838998
            ],
            [
              132.821156828,
              -1.188065998
            ],
            [
              132.82111377,
              -1.187753969
            ],
            [
              132.821114023,
              -1.187430909
            ],
            [
              132.821118766,
              -1.187223619
            ],
            [
              132.82111422,
              -1.186960549
            ],
            [
              132.821049291,
              -1.186659289
            ],
            [
              132.820947894,
              -1.186414802
            ],
            [
              132.820799762,
              -1.186230616
            ],
            [
              132.820583889,
              -1.186020014
            ],
            [
              132.820323693,
              -1.18576891
            ],
            [
              132.820118585,
              -1.185472529
            ],
            [
              132.819756094,
              -1.185128172
            ],
            [
              132.819536721,
              -1.18492545
            ],
            [
              132.819277475,
              -1.184689771
            ],
            [
              132.818972802,
              -1.184471704
            ],
            [
              132.818675373,
              -1.184282536
            ],
            [
              132.818432704,
              -1.184120913
            ],
            [
              132.818172059,
              -1.183893795
            ],
            [
              132.817974361,
              -1.183678976
            ],
            [
              132.817696823,
              -1.183287711
            ],
            [
              132.817532917,
              -1.183071247
            ],
            [
              132.817301977,
              -1.182796942
            ],
            [
              132.817077982,
              -1.182520436
            ],
            [
              132.816917909,
              -1.182341404
            ],
            [
              132.816709244,
              -1.182101887
            ],
            [
              132.816496442,
              -1.181939131
            ],
            [
              132.816222932,
              -1.18180834
            ],
            [
              132.815855839,
              -1.181641954
            ],
            [
              132.81490902,
              -1.181378094
            ],
            [
              132.814624975,
              -1.181292309
            ],
            [
              132.814400542,
              -1.181198334
            ],
            [
              132.814259384,
              -1.181078379
            ],
            [
              132.814156126,
              -1.18094097
            ],
            [
              132.81408114,
              -1.180796043
            ],
            [
              132.814023014,
              -1.18061551
            ],
            [
              132.813915057,
              -1.180365296
            ],
            [
              132.813819322,
              -1.180117254
            ],
            [
              132.813783964,
              -1.179870931
            ],
            [
              132.813809258,
              -1.179662284
            ],
            [
              132.813880233,
              -1.179399673
            ],
            [
              132.813956924,
              -1.179154714
            ],
            [
              132.814007473,
              -1.178858121
            ],
            [
              132.814002793,
              -1.17860506
            ],
            [
              132.81394978,
              -1.178342089
            ],
            [
              132.813858963,
              -1.178099385
            ],
            [
              132.813733478,
              -1.177922278
            ],
            [
              132.813548462,
              -1.177743127
            ],
            [
              132.813334988,
              -1.177601211
            ],
            [
              132.81309887,
              -1.177437967
            ],
            [
              132.812823165,
              -1.177219752
            ],
            [
              132.812176356,
              -1.176774912
            ],
            [
              132.811837584,
              -1.176620664
            ],
            [
              132.811496289,
              -1.176499666
            ],
            [
              132.811173103,
              -1.176388645
            ],
            [
              132.810862138,
              -1.176294015
            ],
            [
              132.810605692,
              -1.176212989
            ],
            [
              132.810407161,
              -1.17612276
            ],
            [
              132.810171345,
              -1.175987209
            ],
            [
              132.809955307,
              -1.175829415
            ],
            [
              132.809669829,
              -1.175578963
            ],
            [
              132.80947254,
              -1.17526545
            ],
            [
              132.809379067,
              -1.175008821
            ],
            [
              132.809286279,
              -1.174691295
            ],
            [
              132.809187146,
              -1.174388835
            ],
            [
              132.809086053,
              -1.174136323
            ],
            [
              132.809016902,
              -1.174019175
            ],
            [
              132.808959511,
              -1.173967905
            ],
            [
              132.808913749,
              -1.173954209
            ],
            [
              132.808840958,
              -1.173955073
            ],
            [
              132.80879676,
              -1.173974973
            ],
            [
              132.808705174,
              -1.174097709
            ],
            [
              132.808465166,
              -1.174477225
            ],
            [
              132.808288088,
              -1.174797458
            ],
            [
              132.808142416,
              -1.175145406
            ],
            [
              132.808067476,
              -1.175505281
            ],
            [
              132.808059309,
              -1.175900802
            ],
            [
              132.808003287,
              -1.17616666
            ],
            [
              132.807965691,
              -1.176289248
            ],
            [
              132.807857796,
              -1.176385843
            ],
            [
              132.807677682,
              -1.17647401
            ],
            [
              132.807280606,
              -1.176714971
            ],
            [
              132.806962045,
              -1.177043002
            ],
            [
              132.806785331,
              -1.177287519
            ],
            [
              132.80673483,
              -1.177326778
            ],
            [
              132.806635236,
              -1.177352104
            ],
            [
              132.80645081,
              -1.17732715
            ],
            [
              132.806270252,
              -1.177271859
            ],
            [
              132.805893181,
              -1.177050066
            ],
            [
              132.805551513,
              -1.176788748
            ],
            [
              132.805209881,
              -1.176468105
            ],
            [
              132.804848653,
              -1.176088114
            ],
            [
              132.804565983,
              -1.175751689
            ],
            [
              132.804302945,
              -1.17544297
            ],
            [
              132.80402025,
              -1.175138196
            ],
            [
              132.803712934,
              -1.174905374
            ],
            [
              132.803356655,
              -1.174697873
            ],
            [
              132.802755452,
              -1.17444898
            ],
            [
              132.802479474,
              -1.174308415
            ],
            [
              132.802348126,
              -1.174210411
            ],
            [
              132.802212336,
              -1.173993791
            ],
            [
              132.802115487,
              -1.173724657
            ],
            [
              132.80205286,
              -1.173408187
            ],
            [
              132.801939184,
              -1.173052125
            ],
            [
              132.801770493,
              -1.172684157
            ],
            [
              132.801625408,
              -1.172292468
            ],
            [
              132.801448982,
              -1.171766284
            ],
            [
              132.801256855,
              -1.171228218
            ],
            [
              132.80106861,
              -1.170745529
            ],
            [
              132.800774234,
              -1.170298349
            ],
            [
              132.800385559,
              -1.169847143
            ],
            [
              132.799977177,
              -1.169467117
            ],
            [
              132.799568696,
              -1.169213659
            ],
            [
              132.799128742,
              -1.169007639
            ],
            [
              132.798641549,
              -1.168908378
            ],
            [
              132.798142496,
              -1.168896114
            ],
            [
              132.797505905,
              -1.16889166
            ],
            [
              132.796778975,
              -1.168839663
            ],
            [
              132.796236797,
              -1.168704757
            ],
            [
              132.795957642,
              -1.168539944
            ],
            [
              132.795803292,
              -1.168373576
            ],
            [
              132.795742387,
              -1.168153065
            ],
            [
              132.795726577,
              -1.167901445
            ],
            [
              132.795693426,
              -1.167461886
            ],
            [
              132.795613373,
              -1.166928368
            ],
            [
              132.795393707,
              -1.166425875
            ],
            [
              132.794891377,
              -1.165583018
            ],
            [
              132.794628765,
              -1.165282069
            ],
            [
              132.794266349,
              -1.164920125
            ],
            [
              132.793980408,
              -1.164692368
            ],
            [
              132.793548333,
              -1.164462624
            ],
            [
              132.793069079,
              -1.164264485
            ],
            [
              132.792664507,
              -1.164046633
            ],
            [
              132.79235032,
              -1.163816982
            ],
            [
              132.792110814,
              -1.163555748
            ],
            [
              132.791934238,
              -1.163235231
            ],
            [
              132.791753853,
              -1.162752551
            ],
            [
              132.791644181,
              -1.162293659
            ],
            [
              132.791628863,
              -1.161779467
            ],
            [
              132.791633092,
              -1.161387908
            ],
            [
              132.791735604,
              -1.160945003
            ],
            [
              132.791893048,
              -1.160608928
            ],
            [
              132.792074072,
              -1.160268921
            ],
            [
              132.79223938,
              -1.15992495
            ],
            [
              132.792353621,
              -1.15956511
            ],
            [
              132.792444349,
              -1.159110334
            ],
            [
              132.792483957,
              -1.158706932
            ],
            [
              132.792264177,
              -1.158350789
            ],
            [
              132.792091448,
              -1.158129161
            ],
            [
              132.791867636,
              -1.157911443
            ],
            [
              132.79154563,
              -1.157630374
            ],
            [
              132.791251129,
              -1.157345367
            ],
            [
              132.791011672,
              -1.157032712
            ],
            [
              132.79085475,
              -1.156696399
            ],
            [
              132.7907411,
              -1.156292877
            ],
            [
              132.790690323,
              -1.155901266
            ],
            [
              132.790651285,
              -1.155568996
            ],
            [
              132.790494402,
              -1.155181262
            ],
            [
              132.790321756,
              -1.154852847
            ],
            [
              132.790141174,
              -1.154623303
            ],
            [
              132.789909533,
              -1.154354167
            ],
            [
              132.789622934,
              -1.154025655
            ],
            [
              132.789418836,
              -1.153716988
            ],
            [
              132.789246208,
              -1.153364843
            ],
            [
              132.789152164,
              -1.15302066
            ],
            [
              132.789097541,
              -1.15251435
            ],
            [
              132.789097855,
              -1.152106967
            ],
            [
              132.789102119,
              -1.151667936
            ],
            [
              132.789091449,
              -1.151329723
            ],
            [
              132.789066356,
              -1.151222067
            ],
            [
              132.788987754,
              -1.151142865
            ],
            [
              132.788814767,
              -1.151035103
            ],
            [
              132.788387601,
              -1.150813051
            ],
            [
              132.787841667,
              -1.150464566
            ],
            [
              132.787331132,
              -1.150068645
            ],
            [
              132.786879536,
              -1.149672772
            ],
            [
              132.786510437,
              -1.149312564
            ],
            [
              132.786263085,
              -1.149047367
            ],
            [
              132.785952976,
              -1.148619962
            ],
            [
              132.785543875,
              -1.149177332
            ],
            [
              132.785210289,
              -1.149565288
            ],
            [
              132.784879213,
              -1.149924343
            ],
            [
              132.784513552,
              -1.150196971
            ],
            [
              132.784128278,
              -1.150430023
            ],
            [
              132.783731232,
              -1.150647253
            ],
            [
              132.78341274,
              -1.150900137
            ],
            [
              132.78303918,
              -1.151236032
            ],
            [
              132.782138864,
              -1.15170026
            ],
            [
              132.780705702,
              -1.15220363
            ],
            [
              132.779759988,
              -1.152303779
            ],
            [
              132.779275004,
              -1.152194769
            ],
            [
              132.77902794,
              -1.152047216
            ],
            [
              132.778718051,
              -1.151792376
            ],
            [
              132.778436553,
              -1.151503674
            ],
            [
              132.778189133,
              -1.151329452
            ],
            [
              132.777874879,
              -1.151190778
            ],
            [
              132.777517381,
              -1.151071842
            ],
            [
              132.77714019,
              -1.151016173
            ],
            [
              132.776814073,
              -1.150980316
            ],
            [
              132.776334685,
              -1.150964119
            ],
            [
              132.775882784,
              -1.150967724
            ],
            [
              132.775493709,
              -1.151042562
            ],
            [
              132.775198875,
              -1.151192628
            ],
            [
              132.774892187,
              -1.151433657
            ],
            [
              132.774636598,
              -1.151658897
            ],
            [
              132.77426143,
              -1.15208926
            ],
            [
              132.774211519,
              -1.15215725
            ],
            [
              132.774197788,
              -1.152247264
            ],
            [
              132.774203838,
              -1.1523913
            ],
            [
              132.774254547,
              -1.152843876
            ],
            [
              132.774299542,
              -1.153531073
            ],
            [
              132.774208146,
              -1.153943298
            ],
            [
              132.773916395,
              -1.154355365
            ],
            [
              132.773424271,
              -1.154767283
            ],
            [
              132.772813864,
              -1.155032499
            ],
            [
              132.772065028,
              -1.155230263
            ],
            [
              132.771379976,
              -1.155504722
            ],
            [
              132.77101047,
              -1.155674498
            ],
            [
              132.770660595,
              -1.155860119
            ],
            [
              132.770326419,
              -1.156081344
            ],
            [
              132.769952878,
              -1.156381642
            ],
            [
              132.769496818,
              -1.156685824
            ],
            [
              132.768962199,
              -1.156950402
            ],
            [
              132.768388335,
              -1.157151656
            ],
            [
              132.767834157,
              -1.157309424
            ],
            [
              132.767193567,
              -1.1574078
            ],
            [
              132.76665913,
              -1.157482562
            ],
            [
              132.766462601,
              -1.157510054
            ],
            [
              132.765778743,
              -1.157671669
            ],
            [
              132.765409247,
              -1.157829582
            ],
            [
              132.764988604,
              -1.158074467
            ],
            [
              132.764630861,
              -1.158271941
            ],
            [
              132.764253497,
              -1.158441717
            ],
            [
              132.763864414,
              -1.158528422
            ],
            [
              132.763078508,
              -1.158539658
            ],
            [
              132.762811173,
              -1.158705562
            ],
            [
              132.762587033,
              -1.158903141
            ],
            [
              132.762382482,
              -1.159179838
            ],
            [
              132.762185719,
              -1.159547515
            ],
            [
              132.761992943,
              -1.159847953
            ],
            [
              132.761800238,
              -1.160045557
            ],
            [
              132.761470018,
              -1.16022723
            ],
            [
              132.761187046,
              -1.160290287
            ],
            [
              132.760774436,
              -1.160313689
            ],
            [
              132.760416831,
              -1.160337135
            ],
            [
              132.760055188,
              -1.160502963
            ],
            [
              132.759701345,
              -1.160743939
            ],
            [
              132.759430013,
              -1.161000812
            ],
            [
              132.759142904,
              -1.161320944
            ],
            [
              132.758867604,
              -1.161621315
            ],
            [
              132.758494056,
              -1.161941387
            ],
            [
              132.758120533,
              -1.162217948
            ],
            [
              132.757688094,
              -1.162466771
            ],
            [
              132.757287078,
              -1.162731449
            ],
            [
              132.756874219,
              -1.16307126
            ],
            [
              132.756579201,
              -1.163454668
            ],
            [
              132.75639029,
              -1.163830258
            ],
            [
              132.756223519,
              -1.164260515
            ],
            [
              132.756157034,
              -1.164389476
            ],
            [
              132.756064926,
              -1.16449314
            ],
            [
              132.755918168,
              -1.164569485
            ],
            [
              132.755477948,
              -1.164719427
            ],
            [
              132.755010267,
              -1.164817934
            ],
            [
              132.754554348,
              -1.164944133
            ],
            [
              132.754129205,
              -1.165098624
            ],
            [
              132.753820844,
              -1.165216524
            ],
            [
              132.753450777,
              -1.165393435
            ],
            [
              132.753230526,
              -1.165475958
            ],
            [
              132.753063487,
              -1.165587743
            ],
            [
              132.7529485,
              -1.165694299
            ],
            [
              132.752819193,
              -1.165862543
            ],
            [
              132.752732476,
              -1.166109806
            ],
            [
              132.752700757,
              -1.166274476
            ],
            [
              132.752679302,
              -1.166566135
            ],
            [
              132.752683902,
              -1.166711759
            ],
            [
              132.752685996,
              -1.166811556
            ],
            [
              132.75267846,
              -1.166868766
            ],
            [
              132.75264817,
              -1.166907362
            ],
            [
              132.752265654,
              -1.167141342
            ],
            [
              132.751900055,
              -1.167334844
            ],
            [
              132.751499121,
              -1.167496686
            ],
            [
              132.751234909,
              -1.167596621
            ],
            [
              132.751028045,
              -1.167708997
            ],
            [
              132.75078175,
              -1.167867997
            ],
            [
              132.750335986,
              -1.16828038
            ],
            [
              132.750000009,
              -1.168632995
            ],
            [
              132.749732795,
              -1.168971401
            ],
            [
              132.749320876,
              -1.169302548
            ],
            [
              132.749061374,
              -1.169501224
            ],
            [
              132.748748418,
              -1.169625275
            ],
            [
              132.748431422,
              -1.16964573
            ],
            [
              132.748032127,
              -1.169632977
            ],
            [
              132.747653485,
              -1.169524947
            ],
            [
              132.747254335,
              -1.16932988
            ],
            [
              132.746884019,
              -1.169109975
            ],
            [
              132.746517935,
              -1.168740919
            ],
            [
              132.74620948,
              -1.16838019
            ],
            [
              132.745917495,
              -1.168011185
            ],
            [
              132.745559595,
              -1.167708428
            ],
            [
              132.745242807,
              -1.167480277
            ],
            [
              132.744954876,
              -1.167185867
            ],
            [
              132.744736945,
              -1.166883214
            ],
            [
              132.744514954,
              -1.166501844
            ],
            [
              132.744309381,
              -1.16617849
            ],
            [
              132.744103679,
              -1.16601673
            ],
            [
              132.743766216,
              -1.165900436
            ],
            [
              132.743379292,
              -1.165862833
            ],
            [
              132.742914155,
              -1.165816886
            ],
            [
              132.742510825,
              -1.165696398
            ],
            [
              132.742218701,
              -1.165513848
            ],
            [
              132.741967827,
              -1.165211178
            ],
            [
              132.741638842,
              -1.164792423
            ],
            [
              132.741149481,
              -1.164149803
            ],
            [
              132.740836933,
              -1.163764212
            ],
            [
              132.740540789,
              -1.163453216
            ],
            [
              132.740285758,
              -1.163204405
            ],
            [
              132.739981332,
              -1.162951405
            ],
            [
              132.739652209,
              -1.162706684
            ],
            [
              132.73936011,
              -1.162482703
            ],
            [
              132.739117393,
              -1.162279474
            ],
            [
              132.738829439,
              -1.162026496
            ],
            [
              132.738553842,
              -1.161765239
            ],
            [
              132.738232943,
              -1.161524665
            ],
            [
              132.737936701,
              -1.161337972
            ],
            [
              132.737586948,
              -1.161138806
            ],
            [
              132.737187802,
              -1.160943741
            ],
            [
              132.736781514,
              -1.160559197
            ],
            [
              132.736584145,
              -1.160277283
            ],
            [
              132.736396271,
              -1.159856492
            ],
            [
              132.736203239,
              -1.159305266
            ],
            [
              132.736006063,
              -1.158778888
            ],
            [
              132.735763551,
              -1.158318774
            ],
            [
              132.735306995,
              -1.157841917
            ],
            [
              132.734809162,
              -1.157510041
            ],
            [
              132.734045695,
              -1.157266003
            ],
            [
              132.733432492,
              -1.157695884
            ],
            [
              132.733024782,
              -1.157915159
            ],
            [
              132.732625468,
              -1.157923127
            ],
            [
              132.732213859,
              -1.157873075
            ],
            [
              132.731761109,
              -1.157785699
            ],
            [
              132.731275518,
              -1.157590565
            ],
            [
              132.730876355,
              -1.157420361
            ],
            [
              132.730580108,
              -1.157241959
            ],
            [
              132.730279633,
              -1.157196137
            ],
            [
              132.729888584,
              -1.157179251
            ],
            [
              132.729427513,
              -1.1571996
            ],
            [
              132.729102293,
              -1.157224198
            ],
            [
              132.7286988,
              -1.157315024
            ],
            [
              132.728365235,
              -1.157476347
            ],
            [
              132.728056302,
              -1.157720561
            ],
            [
              132.727784372,
              -1.158022806
            ],
            [
              132.727397144,
              -1.158374679
            ],
            [
              132.727199406,
              -1.158556831
            ],
            [
              132.726841192,
              -1.158655983
            ],
            [
              132.726491286,
              -1.15866399
            ],
            [
              132.726100215,
              -1.158663674
            ],
            [
              132.725622725,
              -1.158630138
            ],
            [
              132.72525229,
              -1.158567688
            ],
            [
              132.724791335,
              -1.158455444
            ],
            [
              132.724433224,
              -1.158426154
            ],
            [
              132.724099738,
              -1.158488035
            ],
            [
              132.72383618,
              -1.158620403
            ],
            [
              132.723255503,
              -1.158934836
            ],
            [
              132.722814834,
              -1.159187222
            ],
            [
              132.722370032,
              -1.159464465
            ],
            [
              132.721941685,
              -1.159750011
            ],
            [
              132.721496873,
              -1.160039692
            ],
            [
              132.721093165,
              -1.160412268
            ],
            [
              132.720767701,
              -1.160731037
            ],
            [
              132.720289909,
              -1.161086982
            ],
            [
              132.719758634,
              -1.161397303
            ],
            [
              132.719206713,
              -1.161782188
            ],
            [
              132.718753678,
              -1.162055281
            ],
            [
              132.718362515,
              -1.162183404
            ],
            [
              132.717971347,
              -1.162307387
            ],
            [
              132.717720131,
              -1.162448063
            ],
            [
              132.717481217,
              -1.16263846
            ],
            [
              132.717262873,
              -1.162857883
            ],
            [
              132.717044487,
              -1.163118737
            ],
            [
              132.716801312,
              -1.163491441
            ],
            [
              132.716521105,
              -1.163843395
            ],
            [
              132.716290391,
              -1.164087668
            ],
            [
              132.716072028,
              -1.164319511
            ],
            [
              132.715886563,
              -1.164596971
            ],
            [
              132.715701065,
              -1.164915852
            ],
            [
              132.715523756,
              -1.165292758
            ],
            [
              132.715395741,
              -1.165785706
            ],
            [
              132.715304901,
              -1.166133674
            ],
            [
              132.715185206,
              -1.166523057
            ],
            [
              132.715094386,
              -1.166846164
            ],
            [
              132.714867615,
              -1.167301741
            ],
            [
              132.714669632,
              -1.167786361
            ],
            [
              132.714578779,
              -1.168138468
            ],
            [
              132.714545595,
              -1.168457482
            ],
            [
              132.714528879,
              -1.16875993
            ],
            [
              132.714516244,
              -1.169112101
            ],
            [
              132.714454209,
              -1.169468381
            ],
            [
              132.714355138,
              -1.169808052
            ],
            [
              132.714210853,
              -1.170073114
            ],
            [
              132.714000664,
              -1.170379543
            ],
            [
              132.713551606,
              -1.170818375
            ],
            [
              132.713353844,
              -1.171029524
            ],
            [
              132.713164254,
              -1.171319399
            ],
            [
              132.713003435,
              -1.171659018
            ],
            [
              132.712829132,
              -1.172025728
            ],
            [
              132.712639538,
              -1.172319753
            ],
            [
              132.71239637,
              -1.172680024
            ],
            [
              132.712149102,
              -1.173023712
            ],
            [
              132.71190595,
              -1.173375702
            ],
            [
              132.711708136,
              -1.173648999
            ],
            [
              132.711514464,
              -1.17388915
            ],
            [
              132.711316681,
              -1.174125158
            ],
            [
              132.711106501,
              -1.174419165
            ],
            [
              132.710966368,
              -1.1746345
            ],
            [
              132.710789107,
              -1.174936814
            ],
            [
              132.710607742,
              -1.175239134
            ],
            [
              132.710418149,
              -1.175520719
            ],
            [
              132.710228652,
              -1.175694583
            ],
            [
              132.709928135,
              -1.175715054
            ],
            [
              132.709549423,
              -1.175706452
            ],
            [
              132.709265404,
              -1.175685506
            ],
            [
              132.708960775,
              -1.175693535
            ],
            [
              132.708684893,
              -1.175792747
            ],
            [
              132.708112423,
              -1.176140314
            ],
            [
              132.707725394,
              -1.176231153
            ],
            [
              132.707276665,
              -1.176276353
            ],
            [
              132.706930787,
              -1.176392086
            ],
            [
              132.706502516,
              -1.176582321
            ],
            [
              132.706222531,
              -1.176669099
            ],
            [
              132.70589317,
              -1.176718547
            ],
            [
              132.705642069,
              -1.176718339
            ],
            [
              132.705329289,
              -1.17662278
            ],
            [
              132.70501247,
              -1.176448498
            ],
            [
              132.704422756,
              -1.176027054
            ],
            [
              132.70396608,
              -1.175720068
            ],
            [
              132.703649278,
              -1.175525066
            ],
            [
              132.703344732,
              -1.175433664
            ],
            [
              132.703036004,
              -1.175425119
            ],
            [
              132.702558465,
              -1.175457873
            ],
            [
              132.702113777,
              -1.175594234
            ],
            [
              132.701636129,
              -1.175771997
            ],
            [
              132.701220262,
              -1.175895952
            ],
            [
              132.700824948,
              -1.176061362
            ],
            [
              132.700491379,
              -1.176226815
            ],
            [
              132.700124894,
              -1.17637153
            ],
            [
              132.699746173,
              -1.176387786
            ],
            [
              132.699301617,
              -1.176362557
            ],
            [
              132.698943599,
              -1.176225531
            ],
            [
              132.698639159,
              -1.17600568
            ],
            [
              132.698334736,
              -1.175765118
            ],
            [
              132.698042628,
              -1.175578427
            ],
            [
              132.697725798,
              -1.175408286
            ],
            [
              132.697421328,
              -1.175225734
            ],
            [
              132.697162176,
              -1.175001781
            ],
            [
              132.696878626,
              -1.174640418
            ],
            [
              132.696793788,
              -1.174542617
            ],
            [
              132.696713699,
              -1.174501329
            ],
            [
              132.696569792,
              -1.174489421
            ],
            [
              132.69643234,
              -1.174513914
            ],
            [
              132.69622518,
              -1.174587589
            ],
            [
              132.69592678,
              -1.174724875
            ],
            [
              132.695599691,
              -1.17493131
            ],
            [
              132.695188793,
              -1.175120807
            ],
            [
              132.69476535,
              -1.175263891
            ],
            [
              132.694354529,
              -1.175360575
            ],
            [
              132.693998136,
              -1.175520592
            ],
            [
              132.693738176,
              -1.175646935
            ],
            [
              132.693440509,
              -1.175756368
            ],
            [
              132.693092538,
              -1.17586576
            ],
            [
              132.692681682,
              -1.176004633
            ],
            [
              132.692565138,
              -1.17602935
            ],
            [
              132.692460172,
              -1.17603079
            ],
            [
              132.692399345,
              -1.176016972
            ],
            [
              132.692349185,
              -1.175972572
            ],
            [
              132.692245854,
              -1.175842456
            ],
            [
              132.692105664,
              -1.175657808
            ],
            [
              132.691724663,
              -1.175172347
            ],
            [
              132.691373013,
              -1.17466582
            ],
            [
              132.690954531,
              -1.173876597
            ],
            [
              132.69071185,
              -1.173370162
            ],
            [
              132.690381297,
              -1.172699128
            ],
            [
              132.690080025,
              -1.172091398
            ],
            [
              132.689824919,
              -1.171403549
            ],
            [
              132.689603076,
              -1.171049002
            ],
            [
              132.689142405,
              -1.17059301
            ],
            [
              132.68859788,
              -1.170187572
            ],
            [
              132.688061716,
              -1.169794797
            ],
            [
              132.687690919,
              -1.169276071
            ],
            [
              132.686679327,
              -1.167643561
            ],
            [
              132.686382858,
              -1.167165119
            ],
            [
              132.685781802,
              -1.166314495
            ],
            [
              132.685352356,
              -1.165853053
            ],
            [
              132.683974277,
              -1.164766715
            ],
            [
              132.683136014,
              -1.163780751
            ],
            [
              132.682335204,
              -1.162451071
            ],
            [
              132.682174519,
              -1.161870274
            ],
            [
              132.682126646,
              -1.161467302
            ],
            [
              132.682096341,
              -1.160963071
            ],
            [
              132.682038651,
              -1.16050502
            ],
            [
              132.68192359,
              -1.160255037
            ],
            [
              132.681711853,
              -1.159876166
            ],
            [
              132.68148047,
              -1.159469183
            ],
            [
              132.681232934,
              -1.159045915
            ],
            [
              132.680942271,
              -1.158644308
            ],
            [
              132.680678573,
              -1.158215603
            ],
            [
              132.680484929,
              -1.157786956
            ],
            [
              132.680312967,
              -1.157201034
            ],
            [
              132.680114044,
              -1.156636785
            ],
            [
              132.679866653,
              -1.15603453
            ],
            [
              132.679624202,
              -1.155321577
            ],
            [
              132.679479064,
              -1.154882123
            ],
            [
              132.679328546,
              -1.154431816
            ],
            [
              132.679102569,
              -1.154003144
            ],
            [
              132.678882016,
              -1.153531084
            ],
            [
              132.678564453,
              -1.153075217
            ],
            [
              132.678300738,
              -1.152668209
            ],
            [
              132.677988542,
              -1.152239466
            ],
            [
              132.677654817,
              -1.151778162
            ],
            [
              132.677407268,
              -1.151371168
            ],
            [
              132.677251379,
              -1.150899163
            ],
            [
              132.677172394,
              -1.150216449
            ],
            [
              132.677172793,
              -1.149722876
            ],
            [
              132.677216433,
              -1.149066622
            ],
            [
              132.6772174,
              -1.148726347
            ],
            [
              132.67722171,
              -1.148516356
            ],
            [
              132.67721765,
              -1.148416544
            ],
            [
              132.677203228,
              -1.148358316
            ],
            [
              132.677164366,
              -1.148337791
            ],
            [
              132.677073097,
              -1.148330584
            ],
            [
              132.676973703,
              -1.148341721
            ],
            [
              132.676846061,
              -1.148366892
            ],
            [
              132.676389025,
              -1.148606976
            ],
            [
              132.675990664,
              -1.148855552
            ],
            [
              132.675659367,
              -1.149091517
            ],
            [
              132.675269342,
              -1.149394934
            ],
            [
              132.674870992,
              -1.149630845
            ],
            [
              132.674539695,
              -1.149866819
            ],
            [
              132.674149573,
              -1.1501893
            ],
            [
              132.67384333,
              -1.150539186
            ],
            [
              132.673578982,
              -1.150914427
            ],
            [
              132.673297862,
              -1.151293867
            ],
            [
              132.673046173,
              -1.151563642
            ],
            [
              132.672769367,
              -1.151795438
            ],
            [
              132.672555429,
              -1.152027286
            ],
            [
              132.672366607,
              -1.152297113
            ],
            [
              132.672316114,
              -1.15254175
            ],
            [
              132.672315878,
              -1.152832831
            ],
            [
              132.672273691,
              -1.153178721
            ],
            [
              132.672105746,
              -1.153541375
            ],
            [
              132.671874909,
              -1.153933511
            ],
            [
              132.671610656,
              -1.154190628
            ],
            [
              132.671329661,
              -1.154426633
            ],
            [
              132.670897757,
              -1.154683611
            ],
            [
              132.670440724,
              -1.15491947
            ],
            [
              132.670059151,
              -1.155142735
            ],
            [
              132.669270975,
              -1.15542473
            ],
            [
              132.668843307,
              -1.155631089
            ],
            [
              132.668352727,
              -1.15589223
            ],
            [
              132.66741779,
              -1.156275348
            ],
            [
              132.666759526,
              -1.156578538
            ],
            [
              132.665908361,
              -1.15702078
            ],
            [
              132.665111789,
              -1.157323854
            ],
            [
              132.664721949,
              -1.157399465
            ],
            [
              132.664361512,
              -1.157399166
            ],
            [
              132.663967579,
              -1.157352429
            ],
            [
              132.663515086,
              -1.157166442
            ],
            [
              132.663075239,
              -1.156891875
            ],
            [
              132.662656373,
              -1.156583572
            ],
            [
              132.662157895,
              -1.156258335
            ],
            [
              132.661432967,
              -1.155881312
            ],
            [
              132.660980524,
              -1.155636259
            ],
            [
              132.660616005,
              -1.155500967
            ],
            [
              132.660226277,
              -1.155441588
            ],
            [
              132.659828132,
              -1.155428602
            ],
            [
              132.659463502,
              -1.1554283
            ],
            [
              132.659048545,
              -1.155470135
            ],
            [
              132.658667048,
              -1.155592161
            ],
            [
              132.65826454,
              -1.155785873
            ],
            [
              132.657878706,
              -1.156093507
            ],
            [
              132.657677321,
              -1.156350672
            ],
            [
              132.657038686,
              -1.156410942
            ],
            [
              132.656537555,
              -1.156399678
            ],
            [
              132.655993418,
              -1.15626363
            ],
            [
              132.655454736,
              -1.156046231
            ],
            [
              132.654867638,
              -1.155731163
            ],
            [
              132.654377458,
              -1.15550838
            ],
            [
              132.653962635,
              -1.155388711
            ],
            [
              132.653472305,
              -1.155350337
            ],
            [
              132.65303583,
              -1.155349974
            ],
            [
              132.652610145,
              -1.155333348
            ],
            [
              132.652125257,
              -1.155229893
            ],
            [
              132.651694336,
              -1.155028855
            ],
            [
              132.651301202,
              -1.154746491
            ],
            [
              132.65096194,
              -1.154480444
            ],
            [
              132.650622611,
              -1.154295753
            ],
            [
              132.650223932,
              -1.154203217
            ],
            [
              132.649771315,
              -1.154175722
            ],
            [
              132.649351016,
              -1.154164524
            ],
            [
              132.648898376,
              -1.154164148
            ],
            [
              132.648407985,
              -1.154201706
            ],
            [
              132.647912211,
              -1.154233836
            ],
            [
              132.647481064,
              -1.154309409
            ],
            [
              132.647006813,
              -1.154379523
            ],
            [
              132.646624216,
              -1.154390052
            ],
            [
              132.646080257,
              -1.154370235
            ],
            [
              132.645622293,
              -1.154293921
            ],
            [
              132.645343879,
              -1.154278141
            ],
            [
              132.645237324,
              -1.154295571
            ],
            [
              132.645168559,
              -1.154326194
            ],
            [
              132.645115097,
              -1.154400518
            ],
            [
              132.645043538,
              -1.154552703
            ],
            [
              132.644958344,
              -1.15478259
            ],
            [
              132.644817732,
              -1.155400781
            ],
            [
              132.644655575,
              -1.156008106
            ],
            [
              132.644433991,
              -1.156799788
            ],
            [
              132.644274884,
              -1.157263724
            ],
            [
              132.644207126,
              -1.157461296
            ],
            [
              132.643968812,
              -1.157891417
            ],
            [
              132.643564312,
              -1.158324979
            ],
            [
              132.643008937,
              -1.158752989
            ],
            [
              132.642415892,
              -1.159121307
            ],
            [
              132.641806833,
              -1.159305204
            ],
            [
              132.641111526,
              -1.159526994
            ],
            [
              132.640513241,
              -1.159716323
            ],
            [
              132.640230781,
              -1.159782382
            ],
            [
              132.640128056,
              -1.159806006
            ],
            [
              132.640030956,
              -1.159793025
            ],
            [
              132.639885927,
              -1.159691335
            ],
            [
              132.639510655,
              -1.159318409
            ],
            [
              132.639063757,
              -1.158894983
            ],
            [
              132.638670672,
              -1.158558382
            ],
            [
              132.638223734,
              -1.15818377
            ],
            [
              132.637755197,
              -1.157863377
            ],
            [
              132.637216569,
              -1.157591738
            ],
            [
              132.636725952,
              -1.15738669
            ],
            [
              132.636149505,
              -1.157234342
            ],
            [
              132.635696915,
              -1.157179725
            ],
            [
              132.635168939,
              -1.15705996
            ],
            [
              132.634592485,
              -1.156918459
            ],
            [
              132.634177686,
              -1.156777095
            ],
            [
              132.63381129,
              -1.156749669
            ],
            [
              132.633380204,
              -1.15675473
            ],
            [
              132.632992196,
              -1.156797794
            ],
            [
              132.632534051,
              -1.156943849
            ],
            [
              132.632199887,
              -1.157035771
            ],
            [
              132.631855,
              -1.1570626
            ],
            [
              132.631413143,
              -1.157062229
            ],
            [
              132.630971291,
              -1.157056433
            ],
            [
              132.630524045,
              -1.157056057
            ],
            [
              132.630082193,
              -1.157050262
            ],
            [
              132.62965656,
              -1.156979396
            ],
            [
              132.629241732,
              -1.156875997
            ],
            [
              132.62839053,
              -1.156658333
            ],
            [
              132.627792881,
              -1.156477384
            ],
            [
              132.627238084,
              -1.15621658
            ],
            [
              132.626828789,
              -1.155939628
            ],
            [
              132.626241868,
              -1.155429308
            ],
            [
              132.625875771,
              -1.155043918
            ],
            [
              132.625536567,
              -1.154718212
            ],
            [
              132.625240395,
              -1.154484745
            ],
            [
              132.624809524,
              -1.154234894
            ],
            [
              132.624427096,
              -1.154050167
            ],
            [
              132.623904595,
              -1.153832781
            ],
            [
              132.623274383,
              -1.153544796
            ],
            [
              132.622719619,
              -1.153246028
            ],
            [
              132.622288731,
              -1.153017872
            ],
            [
              132.621852383,
              -1.152876489
            ],
            [
              132.621437535,
              -1.152800209
            ],
            [
              132.620877199,
              -1.152723807
            ],
            [
              132.620381497,
              -1.15268
            ],
            [
              132.619767246,
              -1.152641518
            ],
            [
              132.619201499,
              -1.152592229
            ],
            [
              132.618765175,
              -1.152423728
            ],
            [
              132.618388164,
              -1.152206465
            ],
            [
              132.618081217,
              -1.15197299
            ],
            [
              132.617758122,
              -1.151717806
            ],
            [
              132.61741884,
              -1.151489727
            ],
            [
              132.61711725,
              -1.151294222
            ],
            [
              132.616767173,
              -1.151087829
            ],
            [
              132.616363221,
              -1.150870544
            ],
            [
              132.616067019,
              -1.150675043
            ],
            [
              132.615775288,
              -1.150535889
            ],
            [
              132.615469942,
              -1.15044024
            ],
            [
              132.615027237,
              -1.150441603
            ],
            [
              132.614589692,
              -1.150446712
            ],
            [
              132.614146597,
              -1.150506605
            ],
            [
              132.613865141,
              -1.150572654
            ],
            [
              132.613565647,
              -1.15074114
            ],
            [
              132.613205951,
              -1.151001053
            ],
            [
              132.613067714,
              -1.151083927
            ],
            [
              132.613024869,
              -1.15095179
            ],
            [
              132.612960284,
              -1.150816786
            ],
            [
              132.612890085,
              -1.150705651
            ],
            [
              132.612802535,
              -1.150582949
            ],
            [
              132.612709273,
              -1.150461363
            ],
            [
              132.612621944,
              -1.150353558
            ],
            [
              132.612514253,
              -1.150228101
            ],
            [
              132.61241326,
              -1.150115304
            ],
            [
              132.612330157,
              -1.150023728
            ],
            [
              132.612230174,
              -1.149906385
            ],
            [
              132.612138666,
              -1.149770744
            ],
            [
              132.61207233,
              -1.149646777
            ],
            [
              132.611998314,
              -1.149502338
            ],
            [
              132.611926721,
              -1.149371179
            ],
            [
              132.611814225,
              -1.149214197
            ],
            [
              132.611673796,
              -1.149093168
            ],
            [
              132.611547769,
              -1.149028901
            ],
            [
              132.611390728,
              -1.148969335
            ],
            [
              132.611221467,
              -1.148918273
            ],
            [
              132.611080777,
              -1.148883869
            ],
            [
              132.610912964,
              -1.148851195
            ],
            [
              132.610718933,
              -1.148823606
            ],
            [
              132.610499578,
              -1.148804447
            ],
            [
              132.610373943,
              -1.148798529
            ],
            [
              132.610230794,
              -1.148794332
            ],
            [
              132.610073231,
              -1.148791506
            ],
            [
              132.609904333,
              -1.148789691
            ],
            [
              132.60972719,
              -1.148788538
            ],
            [
              132.60936051,
              -1.148786774
            ],
            [
              132.609177144,
              -1.148785463
            ],
            [
              132.609026252,
              -1.148783853
            ],
            [
              132.608866667,
              -1.148781721
            ],
            [
              132.608701623,
              -1.148779186
            ],
            [
              132.608534342,
              -1.148776334
            ],
            [
              132.608368059,
              -1.148773283
            ],
            [
              132.608051415,
              -1.148766996
            ],
            [
              132.607664696,
              -1.148758643
            ],
            [
              132.60737178,
              -1.148751201
            ],
            [
              132.607161238,
              -1.148740736
            ],
            [
              132.607003643,
              -1.148722055
            ],
            [
              132.606853685,
              -1.148687832
            ],
            [
              132.606696538,
              -1.148638598
            ],
            [
              132.606548477,
              -1.148580928
            ],
            [
              132.606403398,
              -1.148511872
            ],
            [
              132.60625771,
              -1.148430268
            ],
            [
              132.606131441,
              -1.148345346
            ],
            [
              132.606024127,
              -1.148253081
            ],
            [
              132.605926537,
              -1.148152256
            ],
            [
              132.60584554,
              -1.148056235
            ],
            [
              132.605745084,
              -1.147913989
            ],
            [
              132.605675503,
              -1.147772627
            ],
            [
              132.605649129,
              -1.147619018
            ],
            [
              132.605648169,
              -1.147412233
            ],
            [
              132.605652067,
              -1.147303692
            ],
            [
              132.605657948,
              -1.147175863
            ],
            [
              132.605665489,
              -1.147039438
            ],
            [
              132.605674357,
              -1.146905076
            ],
            [
              132.60568333,
              -1.14679443
            ],
            [
              132.60568422,
              -1.14678346
            ],
            [
              132.605703895,
              -1.146600891
            ],
            [
              132.605724187,
              -1.146433572
            ],
            [
              132.605738187,
              -1.146293746
            ],
            [
              132.605738482,
              -1.146112146
            ],
            [
              132.605710001,
              -1.145943285
            ],
            [
              132.605668605,
              -1.145829689
            ],
            [
              132.605607914,
              -1.145710021
            ],
            [
              132.605533816,
              -1.145600935
            ],
            [
              132.60544024,
              -1.145500773
            ],
            [
              132.605325991,
              -1.14540015
            ],
            [
              132.605204221,
              -1.145304131
            ],
            [
              132.605104427,
              -1.145230088
            ],
            [
              132.604990099,
              -1.145149587
            ],
            [
              132.604941483,
              -1.145117568
            ],
            [
              132.604866252,
              -1.14506802
            ],
            [
              132.60473792,
              -1.144990752
            ],
            [
              132.604625937,
              -1.144929814
            ],
            [
              132.604501456,
              -1.144866208
            ],
            [
              132.604372268,
              -1.144802797
            ],
            [
              132.604246158,
              -1.144742453
            ],
            [
              132.604130928,
              -1.144688048
            ],
            [
              132.603995338,
              -1.144623791
            ],
            [
              132.603858852,
              -1.14455665
            ],
            [
              132.603724911,
              -1.144485795
            ],
            [
              132.603596937,
              -1.144410372
            ],
            [
              132.603491581,
              -1.14434078
            ],
            [
              132.603376058,
              -1.144259934
            ],
            [
              132.60317737,
              -1.144117817
            ],
            [
              132.603128995,
              -1.144083216
            ],
            [
              132.603004704,
              -1.143996723
            ],
            [
              132.60287295,
              -1.143909301
            ],
            [
              132.602727523,
              -1.143816887
            ],
            [
              132.602574966,
              -1.143723726
            ],
            [
              132.602421822,
              -1.143634027
            ],
            [
              132.602274644,
              -1.143552034
            ],
            [
              132.602125909,
              -1.143474162
            ],
            [
              132.601968696,
              -1.143396283
            ],
            [
              132.601810403,
              -1.14332181
            ],
            [
              132.601658453,
              -1.143254141
            ],
            [
              132.601520263,
              -1.143196706
            ],
            [
              132.601356202,
              -1.14313558
            ],
            [
              132.601188543,
              -1.143080941
            ],
            [
              132.601020888,
              -1.143033968
            ],
            [
              132.600856808,
              -1.142995819
            ],
            [
              132.60071825,
              -1.142969832
            ],
            [
              132.600563902,
              -1.142945802
            ],
            [
              132.600399135,
              -1.142924584
            ],
            [
              132.600229353,
              -1.142907068
            ],
            [
              132.600059927,
              -1.142894135
            ],
            [
              132.599911323,
              -1.142886624
            ],
            [
              132.599746812,
              -1.142881117
            ],
            [
              132.599569772,
              -1.142877262
            ],
            [
              132.59938357,
              -1.142874737
            ],
            [
              132.599191576,
              -1.142873174
            ],
            [
              132.598997147,
              -1.142872242
            ],
            [
              132.59886101,
              -1.142871793
            ],
            [
              132.598714097,
              -1.142871416
            ],
            [
              132.59840081,
              -1.142870899
            ],
            [
              132.597930452,
              -1.142870756
            ],
            [
              132.597654129,
              -1.142871111
            ],
            [
              132.597467835,
              -1.142871741
            ],
            [
              132.597287378,
              -1.142873071
            ],
            [
              132.597116305,
              -1.142875557
            ],
            [
              132.596958154,
              -1.142879609
            ],
            [
              132.596816462,
              -1.142885664
            ],
            [
              132.596694769,
              -1.142894139
            ],
            [
              132.596483783,
              -1.142922309
            ],
            [
              132.596292137,
              -1.142965436
            ],
            [
              132.596118722,
              -1.143020493
            ],
            [
              132.595985622,
              -1.143073315
            ],
            [
              132.595837521,
              -1.143140496
            ],
            [
              132.59568069,
              -1.143220117
            ],
            [
              132.595521399,
              -1.143310267
            ],
            [
              132.595408751,
              -1.143379901
            ],
            [
              132.595285822,
              -1.14345947
            ],
            [
              132.595158245,
              -1.143544557
            ],
            [
              132.595031646,
              -1.14363073
            ],
            [
              132.594911678,
              -1.143713564
            ],
            [
              132.594803956,
              -1.143788634
            ],
            [
              132.594656778,
              -1.143891621
            ],
            [
              132.594518218,
              -1.143987591
            ],
            [
              132.594394046,
              -1.144070801
            ],
            [
              132.594290033,
              -1.144135516
            ],
            [
              132.594113412,
              -1.144221873
            ],
            [
              132.593957972,
              -1.14427058
            ],
            [
              132.593803362,
              -1.144293328
            ],
            [
              132.593651518,
              -1.144293733
            ],
            [
              132.593503006,
              -1.144262648
            ],
            [
              132.593325151,
              -1.144192589
            ],
            [
              132.593213397,
              -1.144137761
            ],
            [
              132.593082634,
              -1.14407058
            ],
            [
              132.592947265,
              -1.144000737
            ],
            [
              132.592821734,
              -1.143937916
            ],
            [
              132.592665073,
              -1.143866799
            ],
            [
              132.592511762,
              -1.143807887
            ],
            [
              132.592373494,
              -1.143768567
            ],
            [
              132.592240462,
              -1.143750376
            ],
            [
              132.59210131,
              -1.143749526
            ],
            [
              132.59196543,
              -1.143765384
            ],
            [
              132.591822709,
              -1.143800318
            ],
            [
              132.591672322,
              -1.143852618
            ],
            [
              132.591537651,
              -1.143915553
            ],
            [
              132.591420059,
              -1.143992694
            ],
            [
              132.591312233,
              -1.144084794
            ],
            [
              132.591224512,
              -1.144180879
            ],
            [
              132.591154233,
              -1.144284771
            ],
            [
              132.591096198,
              -1.144396465
            ],
            [
              132.59105693,
              -1.144499253
            ],
            [
              132.591033128,
              -1.144643626
            ],
            [
              132.59104358,
              -1.144795475
            ],
            [
              132.591069939,
              -1.14491223
            ],
            [
              132.59110604,
              -1.145041992
            ],
            [
              132.591141233,
              -1.145162162
            ],
            [
              132.591183352,
              -1.145323584
            ],
            [
              132.59120104,
              -1.145455445
            ],
            [
              132.591202434,
              -1.145465833
            ],
            [
              132.59118362,
              -1.145593397
            ],
            [
              132.591133721,
              -1.145716044
            ],
            [
              132.591050565,
              -1.145839721
            ],
            [
              132.590936322,
              -1.145959756
            ],
            [
              132.590839784,
              -1.146031825
            ],
            [
              132.590724229,
              -1.14609887
            ],
            [
              132.59060365,
              -1.146149732
            ],
            [
              132.590472849,
              -1.146181791
            ],
            [
              132.590328866,
              -1.146200507
            ],
            [
              132.590189061,
              -1.146206843
            ],
            [
              132.590048789,
              -1.146201671
            ],
            [
              132.589903426,
              -1.146185304
            ],
            [
              132.589770321,
              -1.146157821
            ],
            [
              132.589645096,
              -1.146115311
            ],
            [
              132.589585696,
              -1.146089609
            ],
            [
              132.589517206,
              -1.146059973
            ],
            [
              132.589394815,
              -1.146001015
            ],
            [
              132.589267586,
              -1.145938428
            ],
            [
              132.589129403,
              -1.145873816
            ],
            [
              132.588994651,
              -1.145818789
            ],
            [
              132.588856665,
              -1.145775826
            ],
            [
              132.588709925,
              -1.145741705
            ],
            [
              132.588570602,
              -1.14571954
            ],
            [
              132.588432822,
              -1.145709083
            ],
            [
              132.588289351,
              -1.145706756
            ],
            [
              132.588154371,
              -1.145710682
            ],
            [
              132.588020894,
              -1.145720729
            ],
            [
              132.587881402,
              -1.145739575
            ],
            [
              132.587749219,
              -1.1457695
            ],
            [
              132.587617032,
              -1.145816274
            ],
            [
              132.587477497,
              -1.145875553
            ],
            [
              132.587343979,
              -1.145934438
            ],
            [
              132.587208488,
              -1.145990104
            ],
            [
              132.587061692,
              -1.14604389
            ],
            [
              132.586914931,
              -1.146089142
            ],
            [
              132.586755747,
              -1.146126718
            ],
            [
              132.586571752,
              -1.146161806
            ],
            [
              132.586374422,
              -1.146194243
            ],
            [
              132.586243632,
              -1.146213838
            ],
            [
              132.586098167,
              -1.146233817
            ],
            [
              132.585948033,
              -1.146251904
            ],
            [
              132.585803238,
              -1.146265765
            ],
            [
              132.585673814,
              -1.146273094
            ],
            [
              132.585480458,
              -1.146268853
            ],
            [
              132.58530159,
              -1.146251509
            ],
            [
              132.585146963,
              -1.146230651
            ],
            [
              132.585003274,
              -1.146210462
            ],
            [
              132.584857702,
              -1.146186357
            ],
            [
              132.584720785,
              -1.146154811
            ],
            [
              132.584582156,
              -1.146108476
            ],
            [
              132.584433956,
              -1.146048891
            ],
            [
              132.584290455,
              -1.145985901
            ],
            [
              132.584144048,
              -1.14591999
            ],
            [
              132.584107778,
              -1.145904649
            ],
            [
              132.583990571,
              -1.145855075
            ],
            [
              132.583849421,
              -1.145806198
            ],
            [
              132.583717099,
              -1.145778516
            ],
            [
              132.583584211,
              -1.145761744
            ],
            [
              132.583461279,
              -1.145747701
            ],
            [
              132.58333839,
              -1.145726888
            ],
            [
              132.58320009,
              -1.145694971
            ],
            [
              132.583048653,
              -1.145651436
            ],
            [
              132.582915446,
              -1.145607474
            ],
            [
              132.5826035,
              -1.14550023
            ],
            [
              132.582455399,
              -1.145451465
            ],
            [
              132.58231436,
              -1.145409213
            ],
            [
              132.582171522,
              -1.14537063
            ],
            [
              132.582033852,
              -1.145337385
            ],
            [
              132.581908336,
              -1.14531111
            ],
            [
              132.581742641,
              -1.145285252
            ],
            [
              132.58155576,
              -1.145271164
            ],
            [
              132.581344553,
              -1.145275161
            ],
            [
              132.581220838,
              -1.145286083
            ],
            [
              132.58107922,
              -1.145302423
            ],
            [
              132.580927362,
              -1.145322262
            ],
            [
              132.580772916,
              -1.145343653
            ],
            [
              132.580623544,
              -1.145364677
            ],
            [
              132.580486899,
              -1.14538339
            ],
            [
              132.580295398,
              -1.145407154
            ],
            [
              132.580108335,
              -1.145427613
            ],
            [
              132.57993216,
              -1.145444683
            ],
            [
              132.579773329,
              -1.14545826
            ],
            [
              132.579770436,
              -1.14545847
            ],
            [
              132.579620526,
              -1.145469339
            ],
            [
              132.579465409,
              -1.145477432
            ],
            [
              132.579318845,
              -1.145480218
            ],
            [
              132.579191749,
              -1.145475356
            ],
            [
              132.579042405,
              -1.145452974
            ],
            [
              132.578900159,
              -1.145415838
            ],
            [
              132.578768695,
              -1.145371145
            ],
            [
              132.578633144,
              -1.145318295
            ],
            [
              132.578487676,
              -1.145256226
            ],
            [
              132.578349504,
              -1.145191461
            ],
            [
              132.578212864,
              -1.145119483
            ],
            [
              132.578065835,
              -1.145034417
            ],
            [
              132.577916425,
              -1.144940681
            ],
            [
              132.577795464,
              -1.144859442
            ],
            [
              132.577663457,
              -1.144766498
            ],
            [
              132.577533941,
              -1.144670618
            ],
            [
              132.577420432,
              -1.144580609
            ],
            [
              132.577289865,
              -1.144463604
            ],
            [
              132.577168615,
              -1.144340424
            ],
            [
              132.57705835,
              -1.14421625
            ],
            [
              132.576975491,
              -1.14411542
            ],
            [
              132.576889211,
              -1.144004292
            ],
            [
              132.576808471,
              -1.143893268
            ],
            [
              132.576742262,
              -1.143792768
            ],
            [
              132.576650061,
              -1.143608364
            ],
            [
              132.576599917,
              -1.143434842
            ],
            [
              132.576587643,
              -1.143313517
            ],
            [
              132.576584156,
              -1.143156631
            ],
            [
              132.576583978,
              -1.142951325
            ],
            [
              132.576583623,
              -1.142839456
            ],
            [
              132.576581336,
              -1.142418041
            ],
            [
              132.576580605,
              -1.142271489
            ],
            [
              132.576580102,
              -1.142133171
            ],
            [
              132.576579972,
              -1.142009841
            ],
            [
              132.576580733,
              -1.14181974
            ],
            [
              132.5765819,
              -1.14164778
            ],
            [
              132.576582307,
              -1.141495191
            ],
            [
              132.576580801,
              -1.141363182
            ],
            [
              132.576574187,
              -1.141196287
            ],
            [
              132.576564332,
              -1.141028765
            ],
            [
              132.576554708,
              -1.14087511
            ],
            [
              132.576546575,
              -1.14072066
            ],
            [
              132.576537792,
              -1.140528634
            ],
            [
              132.576515391,
              -1.140028453
            ],
            [
              132.576508941,
              -1.139881145
            ],
            [
              132.57650246,
              -1.139727231
            ],
            [
              132.576497258,
              -1.139596083
            ],
            [
              132.576496321,
              -1.139572448
            ],
            [
              132.576490896,
              -1.139422502
            ],
            [
              132.576486567,
              -1.139283142
            ],
            [
              132.576483689,
              -1.139160072
            ],
            [
              132.576482482,
              -1.13894955
            ],
            [
              132.576485641,
              -1.138768715
            ],
            [
              132.576491202,
              -1.13861566
            ],
            [
              132.576497218,
              -1.138488458
            ],
            [
              132.576505107,
              -1.138332413
            ],
            [
              132.576515942,
              -1.138176433
            ],
            [
              132.576532841,
              -1.138029101
            ],
            [
              132.576560952,
              -1.137875766
            ],
            [
              132.576599479,
              -1.137702401
            ],
            [
              132.576642649,
              -1.137518446
            ],
            [
              132.576671012,
              -1.137396306
            ],
            [
              132.576703072,
              -1.137256805
            ],
            [
              132.576810141,
              -1.136787927
            ],
            [
              132.576978689,
              -1.136052283
            ],
            [
              132.577050219,
              -1.135738559
            ],
            [
              132.577090102,
              -1.135575789
            ],
            [
              132.577130529,
              -1.135437985
            ],
            [
              132.57718133,
              -1.135300443
            ],
            [
              132.577243112,
              -1.135152687
            ],
            [
              132.577307073,
              -1.135009109
            ],
            [
              132.577375043,
              -1.134861629
            ],
            [
              132.577449784,
              -1.134703697
            ],
            [
              132.577492539,
              -1.134616195
            ],
            [
              132.577523963,
              -1.134551884
            ],
            [
              132.577602553,
              -1.134397941
            ],
            [
              132.577692281,
              -1.134229853
            ],
            [
              132.577788371,
              -1.134058524
            ],
            [
              132.57785224,
              -1.133949512
            ],
            [
              132.577923042,
              -1.13383105
            ],
            [
              132.577995443,
              -1.133711252
            ],
            [
              132.578123598,
              -1.133500106
            ],
            [
              132.578206792,
              -1.133360277
            ],
            [
              132.578278536,
              -1.133231114
            ],
            [
              132.578338035,
              -1.133108286
            ],
            [
              132.578392156,
              -1.132971904
            ],
            [
              132.57844312,
              -1.132820694
            ],
            [
              132.578483147,
              -1.132678244
            ],
            [
              132.578511298,
              -1.132541605
            ],
            [
              132.578532691,
              -1.132388527
            ],
            [
              132.578548659,
              -1.132213669
            ],
            [
              132.578556874,
              -1.132086983
            ],
            [
              132.578564818,
              -1.13193994
            ],
            [
              132.578572032,
              -1.131784455
            ],
            [
              132.578578077,
              -1.13163244
            ],
            [
              132.578582518,
              -1.131495808
            ],
            [
              132.578587719,
              -1.131289041
            ],
            [
              132.578596811,
              -1.131078437
            ],
            [
              132.578617437,
              -1.130853714
            ],
            [
              132.578635181,
              -1.130724821
            ],
            [
              132.57865813,
              -1.13057959
            ],
            [
              132.578684254,
              -1.130427366
            ],
            [
              132.578711553,
              -1.130277511
            ],
            [
              132.578738016,
              -1.130139369
            ],
            [
              132.578761615,
              -1.130022305
            ],
            [
              132.57881945,
              -1.129760923
            ],
            [
              132.578860113,
              -1.129555054
            ],
            [
              132.57887838,
              -1.129402416
            ],
            [
              132.578892374,
              -1.129225939
            ],
            [
              132.578901267,
              -1.129049448
            ],
            [
              132.578904728,
              -1.128915183
            ],
            [
              132.57890615,
              -1.128770142
            ],
            [
              132.578905662,
              -1.128621746
            ],
            [
              132.578903429,
              -1.128477416
            ],
            [
              132.57889908,
              -1.128328356
            ],
            [
              132.578899003,
              -1.128326706
            ],
            [
              132.578891702,
              -1.12817078
            ],
            [
              132.57888062,
              -1.128019636
            ],
            [
              132.578865155,
              -1.127889884
            ],
            [
              132.578832625,
              -1.127741732
            ],
            [
              132.578781814,
              -1.12758956
            ],
            [
              132.578711345,
              -1.127415461
            ],
            [
              132.578665642,
              -1.127308436
            ],
            [
              132.578611934,
              -1.127184075
            ],
            [
              132.578496424,
              -1.12691755
            ],
            [
              132.578442573,
              -1.126792475
            ],
            [
              132.578396638,
              -1.126684265
            ],
            [
              132.57832504,
              -1.126507119
            ],
            [
              132.578270842,
              -1.12635631
            ],
            [
              132.578230973,
              -1.126221186
            ],
            [
              132.578198127,
              -1.126075312
            ],
            [
              132.578170419,
              -1.12591639
            ],
            [
              132.578152983,
              -1.125769968
            ],
            [
              132.578147983,
              -1.125636691
            ],
            [
              132.57815295,
              -1.12550551
            ],
            [
              132.578165981,
              -1.12538436
            ],
            [
              132.578188434,
              -1.125262449
            ],
            [
              132.578223621,
              -1.125129703
            ],
            [
              132.578272585,
              -1.124995142
            ],
            [
              132.578323081,
              -1.124887175
            ],
            [
              132.578385853,
              -1.124769059
            ],
            [
              132.578454273,
              -1.124651417
            ],
            [
              132.578521732,
              -1.124544902
            ],
            [
              132.578613376,
              -1.124414535
            ],
            [
              132.578705977,
              -1.124290504
            ],
            [
              132.578785191,
              -1.124183764
            ],
            [
              132.578881894,
              -1.124039137
            ],
            [
              132.578972476,
              -1.123891097
            ],
            [
              132.579040955,
              -1.123777577
            ],
            [
              132.579123803,
              -1.123642402
            ],
            [
              132.579215801,
              -1.123496741
            ],
            [
              132.579295899,
              -1.123374553
            ],
            [
              132.579389813,
              -1.123236016
            ],
            [
              132.579491338,
              -1.123092007
            ],
            [
              132.579594287,
              -1.122953396
            ],
            [
              132.579681658,
              -1.122842839
            ],
            [
              132.579779192,
              -1.122725366
            ],
            [
              132.579883868,
              -1.122604816
            ],
            [
              132.579992639,
              -1.122485039
            ],
            [
              132.580102474,
              -1.122369863
            ],
            [
              132.580199587,
              -1.122272691
            ],
            [
              132.580204215,
              -1.122268166
            ],
            [
              132.580304922,
              -1.122169688
            ],
            [
              132.58041289,
              -1.12206467
            ],
            [
              132.580517901,
              -1.121961449
            ],
            [
              132.58061435,
              -1.121863825
            ],
            [
              132.580696656,
              -1.121775626
            ],
            [
              132.58082856,
              -1.121612244
            ],
            [
              132.580931709,
              -1.121459107
            ],
            [
              132.581007395,
              -1.12132841
            ],
            [
              132.581092357,
              -1.121155317
            ],
            [
              132.581149609,
              -1.12100009
            ],
            [
              132.581175024,
              -1.120857491
            ],
            [
              132.581172522,
              -1.120732531
            ],
            [
              132.581137606,
              -1.120635178
            ],
            [
              132.581080067,
              -1.120549719
            ],
            [
              132.580998273,
              -1.12046226
            ],
            [
              132.580876109,
              -1.120367952
            ],
            [
              132.580758341,
              -1.120301136
            ],
            [
              132.58061207,
              -1.120233546
            ],
            [
              132.580460462,
              -1.120180333
            ],
            [
              132.580301734,
              -1.120146774
            ],
            [
              132.580132031,
              -1.120126078
            ],
            [
              132.579971407,
              -1.120115224
            ],
            [
              132.579814695,
              -1.120109607
            ],
            [
              132.579655479,
              -1.120102858
            ],
            [
              132.579511929,
              -1.120089306
            ],
            [
              132.579379096,
              -1.120061925
            ],
            [
              132.579246031,
              -1.120020731
            ],
            [
              132.579121865,
              -1.119970659
            ],
            [
              132.578998039,
              -1.119909732
            ],
            [
              132.578872889,
              -1.119843624
            ],
            [
              132.578765969,
              -1.119788767
            ],
            [
              132.578630987,
              -1.11973197
            ],
            [
              132.57847486,
              -1.119669633
            ],
            [
              132.57836928,
              -1.119622568
            ],
            [
              132.578242095,
              -1.119562822
            ],
            [
              132.578108782,
              -1.11949743
            ],
            [
              132.577984824,
              -1.11943343
            ],
            [
              132.577831259,
              -1.119346933
            ],
            [
              132.577682396,
              -1.119253389
            ],
            [
              132.577549511,
              -1.119157835
            ],
            [
              132.577422636,
              -1.119049431
            ],
            [
              132.577287644,
              -1.118916995
            ],
            [
              132.577149534,
              -1.118765077
            ],
            [
              132.577060051,
              -1.118658449
            ],
            [
              132.576962264,
              -1.118537803
            ],
            [
              132.576863735,
              -1.118413704
            ],
            [
              132.576772024,
              -1.118296743
            ],
            [
              132.576694722,
              -1.118197483
            ],
            [
              132.576550257,
              -1.118008454
            ],
            [
              132.57644721,
              -1.117852236
            ],
            [
              132.576387119,
              -1.117736024
            ],
            [
              132.576322591,
              -1.117598485
            ],
            [
              132.576254999,
              -1.117453124
            ],
            [
              132.576197137,
              -1.117334302
            ],
            [
              132.57612877,
              -1.117201903
            ],
            [
              132.576053222,
              -1.117066308
            ],
            [
              132.575973797,
              -1.116937895
            ],
            [
              132.575884089,
              -1.116811074
            ],
            [
              132.575778796,
              -1.11667718
            ],
            [
              132.575662926,
              -1.116541886
            ],
            [
              132.575541511,
              -1.116410898
            ],
            [
              132.575434868,
              -1.116303524
            ],
            [
              132.575316394,
              -1.116189026
            ],
            [
              132.575194203,
              -1.116074209
            ],
            [
              132.575076398,
              -1.115965841
            ],
            [
              132.5749711,
              -1.115870734
            ],
            [
              132.574813143,
              -1.115731193
            ],
            [
              132.574663313,
              -1.115601194
            ],
            [
              132.574526011,
              -1.115482478
            ],
            [
              132.574422444,
              -1.115391793
            ],
            [
              132.574310164,
              -1.115290561
            ],
            [
              132.574195242,
              -1.115181978
            ],
            [
              132.574083763,
              -1.115069258
            ],
            [
              132.573992532,
              -1.114969842
            ],
            [
              132.573893311,
              -1.114857421
            ],
            [
              132.573789264,
              -1.114737802
            ],
            [
              132.573683557,
              -1.114616798
            ],
            [
              132.573579346,
              -1.114500206
            ],
            [
              132.573469523,
              -1.114382263
            ],
            [
              132.573346883,
              -1.114255858
            ],
            [
              132.573214423,
              -1.114124816
            ],
            [
              132.573075147,
              -1.113992947
            ],
            [
              132.572932053,
              -1.113864075
            ],
            [
              132.572822453,
              -1.11376985
            ],
            [
              132.57270263,
              -1.113669516
            ],
            [
              132.572577466,
              -1.11356634
            ],
            [
              132.572330708,
              -1.113364617
            ],
            [
              132.572218889,
              -1.113272633
            ],
            [
              132.572121286,
              -1.11319092
            ],
            [
              132.571975828,
              -1.113063492
            ],
            [
              132.571851286,
              -1.112946821
            ],
            [
              132.571748932,
              -1.112843147
            ],
            [
              132.571670041,
              -1.112754716
            ],
            [
              132.571554165,
              -1.112593163
            ],
            [
              132.571479724,
              -1.112443568
            ],
            [
              132.57144095,
              -1.112286626
            ],
            [
              132.571422526,
              -1.112073513
            ],
            [
              132.571419422,
              -1.111959401
            ],
            [
              132.571418322,
              -1.111822033
            ],
            [
              132.571419559,
              -1.111670557
            ],
            [
              132.571423486,
              -1.11151412
            ],
            [
              132.571430435,
              -1.11136188
            ],
            [
              132.571441014,
              -1.111208251
            ],
            [
              132.571453422,
              -1.111047483
            ],
            [
              132.571464409,
              -1.110888512
            ],
            [
              132.571470726,
              -1.110740267
            ],
            [
              132.571469107,
              -1.110611685
            ],
            [
              132.571441994,
              -1.11042674
            ],
            [
              132.571388491,
              -1.11025969
            ],
            [
              132.571317001,
              -1.110113296
            ],
            [
              132.57124909,
              -1.110006091
            ],
            [
              132.571163299,
              -1.109888014
            ],
            [
              132.571061719,
              -1.109760352
            ],
            [
              132.570946415,
              -1.109624381
            ],
            [
              132.570857243,
              -1.109523115
            ],
            [
              132.570756136,
              -1.109410341
            ],
            [
              132.570649842,
              -1.109293214
            ],
            [
              132.570545099,
              -1.109178883
            ],
            [
              132.570448646,
              -1.109074483
            ],
            [
              132.570367203,
              -1.10898717
            ],
            [
              132.570191591,
              -1.108803161
            ],
            [
              132.570075969,
              -1.108683035
            ],
            [
              132.569972504,
              -1.108566119
            ],
            [
              132.569850249,
              -1.108408756
            ],
            [
              132.569774498,
              -1.108301779
            ],
            [
              132.569686165,
              -1.10817261
            ],
            [
              132.56959466,
              -1.108035456
            ],
            [
              132.569509418,
              -1.107904536
            ],
            [
              132.569428564,
              -1.107777877
            ],
            [
              132.569344541,
              -1.107650338
            ],
            [
              132.56925823,
              -1.107531366
            ],
            [
              132.569170539,
              -1.1074304
            ],
            [
              132.56903748,
              -1.107317834
            ],
            [
              132.568890875,
              -1.107221745
            ],
            [
              132.568757217,
              -1.107149286
            ],
            [
              132.568580456,
              -1.107075083
            ],
            [
              132.568408324,
              -1.107028977
            ],
            [
              132.568281169,
              -1.107011146
            ],
            [
              132.568130706,
              -1.106997807
            ],
            [
              132.567966906,
              -1.106986762
            ],
            [
              132.567826902,
              -1.106978014
            ],
            [
              132.56766557,
              -1.106968561
            ],
            [
              132.567494827,
              -1.106959634
            ],
            [
              132.567326596,
              -1.106952463
            ],
            [
              132.567189229,
              -1.106948327
            ],
            [
              132.567043804,
              -1.106945612
            ],
            [
              132.566899088,
              -1.106944788
            ],
            [
              132.566763871,
              -1.106946303
            ],
            [
              132.566646936,
              -1.106950627
            ],
            [
              132.566481309,
              -1.106966064
            ],
            [
              132.56633685,
              -1.106990784
            ],
            [
              132.566217828,
              -1.10702178
            ],
            [
              132.566060118,
              -1.107085881
            ],
            [
              132.565923961,
              -1.107172345
            ],
            [
              132.565812063,
              -1.107286886
            ],
            [
              132.565718547,
              -1.107402716
            ],
            [
              132.565641691,
              -1.107494481
            ],
            [
              132.565568016,
              -1.107572418
            ],
            [
              132.565486632,
              -1.107644989
            ],
            [
              132.565402293,
              -1.107705634
            ],
            [
              132.565223668,
              -1.107759829
            ],
            [
              132.565105721,
              -1.107760048
            ],
            [
              132.564986728,
              -1.107754526
            ],
            [
              132.564795331,
              -1.107745283
            ],
            [
              132.564694388,
              -1.107729282
            ],
            [
              132.564592394,
              -1.10770199
            ],
            [
              132.564497994,
              -1.107658642
            ],
            [
              132.564495581,
              -1.107657008
            ],
            [
              132.564405728,
              -1.107596142
            ],
            [
              132.564311437,
              -1.107505899
            ],
            [
              132.564226036,
              -1.107393961
            ],
            [
              132.564164444,
              -1.107258108
            ],
            [
              132.564124663,
              -1.107091828
            ],
            [
              132.564112819,
              -1.106958194
            ],
            [
              132.564112925,
              -1.10680688
            ],
            [
              132.564127967,
              -1.106663235
            ],
            [
              132.564163191,
              -1.106526901
            ],
            [
              132.564217218,
              -1.106382194
            ],
            [
              132.564283085,
              -1.106231504
            ],
            [
              132.564341947,
              -1.106104048
            ],
            [
              132.56440981,
              -1.105961197
            ],
            [
              132.564479892,
              -1.105818248
            ],
            [
              132.564545408,
              -1.105690471
            ],
            [
              132.564628967,
              -1.105539091
            ],
            [
              132.564712081,
              -1.105393938
            ],
            [
              132.564787347,
              -1.105258243
            ],
            [
              132.564858586,
              -1.105116099
            ],
            [
              132.564928462,
              -1.104961706
            ],
            [
              132.564987861,
              -1.104813497
            ],
            [
              132.565037615,
              -1.104666074
            ],
            [
              132.565084079,
              -1.10451159
            ],
            [
              132.565126504,
              -1.104364722
            ],
            [
              132.565170916,
              -1.104215361
            ],
            [
              132.56522384,
              -1.104046166
            ],
            [
              132.5652852,
              -1.103861061
            ],
            [
              132.565329441,
              -1.103733963
            ],
            [
              132.565381357,
              -1.103589236
            ],
            [
              132.565696754,
              -1.103082907
            ],
            [
              132.566514966,
              -1.101682426
            ],
            [
              132.567033831,
              -1.100754376
            ],
            [
              132.567395683,
              -1.099861651
            ],
            [
              132.567552431,
              -1.099474938
            ],
            [
              132.572558492,
              -1.096753771
            ],
            [
              132.5762764,
              -1.095266608
            ],
            [
              132.57746613,
              -1.090805119
            ],
            [
              132.578507144,
              -1.088574374
            ],
            [
              132.58594296,
              -1.086938495
            ],
            [
              132.591742896,
              -1.084559034
            ],
            [
              132.596501818,
              -1.083071871
            ],
            [
              132.600368442,
              -1.07905653
            ],
            [
              132.60572223,
              -1.071769431
            ],
            [
              132.608250407,
              -1.067307942
            ],
            [
              132.610629868,
              -1.05972341
            ],
            [
              132.608993989,
              -1.053031175
            ],
            [
              132.605127364,
              -1.046398428
            ],
            [
              132.603788918,
              -1.040003626
            ],
            [
              132.598583847,
              -1.036731868
            ],
            [
              132.596353102,
              -1.033757541
            ],
            [
              132.592635194,
              -1.032270378
            ],
            [
              132.590850598,
              -1.027808889
            ],
            [
              132.588024988,
              -1.022603818
            ],
            [
              132.584158364,
              -1.018142328
            ],
            [
              132.578507144,
              -1.01323469
            ],
            [
              132.576722549,
              -1.008921917
            ],
            [
              132.576425116,
              -1.006096307
            ],
            [
              132.571368761,
              -1.005947591
            ],
            [
              132.565866258,
              -1.007880903
            ],
            [
              132.560066322,
              -1.008327052
            ],
            [
              132.557538144,
              -1.01040908
            ],
            [
              132.552779222,
              -1.011152662
            ],
            [
              132.549358747,
              -1.011152662
            ],
            [
              132.544451109,
              -1.010557797
            ],
            [
              132.535364955,
              -1.008716358
            ],
            [
              132.526798895,
              -1.009097072
            ],
            [
              132.522420687,
              -1.010239213
            ],
            [
              132.516900338,
              -1.009097072
            ],
            [
              132.5130932,
              -1.007574217
            ],
            [
              132.507763207,
              -1.006812789
            ],
            [
              132.50091036,
              -1.007574217
            ],
            [
              132.497293579,
              -1.008335644
            ],
            [
              132.491011802,
              -1.010239213
            ],
            [
              132.485491452,
              -1.009477786
            ],
            [
              132.48073253,
              -1.009477786
            ],
            [
              132.477306107,
              -1.011762068
            ],
            [
              132.47711575,
              -1.01652099
            ],
            [
              132.478638605,
              -1.021850983
            ],
            [
              132.479971103,
              -1.024706336
            ],
            [
              132.479590389,
              -1.029084544
            ],
            [
              132.477378136,
              -1.03314354
            ],
            [
              132.476876608,
              -1.033250682
            ],
            [
              132.476462007,
              -1.033337726
            ],
            [
              132.47602724,
              -1.03357935
            ],
            [
              132.47576632,
              -1.033787505
            ],
            [
              132.47555875,
              -1.034177182
            ],
            [
              132.475538355,
              -1.034600614
            ],
            [
              132.475351025,
              -1.034761777
            ],
            [
              132.475096986,
              -1.034734689
            ],
            [
              132.474729415,
              -1.034539473
            ],
            [
              132.474561041,
              -1.03444821
            ],
            [
              132.47423346,
              -1.034407618
            ],
            [
              132.473825378,
              -1.034716475
            ],
            [
              132.47364481,
              -1.034783544
            ],
            [
              132.473464228,
              -1.034857336
            ],
            [
              132.473176777,
              -1.034803334
            ],
            [
              132.472749024,
              -1.034621512
            ],
            [
              132.4719033,
              -1.034310563
            ],
            [
              132.4712415,
              -1.034189045
            ],
            [
              132.470552802,
              -1.034248987
            ],
            [
              132.469997776,
              -1.034376246
            ],
            [
              132.469750301,
              -1.034503755
            ],
            [
              132.469489441,
              -1.034637972
            ],
            [
              132.469101644,
              -1.034664547
            ],
            [
              132.468774181,
              -1.034476084
            ],
            [
              132.46838672,
              -1.034079211
            ],
            [
              132.467939091,
              -1.033668848
            ],
            [
              132.46756915,
              -1.033312006
            ],
            [
              132.467234881,
              -1.033284854
            ],
            [
              132.466833475,
              -1.033600435
            ],
            [
              132.466518909,
              -1.034023627
            ],
            [
              132.466298056,
              -1.034299028
            ],
            [
              132.4659836,
              -1.03457435
            ],
            [
              132.465542247,
              -1.034681536
            ],
            [
              132.465274815,
              -1.034681321
            ],
            [
              132.464940552,
              -1.034647447
            ],
            [
              132.464399082,
              -1.034546191
            ],
            [
              132.464230546,
              -1.034499549
            ],
            [
              132.464035251,
              -1.034445502
            ],
            [
              132.46371382,
              -1.034205194
            ],
            [
              132.463594246,
              -1.034115799
            ],
            [
              132.463333741,
              -1.033813128
            ],
            [
              132.463086551,
              -1.033584402
            ],
            [
              132.462772346,
              -1.033543824
            ],
            [
              132.46251883,
              -1.033573024
            ],
            [
              132.462250801,
              -1.033603895
            ],
            [
              132.461936663,
              -1.03348938
            ],
            [
              132.461722903,
              -1.03325396
            ],
            [
              132.461435663,
              -1.032937827
            ],
            [
              132.460884618,
              -1.032700963
            ],
            [
              132.460276261,
              -1.032639982
            ],
            [
              132.459580845,
              -1.032746964
            ],
            [
              132.459086128,
              -1.03270624
            ],
            [
              132.458611315,
              -1.032860448
            ],
            [
              132.458151821,
              -1.033126638
            ],
            [
              132.457962492,
              -1.033236318
            ],
            [
              132.457487648,
              -1.033430854
            ],
            [
              132.456966191,
              -1.033383384
            ],
            [
              132.456599552,
              -1.033200048
            ],
            [
              132.456441024,
              -1.032851595
            ],
            [
              132.456406051,
              -1.032136936
            ],
            [
              132.456398408,
              -1.031980751
            ],
            [
              132.456254611,
              -1.03125496
            ],
            [
              132.455778555,
              -1.030804658
            ],
            [
              132.45528786,
              -1.030615589
            ],
            [
              132.454681513,
              -1.030615101
            ],
            [
              132.454291913,
              -1.030368057
            ],
            [
              132.453801415,
              -1.029932258
            ],
            [
              132.453079861,
              -1.02956884
            ],
            [
              132.452112691,
              -1.029451954
            ],
            [
              132.451362022,
              -1.029407808
            ],
            [
              132.450308062,
              -1.029508556
            ],
            [
              132.449484947,
              -1.029783647
            ],
            [
              132.449138204,
              -1.030117177
            ],
            [
              132.448935888,
              -1.030363742
            ],
            [
              132.448777049,
              -1.030407153
            ],
            [
              132.448141916,
              -1.030305047
            ],
            [
              132.447911084,
              -1.030116187
            ],
            [
              132.44789698,
              -1.029695287
            ],
            [
              132.448070858,
              -1.028897188
            ],
            [
              132.448027803,
              -1.028577859
            ],
            [
              132.447782524,
              -1.028388988
            ],
            [
              132.447320599,
              -1.028330561
            ],
            [
              132.446728729,
              -1.028286545
            ],
            [
              132.446237996,
              -1.028141015
            ],
            [
              132.445949441,
              -1.027923082
            ],
            [
              132.445480281,
              -1.027089025
            ],
            [
              132.444816464,
              -1.026754682
            ],
            [
              132.444268216,
              -1.02631884
            ],
            [
              132.44377768,
              -1.025926582
            ],
            [
              132.443214804,
              -1.025737457
            ],
            [
              132.442074459,
              -1.025547866
            ],
            [
              132.441655798,
              -1.025547529
            ],
            [
              132.440814138,
              -1.025469161
            ],
            [
              132.440409944,
              -1.025425298
            ],
            [
              132.440294619,
              -1.025222018
            ],
            [
              132.440266157,
              -1.024699514
            ],
            [
              132.440049999,
              -1.024205888
            ],
            [
              132.439573984,
              -1.023712051
            ],
            [
              132.439213556,
              -1.023102203
            ],
            [
              132.438881951,
              -1.02255043
            ],
            [
              132.438272228,
              -1.02218602
            ],
            [
              132.437334005,
              -1.021996594
            ],
            [
              132.436121511,
              -1.02177792
            ],
            [
              132.435832755,
              -1.021806715
            ],
            [
              132.435616011,
              -1.022053265
            ],
            [
              132.435543407,
              -1.0225902
            ],
            [
              132.435312201,
              -1.022865765
            ],
            [
              132.434749238,
              -1.022792746
            ],
            [
              132.433753229,
              -1.022646811
            ],
            [
              132.433479142,
              -1.022385351
            ],
            [
              132.433345601,
              -1.021860472
            ],
            [
              132.433331589,
              -1.021323471
            ],
            [
              132.433086414,
              -1.021018497
            ],
            [
              132.432711318,
              -1.020698901
            ],
            [
              132.432336131,
              -1.020495414
            ],
            [
              132.431886419,
              -1.020040642
            ],
            [
              132.431554709,
              -1.019634006
            ],
            [
              132.431309653,
              -1.019169385
            ],
            [
              132.431064547,
              -1.018777332
            ],
            [
              132.430689383,
              -1.018544819
            ],
            [
              132.430198726,
              -1.018312213
            ],
            [
              132.429404106,
              -1.018045395
            ],
            [
              132.428913369,
              -1.017914381
            ],
            [
              132.428451429,
              -1.017884986
            ],
            [
              132.427715081,
              -1.0180005
            ],
            [
              132.427267354,
              -1.018246862
            ],
            [
              132.426805391,
              -1.018246491
            ],
            [
              132.426054859,
              -1.018042704
            ],
            [
              132.425232312,
              -1.017635675
            ],
            [
              132.424222135,
              -1.017170441
            ],
            [
              132.423558197,
              -1.016995751
            ],
            [
              132.422502506,
              -1.016712981
            ],
            [
              132.420724949,
              -1.016757966
            ],
            [
              132.419731898,
              -1.017267734
            ],
            [
              132.419124731,
              -1.017815173
            ],
            [
              132.418368926,
              -1.018496629
            ],
            [
              132.417352388,
              -1.019516937
            ],
            [
              132.416728563,
              -1.020189447
            ],
            [
              132.416421268,
              -1.020249078
            ],
            [
              132.415836478,
              -1.020068922
            ],
            [
              132.415056979,
              -1.019545584
            ],
            [
              132.413697182,
              -1.01830627
            ],
            [
              132.412970558,
              -1.017208634
            ],
            [
              132.41294901,
              -1.017148837
            ],
            [
              132.412764973,
              -1.016638136
            ],
            [
              132.412566862,
              -1.016214805
            ],
            [
              132.412292059,
              -1.016127318
            ],
            [
              132.411886928,
              -1.016185168
            ],
            [
              132.411640816,
              -1.01638859
            ],
            [
              132.411408845,
              -1.017013806
            ],
            [
              132.411383107,
              -1.017106668
            ],
            [
              132.411336299,
              -1.017275545
            ],
            [
              132.410974485,
              -1.017435239
            ],
            [
              132.410540528,
              -1.017362168
            ],
            [
              132.407108148,
              -1.0213251
            ],
            [
              132.405442525,
              -1.023585588
            ],
            [
              132.406037391,
              -1.026084022
            ],
            [
              132.407703013,
              -1.028582456
            ],
            [
              132.409844528,
              -1.037029543
            ],
            [
              132.414365504,
              -1.042621276
            ],
            [
              132.41888648,
              -1.047499171
            ],
            [
              132.419838265,
              -1.052258093
            ],
            [
              132.422098753,
              -1.058801611
            ],
            [
              132.424478214,
              -1.063203614
            ],
            [
              132.425653072,
              -1.067753342
            ],
            [
              132.430709427,
              -1.072066115
            ],
            [
              132.435468349,
              -1.076527604
            ],
            [
              132.437401661,
              -1.080840377
            ],
            [
              132.435914498,
              -1.086491597
            ],
            [
              132.43219659,
              -1.090358221
            ],
            [
              132.42654537,
              -1.093927413
            ],
            [
              132.420596718,
              -1.096306874
            ],
            [
              132.41687881,
              -1.094522278
            ],
            [
              132.411525023,
              -1.094224845
            ],
            [
              132.410781441,
              -1.096158157
            ],
            [
              132.409740427,
              -1.098537618
            ],
            [
              132.409294278,
              -1.109096477
            ],
            [
              132.404089207,
              -1.10894776
            ],
            [
              132.40438664,
              -1.112814384
            ],
            [
              132.40438664,
              -1.116978441
            ],
            [
              132.402007179,
              -1.11870355
            ],
            [
              132.399776434,
              -1.121231728
            ],
            [
              132.397545689,
              -1.125395784
            ],
            [
              132.397843122,
              -1.129708558
            ],
            [
              132.396207242,
              -1.133723898
            ],
            [
              132.396504675,
              -1.136549508
            ],
            [
              132.40156103,
              -1.138780253
            ],
            [
              132.405725086,
              -1.144580189
            ],
            [
              132.405873803,
              -1.14978526
            ],
            [
              132.403494342,
              -1.153057019
            ],
            [
              132.399479001,
              -1.157667224
            ],
            [
              132.400423305,
              -1.161367629
            ],
            [
              132.399281164,
              -1.164651285
            ],
            [
              132.398995628,
              -1.171504133
            ],
            [
              132.398852861,
              -1.175501627
            ],
            [
              132.400566073,
              -1.178785283
            ],
            [
              132.40313589,
              -1.182497242
            ],
            [
              132.407133385,
              -1.184638757
            ],
            [
              132.406419547,
              -1.18688021
            ],
            [
              132.405991244,
              -1.19173431
            ],
            [
              132.406276779,
              -1.195731805
            ],
            [
              132.407561688,
              -1.197302249
            ],
            [
              132.408846597,
              -1.201870814
            ],
            [
              132.407561688,
              -1.205868308
            ],
            [
              132.405420173,
              -1.20758152
            ],
            [
              132.401708214,
              -1.207295985
            ],
            [
              132.397853487,
              -1.211007944
            ],
            [
              132.394284295,
              -1.215005439
            ],
            [
              132.392571084,
              -1.219431236
            ],
            [
              132.392285548,
              -1.224142569
            ],
            [
              132.392856619,
              -1.228853902
            ],
            [
              132.396854113,
              -1.229853275
            ],
            [
              132.397139649,
              -1.233136932
            ],
            [
              132.396140275,
              -1.235278446
            ],
            [
              132.398710093,
              -1.236506248
            ],
            [
              132.399138396,
              -1.243501864
            ],
            [
              132.397282416,
              -1.248355964
            ],
            [
              132.394569831,
              -1.251782388
            ],
            [
              132.391714478,
              -1.254066671
            ],
            [
              132.389858498,
              -1.257350327
            ],
            [
              132.388002518,
              -1.260919518
            ],
            [
              132.386146539,
              -1.264774245
            ],
            [
              132.387574215,
              -1.267058528
            ],
            [
              132.392142781,
              -1.269200043
            ],
            [
              132.392000013,
              -1.274910749
            ],
            [
              132.392999387,
              -1.278194405
            ],
            [
              132.394427063,
              -1.281763597
            ],
            [
              132.39399876,
              -1.286189394
            ],
            [
              132.396235453,
              -1.292090457
            ],
            [
              132.393935361,
              -1.294789682
            ]
          ]
        ]
      }
    }
  ]
}