{
  "type": "FeatureCollection",
  "features": [
    {
      "type": "Feature",
      "properties": {
        "idx": "3124",
        "nama_kewilayahan": "Paser Nanda Rantau Buta"
      },
      "geometry": {
        "type": "MultiPolygon",
        "coordinates": [
          [
            [
              [
                115.909184985,
                -1.676234471
              ],
              [
                115.910360402,
                -1.676891129
              ],
              [
                115.910878826,
                -1.677124928
              ],
              [
                115.911732701,
                -1.677399388
              ],
              [
                115.912952523,
                -1.677358728
              ],
              [
                115.914436638,
                -1.677368893
              ],
              [
                115.914975393,
                -1.676830138
              ],
              [
                115.915199027,
                -1.676433696
              ],
              [
                115.915392165,
                -1.675640813
              ],
              [
                115.915514147,
                -1.674959746
              ],
              [
                115.915450615,
                -1.673678933
              ],
              [
                115.915592927,
                -1.672113496
              ],
              [
                115.915572597,
                -1.670812354
              ],
              [
                115.915531936,
                -1.670263434
              ],
              [
                115.917056713,
                -1.669816166
              ],
              [
                115.91803257,
                -1.669531541
              ],
              [
                115.91921173,
                -1.669053778
              ],
              [
                115.921376913,
                -1.66829139
              ],
              [
                115.921417574,
                -1.668027095
              ],
              [
                115.921437904,
                -1.667295202
              ],
              [
                115.921478565,
                -1.666847934
              ],
              [
                115.921620877,
                -1.666502318
              ],
              [
                115.921681868,
                -1.666136372
              ],
              [
                115.922230788,
                -1.665363819
              ],
              [
                115.92235277,
                -1.665079194
              ],
              [
                115.923104993,
                -1.663452765
              ],
              [
                115.923531931,
                -1.662436248
              ],
              [
                115.923714904,
                -1.6613994
              ],
              [
                115.92408085,
                -1.6602609
              ],
              [
                115.924162171,
                -1.659813632
              ],
              [
                115.924772082,
                -1.659203721
              ],
              [
                115.925097368,
                -1.658878436
              ],
              [
                115.925544636,
                -1.658370177
              ],
              [
                115.925646287,
                -1.657902579
              ],
              [
                115.925625957,
                -1.657475641
              ],
              [
                115.925524305,
                -1.656764079
              ],
              [
                115.924853404,
                -1.655747561
              ],
              [
                115.924141841,
                -1.654812365
              ],
              [
                115.924019859,
                -1.654466749
              ],
              [
                115.923857216,
                -1.654080472
              ],
              [
                115.923938538,
                -1.653673865
              ],
              [
                115.924141841,
                -1.652840321
              ],
              [
                115.924487457,
                -1.65221008
              ],
              [
                115.924914395,
                -1.651274883
              ],
              [
                115.925625957,
                -1.650288861
              ],
              [
                115.925951243,
                -1.649414656
              ],
              [
                115.926215537,
                -1.648804745
              ],
              [
                115.92637818,
                -1.647849219
              ],
              [
                115.926520493,
                -1.647239308
              ],
              [
                115.926540823,
                -1.646832701
              ],
              [
                115.926906769,
                -1.646385433
              ],
              [
                115.927232055,
                -1.646141469
              ],
              [
                115.92753701,
                -1.64565354
              ],
              [
                115.927130403,
                -1.644880987
              ],
              [
                115.926439171,
                -1.644047442
              ],
              [
                115.926368015,
                -1.643234228
              ],
              [
                115.927272716,
                -1.640860659
              ],
              [
                115.928024939,
                -1.638461678
              ],
              [
                115.928207912,
                -1.637790776
              ],
              [
                115.928787327,
                -1.635534107
              ],
              [
                115.928888979,
                -1.634720892
              ],
              [
                115.928858483,
                -1.633867018
              ],
              [
                115.928980465,
                -1.633297768
              ],
              [
                115.928919474,
                -1.632504884
              ],
              [
                115.928807657,
                -1.631112255
              ],
              [
                115.92889471,
                -1.630620481
              ],
              [
                115.934893795,
                -1.633136155
              ],
              [
                115.939088211,
                -1.636347597
              ],
              [
                115.940682467,
                -1.636855163
              ],
              [
                115.941058743,
                -1.639473404
              ],
              [
                115.941561978,
                -1.64004373
              ],
              [
                115.946470339,
                -1.642157663
              ],
              [
                115.949101436,
                -1.645938336
              ],
              [
                115.951907148,
                -1.644644028
              ],
              [
                115.952903975,
                -1.644180062
              ],
              [
                115.95405797,
                -1.644075104
              ],
              [
                115.955044103,
                -1.644001727
              ],
              [
                115.955883234,
                -1.644192189
              ],
              [
                115.956596415,
                -1.644509264
              ],
              [
                115.956643037,
                -1.645633574
              ],
              [
                115.958471798,
                -1.649123518
              ],
              [
                115.959596209,
                -1.650442375
              ],
              [
                115.960120555,
                -1.650780465
              ],
              [
                115.960508018,
                -1.652094976
              ],
              [
                115.960381336,
                -1.653625629
              ],
              [
                115.960779165,
                -1.655177671
              ],
              [
                115.96156514,
                -1.656732557
              ],
              [
                115.961983878,
                -1.658421848
              ],
              [
                115.962088255,
                -1.659435346
              ],
              [
                115.962675259,
                -1.660322417
              ],
              [
                115.963640054,
                -1.660956328
              ],
              [
                115.964520804,
                -1.661822442
              ],
              [
                115.965186438,
                -1.662337972
              ],
              [
                115.965511423,
                -1.662262683
              ],
              [
                115.965598909,
                -1.662262729
              ],
              [
                115.96577388,
                -1.662262821
              ],
              [
                115.966136313,
                -1.662275589
              ],
              [
                115.966448794,
                -1.66221287
              ],
              [
                115.966523788,
                -1.662200333
              ],
              [
                115.966598782,
                -1.662187795
              ],
              [
                115.96667377,
                -1.662187834
              ],
              [
                115.966823745,
                -1.662187913
              ],
              [
                115.967148652,
                -1.662263545
              ],
              [
                115.967382989,
                -1.662263669
              ],
              [
                115.967461101,
                -1.66226371
              ],
              [
                115.967611063,
                -1.662288942
              ],
              [
                115.967686044,
                -1.662301558
              ],
              [
                115.967764156,
                -1.662301599
              ],
              [
                115.967842268,
                -1.662301641
              ],
              [
                115.967919478,
                -1.662301923
              ],
              [
                115.967998492,
                -1.662301723
              ],
              [
                115.968085969,
                -1.662318538
              ],
              [
                115.968173446,
                -1.662335353
              ],
              [
                115.968260923,
                -1.662352168
              ],
              [
                115.968523334,
                -1.662440343
              ],
              [
                115.968579548,
                -1.66249068
              ],
              [
                115.968635763,
                -1.662541017
              ],
              [
                115.968635711,
                -1.662641631
              ],
              [
                115.968573163,
                -1.66275479
              ],
              [
                115.96847314,
                -1.662830198
              ],
              [
                115.968435614,
                -1.662893063
              ],
              [
                115.968398087,
                -1.662955927
              ],
              [
                115.968398022,
                -1.663081695
              ],
              [
                115.968410467,
                -1.663182316
              ],
              [
                115.96848537,
                -1.663345854
              ],
              [
                115.968597754,
                -1.663534565
              ],
              [
                115.968760142,
                -1.663698149
              ],
              [
                115.969247373,
                -1.664063133
              ],
              [
                115.969484769,
                -1.664189025
              ],
              [
                115.969634666,
                -1.664340026
              ],
              [
                115.969772104,
                -1.664415559
              ],
              [
                115.970034529,
                -1.664478581
              ],
              [
                115.97010118,
                -1.664487001
              ],
              [
                115.970534414,
                -1.664541728
              ],
              [
                115.970903028,
                -1.664689699
              ],
              [
                115.970971752,
                -1.664718033
              ],
              [
                115.971309093,
                -1.664919439
              ],
              [
                115.971459055,
                -1.664944671
              ],
              [
                115.971571504,
                -1.665007615
              ],
              [
                115.971633966,
                -1.665062147
              ],
              [
                115.971696427,
                -1.66511668
              ],
              [
                115.971883823,
                -1.665259315
              ],
              [
                115.971946255,
                -1.665372539
              ],
              [
                115.971971214,
                -1.665443821
              ],
              [
                115.972021132,
                -1.665586384
              ],
              [
                115.97203984,
                -1.665661855
              ],
              [
                115.972058547,
                -1.665737326
              ],
              [
                115.972058482,
                -1.665863094
              ],
              [
                115.972037619,
                -1.665925967
              ],
              [
                115.971995894,
                -1.666051713
              ],
              [
                115.971833355,
                -1.666177396
              ],
              [
                115.971733313,
                -1.666290535
              ],
              [
                115.971633251,
                -1.666441404
              ],
              [
                115.971483236,
                -1.666516787
              ],
              [
                115.971408111,
                -1.66678086
              ],
              [
                115.971308016,
                -1.666994614
              ],
              [
                115.971270392,
                -1.66724613
              ],
              [
                115.971274519,
                -1.667321593
              ],
              [
                115.971307651,
                -1.667698915
              ],
              [
                115.971307415,
                -1.668151681
              ],
              [
                115.971219786,
                -1.668428324
              ],
              [
                115.971144687,
                -1.668642091
              ],
              [
                115.971057116,
                -1.668805543
              ],
              [
                115.970932057,
                -1.668956399
              ],
              [
                115.97081949,
                -1.669119839
              ],
              [
                115.970806888,
                -1.669321061
              ],
              [
                115.970794364,
                -1.669371362
              ],
              [
                115.970719264,
                -1.669585128
              ],
              [
                115.970594213,
                -1.669723407
              ],
              [
                115.970469062,
                -1.670050338
              ],
              [
                115.970331526,
                -1.670163457
              ],
              [
                115.97011902,
                -1.670238806
              ],
              [
                115.969956494,
                -1.670339335
              ],
              [
                115.969644031,
                -1.670364324
              ],
              [
                115.969250266,
                -1.670515038
              ],
              [
                115.969181514,
                -1.670540155
              ],
              [
                115.969044009,
                -1.67059039
              ],
              [
                115.968981503,
                -1.670621799
              ],
              [
                115.968918996,
                -1.670653208
              ],
              [
                115.968868978,
                -1.670703489
              ],
              [
                115.968831432,
                -1.670804083
              ],
              [
                115.968835563,
                -1.670871162
              ],
              [
                115.968839694,
                -1.67093824
              ],
              [
                115.968843825,
                -1.671005319
              ],
              [
                115.968868788,
                -1.671068216
              ],
              [
                115.968893751,
                -1.671131113
              ],
              [
                115.968918714,
                -1.67119401
              ],
              [
                115.969593397,
                -1.671596824
              ],
              [
                115.97019317,
                -1.671848677
              ],
              [
                115.970334766,
                -1.671940982
              ],
              [
                115.970405564,
                -1.671987134
              ],
              [
                115.970451359,
                -1.67204585
              ],
              [
                115.970680317,
                -1.672377161
              ],
              [
                115.970842699,
                -1.672553322
              ],
              [
                115.971017586,
                -1.672716913
              ],
              [
                115.971192532,
                -1.672767312
              ],
              [
                115.971329958,
                -1.672867999
              ],
              [
                115.971413267,
                -1.672889004
              ],
              [
                115.971579886,
                -1.672931015
              ],
              [
                115.971654872,
                -1.672935247
              ],
              [
                115.971804844,
                -1.672943711
              ],
              [
                115.97192985,
                -1.672893469
              ],
              [
                115.972088167,
                -1.672876784
              ],
              [
                115.972167325,
                -1.672868441
              ],
              [
                115.97234233,
                -1.672805649
              ],
              [
                115.972517316,
                -1.672780587
              ],
              [
                115.972629811,
                -1.672755493
              ],
              [
                115.972904768,
                -1.672755638
              ],
              [
                115.973092258,
                -1.672718006
              ],
              [
                115.973237243,
                -1.67270299
              ],
              [
                115.973309735,
                -1.672695482
              ],
              [
                115.973382228,
                -1.672687974
              ],
              [
                115.973517212,
                -1.672676307
              ],
              [
                115.973642197,
                -1.672667988
              ],
              [
                115.973804671,
                -1.672668074
              ],
              [
                115.974029616,
                -1.672705923
              ],
              [
                115.974304527,
                -1.672794105
              ],
              [
                115.974379492,
                -1.672838164
              ],
              [
                115.974454458,
                -1.672882222
              ],
              [
                115.974521097,
                -1.672915795
              ],
              [
                115.974654374,
                -1.672982941
              ],
              [
                115.97481677,
                -1.673133949
              ],
              [
                115.975066678,
                -1.673234695
              ],
              [
                115.975137489,
                -1.673255694
              ],
              [
                115.975279112,
                -1.673297691
              ],
              [
                115.975529001,
                -1.673436167
              ],
              [
                115.975703889,
                -1.673599758
              ],
              [
                115.975778812,
                -1.673725566
              ],
              [
                115.9758287,
                -1.673926821
              ],
              [
                115.975820253,
                -1.674149007
              ],
              [
                115.975803514,
                -1.674291536
              ],
              [
                115.975765955,
                -1.674417285
              ],
              [
                115.975690895,
                -1.674555591
              ],
              [
                115.975640831,
                -1.674693909
              ],
              [
                115.975603245,
                -1.674869965
              ],
              [
                115.975490698,
                -1.674995674
              ],
              [
                115.975449007,
                -1.675054344
              ],
              [
                115.975365626,
                -1.675171684
              ],
              [
                115.975257189,
                -1.675402203
              ],
              [
                115.97519045,
                -1.675561474
              ],
              [
                115.975115331,
                -1.675812971
              ],
              [
                115.975102702,
                -1.676064501
              ],
              [
                115.975027544,
                -1.676391459
              ],
              [
                115.974814911,
                -1.67670996
              ],
              [
                115.974714857,
                -1.67684406
              ],
              [
                115.974677324,
                -1.676919502
              ],
              [
                115.97463979,
                -1.676994943
              ],
              [
                115.974589719,
                -1.677145838
              ],
              [
                115.974602139,
                -1.677296767
              ],
              [
                115.974539472,
                -1.677636308
              ],
              [
                115.974451854,
                -1.677887799
              ],
              [
                115.973751478,
                -1.678818114
              ],
              [
                115.973726409,
                -1.678956446
              ],
              [
                115.973801168,
                -1.679396674
              ],
              [
                115.97380107,
                -1.679585327
              ],
              [
                115.973725845,
                -1.680038053
              ],
              [
                115.973663243,
                -1.680251826
              ],
              [
                115.973638148,
                -1.680440465
              ],
              [
                115.973663033,
                -1.680654284
              ],
              [
                115.973812839,
                -1.680981361
              ],
              [
                115.973837724,
                -1.68119518
              ],
              [
                115.973937577,
                -1.681446769
              ],
              [
                115.974049968,
                -1.681622904
              ],
              [
                115.974139888,
                -1.68174872
              ],
              [
                115.974184849,
                -1.681811628
              ],
              [
                115.974229809,
                -1.681874536
              ],
              [
                115.974324733,
                -1.68199197
              ],
              [
                115.974424661,
                -1.682101022
              ],
              [
                115.974507966,
                -1.682130412
              ],
              [
                115.974591272,
                -1.682159802
              ],
              [
                115.974674577,
                -1.682189192
              ],
              [
                115.974832877,
                -1.682206045
              ],
              [
                115.975124482,
                -1.682239737
              ],
              [
                115.975340064,
                -1.682258717
              ],
              [
                115.975611894,
                -1.682265148
              ],
              [
                115.975696246,
                -1.682284058
              ],
              [
                115.976015953,
                -1.682353399
              ],
              [
                115.976082603,
                -1.682366012
              ],
              [
                115.976149253,
                -1.682378624
              ],
              [
                115.976217983,
                -1.682397526
              ],
              [
                115.976286712,
                -1.682416427
              ],
              [
                115.976355442,
                -1.682435329
              ],
              [
                115.976424172,
                -1.68245423
              ],
              [
                115.976649131,
                -1.682466925
              ],
              [
                115.976886221,
                -1.682432618
              ],
              [
                115.977143162,
                -1.682382685
              ],
              [
                115.977379559,
                -1.682297547
              ],
              [
                115.977679568,
                -1.682179206
              ],
              [
                115.978271723,
                -1.681778954
              ],
              [
                115.978499256,
                -1.681587605
              ],
              [
                115.978974968,
                -1.681754053
              ],
              [
                115.980055289,
                -1.681987531
              ],
              [
                115.980873577,
                -1.68234539
              ],
              [
                115.983012207,
                -1.682984863
              ],
              [
                115.984968288,
                -1.682637988
              ],
              [
                115.986208126,
                -1.681641399
              ],
              [
                115.986922465,
                -1.680046191
              ],
              [
                115.987557111,
                -1.679248731
              ],
              [
                115.988508855,
                -1.678491325
              ],
              [
                115.989302366,
                -1.677095604
              ],
              [
                115.989738853,
                -1.67621826
              ],
              [
                115.990175299,
                -1.675420695
              ],
              [
                115.990374396,
                -1.673665657
              ],
              [
                115.991009242,
                -1.672469298
              ],
              [
                115.991724383,
                -1.669278501
              ],
              [
                115.992240713,
                -1.667284287
              ],
              [
                115.993430143,
                -1.666806224
              ],
              [
                115.994262351,
                -1.667245438
              ],
              [
                115.994499439,
                -1.668721476
              ],
              [
                115.994617649,
                -1.670117673
              ],
              [
                115.994934178,
                -1.671274636
              ],
              [
                115.99441742,
                -1.674106533
              ],
              [
                115.994535852,
                -1.675063945
              ],
              [
                115.994970953,
                -1.676899092
              ],
              [
                115.994851138,
                -1.678654174
              ],
              [
                115.994334994,
                -1.680269437
              ],
              [
                115.993878544,
                -1.681425999
              ],
              [
                115.993739304,
                -1.682403222
              ],
              [
                115.993520886,
                -1.683180956
              ],
              [
                115.993243038,
                -1.683898825
              ],
              [
                115.99266787,
                -1.684656428
              ],
              [
                115.991914322,
                -1.685413938
              ],
              [
                115.99143815,
                -1.68637104
              ],
              [
                115.990743362,
                -1.688484825
              ],
              [
                115.990761596,
                -1.691556332
              ],
              [
                115.990760864,
                -1.692972411
              ],
              [
                115.991216446,
                -1.693511159
              ],
              [
                115.991354908,
                -1.694049741
              ],
              [
                115.991374222,
                -1.695027046
              ],
              [
                115.991334097,
                -1.69596443
              ],
              [
                115.991987483,
                -1.697271156
              ],
              [
                115.993513268,
                -1.697970024
              ],
              [
                115.994127599,
                -1.698149849
              ],
              [
                115.994821179,
                -1.698389549
              ],
              [
                115.995218425,
                -1.696754283
              ],
              [
                115.995912807,
                -1.695438287
              ],
              [
                115.996666607,
                -1.694202102
              ],
              [
                115.997459882,
                -1.693285053
              ],
              [
                115.997975716,
                -1.69228808
              ],
              [
                115.998056449,
                -1.689455956
              ],
              [
                115.998889829,
                -1.687621463
              ],
              [
                116.000079723,
                -1.686265829
              ],
              [
                116.001428013,
                -1.685229394
              ],
              [
                116.002894979,
                -1.684671694
              ],
              [
                116.004282462,
                -1.684512849
              ],
              [
                116.005433054,
                -1.682479062
              ],
              [
                116.006386129,
                -1.679088921
              ],
              [
                116.008170089,
                -1.678770714
              ],
              [
                116.009359771,
                -1.677813965
              ],
              [
                116.009994612,
                -1.676617594
              ],
              [
                116.010887292,
                -1.675062345
              ],
              [
                116.01136371,
                -1.673586664
              ],
              [
                116.012394568,
                -1.673148398
              ],
              [
                116.013425206,
                -1.67314892
              ],
              [
                116.015803225,
                -1.673908029
              ],
              [
                116.017031687,
                -1.674666557
              ],
              [
                116.018259793,
                -1.676143103
              ],
              [
                116.019646857,
                -1.676821931
              ],
              [
                116.020677083,
                -1.677660139
              ],
              [
                116.022000806,
                -1.678610558
              ],
              [
                116.022896376,
                -1.678778174
              ],
              [
                116.024124964,
                -1.679297361
              ],
              [
                116.025194952,
                -1.679896248
              ],
              [
                116.026542364,
                -1.680614944
              ],
              [
                116.028261566,
                -1.683142612
              ],
              [
                116.029206367,
                -1.686122523
              ],
              [
                116.025985144,
                -1.687204305
              ],
              [
                116.024841376,
                -1.68774213
              ],
              [
                116.024295784,
                -1.687879094
              ],
              [
                116.022764092,
                -1.687941662
              ],
              [
                116.022197641,
                -1.687835806
              ],
              [
                116.021924895,
                -1.687803998
              ],
              [
                116.021358539,
                -1.687508119
              ],
              [
                116.020928658,
                -1.687022284
              ],
              [
                116.020509269,
                -1.686536456
              ],
              [
                116.019586337,
                -1.686018701
              ],
              [
                116.019009475,
                -1.685754487
              ],
              [
                116.018359008,
                -1.685828055
              ],
              [
                116.017613966,
                -1.686218282
              ],
              [
                116.016501679,
                -1.686740281
              ],
              [
                116.015966468,
                -1.687098942
              ],
              [
                116.015704082,
                -1.68733106
              ],
              [
                116.015431215,
                -1.687542058
              ],
              [
                116.015095414,
                -1.68773191
              ],
              [
                116.014214038,
                -1.688027053
              ],
              [
                116.01342718,
                -1.688121663
              ],
              [
                116.012766335,
                -1.68797353
              ],
              [
                116.012047705,
                -1.687994276
              ],
              [
                116.011208316,
                -1.688040116
              ],
              [
                116.011368893,
                -1.68844134
              ],
              [
                116.011404903,
                -1.68872377
              ],
              [
                116.011381492,
                -1.688808873
              ],
              [
                116.01131126,
                -1.689064183
              ],
              [
                116.011174773,
                -1.689466801
              ],
              [
                116.010886282,
                -1.689913739
              ],
              [
                116.010560736,
                -1.69026588
              ],
              [
                116.010488421,
                -1.690286905
              ],
              [
                116.010271478,
                -1.690349979
              ],
              [
                116.009970791,
                -1.690457049
              ],
              [
                116.009818543,
                -1.690514412
              ],
              [
                116.009656738,
                -1.690657933
              ],
              [
                116.009593205,
                -1.69087171
              ],
              [
                116.009580408,
                -1.691091896
              ],
              [
                116.009548578,
                -1.691324836
              ],
              [
                116.009516828,
                -1.691398217
              ],
              [
                116.009356557,
                -1.691643857
              ],
              [
                116.008951885,
                -1.692313798
              ],
              [
                116.008660391,
                -1.693052728
              ],
              [
                116.008628002,
                -1.693136959
              ],
              [
                116.008212333,
                -1.693858863
              ],
              [
                116.008375308,
                -1.69383552
              ],
              [
                116.008442201,
                -1.69385479
              ],
              [
                116.008509094,
                -1.69387406
              ],
              [
                116.008706579,
                -1.693947897
              ],
              [
                116.008897677,
                -1.69405379
              ],
              [
                116.009050576,
                -1.694096614
              ],
              [
                116.009534751,
                -1.694246473
              ],
              [
                116.009802206,
                -1.694554377
              ],
              [
                116.009980419,
                -1.694939178
              ],
              [
                116.010018402,
                -1.695426496
              ],
              [
                116.009852555,
                -1.695785472
              ],
              [
                116.009699529,
                -1.695990571
              ],
              [
                116.009495367,
                -1.696516235
              ],
              [
                116.009278582,
                -1.696804655
              ],
              [
                116.009112796,
                -1.697041807
              ],
              [
                116.009095735,
                -1.697178583
              ],
              [
                116.008972341,
                -1.697586739
              ],
              [
                116.008946811,
                -1.697670079
              ],
              [
                116.008933976,
                -1.697849603
              ],
              [
                116.008882934,
                -1.697984225
              ],
              [
                116.008831892,
                -1.698118847
              ],
              [
                116.008717089,
                -1.698336789
              ],
              [
                116.008640472,
                -1.698644517
              ],
              [
                116.008614917,
                -1.698779152
              ],
              [
                116.008538223,
                -1.699234351
              ],
              [
                116.00841574,
                -1.699521537
              ],
              [
                116.008359593,
                -1.699670262
              ],
              [
                116.00824793,
                -1.699977971
              ],
              [
                116.008180951,
                -1.700127545
              ],
              [
                116.008142683,
                -1.700200193
              ],
              [
                116.008104416,
                -1.70027284
              ],
              [
                116.00804704,
                -1.700332654
              ],
              [
                116.007989664,
                -1.700392468
              ],
              [
                116.007874911,
                -1.700512096
              ],
              [
                116.007760159,
                -1.700631724
              ],
              [
                116.007517955,
                -1.700785482
              ],
              [
                116.007437244,
                -1.700789715
              ],
              [
                116.007275822,
                -1.700798181
              ],
              [
                116.007195112,
                -1.700802413
              ],
              [
                116.00686166,
                -1.700797966
              ],
              [
                116.006485747,
                -1.7007593
              ],
              [
                116.006396543,
                -1.700759254
              ],
              [
                116.006307339,
                -1.700759208
              ],
              [
                116.006218135,
                -1.700759162
              ],
              [
                116.006160783,
                -1.700771956
              ],
              [
                116.006103431,
                -1.70078475
              ],
              [
                116.006014223,
                -1.700792031
              ],
              [
                116.005746599,
                -1.700813876
              ],
              [
                116.00528781,
                -1.700861268
              ],
              [
                116.005243182,
                -1.70091254
              ],
              [
                116.004789004,
                -1.701531069
              ],
              [
                116.004871043,
                -1.701563423
              ],
              [
                116.004953083,
                -1.701595776
              ],
              [
                116.005004185,
                -1.701662817
              ],
              [
                116.005106388,
                -1.7017969
              ],
              [
                116.005133103,
                -1.701879486
              ],
              [
                116.005179395,
                -1.702050039
              ],
              [
                116.005210821,
                -1.702221781
              ],
              [
                116.005255836,
                -1.702565256
              ],
              [
                116.005298467,
                -1.702917106
              ],
              [
                116.00537762,
                -1.703359625
              ],
              [
                116.005390962,
                -1.703430536
              ],
              [
                116.005421244,
                -1.703514919
              ],
              [
                116.005451526,
                -1.703599302
              ],
              [
                116.005512143,
                -1.703663955
              ],
              [
                116.00557276,
                -1.703728608
              ],
              [
                116.005649444,
                -1.703768139
              ],
              [
                116.005726128,
                -1.703807669
              ],
              [
                116.005790341,
                -1.703816678
              ],
              [
                116.005854554,
                -1.703825686
              ],
              [
                116.005938394,
                -1.70382573
              ],
              [
                116.006022234,
                -1.703825773
              ],
              [
                116.006143456,
                -1.7038055
              ],
              [
                116.00626933,
                -1.703771128
              ],
              [
                116.006399855,
                -1.703722658
              ],
              [
                116.006480957,
                -1.703718855
              ],
              [
                116.00656206,
                -1.703715052
              ],
              [
                116.006635569,
                -1.703735413
              ],
              [
                116.00675279,
                -1.703826244
              ],
              [
                116.006792014,
                -1.703865756
              ],
              [
                116.006863281,
                -1.704034527
              ],
              [
                116.006891747,
                -1.704181735
              ],
              [
                116.006888099,
                -1.7043387
              ],
              [
                116.006886275,
                -1.704417182
              ],
              [
                116.006889862,
                -1.704496225
              ],
              [
                116.006893448,
                -1.704575269
              ],
              [
                116.006893367,
                -1.704733233
              ],
              [
                116.006879057,
                -1.704809814
              ],
              [
                116.006864747,
                -1.704886395
              ],
              [
                116.006836173,
                -1.704950204
              ],
              [
                116.006742516,
                -1.705155987
              ],
              [
                116.006669497,
                -1.705312317
              ],
              [
                116.006618719,
                -1.705385688
              ],
              [
                116.006517164,
                -1.70553243
              ],
              [
                116.006425121,
                -1.705682368
              ],
              [
                116.006145769,
                -1.706164789
              ],
              [
                116.006124319,
                -1.70625094
              ],
              [
                116.006102868,
                -1.70633709
              ],
              [
                116.006098067,
                -1.70642325
              ],
              [
                116.006093266,
                -1.706509409
              ],
              [
                116.00608561,
                -1.706641165
              ],
              [
                116.006089227,
                -1.706754812
              ],
              [
                116.006102174,
                -1.706890914
              ],
              [
                116.006108647,
                -1.706958965
              ],
              [
                116.006146127,
                -1.707103847
              ],
              [
                116.006202347,
                -1.70732117
              ],
              [
                116.006247316,
                -1.707547822
              ],
              [
                116.006250253,
                -1.707625708
              ],
              [
                116.00625319,
                -1.707703595
              ],
              [
                116.006256127,
                -1.707781481
              ],
              [
                116.006259064,
                -1.707859368
              ],
              [
                116.006248992,
                -1.707940113
              ],
              [
                116.006238919,
                -1.708020857
              ],
              [
                116.006228847,
                -1.708101602
              ],
              [
                116.006209846,
                -1.708155182
              ],
              [
                116.006190845,
                -1.708208761
              ],
              [
                116.006105473,
                -1.708320395
              ],
              [
                116.006062787,
                -1.708376212
              ],
              [
                116.005973333,
                -1.708476713
              ],
              [
                116.005933341,
                -1.70854275
              ],
              [
                116.005853358,
                -1.708674823
              ],
              [
                116.005741944,
                -1.70887581
              ],
              [
                116.00561622,
                -1.709151463
              ],
              [
                116.005598339,
                -1.709234026
              ],
              [
                116.005544697,
                -1.709481714
              ],
              [
                116.005537518,
                -1.709567872
              ],
              [
                116.005515979,
                -1.709826347
              ],
              [
                116.005526872,
                -1.709936546
              ],
              [
                116.005601851,
                -1.710152763
              ],
              [
                116.005651837,
                -1.710296908
              ],
              [
                116.005704131,
                -1.710357966
              ],
              [
                116.005861014,
                -1.710541142
              ],
              [
                116.005924022,
                -1.710581863
              ],
              [
                116.006050037,
                -1.710663304
              ],
              [
                116.006192944,
                -1.710735658
              ],
              [
                116.006272844,
                -1.710767293
              ],
              [
                116.006432643,
                -1.710830562
              ],
              [
                116.006572804,
                -1.710891459
              ],
              [
                116.006693327,
                -1.710949985
              ],
              [
                116.006824048,
                -1.711065366
              ],
              [
                116.006980891,
                -1.711259742
              ],
              [
                116.007002153,
                -1.711539781
              ],
              [
                116.007002074,
                -1.711692958
              ],
              [
                116.006959107,
                -1.711994502
              ],
              [
                116.006858986,
                -1.712434834
              ],
              [
                116.006654134,
                -1.713028288
              ],
              [
                116.0062937,
                -1.713990243
              ],
              [
                116.006000744,
                -1.714604167
              ],
              [
                116.005973215,
                -1.714666766
              ],
              [
                116.005935833,
                -1.714726075
              ],
              [
                116.005898452,
                -1.714785384
              ],
              [
                116.00586107,
                -1.714844693
              ],
              [
                116.005817802,
                -1.714906234
              ],
              [
                116.004687405,
                -1.716132494
              ],
              [
                116.004182264,
                -1.716602249
              ],
              [
                116.003909376,
                -1.717052146
              ],
              [
                116.00383642,
                -1.717263356
              ],
              [
                116.003851687,
                -1.71733376
              ],
              [
                116.003974486,
                -1.717472352
              ],
              [
                116.004123126,
                -1.717650604
              ],
              [
                116.004409322,
                -1.718000058
              ],
              [
                116.004536297,
                -1.718215846
              ],
              [
                116.004902509,
                -1.718863072
              ],
              [
                116.004930122,
                -1.718934864
              ],
              [
                116.00501467,
                -1.719293893
              ],
              [
                116.005005042,
                -1.719514081
              ],
              [
                116.00497963,
                -1.719593847
              ],
              [
                116.004889524,
                -1.719827553
              ],
              [
                116.004810959,
                -1.719975902
              ],
              [
                116.004653828,
                -1.7202726
              ],
              [
                116.004528786,
                -1.720605216
              ],
              [
                116.004521206,
                -1.720771527
              ],
              [
                116.004502256,
                -1.721187303
              ],
              [
                116.0044901,
                -1.721695892
              ],
              [
                116.004620538,
                -1.722421955
              ],
              [
                116.00468285,
                -1.722658335
              ],
              [
                116.005052419,
                -1.723582177
              ],
              [
                116.005152073,
                -1.724046547
              ],
              [
                116.005175721,
                -1.724309832
              ],
              [
                116.00517092,
                -1.724394396
              ],
              [
                116.005161224,
                -1.724745421
              ],
              [
                116.005199162,
                -1.72497042
              ],
              [
                116.00521657,
                -1.725035848
              ],
              [
                116.005233978,
                -1.725101277
              ],
              [
                116.005251386,
                -1.725166705
              ],
              [
                116.005336902,
                -1.725374975
              ],
              [
                116.005423037,
                -1.725572766
              ],
              [
                116.005545332,
                -1.725711391
              ],
              [
                116.005588478,
                -1.725743109
              ],
              [
                116.005631624,
                -1.725774826
              ],
              [
                116.005710107,
                -1.725786835
              ],
              [
                116.00578859,
                -1.725798843
              ],
              [
                116.005953281,
                -1.725784242
              ],
              [
                116.006107306,
                -1.725794223
              ],
              [
                116.006354666,
                -1.725794353
              ],
              [
                116.006414117,
                -1.725813532
              ],
              [
                116.006473569,
                -1.72583271
              ],
              [
                116.006578142,
                -1.725985942
              ],
              [
                116.006578041,
                -1.726180604
              ],
              [
                116.006573252,
                -1.726241234
              ],
              [
                116.006552373,
                -1.72635572
              ],
              [
                116.006511996,
                -1.726490852
              ],
              [
                116.006487711,
                -1.726572128
              ],
              [
                116.00644938,
                -1.726736492
              ],
              [
                116.006416051,
                -1.726986784
              ],
              [
                116.006414519,
                -1.727073543
              ],
              [
                116.006411456,
                -1.727247062
              ],
              [
                116.006423271,
                -1.727396655
              ],
              [
                116.006435085,
                -1.727546248
              ],
              [
                116.006479611,
                -1.727680899
              ],
              [
                116.006524138,
                -1.727815551
              ],
              [
                116.00655384,
                -1.727871413
              ],
              [
                116.006583541,
                -1.727927274
              ],
              [
                116.006613243,
                -1.727983136
              ],
              [
                116.006678622,
                -1.728039016
              ],
              [
                116.006884425,
                -1.728197187
              ],
              [
                116.007660895,
                -1.72868843
              ],
              [
                116.007844944,
                -1.728835804
              ],
              [
                116.007871218,
                -1.7288632
              ],
              [
                116.00790919,
                -1.72896647
              ],
              [
                116.0079108,
                -1.729000869
              ],
              [
                116.007893781,
                -1.729091599
              ],
              [
                116.007855968,
                -1.729172346
              ],
              [
                116.007830674,
                -1.729219888
              ],
              [
                116.00778231,
                -1.729275962
              ],
              [
                116.007733945,
                -1.729332035
              ],
              [
                116.007667618,
                -1.729381651
              ],
              [
                116.007606145,
                -1.729438462
              ],
              [
                116.007483198,
                -1.729552083
              ],
              [
                116.007349356,
                -1.729653731
              ],
              [
                116.007132233,
                -1.729824146
              ],
              [
                116.006799156,
                -1.729999486
              ],
              [
                116.006616669,
                -1.730083858
              ],
              [
                116.006554903,
                -1.730130256
              ],
              [
                116.006493137,
                -1.730176653
              ],
              [
                116.006439287,
                -1.730242624
              ],
              [
                116.006407747,
                -1.730291373
              ],
              [
                116.006376207,
                -1.730340122
              ],
              [
                116.006351901,
                -1.730426271
              ],
              [
                116.006339744,
                -1.73047868
              ],
              [
                116.006327587,
                -1.730531089
              ],
              [
                116.006311855,
                -1.730595702
              ],
              [
                116.006277576,
                -1.730651689
              ],
              [
                116.006231885,
                -1.730697618
              ],
              [
                116.00615766,
                -1.730730608
              ],
              [
                116.006026362,
                -1.730743463
              ],
              [
                116.005896515,
                -1.730710366
              ],
              [
                116.005822324,
                -1.730677298
              ],
              [
                116.00571462,
                -1.730571352
              ],
              [
                116.005429482,
                -1.73003987
              ],
              [
                116.005334388,
                -1.729953657
              ],
              [
                116.005286841,
                -1.729910551
              ],
              [
                116.005236902,
                -1.729892575
              ],
              [
                116.005186964,
                -1.729874598
              ],
              [
                116.005087069,
                -1.729874545
              ],
              [
                116.00502641,
                -1.729888874
              ],
              [
                116.004965752,
                -1.729903202
              ],
              [
                116.004928474,
                -1.729933943
              ],
              [
                116.004891196,
                -1.729964684
              ],
              [
                116.004860234,
                -1.730046043
              ],
              [
                116.004836401,
                -1.730139372
              ],
              [
                116.004833978,
                -1.73022314
              ],
              [
                116.004826799,
                -1.730306904
              ],
              [
                116.004814865,
                -1.730388273
              ],
              [
                116.004761292,
                -1.730498341
              ],
              [
                116.004736291,
                -1.730550982
              ],
              [
                116.004695829,
                -1.730603615
              ],
              [
                116.004636341,
                -1.730653845
              ],
              [
                116.004493596,
                -1.730725571
              ],
              [
                116.004308035,
                -1.730804455
              ],
              [
                116.004174831,
                -1.730823532
              ],
              [
                116.004013084,
                -1.730844987
              ],
              [
                116.003894163,
                -1.730840137
              ],
              [
                116.003839461,
                -1.730835322
              ],
              [
                116.003738022,
                -1.730753893
              ],
              [
                116.003568442,
                -1.730593446
              ],
              [
                116.003444818,
                -1.730486476
              ],
              [
                116.003387759,
                -1.730439376
              ],
              [
                116.003330701,
                -1.730392276
              ],
              [
                116.003252239,
                -1.73033958
              ],
              [
                116.003140478,
                -1.730286866
              ],
              [
                116.00302394,
                -1.730274838
              ],
              [
                116.002840787,
                -1.730296282
              ],
              [
                116.002783669,
                -1.730363266
              ],
              [
                116.002777696,
                -1.730414721
              ],
              [
                116.002781181,
                -1.730573883
              ],
              [
                116.002820397,
                -1.730627755
              ],
              [
                116.002987975,
                -1.730825298
              ],
              [
                116.003510977,
                -1.731323399
              ],
              [
                116.00369166,
                -1.731479065
              ],
              [
                116.004000764,
                -1.731663519
              ],
              [
                116.004390186,
                -1.731812843
              ],
              [
                116.004528736,
                -1.731950645
              ],
              [
                116.004867375,
                -1.732510877
              ],
              [
                116.00492434,
                -1.732737083
              ],
              [
                116.004932259,
                -1.732944414
              ],
              [
                116.004931292,
                -1.733088914
              ],
              [
                116.004927685,
                -1.733164304
              ],
              [
                116.00490981,
                -1.733248827
              ],
              [
                116.004891935,
                -1.733333349
              ],
              [
                116.004859776,
                -1.733413944
              ],
              [
                116.004791902,
                -1.733567518
              ],
              [
                116.004649236,
                -1.733871569
              ],
              [
                116.004454664,
                -1.734147964
              ],
              [
                116.004396661,
                -1.734201785
              ],
              [
                116.004222651,
                -1.734363247
              ],
              [
                116.0039669,
                -1.734488764
              ],
              [
                116.003818211,
                -1.734554504
              ],
              [
                116.003538725,
                -1.734584273
              ],
              [
                116.003461428,
                -1.734578249
              ],
              [
                116.003384131,
                -1.734572225
              ],
              [
                116.003229537,
                -1.734560176
              ],
              [
                116.003146299,
                -1.734544176
              ],
              [
                116.002979823,
                -1.734512175
              ],
              [
                116.002906492,
                -1.734502164
              ],
              [
                116.00275983,
                -1.734482141
              ],
              [
                116.002498208,
                -1.734464052
              ],
              [
                116.002313842,
                -1.734529773
              ],
              [
                116.002254324,
                -1.734637443
              ],
              [
                116.002254277,
                -1.734727195
              ],
              [
                116.002301774,
                -1.73486484
              ],
              [
                116.002350794,
                -1.734933676
              ],
              [
                116.002497854,
                -1.735140183
              ],
              [
                116.002513283,
                -1.735389928
              ],
              [
                116.002511259,
                -1.735533007
              ],
              [
                116.002504092,
                -1.735592837
              ],
              [
                116.002489788,
                -1.735657451
              ],
              [
                116.002475483,
                -1.735722065
              ],
              [
                116.002421509,
                -1.73584011
              ],
              [
                116.002356436,
                -1.735956554
              ],
              [
                116.002280265,
                -1.736071396
              ],
              [
                116.00219459,
                -1.736167086
              ],
              [
                116.00202326,
                -1.736320172
              ],
              [
                116.001790114,
                -1.736425357
              ],
              [
                116.001623605,
                -1.736456383
              ],
              [
                116.001380977,
                -1.736501728
              ],
              [
                116.00125253,
                -1.736520807
              ],
              [
                116.001113387,
                -1.736525519
              ],
              [
                116.0010269,
                -1.736523235
              ],
              [
                116.000998448,
                -1.736517714
              ],
              [
                116.00093244,
                -1.736490194
              ],
              [
                116.000869277,
                -1.73644358
              ],
              [
                116.000827735,
                -1.736368948
              ],
              [
                116.000802075,
                -1.73630157
              ],
              [
                116.000780583,
                -1.736221207
              ],
              [
                116.000768982,
                -1.736125539
              ],
              [
                116.00074513,
                -1.736015539
              ],
              [
                116.000666982,
                -1.73586974
              ],
              [
                116.000620488,
                -1.735820304
              ],
              [
                116.000579742,
                -1.735799776
              ],
              [
                116.000538996,
                -1.735779248
              ],
              [
                116.000465312,
                -1.7357588
              ],
              [
                116.000317944,
                -1.735717903
              ],
              [
                116.000257832,
                -1.735706426
              ],
              [
                115.999999962,
                -1.735598487
              ],
              [
                115.999537585,
                -1.735532377
              ],
              [
                115.999416066,
                -1.735532312
              ],
              [
                115.999283471,
                -1.735587824
              ],
              [
                115.999172965,
                -1.735654464
              ],
              [
                115.999051387,
                -1.735765563
              ],
              [
                115.998851017,
                -1.736076869
              ],
              [
                115.998850909,
                -1.736281822
              ],
              [
                115.998771498,
                -1.736509504
              ],
              [
                115.998635435,
                -1.736771315
              ],
              [
                115.998438996,
                -1.736988636
              ],
              [
                115.997946126,
                -1.737141484
              ],
              [
                115.997859512,
                -1.737145941
              ],
              [
                115.997426443,
                -1.737168226
              ],
              [
                115.997076988,
                -1.737213072
              ],
              [
                115.99692284,
                -1.737288644
              ],
              [
                115.996768691,
                -1.737364216
              ],
              [
                115.996691617,
                -1.737402002
              ],
              [
                115.99653027,
                -1.737537013
              ],
              [
                115.996476487,
                -1.737582017
              ],
              [
                115.996434647,
                -1.737633032
              ],
              [
                115.996392808,
                -1.737684046
              ],
              [
                115.996350968,
                -1.737735061
              ],
              [
                115.996332997,
                -1.737834123
              ],
              [
                115.996366554,
                -1.737912948
              ],
              [
                115.996467227,
                -1.738149422
              ],
              [
                115.99658052,
                -1.738376667
              ],
              [
                115.997160069,
                -1.738722986
              ],
              [
                115.997805261,
                -1.739293957
              ],
              [
                115.99852633,
                -1.73976046
              ],
              [
                115.998856174,
                -1.740201231
              ],
              [
                115.999041212,
                -1.740408121
              ],
              [
                115.99906685,
                -1.740641194
              ],
              [
                115.998937935,
                -1.740848288
              ],
              [
                115.998475613,
                -1.741262525
              ],
              [
                115.998220522,
                -1.741621109
              ],
              [
                115.998118447,
                -1.741838849
              ],
              [
                115.998131155,
                -1.741909318
              ],
              [
                115.998143863,
                -1.741979788
              ],
              [
                115.998184606,
                -1.742056678
              ],
              [
                115.99834758,
                -1.74236424
              ],
              [
                115.998564097,
                -1.742646208
              ],
              [
                115.998621424,
                -1.742695349
              ],
              [
                115.998793404,
                -1.742842773
              ],
              [
                115.998975398,
                -1.742992337
              ],
              [
                115.999379436,
                -1.743300028
              ],
              [
                115.999570448,
                -1.743607604
              ],
              [
                115.999570353,
                -1.743786964
              ],
              [
                115.999529225,
                -1.74391531
              ],
              [
                115.99947544,
                -1.743949061
              ],
              [
                115.999367871,
                -1.744016562
              ],
              [
                115.998974597,
                -1.744208895
              ],
              [
                115.998893904,
                -1.744289922
              ],
              [
                115.998506996,
                -1.744976243
              ],
              [
                115.99811718,
                -1.745605558
              ],
              [
                115.998076292,
                -1.745830931
              ],
              [
                115.998092556,
                -1.745912901
              ],
              [
                115.998157613,
                -1.746240783
              ],
              [
                115.997831367,
                -1.746425022
              ],
              [
                115.997754926,
                -1.746424981
              ],
              [
                115.997678484,
                -1.74642494
              ],
              [
                115.997602043,
                -1.746424899
              ],
              [
                115.997450863,
                -1.746417988
              ],
              [
                115.997226647,
                -1.746397377
              ],
              [
                115.997077169,
                -1.746383637
              ],
              [
                115.997005813,
                -1.746404089
              ],
              [
                115.996934457,
                -1.746424541
              ],
              [
                115.996756055,
                -1.746771201
              ],
              [
                115.996523738,
                -1.747403921
              ],
              [
                115.996436481,
                -1.747589028
              ],
              [
                115.996256563,
                -1.747787103
              ],
              [
                115.996136617,
                -1.747919153
              ],
              [
                115.995037462,
                -1.748478613
              ],
              [
                115.994324686,
                -1.74909793
              ],
              [
                115.993509719,
                -1.749899457
              ],
              [
                115.993289963,
                -1.750000018
              ],
              [
                115.993235424,
                -1.749967597
              ],
              [
                115.993185483,
                -1.749953209
              ],
              [
                115.993114126,
                -1.749957958
              ],
              [
                115.993063259,
                -1.749978988
              ],
              [
                115.993012391,
                -1.750000018
              ],
              [
                115.992941762,
                -1.750039621
              ],
              [
                115.992871133,
                -1.750079225
              ],
              [
                115.992800504,
                -1.750118828
              ],
              [
                115.992659246,
                -1.750198034
              ],
              [
                115.992517988,
                -1.750277241
              ],
              [
                115.992278956,
                -1.750391738
              ],
              [
                115.992199278,
                -1.750429903
              ],
              [
                115.992028613,
                -1.750499563
              ],
              [
                115.991694232,
                -1.750625228
              ],
              [
                115.991368717,
                -1.750742013
              ],
              [
                115.991205959,
                -1.750800405
              ],
              [
                115.991081743,
                -1.750872759
              ],
              [
                115.990957527,
                -1.750945113
              ],
              [
                115.990764469,
                -1.751082988
              ],
              [
                115.99057141,
                -1.751220862
              ],
              [
                115.989900472,
                -1.751608226
              ],
              [
                115.989720863,
                -1.751630428
              ],
              [
                115.989505031,
                -1.751601591
              ],
              [
                115.989390883,
                -1.751565628
              ],
              [
                115.989283881,
                -1.751509925
              ],
              [
                115.989225034,
                -1.751472197
              ],
              [
                115.989185815,
                -1.751423709
              ],
              [
                115.988667045,
                -1.750802347
              ],
              [
                115.988561853,
                -1.750699973
              ],
              [
                115.988515494,
                -1.750660457
              ],
              [
                115.988469135,
                -1.750620941
              ],
              [
                115.988397801,
                -1.750581412
              ],
              [
                115.987794532,
                -1.750209317
              ],
              [
                115.987431634,
                -1.750083644
              ],
              [
                115.986707459,
                -1.749745419
              ],
              [
                115.986631261,
                -1.749709048
              ],
              [
                115.986551761,
                -1.749692593
              ],
              [
                115.986074759,
                -1.749593864
              ],
              [
                115.985660866,
                -1.74966544
              ],
              [
                115.985232663,
                -1.749808809
              ],
              [
                115.984547648,
                -1.749837156
              ],
              [
                115.984461075,
                -1.749831365
              ],
              [
                115.983249047,
                -1.749750287
              ],
              [
                115.982547575,
                -1.749825916
              ],
              [
                115.982423697,
                -1.749938996
              ],
              [
                115.982371084,
                -1.750000004
              ],
              [
                115.98229119,
                -1.75002896
              ],
              [
                115.982211295,
                -1.750057916
              ],
              [
                115.982051507,
                -1.750115827
              ],
              [
                115.981891718,
                -1.750173739
              ],
              [
                115.981811824,
                -1.750202695
              ],
              [
                115.981618939,
                -1.750292967
              ],
              [
                115.981486413,
                -1.75036676
              ],
              [
                115.981414738,
                -1.750412073
              ],
              [
                115.981271389,
                -1.7505027
              ],
              [
                115.981199714,
                -1.750548014
              ],
              [
                115.981128039,
                -1.750593327
              ],
              [
                115.980984689,
                -1.750683954
              ],
              [
                115.980916218,
                -1.750742417
              ],
              [
                115.980779275,
                -1.750859342
              ],
              [
                115.980729234,
                -1.750932349
              ],
              [
                115.980640143,
                -1.751083837
              ],
              [
                115.980570372,
                -1.751239502
              ],
              [
                115.980508929,
                -1.751393869
              ],
              [
                115.980478207,
                -1.751471053
              ],
              [
                115.980410881,
                -1.751718932
              ],
              [
                115.980388439,
                -1.751801558
              ],
              [
                115.980343555,
                -1.751966811
              ],
              [
                115.980338307,
                -1.752042772
              ],
              [
                115.980327812,
                -1.752194695
              ],
              [
                115.980340811,
                -1.75225654
              ],
              [
                115.98036681,
                -1.75238023
              ],
              [
                115.980480817,
                -1.752517046
              ],
              [
                115.980611772,
                -1.752622584
              ],
              [
                115.980742727,
                -1.752728121
              ],
              [
                115.980814059,
                -1.752768369
              ],
              [
                115.980956724,
                -1.752848864
              ],
              [
                115.981099389,
                -1.75292936
              ],
              [
                115.981242054,
                -1.753009855
              ],
              [
                115.981313387,
                -1.753050103
              ],
              [
                115.981456052,
                -1.753130598
              ],
              [
                115.981536902,
                -1.7531532
              ],
              [
                115.981617752,
                -1.753175802
              ],
              [
                115.981698603,
                -1.753198404
              ],
              [
                115.981779453,
                -1.753221006
              ],
              [
                115.981917919,
                -1.753278342
              ],
              [
                115.981987151,
                -1.753307009
              ],
              [
                115.982125617,
                -1.753364345
              ],
              [
                115.982249782,
                -1.753429619
              ],
              [
                115.982373947,
                -1.753494893
              ],
              [
                115.982511323,
                -1.753582193
              ],
              [
                115.982580011,
                -1.753625843
              ],
              [
                115.982648699,
                -1.753669493
              ],
              [
                115.982786075,
                -1.753756793
              ],
              [
                115.982923451,
                -1.753844093
              ],
              [
                115.983240542,
                -1.754095485
              ],
              [
                115.983302643,
                -1.754147421
              ],
              [
                115.983364744,
                -1.754199356
              ],
              [
                115.983460266,
                -1.754313244
              ],
              [
                115.983493687,
                -1.754375196
              ],
              [
                115.983489633,
                -1.754483722
              ],
              [
                115.983469008,
                -1.754547619
              ],
              [
                115.983418306,
                -1.754646065
              ],
              [
                115.983340005,
                -1.75471285
              ],
              [
                115.983155108,
                -1.754799026
              ],
              [
                115.983086772,
                -1.754825997
              ],
              [
                115.982969925,
                -1.754856272
              ],
              [
                115.982835686,
                -1.754904245
              ],
              [
                115.982768567,
                -1.754928232
              ],
              [
                115.982633225,
                -1.754989816
              ],
              [
                115.98249678,
                -1.755065012
              ],
              [
                115.982429984,
                -1.755112567
              ],
              [
                115.982229598,
                -1.755255231
              ],
              [
                115.982099543,
                -1.755364169
              ],
              [
                115.981973025,
                -1.755486934
              ],
              [
                115.981830361,
                -1.755693057
              ],
              [
                115.981735252,
                -1.755830473
              ],
              [
                115.981600594,
                -1.756023237
              ],
              [
                115.98142105,
                -1.756280255
              ],
              [
                115.981377526,
                -1.756352703
              ],
              [
                115.981246955,
                -1.756570048
              ],
              [
                115.981159907,
                -1.756714944
              ],
              [
                115.981135613,
                -1.756774854
              ],
              [
                115.981087024,
                -1.756894675
              ],
              [
                115.981024531,
                -1.757123264
              ],
              [
                115.980963232,
                -1.757347484
              ],
              [
                115.980904322,
                -1.757562969
              ],
              [
                115.980867046,
                -1.757805218
              ],
              [
                115.980862279,
                -1.758065451
              ],
              [
                115.980873765,
                -1.758334675
              ],
              [
                115.980887063,
                -1.758506753
              ],
              [
                115.98091547,
                -1.758753765
              ],
              [
                115.980951446,
                -1.758987727
              ],
              [
                115.981005703,
                -1.759212852
              ],
              [
                115.981088956,
                -1.759433351
              ],
              [
                115.981215929,
                -1.759600243
              ],
              [
                115.981430008,
                -1.759860831
              ],
              [
                115.981483528,
                -1.759925978
              ],
              [
                115.981741418,
                -1.760132854
              ],
              [
                115.981881723,
                -1.760213957
              ],
              [
                115.981953903,
                -1.760247817
              ],
              [
                115.982170445,
                -1.760349396
              ],
              [
                115.98231176,
                -1.760428962
              ],
              [
                115.982594391,
                -1.760588095
              ],
              [
                115.982665048,
                -1.760627878
              ],
              [
                115.982862113,
                -1.760785884
              ],
              [
                115.983011462,
                -1.760949732
              ],
              [
                115.983126957,
                -1.761041295
              ],
              [
                115.983242453,
                -1.761132858
              ],
              [
                115.983392575,
                -1.76122977
              ],
              [
                115.983491261,
                -1.761332116
              ],
              [
                115.983549961,
                -1.761623241
              ],
              [
                115.983491869,
                -1.761975039
              ],
              [
                115.983382473,
                -1.762195351
              ],
              [
                115.983094589,
                -1.762355549
              ],
              [
                115.982799131,
                -1.762446334
              ],
              [
                115.982576473,
                -1.762503653
              ],
              [
                115.982223769,
                -1.762571628
              ],
              [
                115.981908051,
                -1.762723734
              ],
              [
                115.981712415,
                -1.762853567
              ],
              [
                115.981385793,
                -1.763061596
              ],
              [
                115.980993068,
                -1.76320097
              ],
              [
                115.980456317,
                -1.763325806
              ],
              [
                115.980223367,
                -1.763415568
              ],
              [
                115.979990417,
                -1.76350533
              ],
              [
                115.979766621,
                -1.763561595
              ],
              [
                115.979520395,
                -1.76362014
              ],
              [
                115.979341704,
                -1.763707024
              ],
              [
                115.979211798,
                -1.763799796
              ],
              [
                115.979161652,
                -1.763976057
              ],
              [
                115.979152413,
                -1.764227428
              ],
              [
                115.979221583,
                -1.764521056
              ],
              [
                115.97930555,
                -1.764694304
              ],
              [
                115.979405227,
                -1.764815028
              ],
              [
                115.979779835,
                -1.765144393
              ],
              [
                115.980426638,
                -1.765412808
              ],
              [
                115.980683486,
                -1.765466288
              ],
              [
                115.980940334,
                -1.765519767
              ],
              [
                115.981097759,
                -1.765555332
              ],
              [
                115.981313188,
                -1.765608545
              ],
              [
                115.981656449,
                -1.765763133
              ],
              [
                115.981891512,
                -1.76592101
              ],
              [
                115.982084094,
                -1.766061128
              ],
              [
                115.982212483,
                -1.766154541
              ],
              [
                115.982405065,
                -1.766294659
              ],
              [
                115.982797379,
                -1.766546179
              ],
              [
                115.983108375,
                -1.766693079
              ],
              [
                115.983168762,
                -1.766735031
              ],
              [
                115.983229149,
                -1.766776984
              ],
              [
                115.983289536,
                -1.766818936
              ],
              [
                115.983349923,
                -1.766860888
              ],
              [
                115.983442152,
                -1.766956062
              ],
              [
                115.983488266,
                -1.767003649
              ],
              [
                115.983508544,
                -1.767079697
              ],
              [
                115.983528822,
                -1.767155746
              ],
              [
                115.983515573,
                -1.767225528
              ],
              [
                115.983502325,
                -1.767295311
              ],
              [
                115.983489076,
                -1.767365093
              ],
              [
                115.983451932,
                -1.76743831
              ],
              [
                115.983414787,
                -1.767511527
              ],
              [
                115.983377643,
                -1.767584743
              ],
              [
                115.983340498,
                -1.76765796
              ],
              [
                115.983303354,
                -1.767731177
              ],
              [
                115.983261695,
                -1.767795775
              ],
              [
                115.983220036,
                -1.767860373
              ],
              [
                115.983178378,
                -1.767924971
              ],
              [
                115.98309506,
                -1.768054167
              ],
              [
                115.983053401,
                -1.768118765
              ],
              [
                115.983007558,
                -1.768175966
              ],
              [
                115.982961715,
                -1.768233166
              ],
              [
                115.982817339,
                -1.768480351
              ],
              [
                115.982767688,
                -1.768657116
              ],
              [
                115.982694781,
                -1.768885403
              ],
              [
                115.982646177,
                -1.769037595
              ],
              [
                115.982596112,
                -1.76925297
              ],
              [
                115.98260313,
                -1.769468378
              ],
              [
                115.982503104,
                -1.769705267
              ],
              [
                115.982388891,
                -1.769787775
              ],
              [
                115.982331785,
                -1.769829029
              ],
              [
                115.982274678,
                -1.769870283
              ],
              [
                115.982119389,
                -1.770001981
              ],
              [
                115.981977644,
                -1.770178912
              ],
              [
                115.981896253,
                -1.770317634
              ],
              [
                115.981736264,
                -1.770598049
              ],
              [
                115.981661983,
                -1.770730122
              ],
              [
                115.981594342,
                -1.770872764
              ],
              [
                115.981533341,
                -1.771025977
              ],
              [
                115.981480217,
                -1.771202802
              ],
              [
                115.981425696,
                -1.771391914
              ],
              [
                115.981345912,
                -1.771581566
              ],
              [
                115.981321812,
                -1.771623755
              ],
              [
                115.981228019,
                -1.771868157
              ],
              [
                115.981202225,
                -1.771995215
              ],
              [
                115.981203334,
                -1.772046693
              ],
              [
                115.981204443,
                -1.772098171
              ],
              [
                115.981223883,
                -1.772175903
              ],
              [
                115.981262763,
                -1.772331366
              ],
              [
                115.981290381,
                -1.772393988
              ],
              [
                115.981481843,
                -1.772829607
              ],
              [
                115.981498958,
                -1.772951405
              ],
              [
                115.981506175,
                -1.773091895
              ],
              [
                115.981502155,
                -1.773330669
              ],
              [
                115.981487845,
                -1.773411052
              ],
              [
                115.981444914,
                -1.773652199
              ],
              [
                115.981411045,
                -1.773715942
              ],
              [
                115.981377176,
                -1.773779684
              ],
              [
                115.981318828,
                -1.773831
              ],
              [
                115.981173598,
                -1.77394797
              ],
              [
                115.981000592,
                -1.774127137
              ],
              [
                115.980892827,
                -1.77426346
              ],
              [
                115.980602315,
                -1.774730293
              ],
              [
                115.980533319,
                -1.774766155
              ],
              [
                115.980395326,
                -1.77483788
              ],
              [
                115.980312076,
                -1.77484262
              ],
              [
                115.980145575,
                -1.774852101
              ],
              [
                115.980064881,
                -1.774818831
              ],
              [
                115.979949717,
                -1.77471388
              ],
              [
                115.979912148,
                -1.774642903
              ],
              [
                115.979820434,
                -1.774416807
              ],
              [
                115.979570318,
                -1.773812775
              ],
              [
                115.979526994,
                -1.773754816
              ],
              [
                115.979306935,
                -1.773542213
              ],
              [
                115.979241782,
                -1.773500953
              ],
              [
                115.979111477,
                -1.773418434
              ],
              [
                115.97890721,
                -1.773340106
              ],
              [
                115.978676503,
                -1.773314743
              ],
              [
                115.978442777,
                -1.773353808
              ],
              [
                115.978306325,
                -1.773421668
              ],
              [
                115.978162469,
                -1.77353867
              ],
              [
                115.978046723,
                -1.773743826
              ],
              [
                115.97801237,
                -1.773856527
              ],
              [
                115.97799446,
                -1.774104633
              ],
              [
                115.978055136,
                -1.774369873
              ],
              [
                115.978133488,
                -1.77462122
              ],
              [
                115.97824751,
                -1.774886947
              ],
              [
                115.978696965,
                -1.775673414
              ],
              [
                115.978779081,
                -1.775873749
              ],
              [
                115.978821633,
                -1.776080627
              ],
              [
                115.978820909,
                -1.77628133
              ],
              [
                115.97880718,
                -1.776369078
              ],
              [
                115.978739689,
                -1.776614049
              ],
              [
                115.978679554,
                -1.776732028
              ],
              [
                115.97858407,
                -1.776841241
              ],
              [
                115.978473971,
                -1.776876911
              ],
              [
                115.978331907,
                -1.776856844
              ],
              [
                115.978216434,
                -1.776797175
              ],
              [
                115.978070952,
                -1.776653698
              ],
              [
                115.977935183,
                -1.776432427
              ],
              [
                115.977804381,
                -1.776212148
              ],
              [
                115.977676063,
                -1.775992366
              ],
              [
                115.977537404,
                -1.77582403
              ],
              [
                115.977338632,
                -1.775562954
              ],
              [
                115.977236931,
                -1.775426311
              ],
              [
                115.977128588,
                -1.775300957
              ],
              [
                115.977013602,
                -1.775186891
              ],
              [
                115.976761815,
                -1.775027043
              ],
              [
                115.976632038,
                -1.774968975
              ],
              [
                115.976498379,
                -1.774932763
              ],
              [
                115.976262061,
                -1.774914563
              ],
              [
                115.976016458,
                -1.774921607
              ],
              [
                115.97578811,
                -1.77494302
              ],
              [
                115.975551258,
                -1.77498084
              ],
              [
                115.9752974,
                -1.775051473
              ],
              [
                115.975128161,
                -1.775098562
              ],
              [
                115.974961765,
                -1.775148688
              ],
              [
                115.974634663,
                -1.77525501
              ],
              [
                115.974389336,
                -1.775334752
              ],
              [
                115.974180567,
                -1.775436952
              ],
              [
                115.973804063,
                -1.775628808
              ],
              [
                115.973547145,
                -1.775701902
              ],
              [
                115.973375866,
                -1.775750631
              ],
              [
                115.973061813,
                -1.775915598
              ],
              [
                115.972840529,
                -1.776066255
              ],
              [
                115.972793355,
                -1.776102729
              ],
              [
                115.97274618,
                -1.776139202
              ],
              [
                115.972697161,
                -1.7762073
              ],
              [
                115.972648142,
                -1.776275397
              ],
              [
                115.972657495,
                -1.776476232
              ],
              [
                115.972740278,
                -1.776657087
              ],
              [
                115.972872471,
                -1.776868257
              ],
              [
                115.973255932,
                -1.777417218
              ],
              [
                115.973503286,
                -1.777595985
              ],
              [
                115.973636438,
                -1.777675041
              ],
              [
                115.973836167,
                -1.777793624
              ],
              [
                115.973945783,
                -1.777922442
              ],
              [
                115.973968938,
                -1.777970481
              ],
              [
                115.973974053,
                -1.778017845
              ],
              [
                115.973979167,
                -1.77806521
              ],
              [
                115.973962484,
                -1.778131734
              ],
              [
                115.973823597,
                -1.778170395
              ],
              [
                115.973670426,
                -1.778156038
              ],
              [
                115.973593841,
                -1.77814886
              ],
              [
                115.973431637,
                -1.778129068
              ],
              [
                115.973260398,
                -1.778103841
              ],
              [
                115.973174779,
                -1.778091228
              ],
              [
                115.973101997,
                -1.778091187
              ],
              [
                115.972810868,
                -1.778091025
              ],
              [
                115.972578482,
                -1.778145615
              ],
              [
                115.972430356,
                -1.778216891
              ],
              [
                115.972383512,
                -1.778265786
              ],
              [
                115.972289825,
                -1.778363577
              ],
              [
                115.972254229,
                -1.778441987
              ],
              [
                115.972183036,
                -1.778598807
              ],
              [
                115.972102049,
                -1.778856468
              ],
              [
                115.972096774,
                -1.779074297
              ],
              [
                115.972070707,
                -1.779390328
              ],
              [
                115.972030087,
                -1.779491736
              ],
              [
                115.971903462,
                -1.779687851
              ],
              [
                115.97162531,
                -1.780014624
              ],
              [
                115.971318331,
                -1.780287295
              ],
              [
                115.970982863,
                -1.780466609
              ],
              [
                115.970611748,
                -1.780588462
              ],
              [
                115.97031809,
                -1.780612347
              ],
              [
                115.970110212,
                -1.780644661
              ],
              [
                115.970015134,
                -1.78067149
              ],
              [
                115.969868305,
                -1.780759143
              ],
              [
                115.969805309,
                -1.780817771
              ],
              [
                115.969348441,
                -1.781169338
              ],
              [
                115.969055718,
                -1.781470737
              ],
              [
                115.968677363,
                -1.781779268
              ],
              [
                115.968413254,
                -1.781951441
              ],
              [
                115.968073172,
                -1.7820824
              ],
              [
                115.967903072,
                -1.782104011
              ],
              [
                115.967649691,
                -1.782065892
              ],
              [
                115.967121663,
                -1.782065594
              ],
              [
                115.966531068,
                -1.782165128
              ],
              [
                115.966407393,
                -1.782248985
              ],
              [
                115.966320682,
                -1.782386405
              ],
              [
                115.966249235,
                -1.782529922
              ],
              [
                115.966176526,
                -1.782783306
              ],
              [
                115.966099727,
                -1.782966405
              ],
              [
                115.965993739,
                -1.783131692
              ],
              [
                115.965876993,
                -1.783258587
              ],
              [
                115.965803537,
                -1.783305068
              ],
              [
                115.965634383,
                -1.783356787
              ],
              [
                115.965455209,
                -1.783379579
              ],
              [
                115.965193558,
                -1.783384802
              ],
              [
                115.964941048,
                -1.783351391
              ],
              [
                115.964737695,
                -1.78333512
              ],
              [
                115.964209672,
                -1.783327642
              ],
              [
                115.963970686,
                -1.78337875
              ],
              [
                115.963738652,
                -1.783463795
              ],
              [
                115.963387736,
                -1.783619165
              ],
              [
                115.963317553,
                -1.783650239
              ],
              [
                115.9632499,
                -1.783684826
              ],
              [
                115.963182247,
                -1.783719412
              ],
              [
                115.963114594,
                -1.783753999
              ],
              [
                115.963041343,
                -1.783799006
              ],
              [
                115.962968092,
                -1.783844013
              ],
              [
                115.962821589,
                -1.783934027
              ],
              [
                115.962733264,
                -1.784009144
              ],
              [
                115.962604697,
                -1.784170029
              ],
              [
                115.962540105,
                -1.784345594
              ],
              [
                115.962542922,
                -1.784482331
              ],
              [
                115.962560551,
                -1.784513661
              ],
              [
                115.961747183,
                -1.784469323
              ],
              [
                115.960593263,
                -1.784278648
              ],
              [
                115.959880007,
                -1.784024882
              ],
              [
                115.958956976,
                -1.783686543
              ],
              [
                115.958222667,
                -1.783559445
              ],
              [
                115.95669089,
                -1.783685252
              ],
              [
                115.955998475,
                -1.783684857
              ],
              [
                115.955180131,
                -1.78374773
              ],
              [
                115.954802361,
                -1.783905864
              ],
              [
                115.954246265,
                -1.784021669
              ],
              [
                115.953576828,
                -1.784263901
              ],
              [
                115.951885662,
                -1.784152762
              ],
              [
                115.950480024,
                -1.783845813
              ],
              [
                115.949514937,
                -1.783676352
              ],
              [
                115.948148033,
                -1.782999612
              ],
              [
                115.947644724,
                -1.782534831
              ],
              [
                115.947005144,
                -1.781869395
              ],
              [
                115.946617184,
                -1.78149969
              ],
              [
                115.94651253,
                -1.781045695
              ],
              [
                115.946512938,
                -1.780327844
              ],
              [
                115.94659719,
                -1.779757834
              ],
              [
                115.946534627,
                -1.779082174
              ],
              [
                115.946309452,
                -1.77840642
              ],
              [
                115.945491556,
                -1.7776881
              ],
              [
                115.944904248,
                -1.77734995
              ],
              [
                115.944621247,
                -1.776895853
              ],
              [
                115.944086322,
                -1.776684413
              ],
              [
                115.943541093,
                -1.776145711
              ],
              [
                115.943048313,
                -1.775617597
              ],
              [
                115.942598734,
                -1.775248829
              ],
              [
                115.942598616,
                -1.775246626
              ],
              [
                115.942557119,
                -1.775212394
              ],
              [
                115.942565907,
                -1.775022084
              ],
              [
                115.9425214,
                -1.774880864
              ],
              [
                115.942432304,
                -1.774744896
              ],
              [
                115.942344475,
                -1.774685465
              ],
              [
                115.942056036,
                -1.774571815
              ],
              [
                115.94168427,
                -1.774553127
              ],
              [
                115.941377378,
                -1.774604414
              ],
              [
                115.941074413,
                -1.774667579
              ],
              [
                115.940838332,
                -1.774725504
              ],
              [
                115.940620608,
                -1.774786079
              ],
              [
                115.940444871,
                -1.774807091
              ],
              [
                115.940297989,
                -1.774820203
              ],
              [
                115.940122264,
                -1.774820101
              ],
              [
                115.939983278,
                -1.774785712
              ],
              [
                115.939867963,
                -1.774632575
              ],
              [
                115.939865435,
                -1.774466307
              ],
              [
                115.939889153,
                -1.774268384
              ],
              [
                115.939960053,
                -1.774117993
              ],
              [
                115.940159525,
                -1.773867389
              ],
              [
                115.940293379,
                -1.773703838
              ],
              [
                115.940401017,
                -1.77351916
              ],
              [
                115.940479788,
                -1.773363495
              ],
              [
                115.940511352,
                -1.773205164
              ],
              [
                115.940498326,
                -1.773049446
              ],
              [
                115.94044072,
                -1.772883147
              ],
              [
                115.940194946,
                -1.772690347
              ],
              [
                115.94005864,
                -1.772555672
              ],
              [
                115.939945914,
                -1.772463237
              ],
              [
                115.939848957,
                -1.772312749
              ],
              [
                115.939796573,
                -1.772188679
              ],
              [
                115.939836214,
                -1.772091608
              ],
              [
                115.939838549,
                -1.772055123
              ],
              [
                115.939870473,
                -1.772007715
              ],
              [
                115.939880618,
                -1.771982873
              ],
              [
                115.94000137,
                -1.771798202
              ],
              [
                115.940203496,
                -1.771492177
              ],
              [
                115.940384703,
                -1.771075295
              ],
              [
                115.940397977,
                -1.770792913
              ],
              [
                115.940387624,
                -1.770550105
              ],
              [
                115.940332625,
                -1.770410198
              ],
              [
                115.94019894,
                -1.770278164
              ],
              [
                115.939056575,
                -1.769398669
              ],
              [
                115.93891765,
                -1.769256075
              ],
              [
                115.938846898,
                -1.769147829
              ],
              [
                115.938763069,
                -1.768973597
              ],
              [
                115.938681975,
                -1.76860143
              ],
              [
                115.938752935,
                -1.768345473
              ],
              [
                115.938842246,
                -1.768102722
              ],
              [
                115.93889215,
                -1.767976072
              ],
              [
                115.938986636,
                -1.767857364
              ],
              [
                115.939217506,
                -1.767738735
              ],
              [
                115.939408974,
                -1.767725649
              ],
              [
                115.939613527,
                -1.767762715
              ],
              [
                115.939818063,
                -1.767831451
              ],
              [
                115.940048823,
                -1.767905479
              ],
              [
                115.940198311,
                -1.7679214
              ],
              [
                115.940416006,
                -1.767908329
              ],
              [
                115.940688819,
                -1.767826672
              ],
              [
                115.941563773,
                -1.767354766
              ],
              [
                115.941705487,
                -1.767204415
              ],
              [
                115.941886584,
                -1.766980191
              ],
              [
                115.942101792,
                -1.766726955
              ],
              [
                115.942387704,
                -1.766460819
              ],
              [
                115.942767666,
                -1.766199284
              ],
              [
                115.942561667,
                -1.765758044
              ],
              [
                115.942341063,
                -1.765551134
              ],
              [
                115.942285912,
                -1.765499406
              ],
              [
                115.942071939,
                -1.765341323
              ],
              [
                115.942000615,
                -1.765288629
              ],
              [
                115.941900777,
                -1.765188051
              ],
              [
                115.941833615,
                -1.765120392
              ],
              [
                115.941800939,
                -1.765087474
              ],
              [
                115.941677383,
                -1.764867215
              ],
              [
                115.941629916,
                -1.764685295
              ],
              [
                115.941677599,
                -1.764484281
              ],
              [
                115.941896526,
                -1.764292939
              ],
              [
                115.942143961,
                -1.764159054
              ],
              [
                115.942343866,
                -1.763958128
              ],
              [
                115.942420133,
                -1.763680544
              ],
              [
                115.942353687,
                -1.763412452
              ],
              [
                115.942277739,
                -1.763125208
              ],
              [
                115.942154335,
                -1.762636896
              ],
              [
                115.942073056,
                -1.762160916
              ],
              [
                115.941878974,
                -1.761679402
              ],
              [
                115.941622333,
                -1.761267601
              ],
              [
                115.941432165,
                -1.761076025
              ],
              [
                115.941184881,
                -1.760941856
              ],
              [
                115.940956603,
                -1.760845993
              ],
              [
                115.940718828,
                -1.760721403
              ],
              [
                115.940243353,
                -1.760338197
              ],
              [
                115.940034185,
                -1.760098743
              ],
              [
                115.939882142,
                -1.759782735
              ],
              [
                115.93989212,
                -1.758959433
              ],
              [
                115.939939873,
                -1.758633966
              ],
              [
                115.940168583,
                -1.757963962
              ],
              [
                115.940264147,
                -1.757207721
              ],
              [
                115.940276228,
                -1.75687266
              ],
              [
                115.940300188,
                -1.75656154
              ],
              [
                115.94044307,
                -1.756250487
              ],
              [
                115.940645393,
                -1.755975369
              ],
              [
                115.940806045,
                -1.755786985
              ],
              [
                115.940859595,
                -1.75572419
              ],
              [
                115.940904227,
                -1.75566139
              ],
              [
                115.94099349,
                -1.755535791
              ],
              [
                115.941038121,
                -1.755472991
              ],
              [
                115.941216713,
                -1.755102126
              ],
              [
                115.94126447,
                -1.754767085
              ],
              [
                115.941228942,
                -1.754503797
              ],
              [
                115.941110127,
                -1.754312262
              ],
              [
                115.940931858,
                -1.754108727
              ],
              [
                115.940729804,
                -1.753905179
              ],
              [
                115.940551549,
                -1.75367771
              ],
              [
                115.940456538,
                -1.753450288
              ],
              [
                115.940432909,
                -1.753175041
              ],
              [
                115.940444929,
                -1.75294768
              ],
              [
                115.940516423,
                -1.75269642
              ],
              [
                115.940516598,
                -1.752385286
              ],
              [
                115.940463174,
                -1.752223705
              ],
              [
                115.940085266,
                -1.751699337
              ],
              [
                115.939729314,
                -1.751370931
              ],
              [
                115.937996484,
                -1.751195606
              ],
              [
                115.935705123,
                -1.751098791
              ],
              [
                115.933189633,
                -1.750959134
              ],
              [
                115.929142508,
                -1.750333477
              ],
              [
                115.928555583,
                -1.749340822
              ],
              [
                115.928451274,
                -1.748285106
              ],
              [
                115.928326114,
                -1.746997133
              ],
              [
                115.92805395,
                -1.745941321
              ],
              [
                115.927571432,
                -1.745835478
              ],
              [
                115.925263488,
                -1.745770813
              ],
              [
                115.923312161,
                -1.745833029
              ],
              [
                115.921590958,
                -1.747077708
              ],
              [
                115.920772494,
                -1.747393932
              ],
              [
                115.918360056,
                -1.746611352
              ],
              [
                115.916661382,
                -1.745153568
              ],
              [
                115.915549891,
                -1.744223949
              ],
              [
                115.913451798,
                -1.744117167
              ],
              [
                115.912130398,
                -1.74335633
              ],
              [
                115.91148048,
                -1.742469206
              ],
              [
                115.911544346,
                -1.740864654
              ],
              [
                115.911397084,
                -1.739259979
              ],
              [
                115.911643984,
                -1.738617495
              ],
              [
                115.912489107,
                -1.737535943
              ],
              [
                115.912502921,
                -1.736311396
              ],
              [
                115.912865137,
                -1.735810171
              ],
              [
                115.915855943,
                -1.734143968
              ],
              [
                115.91333887,
                -1.73291796
              ],
              [
                115.912248361,
                -1.731998914
              ],
              [
                115.911661556,
                -1.730816246
              ],
              [
                115.911642091,
                -1.728155995
              ],
              [
                115.911633431,
                -1.724936255
              ],
              [
                115.911649661,
                -1.724067991
              ],
              [
                115.911655302,
                -1.723371265
              ],
              [
                115.911016331,
                -1.721681856
              ],
              [
                115.912181426,
                -1.720563535
              ],
              [
                115.913356843,
                -1.719740801
              ],
              [
                115.914070481,
                -1.71925561
              ],
              [
                115.914134474,
                -1.717397699
              ],
              [
                115.913967053,
                -1.716637534
              ],
              [
                115.91241542,
                -1.714905379
              ],
              [
                115.914052751,
                -1.713491741
              ],
              [
                115.914976839,
                -1.711866563
              ],
              [
                115.915753653,
                -1.710959144
              ],
              [
                115.915376632,
                -1.709818825
              ],
              [
                115.914999457,
                -1.708952976
              ],
              [
                115.915147095,
                -1.707580712
              ],
              [
                115.915861163,
                -1.706314334
              ],
              [
                115.916428268,
                -1.705216777
              ],
              [
                115.916617795,
                -1.703971214
              ],
              [
                115.916660441,
                -1.702746681
              ],
              [
                115.91651428,
                -1.701479814
              ],
              [
                115.91594818,
                -1.700782764
              ],
              [
                115.915760281,
                -1.699114726
              ],
              [
                115.911042682,
                -1.69350655
              ],
              [
                115.911652636,
                -1.690804428
              ],
              [
                115.910814798,
                -1.688291505
              ],
              [
                115.910082657,
                -1.684353515
              ],
              [
                115.9084686,
                -1.681713481
              ],
              [
                115.90838531,
                -1.680573332
              ],
              [
                115.908637841,
                -1.679201128
              ],
              [
                115.909184207,
                -1.677639072
              ],
              [
                115.909184985,
                -1.676234471
              ]
            ]
          ]
        ]
      }
    }
  ]
}