{
  "type": "FeatureCollection",
  "features": [
    {
      "type": "Feature",
      "properties": {
        "idx": "3290",
        "nama_kewilayahan": "Iyanan Janja"
      },
      "geometry": {
        "type": "MultiPolygon",
        "coordinates": [
          [
            [
              [
                120.872392594,
                0.89133086
              ],
              [
                120.87240951,
                0.891296972
              ],
              [
                120.872445621,
                0.891224632
              ],
              [
                120.872450613,
                0.891196273
              ],
              [
                120.872452296,
                0.891143736
              ],
              [
                120.87244487,
                0.891092849
              ],
              [
                120.872425008,
                0.891052804
              ],
              [
                120.872387755,
                0.891000245
              ],
              [
                120.872333099,
                0.890943499
              ],
              [
                120.872290982,
                0.890903426
              ],
              [
                120.872247216,
                0.890861783
              ],
              [
                120.872214688,
                0.890830833
              ],
              [
                120.872069743,
                0.890736506
              ],
              [
                120.871885846,
                0.890655491
              ],
              [
                120.871737565,
                0.890616212
              ],
              [
                120.8715238,
                0.890606911
              ],
              [
                120.871443435,
                0.890601855
              ],
              [
                120.871370532,
                0.890585132
              ],
              [
                120.871334915,
                0.890563431
              ],
              [
                120.871311734,
                0.89053172
              ],
              [
                120.87130347,
                0.89050169
              ],
              [
                120.871301829,
                0.890465832
              ],
              [
                120.871312309,
                0.890413627
              ],
              [
                120.871347532,
                0.890238161
              ],
              [
                120.871432228,
                0.889909606
              ],
              [
                120.87145214,
                0.889866363
              ],
              [
                120.871478685,
                0.889808717
              ],
              [
                120.871511026,
                0.889765366
              ],
              [
                120.87154088,
                0.889719509
              ],
              [
                120.871578184,
                0.889682002
              ],
              [
                120.871615489,
                0.88965783
              ],
              [
                120.871724878,
                0.889622037
              ],
              [
                120.871799449,
                0.889612903
              ],
              [
                120.871864085,
                0.889604596
              ],
              [
                120.871909655,
                0.889593782
              ],
              [
                120.871933694,
                0.889586292
              ],
              [
                120.871982581,
                0.88956964
              ],
              [
                120.872037281,
                0.889551318
              ],
              [
                120.872255243,
                0.889461369
              ],
              [
                120.872262683,
                0.889456014
              ],
              [
                120.872322381,
                0.889413039
              ],
              [
                120.872379576,
                0.889366366
              ],
              [
                120.872446724,
                0.889301346
              ],
              [
                120.872474098,
                0.88925716
              ],
              [
                120.872546255,
                0.889117916
              ],
              [
                120.872562039,
                0.889049539
              ],
              [
                120.872567773,
                0.889017045
              ],
              [
                120.872576168,
                0.88896948
              ],
              [
                120.87258069,
                0.888937071
              ],
              [
                120.87258699,
                0.888891924
              ],
              [
                120.872588416,
                0.888864547
              ],
              [
                120.872602065,
                0.88860252
              ],
              [
                120.872587256,
                0.888426528
              ],
              [
                120.872579936,
                0.888176314
              ],
              [
                120.872589924,
                0.888096252
              ],
              [
                120.872602386,
                0.888041218
              ],
              [
                120.872616504,
                0.887980335
              ],
              [
                120.872764187,
                0.887637639
              ],
              [
                120.87285463,
                0.887404162
              ],
              [
                120.872916469,
                0.887267496
              ],
              [
                120.873861762,
                0.887155747
              ],
              [
                120.874782771,
                0.887155747
              ],
              [
                120.876934728,
                0.887099005
              ],
              [
                120.877993845,
                0.886937099
              ],
              [
                120.879638335,
                0.886441061
              ],
              [
                120.881190022,
                0.886062362
              ],
              [
                120.88241645,
                0.88541638
              ],
              [
                120.88351453,
                0.884655557
              ],
              [
                120.884769479,
                0.883866023
              ],
              [
                120.885625126,
                0.883320527
              ],
              [
                120.886812202,
                0.882102761
              ],
              [
                120.886936291,
                0.881272803
              ],
              [
                120.886910909,
                0.880245737
              ],
              [
                120.887203681,
                0.879418593
              ],
              [
                120.88750078,
                0.8789999
              ],
              [
                120.887328164,
                0.878280039
              ],
              [
                120.887292811,
                0.878132608
              ],
              [
                120.88738194,
                0.877773728
              ],
              [
                120.88782759,
                0.877414848
              ],
              [
                120.888421789,
                0.876876529
              ],
              [
                120.888629759,
                0.876098956
              ],
              [
                120.888858446,
                0.875000002
              ],
              [
                120.888689179,
                0.87445409
              ],
              [
                120.88806527,
                0.87400549
              ],
              [
                120.887233391,
                0.873497076
              ],
              [
                120.886847161,
                0.873048476
              ],
              [
                120.886787741,
                0.872300809
              ],
              [
                120.886876871,
                0.871553142
              ],
              [
                120.886847161,
                0.871067457
              ],
              [
                120.886466874,
                0.869488384
              ],
              [
                120.886490642,
                0.868052861
              ],
              [
                120.886633249,
                0.867000145
              ],
              [
                120.887153115,
                0.865275815
              ],
              [
                120.887403072,
                0.864486552
              ],
              [
                120.88833032,
                0.863661786
              ],
              [
                120.889186237,
                0.862908743
              ],
              [
                120.890255969,
                0.862263464
              ],
              [
                120.891254628,
                0.86122344
              ],
              [
                120.89136194,
                0.860541743
              ],
              [
                120.891255337,
                0.859931688
              ],
              [
                120.891327219,
                0.858855266
              ],
              [
                120.891507953,
                0.858144439
              ],
              [
                120.891488938,
                0.857551088
              ],
              [
                120.891683836,
                0.857126172
              ],
              [
                120.89247392,
                0.856284313
              ],
              [
                120.892679317,
                0.856193338
              ],
              [
                120.892884704,
                0.856102362
              ],
              [
                120.893211979,
                0.855885329
              ],
              [
                120.89338261,
                0.855706744
              ],
              [
                120.893553251,
                0.855528167
              ],
              [
                120.893650834,
                0.855286479
              ],
              [
                120.893748416,
                0.8550448
              ],
              [
                120.893866982,
                0.854617445
              ],
              [
                120.893919302,
                0.854400261
              ],
              [
                120.89397163,
                0.854183076
              ],
              [
                120.894090131,
                0.853874839
              ],
              [
                120.894257307,
                0.853657717
              ],
              [
                120.894480113,
                0.85354573
              ],
              [
                120.894800331,
                0.853503865
              ],
              [
                120.895190175,
                0.853427004
              ],
              [
                120.89549651,
                0.853315063
              ],
              [
                120.895774964,
                0.853273175
              ],
              [
                120.895973719,
                0.85327144
              ],
              [
                120.895901561,
                0.853106119
              ],
              [
                120.895844741,
                0.852912155
              ],
              [
                120.895779202,
                0.852663089
              ],
              [
                120.895726764,
                0.852471333
              ],
              [
                120.895628329,
                0.852314813
              ],
              [
                120.895521122,
                0.85218693
              ],
              [
                120.895385465,
                0.852052423
              ],
              [
                120.895258534,
                0.851957592
              ],
              [
                120.895063742,
                0.85187154
              ],
              [
                120.894860179,
                0.851794298
              ],
              [
                120.894660992,
                0.851730277
              ],
              [
                120.894531852,
                0.8516685
              ],
              [
                120.894374299,
                0.851531774
              ],
              [
                120.894297741,
                0.851412733
              ],
              [
                120.894245297,
                0.851231989
              ],
              [
                120.894199441,
                0.851009389
              ],
              [
                120.894187804,
                0.850738483
              ],
              [
                120.894189196,
                0.850655079
              ],
              [
                120.894192025,
                0.850406901
              ],
              [
                120.894198846,
                0.850251623
              ],
              [
                120.894204297,
                0.85013703
              ],
              [
                120.89420906,
                0.850048203
              ],
              [
                120.894218548,
                0.849943105
              ],
              [
                120.894230052,
                0.849846145
              ],
              [
                120.894245602,
                0.84974105
              ],
              [
                120.894261815,
                0.849656299
              ],
              [
                120.894276011,
                0.849564765
              ],
              [
                120.894288841,
                0.849506456
              ],
              [
                120.894308403,
                0.849456967
              ],
              [
                120.894337395,
                0.849408161
              ],
              [
                120.894375817,
                0.849360716
              ],
              [
                120.894413564,
                0.849315983
              ],
              [
                120.894462093,
                0.849264475
              ],
              [
                120.894504554,
                0.849221779
              ],
              [
                120.8945396,
                0.84918925
              ],
              [
                120.894588799,
                0.849144523
              ],
              [
                120.894635301,
                0.849103863
              ],
              [
                120.894684501,
                0.849056424
              ],
              [
                120.894718877,
                0.849017114
              ],
              [
                120.894741802,
                0.848976442
              ],
              [
                120.89476541,
                0.848917461
              ],
              [
                120.894786998,
                0.848859157
              ],
              [
                120.894803262,
                0.848680152
              ],
              [
                120.894803974,
                0.848608275
              ],
              [
                120.894804682,
                0.848545213
              ],
              [
                120.894806075,
                0.848460453
              ],
              [
                120.894805447,
                0.848375692
              ],
              [
                120.894804815,
                0.848299068
              ],
              [
                120.8948035,
                0.848239396
              ],
              [
                120.894800178,
                0.848153955
              ],
              [
                120.894796842,
                0.848094282
              ],
              [
                120.894792163,
                0.848027827
              ],
              [
                120.894785467,
                0.847952555
              ],
              [
                120.894778771,
                0.847877962
              ],
              [
                120.894773425,
                0.847799301
              ],
              [
                120.894770778,
                0.847710471
              ],
              [
                120.894771495,
                0.847631135
              ],
              [
                120.894776248,
                0.847561973
              ],
              [
                120.894785721,
                0.847481964
              ],
              [
                120.894804633,
                0.847389754
              ],
              [
                120.894819478,
                0.847342974
              ],
              [
                120.894844424,
                0.847300947
              ],
              [
                120.894874754,
                0.847269771
              ],
              [
                120.894925969,
                0.847233183
              ],
              [
                120.894978524,
                0.847210835
              ],
              [
                120.895024335,
                0.847201367
              ],
              [
                120.89507149,
                0.847199358
              ],
              [
                120.895120662,
                0.847202097
              ],
              [
                120.895179261,
                0.847213657
              ],
              [
                120.89525065,
                0.847242176
              ],
              [
                120.895299135,
                0.847270682
              ],
              [
                120.895350314,
                0.847301224
              ],
              [
                120.895408229,
                0.847332447
              ],
              [
                120.895470183,
                0.847366385
              ],
              [
                120.895527428,
                0.847390828
              ],
              [
                120.895580637,
                0.847403741
              ],
              [
                120.895636547,
                0.847404449
              ],
              [
                120.8956864,
                0.847395661
              ],
              [
                120.895718743,
                0.847379405
              ],
              [
                120.89573694,
                0.847362463
              ],
              [
                120.895767949,
                0.847321117
              ],
              [
                120.895785476,
                0.847296037
              ],
              [
                120.895798967,
                0.847261462
              ],
              [
                120.895827338,
                0.847166889
              ],
              [
                120.895832262,
                0.847061643
              ],
              [
                120.895806561,
                0.846938055
              ],
              [
                120.895773264,
                0.846841911
              ],
              [
                120.895717229,
                0.846773231
              ],
              [
                120.895650575,
                0.846709111
              ],
              [
                120.895546038,
                0.846625143
              ],
              [
                120.89546726,
                0.846559497
              ],
              [
                120.895376368,
                0.846472481
              ],
              [
                120.895302141,
                0.846393104
              ],
              [
                120.895233989,
                0.846293894
              ],
              [
                120.895214322,
                0.846237431
              ],
              [
                120.895205254,
                0.846182501
              ],
              [
                120.895208314,
                0.846136736
              ],
              [
                120.895235628,
                0.846068092
              ],
              [
                120.895314485,
                0.845987271
              ],
              [
                120.895399391,
                0.845932393
              ],
              [
                120.895500942,
                0.845924827
              ],
              [
                120.895646431,
                0.845949317
              ],
              [
                120.895761594,
                0.845996674
              ],
              [
                120.895881307,
                0.846053193
              ],
              [
                120.895994946,
                0.846112755
              ],
              [
                120.896110114,
                0.846152481
              ],
              [
                120.89627986,
                0.846164779
              ],
              [
                120.896387481,
                0.846143483
              ],
              [
                120.896461789,
                0.84607029
              ],
              [
                120.896517921,
                0.845977251
              ],
              [
                120.89654221,
                0.845904031
              ],
              [
                120.896549823,
                0.845827755
              ],
              [
                120.89655443,
                0.845728585
              ],
              [
                120.896557488,
                0.845670605
              ],
              [
                120.896563578,
                0.845620268
              ],
              [
                120.896604547,
                0.845530267
              ],
              [
                120.896637918,
                0.845487566
              ],
              [
                120.896684923,
                0.845447928
              ],
              [
                120.896838045,
                0.845374778
              ],
              [
                120.896989635,
                0.845327566
              ],
              [
                120.897076035,
                0.845316927
              ],
              [
                120.897233665,
                0.845312438
              ],
              [
                120.897310963,
                0.845307905
              ],
              [
                120.897397362,
                0.845300322
              ],
              [
                120.897518622,
                0.845285135
              ],
              [
                120.897650503,
                0.845244007
              ],
              [
                120.897773321,
                0.845155588
              ],
              [
                120.897847625,
                0.845074764
              ],
              [
                120.8978992,
                0.845003087
              ],
              [
                120.897976537,
                0.844925321
              ],
              [
                120.89803718,
                0.84489484
              ],
              [
                120.898103871,
                0.844890292
              ],
              [
                120.898173593,
                0.844894914
              ],
              [
                120.898237227,
                0.844930037
              ],
              [
                120.898297799,
                0.845030762
              ],
              [
                120.898334127,
                0.845119277
              ],
              [
                120.898377998,
                0.845276445
              ],
              [
                120.898394621,
                0.845364949
              ],
              [
                120.898411207,
                0.845520575
              ],
              [
                120.898432357,
                0.845656376
              ],
              [
                120.898467155,
                0.845767773
              ],
              [
                120.898550444,
                0.845897496
              ],
              [
                120.898638311,
                0.845981464
              ],
              [
                120.898745889,
                0.846039494
              ],
              [
                120.898833786,
                0.846068528
              ],
              [
                120.898956541,
                0.846079282
              ],
              [
                120.899079309,
                0.846082396
              ],
              [
                120.899196017,
                0.846082459
              ],
              [
                120.89931575,
                0.846084053
              ],
              [
                120.899553714,
                0.846075024
              ],
              [
                120.899700739,
                0.846067482
              ],
              [
                120.899850798,
                0.8460462
              ],
              [
                120.899996319,
                0.846012718
              ],
              [
                120.900110012,
                0.845971579
              ],
              [
                120.900214641,
                0.845884678
              ],
              [
                120.900258661,
                0.845767221
              ],
              [
                120.900263286,
                0.845617701
              ],
              [
                120.900226951,
                0.8455414
              ],
              [
                120.900143643,
                0.845448285
              ],
              [
                120.90007548,
                0.845365865
              ],
              [
                120.900027029,
                0.845274297
              ],
              [
                120.900016476,
                0.845172062
              ],
              [
                120.900028645,
                0.845091214
              ],
              [
                120.900074156,
                0.845005799
              ],
              [
                120.900192424,
                0.844926527
              ],
              [
                120.900286396,
                0.844914373
              ],
              [
                120.900395521,
                0.844919007
              ],
              [
                120.900525857,
                0.844946536
              ],
              [
                120.900630406,
                0.84499084
              ],
              [
                120.900736473,
                0.845053454
              ],
              [
                120.900834955,
                0.845123685
              ],
              [
                120.900925851,
                0.845203071
              ],
              [
                120.900987949,
                0.845273292
              ],
              [
                120.901125805,
                0.845412203
              ],
              [
                120.90121672,
                0.845458028
              ],
              [
                120.901342501,
                0.845488611
              ],
              [
                120.901501646,
                0.845488697
              ],
              [
                120.901630487,
                0.845456725
              ],
              [
                120.90172753,
                0.845380489
              ],
              [
                120.90178063,
                0.845296606
              ],
              [
                120.901804927,
                0.845209652
              ],
              [
                120.901804989,
                0.845095227
              ],
              [
                120.901776235,
                0.845000622
              ],
              [
                120.901721708,
                0.844931934
              ],
              [
                120.901655055,
                0.844866295
              ],
              [
                120.901588399,
                0.844805231
              ],
              [
                120.901517202,
                0.844736533
              ],
              [
                120.901474789,
                0.844690735
              ],
              [
                120.901432389,
                0.844619006
              ],
              [
                120.901406656,
                0.844551861
              ],
              [
                120.901396084,
                0.844486252
              ],
              [
                120.90139612,
                0.844419122
              ],
              [
                120.901405274,
                0.844316907
              ],
              [
                120.901429574,
                0.84422385
              ],
              [
                120.901473575,
                0.844123173
              ],
              [
                120.90152667,
                0.84404845
              ],
              [
                120.901611588,
                0.843970678
              ],
              [
                120.901691932,
                0.843931058
              ],
              [
                120.901782883,
                0.843909743
              ],
              [
                120.901892015,
                0.843900653
              ],
              [
                120.902026418,
                0.843880383
              ],
              [
                120.902203266,
                0.843832163
              ],
              [
                120.902304333,
                0.843788992
              ],
              [
                120.902377638,
                0.843710202
              ],
              [
                120.902445915,
                0.843562759
              ],
              [
                120.902473798,
                0.843387311
              ],
              [
                120.902466291,
                0.843249999
              ],
              [
                120.902443621,
                0.843133011
              ],
              [
                120.902418406,
                0.843056717
              ],
              [
                120.902380575,
                0.842939722
              ],
              [
                120.902373044,
                0.842845635
              ],
              [
                120.902385715,
                0.842766812
              ],
              [
                120.902441363,
                0.842637164
              ],
              [
                120.902527302,
                0.842530407
              ],
              [
                120.902666286,
                0.84244403
              ],
              [
                120.902807775,
                0.842390701
              ],
              [
                120.903045245,
                0.842367946
              ],
              [
                120.903257436,
                0.842368061
              ],
              [
                120.903469628,
                0.842368176
              ],
              [
                120.903747495,
                0.842365786
              ],
              [
                120.903964747,
                0.842358273
              ],
              [
                120.904113788,
                0.842343101
              ],
              [
                120.90422243,
                0.842310096
              ],
              [
                120.904346256,
                0.842216081
              ],
              [
                120.904457472,
                0.842089003
              ],
              [
                120.904543432,
                0.841961904
              ],
              [
                120.904629401,
                0.841799208
              ],
              [
                120.904697683,
                0.841659387
              ],
              [
                120.904867101,
                0.841344166
              ],
              [
                120.904993499,
                0.84116115
              ],
              [
                120.905142626,
                0.841001039
              ],
              [
                120.905258884,
                0.840901929
              ],
              [
                120.905365039,
                0.84078247
              ],
              [
                120.905451019,
                0.840617234
              ],
              [
                120.90548394,
                0.840459591
              ],
              [
                120.905481472,
                0.840355336
              ],
              [
                120.905428502,
                0.840195106
              ],
              [
                120.905370454,
                0.840111163
              ],
              [
                120.905264399,
                0.840024654
              ],
              [
                120.905138151,
                0.839927953
              ],
              [
                120.905029586,
                0.83981601
              ],
              [
                120.904958916,
                0.839701546
              ],
              [
                120.904918573,
                0.839561666
              ],
              [
                120.904911093,
                0.839373496
              ],
              [
                120.904933915,
                0.839205676
              ],
              [
                120.904994631,
                0.839037886
              ],
              [
                120.905126055,
                0.838910811
              ],
              [
                120.905282711,
                0.838847326
              ],
              [
                120.905467127,
                0.838821993
              ],
              [
                120.905649005,
                0.838822091
              ],
              [
                120.90585109,
                0.83882729
              ],
              [
                120.906015276,
                0.838842631
              ],
              [
                120.906144102,
                0.838855421
              ],
              [
                120.90634366,
                0.8388657
              ],
              [
                120.906510389,
                0.838845447
              ],
              [
                120.906616519,
                0.838789557
              ],
              [
                120.906664578,
                0.838675158
              ],
              [
                120.906674739,
                0.838568359
              ],
              [
                120.90665712,
                0.838443753
              ],
              [
                120.906601601,
                0.838331838
              ],
              [
                120.906525888,
                0.838209741
              ],
              [
                120.90649314,
                0.8380419
              ],
              [
                120.906508362,
                0.83790968
              ],
              [
                120.906553904,
                0.837782558
              ],
              [
                120.906614564,
                0.837719022
              ],
              [
                120.906745956,
                0.837652974
              ],
              [
                120.906879862,
                0.837604739
              ],
              [
                120.907033965,
                0.837579389
              ],
              [
                120.907243653,
                0.837541357
              ],
              [
                120.907458392,
                0.837498246
              ],
              [
                120.907683251,
                0.837424627
              ],
              [
                120.907913151,
                0.837381524
              ],
              [
                120.90810262,
                0.837363824
              ],
              [
                120.908377963,
                0.837361431
              ],
              [
                120.908638153,
                0.837361571
              ],
              [
                120.908845288,
                0.837361682
              ],
              [
                120.908994334,
                0.837354132
              ],
              [
                120.909097921,
                0.837318583
              ],
              [
                120.90916111,
                0.837262679
              ],
              [
                120.909178809,
                0.837219462
              ],
              [
                120.909178838,
                0.837163515
              ],
              [
                120.909133418,
                0.837079579
              ],
              [
                120.909052627,
                0.836995624
              ],
              [
                120.908946563,
                0.836926908
              ],
              [
                120.908752607,
                0.836834691
              ],
              [
                120.908540473,
                0.836726083
              ],
              [
                120.908383904,
                0.836641237
              ],
              [
                120.908242477,
                0.836576743
              ],
              [
                120.908015175,
                0.836479997
              ],
              [
                120.907883856,
                0.836408727
              ],
              [
                120.907819891,
                0.836352745
              ],
              [
                120.907747546,
                0.83623065
              ],
              [
                120.907740864,
                0.836128933
              ],
              [
                120.90776788,
                0.835993329
              ],
              [
                120.907831936,
                0.835878088
              ],
              [
                120.907939776,
                0.835764569
              ],
              [
                120.908071192,
                0.835652755
              ],
              [
                120.908179025,
                0.83555279
              ],
              [
                120.908268322,
                0.835464685
              ],
              [
                120.908376164,
                0.835347777
              ],
              [
                120.908487374,
                0.835230861
              ],
              [
                120.908607002,
                0.835127521
              ],
              [
                120.908697965,
                0.835083493
              ],
              [
                120.908810796,
                0.835076773
              ],
              [
                120.908950577,
                0.835078538
              ],
              [
                120.909108868,
                0.835098966
              ],
              [
                120.909278929,
                0.835146524
              ],
              [
                120.909457421,
                0.835182224
              ],
              [
                120.909625823,
                0.835190785
              ],
              [
                120.909750451,
                0.83517729
              ],
              [
                120.909875096,
                0.835129891
              ],
              [
                120.909957657,
                0.835060435
              ],
              [
                120.909991386,
                0.834970601
              ],
              [
                120.909991453,
                0.834843463
              ],
              [
                120.909949405,
                0.834733246
              ],
              [
                120.909871986,
                0.834641662
              ],
              [
                120.90975584,
                0.834546667
              ],
              [
                120.909678403,
                0.834490687
              ],
              [
                120.909626224,
                0.834431322
              ],
              [
                120.909590913,
                0.83433637
              ],
              [
                120.90958253,
                0.834258385
              ],
              [
                120.909594412,
                0.834088868
              ],
              [
                120.909634882,
                0.833988875
              ],
              [
                120.909692193,
                0.833888883
              ],
              [
                120.909793299,
                0.833771971
              ],
              [
                120.909874163,
                0.833716067
              ],
              [
                120.909993735,
                0.833700878
              ],
              [
                120.910066152,
                0.833705998
              ],
              [
                120.910158638,
                0.83375346
              ],
              [
                120.910201891,
                0.833809258
              ],
              [
                120.91022846,
                0.833875554
              ],
              [
                120.910239698,
                0.833956759
              ],
              [
                120.910259673,
                0.834094422
              ],
              [
                120.910287906,
                0.834205988
              ],
              [
                120.910313798,
                0.834278386
              ],
              [
                120.910346781,
                0.834325871
              ],
              [
                120.910398626,
                0.834370996
              ],
              [
                120.910472879,
                0.834403069
              ],
              [
                120.910574244,
                0.834423303
              ],
              [
                120.910669737,
                0.834423354
              ],
              [
                120.910758154,
                0.834404415
              ],
              [
                120.910861925,
                0.834342764
              ],
              [
                120.910937412,
                0.834265664
              ],
              [
                120.910986971,
                0.834184998
              ],
              [
                120.910998793,
                0.834111435
              ],
              [
                120.910995305,
                0.834033109
              ],
              [
                120.910978827,
                0.833976141
              ],
              [
                120.910937599,
                0.833910859
              ],
              [
                120.910894011,
                0.833859807
              ],
              [
                120.91084688,
                0.833817062
              ],
              [
                120.910799747,
                0.833776686
              ],
              [
                120.9107703,
                0.833736328
              ],
              [
                120.910739681,
                0.83366748
              ],
              [
                120.910725568,
                0.833604582
              ],
              [
                120.910724424,
                0.833542875
              ],
              [
                120.910732709,
                0.833484735
              ],
              [
                120.910755141,
                0.833425409
              ],
              [
                120.91078345,
                0.833393391
              ],
              [
                120.91081528,
                0.833377975
              ],
              [
                120.910864801,
                0.833368508
              ],
              [
                120.910894269,
                0.833369717
              ],
              [
                120.910941422,
                0.833372111
              ],
              [
                120.911007432,
                0.833382824
              ],
              [
                120.911060472,
                0.833392346
              ],
              [
                120.91112413,
                0.833401873
              ],
              [
                120.91121254,
                0.833412607
              ],
              [
                120.911306847,
                0.833412658
              ],
              [
                120.911343387,
                0.83340793
              ],
              [
                120.911392914,
                0.833386592
              ],
              [
                120.911431829,
                0.833358133
              ],
              [
                120.911461316,
                0.833324922
              ],
              [
                120.91148963,
                0.833283402
              ],
              [
                120.911516353,
                0.833210698
              ],
              [
                120.911531603,
                0.833110059
              ],
              [
                120.91152323,
                0.83301004
              ],
              [
                120.911476119,
                0.832930334
              ],
              [
                120.911397007,
                0.832864182
              ],
              [
                120.911292623,
                0.83281157
              ],
              [
                120.911211815,
                0.832758979
              ],
              [
                120.911151224,
                0.832691137
              ],
              [
                120.911120963,
                0.832592798
              ],
              [
                120.911112569,
                0.832535155
              ],
              [
                120.911141252,
                0.832440238
              ],
              [
                120.911205277,
                0.832382634
              ],
              [
                120.911319815,
                0.832342009
              ],
              [
                120.911424231,
                0.832333584
              ],
              [
                120.91153201,
                0.832337032
              ],
              [
                120.911629684,
                0.832340475
              ],
              [
                120.911737459,
                0.832349013
              ],
              [
                120.91184187,
                0.832352459
              ],
              [
                120.911921018,
                0.832349111
              ],
              [
                120.911991761,
                0.832325415
              ],
              [
                120.912076004,
                0.83225087
              ],
              [
                120.912104665,
                0.832198328
              ],
              [
                120.912129967,
                0.832111889
              ],
              [
                120.912136746,
                0.832030522
              ],
              [
                120.912135104,
                0.831959321
              ],
              [
                120.912130072,
                0.831911852
              ],
              [
                120.912130102,
                0.831854214
              ],
              [
                120.912138548,
                0.831815223
              ],
              [
                120.912184056,
                0.831733876
              ],
              [
                120.912264911,
                0.831694934
              ],
              [
                120.912384486,
                0.831691607
              ],
              [
                120.912448473,
                0.831706893
              ],
              [
                120.912532645,
                0.831766276
              ],
              [
                120.912598284,
                0.831832421
              ],
              [
                120.912663926,
                0.831910436
              ],
              [
                120.912736287,
                0.832005408
              ],
              [
                120.912805294,
                0.832088516
              ],
              [
                120.912889452,
                0.832175013
              ],
              [
                120.912968565,
                0.832239474
              ],
              [
                120.91304601,
                0.832281901
              ],
              [
                120.913138629,
                0.832298903
              ],
              [
                120.91323462,
                0.832292173
              ],
              [
                120.913288522,
                0.832268468
              ],
              [
                120.913360983,
                0.832190526
              ],
              [
                120.913404814,
                0.832104088
              ],
              [
                120.913426757,
                0.831998995
              ],
              [
                120.913426826,
                0.831868466
              ],
              [
                120.913421852,
                0.831727755
              ],
              [
                120.913411807,
                0.831615864
              ],
              [
                120.913385016,
                0.831322578
              ],
              [
                120.913385091,
                0.831178479
              ],
              [
                120.913410454,
                0.830976764
              ],
              [
                120.913476239,
                0.830781842
              ],
              [
                120.913560523,
                0.830627625
              ],
              [
                120.913675138,
                0.83044121
              ],
              [
                120.913796486,
                0.830258189
              ],
              [
                120.913924572,
                0.830073471
              ],
              [
                120.914017274,
                0.829915868
              ],
              [
                120.914093155,
                0.829737904
              ],
              [
                120.914133702,
                0.829490421
              ],
              [
                120.9141355,
                0.82926496
              ],
              [
                120.914127199,
                0.829044575
              ],
              [
                120.914095308,
                0.828834349
              ],
              [
                120.914063407,
                0.828658027
              ],
              [
                120.914011289,
                0.828481695
              ],
              [
                120.91392717,
                0.828320598
              ],
              [
                120.913816096,
                0.82817814
              ],
              [
                120.913696572,
                0.828101795
              ],
              [
                120.913568594,
                0.828079685
              ],
              [
                120.913454074,
                0.828086405
              ],
              [
                120.913337857,
                0.828110077
              ],
              [
                120.913162684,
                0.828167622
              ],
              [
                120.912979093,
                0.828230253
              ],
              [
                120.912819074,
                0.828284415
              ],
              [
                120.912608537,
                0.828347023
              ],
              [
                120.912364312,
                0.828407922
              ],
              [
                120.912150425,
                0.828436632
              ],
              [
                120.91205443,
                0.828434881
              ],
              [
                120.91197529,
                0.828421277
              ],
              [
                120.911889429,
                0.828361903
              ],
              [
                120.91185577,
                0.8283195
              ],
              [
                120.911837294,
                0.828236428
              ],
              [
                120.911837344,
                0.828139795
              ],
              [
                120.911850855,
                0.828066912
              ],
              [
                120.911938502,
                0.827922859
              ],
              [
                120.91201601,
                0.827843229
              ],
              [
                120.912258596,
                0.827689086
              ],
              [
                120.912383252,
                0.827621343
              ],
              [
                120.912514651,
                0.827541741
              ],
              [
                120.912620784,
                0.827462117
              ],
              [
                120.912688196,
                0.827367219
              ],
              [
                120.912708445,
                0.827290949
              ],
              [
                120.91271018,
                0.827202798
              ],
              [
                120.912698458,
                0.827067173
              ],
              [
                120.912701882,
                0.826958679
              ],
              [
                120.912733944,
                0.826845111
              ],
              [
                120.912819877,
                0.826748533
              ],
              [
                120.912905793,
                0.826701112
              ],
              [
                120.913030435,
                0.826660492
              ],
              [
                120.91318707,
                0.826619889
              ],
              [
                120.913370651,
                0.826594553
              ],
              [
                120.913547489,
                0.826564133
              ],
              [
                120.913763064,
                0.826535432
              ],
              [
                120.913960112,
                0.826520275
              ],
              [
                120.914101577,
                0.826513569
              ],
              [
                120.914281776,
                0.826498411
              ],
              [
                120.914429996,
                0.826456104
              ],
              [
                120.9145395,
                0.826388353
              ],
              [
                120.914611955,
                0.826301938
              ],
              [
                120.914655793,
                0.826201938
              ],
              [
                120.914679425,
                0.826096846
              ],
              [
                120.914679473,
                0.826005303
              ],
              [
                120.914654276,
                0.825890014
              ],
              [
                120.914613921,
                0.825769635
              ],
              [
                120.914580298,
                0.825659422
              ],
              [
                120.914555079,
                0.825569566
              ],
              [
                120.91454334,
                0.825483098
              ],
              [
                120.914540008,
                0.825413596
              ],
              [
                120.914553525,
                0.825328841
              ],
              [
                120.914580503,
                0.825266127
              ],
              [
                120.91466475,
                0.82518141
              ],
              [
                120.914711912,
                0.825166182
              ],
              [
                120.914801163,
                0.825166229
              ],
              [
                120.914876938,
                0.825190003
              ],
              [
                120.914961108,
                0.825252766
              ],
              [
                120.915040213,
                0.825334179
              ],
              [
                120.915107537,
                0.825407115
              ],
              [
                120.915190004,
                0.825515654
              ],
              [
                120.915253936,
                0.825636045
              ],
              [
                120.915316176,
                0.825763225
              ],
              [
                120.91536664,
                0.825875137
              ],
              [
                120.915408671,
                0.82601925
              ],
              [
                120.915432175,
                0.826158272
              ],
              [
                120.915437158,
                0.826282032
              ],
              [
                120.915435418,
                0.826398998
              ],
              [
                120.915435365,
                0.826500712
              ],
              [
                120.915452162,
                0.826583792
              ],
              [
                120.915475711,
                0.826638052
              ],
              [
                120.915512735,
                0.826685538
              ],
              [
                120.915595049,
                0.826761863
              ],
              [
                120.915681411,
                0.826806157
              ],
              [
                120.915828417,
                0.826836749
              ],
              [
                120.916001208,
                0.826833793
              ],
              [
                120.916119432,
                0.826820122
              ],
              [
                120.916233134,
                0.826763728
              ],
              [
                120.916343827,
                0.826673772
              ],
              [
                120.916396923,
                0.826576154
              ],
              [
                120.916410625,
                0.826464782
              ],
              [
                120.91640309,
                0.826376291
              ],
              [
                120.916366758,
                0.826292351
              ],
              [
                120.916307693,
                0.826209935
              ],
              [
                120.916230442,
                0.826121398
              ],
              [
                120.916160755,
                0.826049655
              ],
              [
                120.916124408,
                0.825993182
              ],
              [
                120.916088083,
                0.825897045
              ],
              [
                120.916077506,
                0.825837539
              ],
              [
                120.916085139,
                0.825736842
              ],
              [
                120.916121571,
                0.825630065
              ],
              [
                120.916154935,
                0.825582788
              ],
              [
                120.916244387,
                0.825543162
              ],
              [
                120.916365649,
                0.825524917
              ],
              [
                120.91645355,
                0.825529539
              ],
              [
                120.916573273,
                0.825552494
              ],
              [
                120.916644502,
                0.82557999
              ],
              [
                120.916718739,
                0.825625806
              ],
              [
                120.916789951,
                0.825683816
              ],
              [
                120.916862667,
                0.825752514
              ],
              [
                120.916958098,
                0.825856313
              ],
              [
                120.917044438,
                0.825961635
              ],
              [
                120.917142893,
                0.82607001
              ],
              [
                120.917250458,
                0.826172288
              ],
              [
                120.917362574,
                0.826245581
              ],
              [
                120.917500465,
                0.826308211
              ],
              [
                120.91763383,
                0.826334221
              ],
              [
                120.917724766,
                0.826340372
              ],
              [
                120.917853608,
                0.82632365
              ],
              [
                120.917944559,
                0.826302342
              ],
              [
                120.91802794,
                0.826261194
              ],
              [
                120.918112859,
                0.826180374
              ],
              [
                120.918164323,
                0.82610946
              ],
              [
                120.918194768,
                0.826067509
              ],
              [
                120.918255458,
                0.825945484
              ],
              [
                120.91827369,
                0.825861582
              ],
              [
                120.918276771,
                0.825756306
              ],
              [
                120.918275299,
                0.825686127
              ],
              [
                120.918268473,
                0.825644768
              ],
              [
                120.918255655,
                0.825567106
              ],
              [
                120.918198161,
                0.825364163
              ],
              [
                120.918173949,
                0.825289387
              ],
              [
                120.918119443,
                0.825177979
              ],
              [
                120.918022521,
                0.825023828
              ],
              [
                120.917855905,
                0.82482693
              ],
              [
                120.917692318,
                0.824626968
              ],
              [
                120.917516604,
                0.824428537
              ],
              [
                120.917363609,
                0.824257576
              ],
              [
                120.917242431,
                0.824112572
              ],
              [
                120.917160651,
                0.823995046
              ],
              [
                120.917119773,
                0.823895851
              ],
              [
                120.917109213,
                0.823804302
              ],
              [
                120.917112293,
                0.823720392
              ],
              [
                120.917144177,
                0.823599879
              ],
              [
                120.917186648,
                0.823538873
              ],
              [
                120.917291248,
                0.823505358
              ],
              [
                120.917429168,
                0.823510005
              ],
              [
                120.917545856,
                0.82354974
              ],
              [
                120.917673142,
                0.82360626
              ],
              [
                120.91778073,
                0.823649037
              ],
              [
                120.917955006,
                0.823710157
              ],
              [
                120.918080789,
                0.823737682
              ],
              [
                120.918182335,
                0.823740791
              ],
              [
                120.918277825,
                0.823730155
              ],
              [
                120.918352112,
                0.823696633
              ],
              [
                120.918418837,
                0.82362648
              ],
              [
                120.918467388,
                0.823530388
              ],
              [
                120.918479577,
                0.823408337
              ],
              [
                120.91847356,
                0.823319847
              ],
              [
                120.918437249,
                0.823194714
              ],
              [
                120.918350913,
                0.82308177
              ],
              [
                120.918228193,
                0.82300084
              ],
              [
                120.918093332,
                0.822933638
              ],
              [
                120.917961496,
                0.822886274
              ],
              [
                120.917812972,
                0.822855681
              ],
              [
                120.917682644,
                0.822828145
              ],
              [
                120.917575043,
                0.822794528
              ],
              [
                120.917508379,
                0.82274567
              ],
              [
                120.917476589,
                0.822684624
              ],
              [
                120.917462986,
                0.822606799
              ],
              [
                120.917463049,
                0.82248627
              ],
              [
                120.91747826,
                0.822371851
              ],
              [
                120.917525308,
                0.822265071
              ],
              [
                120.917611739,
                0.822178158
              ],
              [
                120.917722411,
                0.822126337
              ],
              [
                120.91784368,
                0.822095886
              ],
              [
                120.917974048,
                0.822062393
              ],
              [
                120.918107453,
                0.822010584
              ],
              [
                120.918218127,
                0.821938936
              ],
              [
                120.91832882,
                0.821847451
              ],
              [
                120.918413752,
                0.821740691
              ],
              [
                120.918475953,
                0.8216324
              ],
              [
                120.918503295,
                0.82150731
              ],
              [
                120.91850034,
                0.821368461
              ],
              [
                120.918476121,
                0.82130742
              ],
              [
                120.918400373,
                0.821231099
              ],
              [
                120.918267036,
                0.821151692
              ],
              [
                120.918150363,
                0.82110128
              ],
              [
                120.917973054,
                0.821050836
              ],
              [
                120.917819986,
                0.821020241
              ],
              [
                120.917686624,
                0.820989657
              ],
              [
                120.91754721,
                0.820937714
              ],
              [
                120.917427516,
                0.820858314
              ],
              [
                120.91733056,
                0.820769767
              ],
              [
                120.917262406,
                0.820665983
              ],
              [
                120.917192768,
                0.82051643
              ],
              [
                120.917148883,
                0.820379089
              ],
              [
                120.917126227,
                0.820229561
              ],
              [
                120.91708689,
                0.820086119
              ],
              [
                120.917027846,
                0.819960983
              ],
              [
                120.916952111,
                0.819858723
              ],
              [
                120.916838511,
                0.819719817
              ],
              [
                120.916608931,
                0.819475582
              ],
              [
                120.916409796,
                0.819304597
              ],
              [
                120.916237745,
                0.81917991
              ],
              [
                120.916058624,
                0.819057587
              ],
              [
                120.915862991,
                0.818958998
              ],
              [
                120.915636697,
                0.818872246
              ],
              [
                120.915419822,
                0.818810426
              ],
              [
                120.915200595,
                0.818728433
              ],
              [
                120.915058003,
                0.818638172
              ],
              [
                120.9149225,
                0.818509941
              ],
              [
                120.914829439,
                0.818393603
              ],
              [
                120.914738734,
                0.818251156
              ],
              [
                120.914676327,
                0.818118217
              ],
              [
                120.914639834,
                0.818013771
              ],
              [
                120.91453512,
                0.81762449
              ],
              [
                120.914497476,
                0.817471383
              ],
              [
                120.914457472,
                0.817332525
              ],
              [
                120.914417466,
                0.817178242
              ],
              [
                120.91437983,
                0.817010895
              ],
              [
                120.914355153,
                0.816862552
              ],
              [
                120.914345803,
                0.816705907
              ],
              [
                120.914355311,
                0.816555203
              ],
              [
                120.914387246,
                0.816353491
              ],
              [
                120.914456875,
                0.816190956
              ],
              [
                120.914548884,
                0.8160842
              ],
              [
                120.914671525,
                0.816003571
              ],
              [
                120.914775295,
                0.815943103
              ],
              [
                120.914916784,
                0.815888594
              ],
              [
                120.915067692,
                0.815856631
              ],
              [
                120.915248061,
                0.8158413
              ],
              [
                120.915418994,
                0.815835459
              ],
              [
                120.915626475,
                0.815827258
              ],
              [
                120.91579152,
                0.815813104
              ],
              [
                120.915995491,
                0.815766928
              ],
              [
                120.916171174,
                0.815693451
              ],
              [
                120.916323295,
                0.815591472
              ],
              [
                120.916442407,
                0.815493039
              ],
              [
                120.916591021,
                0.815347163
              ],
              [
                120.916727838,
                0.815209581
              ],
              [
                120.91688234,
                0.815070814
              ],
              [
                120.917049788,
                0.814961728
              ],
              [
                120.917226647,
                0.814907238
              ],
              [
                120.917438859,
                0.814868191
              ],
              [
                120.917649873,
                0.81485406
              ],
              [
                120.918032714,
                0.814823772
              ],
              [
                120.918270863,
                0.81478982
              ],
              [
                120.918469949,
                0.814724492
              ],
              [
                120.918636537,
                0.81466185
              ],
              [
                120.918755299,
                0.814597664
              ],
              [
                120.9188508,
                0.814529353
              ],
              [
                120.918958612,
                0.814432287
              ],
              [
                120.919034103,
                0.814345693
              ],
              [
                120.919132022,
                0.814204537
              ],
              [
                120.919178037,
                0.81411318
              ],
              [
                120.919225246,
                0.814006409
              ],
              [
                120.919283077,
                0.813887772
              ],
              [
                120.919370369,
                0.813765588
              ],
              [
                120.919451745,
                0.813692062
              ],
              [
                120.919521326,
                0.813639884
              ],
              [
                120.919601513,
                0.813590081
              ],
              [
                120.919684065,
                0.813534348
              ],
              [
                120.919751287,
                0.813476239
              ],
              [
                120.919845642,
                0.813383732
              ],
              [
                120.91993293,
                0.813272226
              ],
              [
                120.920011984,
                0.813136991
              ],
              [
                120.920072176,
                0.813002922
              ],
              [
                120.920132372,
                0.812860552
              ],
              [
                120.920192563,
                0.812711068
              ],
              [
                120.920255118,
                0.812574631
              ],
              [
                120.920325918,
                0.812439391
              ],
              [
                120.920393164,
                0.812334999
              ],
              [
                120.92047927,
                0.812231801
              ],
              [
                120.920567735,
                0.812135729
              ],
              [
                120.920689194,
                0.812065776
              ],
              [
                120.920823587,
                0.812049228
              ],
              [
                120.920935575,
                0.812058779
              ],
              [
                120.921020434,
                0.812093243
              ],
              [
                120.921085247,
                0.812144297
              ],
              [
                120.921144143,
                0.812226215
              ],
              [
                120.921187711,
                0.812317609
              ],
              [
                120.921226543,
                0.812468338
              ],
              [
                120.92124063,
                0.81258345
              ],
              [
                120.921248818,
                0.812694997
              ],
              [
                120.921252289,
                0.812827906
              ],
              [
                120.921258132,
                0.812922843
              ],
              [
                120.921271038,
                0.813048641
              ],
              [
                120.92128984,
                0.81316494
              ],
              [
                120.921335751,
                0.813293125
              ],
              [
                120.921373442,
                0.813357229
              ],
              [
                120.921446493,
                0.813421342
              ],
              [
                120.921492453,
                0.813454593
              ],
              [
                120.921559637,
                0.813471246
              ],
              [
                120.921572606,
                0.813472437
              ],
              [
                120.921657484,
                0.813468919
              ],
              [
                120.92169521,
                0.813464192
              ],
              [
                120.921761241,
                0.813433377
              ],
              [
                120.921828457,
                0.813387129
              ],
              [
                120.921896872,
                0.81331478
              ],
              [
                120.921973552,
                0.813202084
              ],
              [
                120.922045531,
                0.813062098
              ],
              [
                120.922112815,
                0.812899552
              ],
              [
                120.922132897,
                0.812814122
              ],
              [
                120.922145905,
                0.812739376
              ],
              [
                120.922151942,
                0.812455762
              ],
              [
                120.922160284,
                0.812283701
              ],
              [
                120.922178058,
                0.812092649
              ],
              [
                120.922212324,
                0.811950267
              ],
              [
                120.922305559,
                0.811728414
              ],
              [
                120.922436528,
                0.811505387
              ],
              [
                120.922547413,
                0.811368975
              ],
              [
                120.922691301,
                0.811226649
              ],
              [
                120.922832827,
                0.811099746
              ],
              [
                120.922981436,
                0.810963353
              ],
              [
                120.923131216,
                0.810819845
              ],
              [
                120.923268037,
                0.810675146
              ],
              [
                120.923423733,
                0.810500784
              ],
              [
                120.923545233,
                0.810351321
              ],
              [
                120.92367853,
                0.810176956
              ],
              [
                120.923792967,
                0.810014434
              ],
              [
                120.923926272,
                0.809824635
              ],
              [
                120.924061933,
                0.809644331
              ],
              [
                120.92418579,
                0.809486569
              ],
              [
                120.924303742,
                0.8093561
              ],
              [
                120.924416964,
                0.809252916
              ],
              [
                120.924534901,
                0.809149734
              ],
              [
                120.924847391,
                0.808958842
              ],
              [
                120.924977105,
                0.808886524
              ],
              [
                120.925107983,
                0.808822507
              ],
              [
                120.925221164,
                0.80880121
              ],
              [
                120.925389741,
                0.808802481
              ],
              [
                120.925534737,
                0.808810864
              ],
              [
                120.92568326,
                0.808826365
              ],
              [
                120.925856544,
                0.808844257
              ],
              [
                120.925973251,
                0.808845501
              ],
              [
                120.926070999,
                0.808834853
              ],
              [
                120.926081712,
                0.808833686
              ],
              [
                120.92621494,
                0.808792228
              ],
              [
                120.926370589,
                0.808712798
              ],
              [
                120.926472023,
                0.808617916
              ],
              [
                120.926523951,
                0.808501644
              ],
              [
                120.926538168,
                0.808361629
              ],
              [
                120.926506408,
                0.808222773
              ],
              [
                120.926443989,
                0.808108821
              ],
              [
                120.92637803,
                0.80799605
              ],
              [
                120.926326219,
                0.807882103
              ],
              [
                120.926297985,
                0.80776579
              ],
              [
                120.926281544,
                0.807634067
              ],
              [
                120.926279267,
                0.807483356
              ],
              [
                120.926294634,
                0.807396739
              ],
              [
                120.926353631,
                0.80728047
              ],
              [
                120.926445631,
                0.80719033
              ],
              [
                120.926555301,
                0.807113255
              ],
              [
                120.926703863,
                0.807068233
              ],
              [
                120.926804068,
                0.807058791
              ],
              [
                120.926939635,
                0.807063607
              ],
              [
                120.927059868,
                0.807074356
              ],
              [
                120.927187173,
                0.807096961
              ],
              [
                120.927358075,
                0.807152825
              ],
              [
                120.927501872,
                0.807206297
              ],
              [
                120.927695164,
                0.807285906
              ],
              [
                120.927807134,
                0.807331062
              ],
              [
                120.927930889,
                0.807373845
              ],
              [
                120.928066433,
                0.807426129
              ],
              [
                120.928173692,
                0.807443977
              ],
              [
                120.928255041,
                0.80744165
              ],
              [
                120.928331672,
                0.807426265
              ],
              [
                120.928398885,
                0.807385948
              ],
              [
                120.928455499,
                0.807327832
              ],
              [
                120.928503861,
                0.807264965
              ],
              [
                120.928546352,
                0.807161744
              ],
              [
                120.928558196,
                0.807060885
              ],
              [
                120.928550011,
                0.80692441
              ],
              [
                120.92851824,
                0.806805726
              ],
              [
                120.928473498,
                0.806707207
              ],
              [
                120.928386323,
                0.806580186
              ],
              [
                120.928310927,
                0.806479282
              ],
              [
                120.928234354,
                0.806380746
              ],
              [
                120.92817428,
                0.806282228
              ],
              [
                120.928103615,
                0.806152837
              ],
              [
                120.928038855,
                0.806013965
              ],
              [
                120.928017676,
                0.805924951
              ],
              [
                120.928013032,
                0.805784926
              ],
              [
                120.928018998,
                0.805636597
              ],
              [
                120.928041464,
                0.805508447
              ],
              [
                120.928093391,
                0.805393359
              ],
              [
                120.928153571,
                0.805281847
              ],
              [
                120.928231431,
                0.805163219
              ],
              [
                120.928324617,
                0.805055277
              ],
              [
                120.928423676,
                0.804984127
              ],
              [
                120.928520353,
                0.804969936
              ],
              [
                120.928622904,
                0.804974736
              ],
              [
                120.928719562,
                0.804998519
              ],
              [
                120.928793809,
                0.805043655
              ],
              [
                120.928847998,
                0.805111321
              ],
              [
                120.928868006,
                0.80517066
              ],
              [
                120.928870338,
                0.80523
              ],
              [
                120.928862043,
                0.805311874
              ],
              [
                120.928839602,
                0.805392557
              ],
              [
                120.928785328,
                0.805493394
              ],
              [
                120.928733421,
                0.805568131
              ],
              [
                120.928689775,
                0.805629815
              ],
              [
                120.928647296,
                0.805708119
              ],
              [
                120.928618952,
                0.805811338
              ],
              [
                120.928616543,
                0.805902718
              ],
              [
                120.928623598,
                0.805948995
              ],
              [
                120.928643612,
                0.805996473
              ],
              [
                120.928702521,
                0.806053463
              ],
              [
                120.928800357,
                0.806074878
              ],
              [
                120.928887598,
                0.80607136
              ],
              [
                120.928979555,
                0.806051236
              ],
              [
                120.929084496,
                0.806000261
              ],
              [
                120.929194171,
                0.805930301
              ],
              [
                120.929292046,
                0.805857966
              ],
              [
                120.929424135,
                0.805742928
              ],
              [
                120.92954915,
                0.805638564
              ],
              [
                120.929691849,
                0.805519969
              ],
              [
                120.929835723,
                0.805421547
              ],
              [
                120.929979581,
                0.805337364
              ],
              [
                120.930126972,
                0.80526387
              ],
              [
                120.930236632,
                0.805224768
              ],
              [
                120.930316801,
                0.805210568
              ],
              [
                120.930431147,
                0.805211811
              ],
              [
                120.930554918,
                0.80522493
              ],
              [
                120.930657462,
                0.805260579
              ],
              [
                120.930755281,
                0.805316405
              ],
              [
                120.930873123,
                0.805400721
              ],
              [
                120.93101336,
                0.805480294
              ],
              [
                120.931191335,
                0.805546839
              ],
              [
                120.931293891,
                0.805561131
              ],
              [
                120.931424755,
                0.805542211
              ],
              [
                120.931574492,
                0.805484143
              ],
              [
                120.931695954,
                0.805408257
              ],
              [
                120.931836302,
                0.805286099
              ],
              [
                120.931961323,
                0.805153255
              ],
              [
                120.932081651,
                0.804993121
              ],
              [
                120.932205508,
                0.804835349
              ],
              [
                120.93233527,
                0.804668096
              ],
              [
                120.932450862,
                0.804531685
              ],
              [
                120.932567636,
                0.804402398
              ],
              [
                120.932657273,
                0.804314634
              ],
              [
                120.93292699,
                0.804109117
              ],
              [
                120.933168537,
                0.803965636
              ],
              [
                120.933418178,
                0.803853026
              ],
              [
                120.933718995,
                0.803762992
              ],
              [
                120.934006994,
                0.803727714
              ],
              [
                120.934170185,
                0.80372457
              ],
              [
                120.934410167,
                0.803727911
              ],
              [
                120.93465014,
                0.803731261
              ],
              [
                120.934864518,
                0.803744254
              ],
              [
                120.935133301,
                0.803737944
              ],
              [
                120.935402097,
                0.803702657
              ],
              [
                120.93562613,
                0.803593253
              ],
              [
                120.935815003,
                0.803422638
              ],
              [
                120.935955873,
                0.803261656
              ],
              [
                120.936081018,
                0.803060919
              ],
              [
                120.936206163,
                0.802860183
              ],
              [
                120.936325827,
                0.802661893
              ],
              [
                120.936464033,
                0.802439889
              ],
              [
                120.936561806,
                0.80224837
              ],
              [
                120.936666338,
                0.802011086
              ],
              [
                120.936765822,
                0.8017738
              ],
              [
                120.936872043,
                0.801516174
              ],
              [
                120.936978284,
                0.801238205
              ],
              [
                120.937069345,
                0.800995833
              ],
              [
                120.937138495,
                0.800782266
              ],
              [
                120.937209342,
                0.800550046
              ],
              [
                120.937254914,
                0.800355119
              ],
              [
                120.937307232,
                0.800124589
              ],
              [
                120.93735113,
                0.799900837
              ],
              [
                120.93737816,
                0.799729625
              ],
              [
                120.937408558,
                0.799560114
              ],
              [
                120.937450742,
                0.799405871
              ],
              [
                120.937531677,
                0.799207562
              ],
              [
                120.937599107,
                0.799071975
              ],
              [
                120.937653033,
                0.799000801
              ],
              [
                120.937846783,
                0.798829682
              ],
              [
                120.938038829,
                0.79870772
              ],
              [
                120.938197182,
                0.798609475
              ],
              [
                120.938385863,
                0.79848073
              ],
              [
                120.938562756,
                0.798360451
              ],
              [
                120.938722798,
                0.798241864
              ],
              [
                120.938913173,
                0.798102948
              ],
              [
                120.939106897,
                0.797984378
              ],
              [
                120.939292187,
                0.797901408
              ],
              [
                120.939470723,
                0.79785403
              ],
              [
                120.939655984,
                0.79782869
              ],
              [
                120.939849665,
                0.797815226
              ],
              [
                120.940031547,
                0.797813627
              ],
              [
                120.940205002,
                0.797813714
              ],
              [
                120.940331315,
                0.797810387
              ],
              [
                120.940481202,
                0.79779351
              ],
              [
                120.940582265,
                0.797756265
              ],
              [
                120.940661465,
                0.797668151
              ],
              [
                120.940678358,
                0.797564744
              ],
              [
                120.94067168,
                0.797447772
              ],
              [
                120.940651493,
                0.797401985
              ],
              [
                120.940538705,
                0.797301912
              ],
              [
                120.940393917,
                0.797215376
              ],
              [
                120.940279431,
                0.797152598
              ],
              [
                120.940139705,
                0.797055893
              ],
              [
                120.940030279,
                0.796967684
              ],
              [
                120.939946123,
                0.796869317
              ],
              [
                120.939873765,
                0.796764174
              ],
              [
                120.939808148,
                0.796630219
              ],
              [
                120.939744237,
                0.796460661
              ],
              [
                120.939700526,
                0.796308065
              ],
              [
                120.939680392,
                0.796158872
              ],
              [
                120.939663662,
                0.795935088
              ],
              [
                120.939658691,
                0.795780812
              ],
              [
                120.93965541,
                0.795604503
              ],
              [
                120.939655481,
                0.795462101
              ],
              [
                120.939663172,
                0.795221377
              ],
              [
                120.939670872,
                0.794980654
              ],
              [
                120.939652469,
                0.794743307
              ],
              [
                120.939605423,
                0.794524599
              ],
              [
                120.939534807,
                0.794292308
              ],
              [
                120.939457418,
                0.794132914
              ],
              [
                120.939294169,
                0.793909057
              ],
              [
                120.939184765,
                0.793795415
              ],
              [
                120.939098913,
                0.793712309
              ],
              [
                120.939036655,
                0.793615643
              ],
              [
                120.938994602,
                0.793507125
              ],
              [
                120.938984546,
                0.793408795
              ],
              [
                120.938994684,
                0.793340989
              ],
              [
                120.939048625,
                0.7932393
              ],
              [
                120.939142974,
                0.793157975
              ],
              [
                120.939250782,
                0.793103781
              ],
              [
                120.939392277,
                0.793037741
              ],
              [
                120.939535466,
                0.792961521
              ],
              [
                120.939683712,
                0.79286497
              ],
              [
                120.939767956,
                0.79278533
              ],
              [
                120.939808407,
                0.79271754
              ],
              [
                120.939845511,
                0.792607371
              ],
              [
                120.939852334,
                0.792432757
              ],
              [
                120.939847326,
                0.79233443
              ],
              [
                120.939844014,
                0.79222085
              ],
              [
                120.939859222,
                0.792125923
              ],
              [
                120.939899683,
                0.792037789
              ],
              [
                120.939968757,
                0.791975094
              ],
              [
                120.940052979,
                0.79193954
              ],
              [
                120.940150663,
                0.791924327
              ],
              [
                120.940265182,
                0.791920994
              ],
              [
                120.940388122,
                0.791924446
              ],
              [
                120.940504312,
                0.791939766
              ],
              [
                120.940633984,
                0.791953393
              ],
              [
                120.940756917,
                0.791953455
              ],
              [
                120.940896709,
                0.791934872
              ],
              [
                120.94100451,
                0.79189594
              ],
              [
                120.941060103,
                0.7918485
              ],
              [
                120.941102248,
                0.791770539
              ],
              [
                120.941117443,
                0.791684083
              ],
              [
                120.941115807,
                0.791595929
              ],
              [
                120.941099015,
                0.791497595
              ],
              [
                120.941055286,
                0.791380604
              ],
              [
                120.940969486,
                0.791194082
              ],
              [
                120.940905559,
                0.791055038
              ],
              [
                120.940738985,
                0.79076167
              ],
              [
                120.940601699,
                0.79048629
              ],
              [
                120.940472151,
                0.790221764
              ],
              [
                120.940307259,
                0.789921624
              ],
              [
                120.940176004,
                0.789713036
              ],
              [
                120.940019511,
                0.78946545
              ],
              [
                120.939900031,
                0.78927383
              ],
              [
                120.939807488,
                0.789117819
              ],
              [
                120.939725061,
                0.788921127
              ],
              [
                120.939662866,
                0.788693931
              ],
              [
                120.939639387,
                0.788495569
              ],
              [
                120.939637759,
                0.788371818
              ],
              [
                120.939645555,
                0.788189529
              ],
              [
                120.939663254,
                0.787813867
              ],
              [
                120.939650612,
                0.787493795
              ],
              [
                120.939597506,
                0.787268638
              ],
              [
                120.939495229,
                0.787035318
              ],
              [
                120.939378791,
                0.786831829
              ],
              [
                120.939204416,
                0.786637804
              ],
              [
                120.938956162,
                0.786433905
              ],
              [
                120.938728424,
                0.786226717
              ],
              [
                120.938568343,
                0.786042445
              ],
              [
                120.93848422,
                0.785876946
              ],
              [
                120.938455315,
                0.78575216
              ],
              [
                120.938439889,
                0.785615853
              ],
              [
                120.938439254,
                0.785535159
              ],
              [
                120.938449397,
                0.785456503
              ],
              [
                120.938473681,
                0.785389383
              ],
              [
                120.938509417,
                0.785320234
              ],
              [
                120.93860985,
                0.785193478
              ],
              [
                120.938746651,
                0.785084371
              ],
              [
                120.938834254,
                0.785019317
              ],
              [
                120.938927248,
                0.784953586
              ],
              [
                120.939019565,
                0.784892603
              ],
              [
                120.939110536,
                0.784828906
              ],
              [
                120.939182646,
                0.784764522
              ],
              [
                120.939274308,
                0.784666242
              ],
              [
                120.939372034,
                0.784564575
              ],
              [
                120.939466373,
                0.784501557
              ],
              [
                120.939583605,
                0.784460251
              ],
              [
                120.939692063,
                0.784452168
              ],
              [
                120.939811967,
                0.784457652
              ],
              [
                120.939928493,
                0.784480765
              ],
              [
                120.940036255,
                0.784520149
              ],
              [
                120.940146704,
                0.784574452
              ],
              [
                120.940252435,
                0.784632822
              ],
              [
                120.940333249,
                0.784676939
              ],
              [
                120.940412047,
                0.784712239
              ],
              [
                120.940618131,
                0.784807276
              ],
              [
                120.940761743,
                0.784894651
              ],
              [
                120.940915109,
                0.784998134
              ],
              [
                120.941042724,
                0.785086523
              ],
              [
                120.941169654,
                0.785176602
              ],
              [
                120.941260056,
                0.785250226
              ],
              [
                120.941352977,
                0.785332151
              ],
              [
                120.94144926,
                0.7854251
              ],
              [
                120.941531905,
                0.785508891
              ],
              [
                120.94160664,
                0.785587752
              ],
              [
                120.941691977,
                0.785675785
              ],
              [
                120.941758417,
                0.78574465
              ],
              [
                120.941806564,
                0.785790279
              ],
              [
                120.941839053,
                0.785823351
              ],
              [
                120.941876247,
                0.785859309
              ],
              [
                120.941920356,
                0.785896455
              ],
              [
                120.941947291,
                0.78591664
              ],
              [
                120.9419786,
                0.785938526
              ],
              [
                120.942009246,
                0.785957194
              ],
              [
                120.942044267,
                0.785973142
              ],
              [
                120.942090567,
                0.785993002
              ],
              [
                120.942125086,
                0.786007088
              ],
              [
                120.942151856,
                0.786015238
              ],
              [
                120.942175602,
                0.786019662
              ],
              [
                120.942209614,
                0.786022898
              ],
              [
                120.94224397,
                0.786021731
              ],
              [
                120.942267548,
                0.786019708
              ],
              [
                120.942292988,
                0.786013274
              ],
              [
                120.942317073,
                0.786001758
              ],
              [
                120.94233746,
                0.785987194
              ],
              [
                120.942365093,
                0.785959568
              ],
              [
                120.942397485,
                0.785913192
              ],
              [
                120.942425812,
                0.785844374
              ],
              [
                120.942441184,
                0.785761318
              ],
              [
                120.942443605,
                0.78562247
              ],
              [
                120.942438961,
                0.785477696
              ],
              [
                120.942422554,
                0.785289003
              ],
              [
                120.942408477,
                0.785146593
              ],
              [
                120.942381474,
                0.784916367
              ],
              [
                120.942363865,
                0.7847609
              ],
              [
                120.94231689,
                0.784392999
              ],
              [
                120.942296975,
                0.784141412
              ],
              [
                120.942287631,
                0.783963408
              ],
              [
                120.942286511,
                0.783848302
              ],
              [
                120.942288925,
                0.783723694
              ],
              [
                120.942293696,
                0.78360859
              ],
              [
                120.942307896,
                0.783499422
              ],
              [
                120.942329173,
                0.783389072
              ],
              [
                120.942353977,
                0.783287025
              ],
              [
                120.942385853,
                0.783195668
              ],
              [
                120.942437768,
                0.783101943
              ],
              [
                120.942497917,
                0.783031965
              ],
              [
                120.94255806,
                0.782994021
              ],
              [
                120.942625261,
                0.782975067
              ],
              [
                120.942712504,
                0.782967986
              ],
              [
                120.942813879,
                0.782972783
              ],
              [
                120.942902291,
                0.782981135
              ],
              [
                120.943195219,
                0.783080166
              ],
              [
                120.94335081,
                0.783115848
              ],
              [
                120.943449843,
                0.783098095
              ],
              [
                120.943570129,
                0.783019837
              ],
              [
                120.943701048,
                0.782870374
              ],
              [
                120.943789553,
                0.782688857
              ],
              [
                120.943867441,
                0.782525128
              ],
              [
                120.943980766,
                0.782208345
              ],
              [
                120.944074586,
                0.781993006
              ],
              [
                120.944168407,
                0.781777667
              ],
              [
                120.944288767,
                0.78154632
              ],
              [
                120.944398488,
                0.781361251
              ],
              [
                120.944518804,
                0.78122247
              ],
              [
                120.944677987,
                0.781129982
              ],
              [
                120.944922051,
                0.781051785
              ],
              [
                120.945190844,
                0.781023437
              ],
              [
                120.945424272,
                0.781002187
              ],
              [
                120.94564,
                0.780995178
              ],
              [
                120.945873418,
                0.780995292
              ],
              [
                120.946060853,
                0.781006063
              ],
              [
                120.946202317,
                0.78100257
              ],
              [
                120.946403916,
                0.780959948
              ],
              [
                120.946580787,
                0.780881718
              ],
              [
                120.946690453,
                0.780810571
              ],
              [
                120.946931033,
                0.780618441
              ],
              [
                120.947153921,
                0.780440551
              ],
              [
                120.947288345,
                0.780380094
              ],
              [
                120.947465167,
                0.780383743
              ],
              [
                120.947695017,
                0.780444379
              ],
              [
                120.947783408,
                0.780497822
              ],
              [
                120.947896544,
                0.780569079
              ],
              [
                120.947999079,
                0.78062609
              ],
              [
                120.948101612,
                0.780668862
              ],
              [
                120.948105151,
                0.780668863
              ],
              [
                120.948211249,
                0.780676031
              ],
              [
                120.948338586,
                0.780633373
              ],
              [
                120.948557915,
                0.780498202
              ],
              [
                120.948724206,
                0.780345203
              ],
              [
                120.948943575,
                0.780145946
              ],
              [
                120.949159386,
                0.779985846
              ],
              [
                120.949336257,
                0.779889813
              ],
              [
                120.949516694,
                0.779736812
              ],
              [
                120.949704235,
                0.779530424
              ],
              [
                120.949835187,
                0.779331124
              ],
              [
                120.949948476,
                0.779085531
              ],
              [
                120.950008708,
                0.778861278
              ],
              [
                120.950037054,
                0.778750932
              ],
              [
                120.950111384,
                0.778608565
              ],
              [
                120.950224619,
                0.778476895
              ],
              [
                120.95036966,
                0.778395087
              ],
              [
                120.950638481,
                0.778309777
              ],
              [
                120.950875448,
                0.778270725
              ],
              [
                120.951066442,
                0.778242338
              ],
              [
                120.951257438,
                0.778189032
              ],
              [
                120.951508604,
                0.778060992
              ],
              [
                120.951699638,
                0.77792936
              ],
              [
                120.951862394,
                0.777787036
              ],
              [
                120.951982704,
                0.777641138
              ],
              [
                120.952085348,
                0.777473858
              ],
              [
                120.952173855,
                0.777285223
              ],
              [
                120.952280055,
                0.777064546
              ],
              [
                120.952382712,
                0.776868793
              ],
              [
                120.952517197,
                0.77666237
              ],
              [
                120.952637509,
                0.776530712
              ],
              [
                120.952817934,
                0.776402637
              ],
              [
                120.95309387,
                0.776239003
              ],
              [
                120.953295484,
                0.776164337
              ],
              [
                120.953652702,
                0.77612179
              ],
              [
                120.95384721,
                0.776125447
              ],
              [
                120.954112447,
                0.776154057
              ],
              [
                120.954391814,
                0.776196914
              ],
              [
                120.954579255,
                0.776197006
              ],
              [
                120.954773788,
                0.776150817
              ],
              [
                120.955010776,
                0.776069052
              ],
              [
                120.95527251,
                0.776022896
              ],
              [
                120.955424584,
                0.776015855
              ],
              [
                120.955718102,
                0.776051594
              ],
              [
                120.956036363,
                0.776126513
              ],
              [
                120.956269772,
                0.776130189
              ],
              [
                120.95655626,
                0.776084045
              ],
              [
                120.956835704,
                0.775966696
              ],
              [
                120.957086896,
                0.775767452
              ],
              [
                120.957288584,
                0.775557507
              ],
              [
                120.95749029,
                0.775311956
              ],
              [
                120.957674292,
                0.775105565
              ],
              [
                120.957918419,
                0.77489564
              ],
              [
                120.958176674,
                0.774707078
              ],
              [
                120.958438463,
                0.774546998
              ],
              [
                120.958664878,
                0.774394026
              ],
              [
                120.958866528,
                0.77426596
              ],
              [
                120.959061091,
                0.774155694
              ],
              [
                120.9592981,
                0.774031198
              ],
              [
                120.959535111,
                0.77390315
              ],
              [
                120.959673099,
                0.773789293
              ],
              [
                120.959814665,
                0.773575756
              ],
              [
                120.959885475,
                0.77341203
              ],
              [
                120.959924496,
                0.773159284
              ],
              [
                120.959954689,
                0.772885168
              ],
              [
                120.959984882,
                0.772611053
              ],
              [
                120.959995674,
                0.772223005
              ],
              [
                120.960009972,
                0.77190617
              ],
              [
                120.960038417,
                0.77158577
              ],
              [
                120.960098686,
                0.771283188
              ],
              [
                120.960229691,
                0.770952168
              ],
              [
                120.96039961,
                0.770610481
              ],
              [
                120.960601352,
                0.770286602
              ],
              [
                120.960852605,
                0.76995564
              ],
              [
                120.961061386,
                0.769713654
              ],
              [
                120.961241843,
                0.769517928
              ],
              [
                120.961425846,
                0.769307973
              ],
              [
                120.9615957,
                0.769101573
              ],
              [
                120.961733728,
                0.76888447
              ],
              [
                120.961818684,
                0.768720742
              ],
              [
                120.96187182,
                0.768532089
              ],
              [
                120.961878965,
                0.768389688
              ],
              [
                120.961875506,
                0.768222355
              ],
              [
                120.961783739,
                0.767841381
              ],
              [
                120.96176264,
                0.767577928
              ],
              [
                120.961755684,
                0.767321597
              ],
              [
                120.961748737,
                0.767065266
              ],
              [
                120.96175415,
                0.766824963
              ],
              [
                120.961759572,
                0.766584651
              ],
              [
                120.961791546,
                0.766282064
              ],
              [
                120.961834083,
                0.766075593
              ],
              [
                120.961933217,
                0.765844232
              ],
              [
                120.962039388,
                0.765698325
              ],
              [
                120.962219826,
                0.765541767
              ],
              [
                120.962343647,
                0.765452821
              ],
              [
                120.962421483,
                0.765395897
              ],
              [
                120.962520558,
                0.765289136
              ],
              [
                120.96261257,
                0.765150338
              ],
              [
                120.962693984,
                0.764993733
              ],
              [
                120.962846244,
                0.764612876
              ],
              [
                120.962984279,
                0.76437797
              ],
              [
                120.963203663,
                0.76412531
              ],
              [
                120.963440722,
                0.763911816
              ],
              [
                120.963688351,
                0.763758852
              ],
              [
                120.963858141,
                0.763687731
              ],
              [
                120.964109267,
                0.763623764
              ],
              [
                120.964342699,
                0.763598957
              ],
              [
                120.964565507,
                0.763588385
              ],
              [
                120.964809541,
                0.763574261
              ],
              [
                120.965092486,
                0.76353879
              ],
              [
                120.965258717,
                0.763510389
              ],
              [
                120.965463884,
                0.76340725
              ],
              [
                120.965626625,
                0.763293404
              ],
              [
                120.965856634,
                0.763022945
              ],
              [
                120.965985814,
                0.762804056
              ],
              [
                120.966115004,
                0.762585167
              ],
              [
                120.966232706,
                0.762346697
              ],
              [
                120.966350409,
                0.762108228
              ],
              [
                120.96646812,
                0.761869749
              ],
              [
                120.966585822,
                0.76163128
              ],
              [
                120.966706182,
                0.761392811
              ],
              [
                120.966826534,
                0.761154343
              ],
              [
                120.966946895,
                0.760915875
              ],
              [
                120.967055739,
                0.760718341
              ],
              [
                120.967164575,
                0.760520798
              ],
              [
                120.967273419,
                0.760323264
              ],
              [
                120.967382264,
                0.760125731
              ],
              [
                120.967512058,
                0.759863532
              ],
              [
                120.96764186,
                0.759601325
              ],
              [
                120.967771653,
                0.759339127
              ],
              [
                120.967901451,
                0.759087606
              ],
              [
                120.968031239,
                0.758836086
              ],
              [
                120.968161036,
                0.758584566
              ],
              [
                120.968322072,
                0.758314073
              ],
              [
                120.968483117,
                0.75804358
              ],
              [
                120.968624689,
                0.757812245
              ],
              [
                120.968766261,
                0.757580902
              ],
              [
                120.968937885,
                0.757369157
              ],
              [
                120.96910951,
                0.757157412
              ],
              [
                120.969265198,
                0.756992531
              ],
              [
                120.969420885,
                0.75682765
              ],
              [
                120.969576572,
                0.756662768
              ],
              [
                120.969765899,
                0.756413654
              ],
              [
                120.969955218,
                0.75616453
              ],
              [
                120.97011096,
                0.755881574
              ],
              [
                120.970266702,
                0.755598619
              ],
              [
                120.970352853,
                0.755390983
              ],
              [
                120.970439014,
                0.755183357
              ],
              [
                120.970525165,
                0.754975721
              ],
              [
                120.970593344,
                0.754767489
              ],
              [
                120.970661523,
                0.754559248
              ],
              [
                120.970729693,
                0.754351007
              ],
              [
                120.970797872,
                0.754142775
              ],
              [
                120.970859281,
                0.753910209
              ],
              [
                120.97092069,
                0.753677643
              ],
              [
                120.970982098,
                0.753445077
              ],
              [
                120.971019934,
                0.753204191
              ],
              [
                120.971057769,
                0.752963313
              ],
              [
                120.971095604,
                0.752722427
              ],
              [
                120.971108212,
                0.752493771
              ],
              [
                120.971120812,
                0.752265115
              ],
              [
                120.971133411,
                0.752036468
              ],
              [
                120.971146019,
                0.751807812
              ],
              [
                120.97113621,
                0.751576189
              ],
              [
                120.971126401,
                0.751344575
              ],
              [
                120.971116592,
                0.751112952
              ],
              [
                120.971116701,
                0.750877347
              ],
              [
                120.97111681,
                0.750641732
              ],
              [
                120.971116918,
                0.750406126
              ],
              [
                120.971125968,
                0.750142568
              ],
              [
                120.971130856,
                0.750000002
              ],
              [
                120.971135008,
                0.74987901
              ],
              [
                120.971158912,
                0.749657394
              ],
              [
                120.971182816,
                0.749435768
              ],
              [
                120.971209697,
                0.749205166
              ],
              [
                120.971236587,
                0.748974564
              ],
              [
                120.971242712,
                0.748585209
              ],
              [
                120.971230918,
                0.748351595
              ],
              [
                120.971219125,
                0.748117973
              ],
              [
                120.971159796,
                0.747734582
              ],
              [
                120.971145054,
                0.747447053
              ],
              [
                120.971130312,
                0.747159523
              ],
              [
                120.971126453,
                0.746917921
              ],
              [
                120.971122603,
                0.746676328
              ],
              [
                120.971118744,
                0.746434726
              ],
              [
                120.971108938,
                0.746195119
              ],
              [
                120.971099122,
                0.745955513
              ],
              [
                120.971089316,
                0.745715906
              ],
              [
                120.97105376,
                0.745395419
              ],
              [
                120.971018204,
                0.745074933
              ],
              [
                120.970944523,
                0.744847277
              ],
              [
                120.970870841,
                0.74461962
              ],
              [
                120.970797159,
                0.744391964
              ],
              [
                120.970723478,
                0.744164308
              ],
              [
                120.970649796,
                0.743936652
              ],
              [
                120.970507158,
                0.743559217
              ],
              [
                120.97050693,
                0.74345255
              ],
              [
                120.970504607,
                0.742367456
              ],
              [
                120.969296453,
                0.741336972
              ],
              [
                120.968886574,
                0.740987369
              ],
              [
                120.967363719,
                0.739797639
              ],
              [
                120.964980165,
                0.738401307
              ],
              [
                120.963933202,
                0.738068183
              ],
              [
                120.962886239,
                0.737211577
              ],
              [
                120.962124811,
                0.736212203
              ],
              [
                120.96160133,
                0.734784527
              ],
              [
                120.961430668,
                0.733931219
              ],
              [
                120.961363384,
                0.733594796
              ],
              [
                120.961363384,
                0.732542474
              ],
              [
                120.961363384,
                0.732405065
              ],
              [
                120.960649546,
                0.731833995
              ],
              [
                120.960459189,
                0.730549086
              ],
              [
                120.960173653,
                0.729359356
              ],
              [
                120.960316421,
                0.728026858
              ],
              [
                120.961125438,
                0.726932305
              ],
              [
                120.961982044,
                0.725837753
              ],
              [
                120.962648292,
                0.724695612
              ],
              [
                120.96345731,
                0.723315524
              ],
              [
                120.963504899,
                0.722411329
              ],
              [
                120.963362131,
                0.721507135
              ],
              [
                120.962981418,
                0.720079458
              ],
              [
                120.961934454,
                0.717842764
              ],
              [
                120.961648919,
                0.716795801
              ],
              [
                120.961315795,
                0.715606071
              ],
              [
                120.960173653,
                0.714797054
              ],
              [
                120.959412226,
                0.71384527
              ],
              [
                120.959364637,
                0.713083842
              ],
              [
                120.958936334,
                0.712036879
              ],
              [
                120.958603209,
                0.710989916
              ],
              [
                120.957889371,
                0.709800186
              ],
              [
                120.95736589,
                0.708705634
              ],
              [
                120.957461068,
                0.707991796
              ],
              [
                120.958270085,
                0.707420725
              ],
              [
                120.95860321,
                0.706706887
              ],
              [
                120.958508031,
                0.706183405
              ],
              [
                120.957556246,
                0.704803318
              ],
              [
                120.957127943,
                0.703565998
              ],
              [
                120.956318927,
                0.702185911
              ],
              [
                120.955938213,
                0.701234127
              ],
              [
                120.955890624,
                0.700044396
              ],
              [
                120.955605089,
                0.699140201
              ],
              [
                120.955319553,
                0.697807703
              ],
              [
                120.955367142,
                0.696855918
              ],
              [
                120.955843035,
                0.69618967
              ],
              [
                120.955985802,
                0.695571009
              ],
              [
                120.955700267,
                0.694809581
              ],
              [
                120.95540823,
                0.694663563
              ],
              [
                120.955034018,
                0.694476457
              ],
              [
                120.954034644,
                0.694143333
              ],
              [
                120.95303527,
                0.693715029
              ],
              [
                120.95210783,
                0.693476545
              ],
              [
                120.951369648,
                0.693286726
              ],
              [
                120.951335044,
                0.693273417
              ],
              [
                120.949513668,
                0.692572888
              ],
              [
                120.948085992,
                0.691906639
              ],
              [
                120.945801709,
                0.691430747
              ],
              [
                120.944231264,
                0.691050033
              ],
              [
                120.942653699,
                0.69072524
              ],
              [
                120.942613231,
                0.690716909
              ],
              [
                120.941280733,
                0.690288606
              ],
              [
                120.939281986,
                0.689907892
              ],
              [
                120.937378417,
                0.690478962
              ],
              [
                120.935522437,
                0.691192801
              ],
              [
                120.933428512,
                0.692001818
              ],
              [
                120.931144229,
                0.692953602
              ],
              [
                120.929018507,
                0.693150428
              ],
              [
                120.928574412,
                0.693191548
              ],
              [
                120.928433165,
                0.693293377
              ],
              [
                120.926528075,
                0.694666814
              ],
              [
                120.925290755,
                0.69490476
              ],
              [
                120.924481739,
                0.695237885
              ],
              [
                120.923577543,
                0.695095117
              ],
              [
                120.922245045,
                0.695190295
              ],
              [
                120.920246298,
                0.695333063
              ],
              [
                120.919056567,
                0.695380653
              ],
              [
                120.917819248,
                0.695428242
              ],
              [
                120.916772285,
                0.69552342
              ],
              [
                120.9158205,
                0.695856545
              ],
              [
                120.914392824,
                0.695951723
              ],
              [
                120.91339345,
                0.696332437
              ],
              [
                120.912679612,
                0.696855918
              ],
              [
                120.912108541,
                0.697331811
              ],
              [
                120.911251935,
                0.697807703
              ],
              [
                120.91034774,
                0.697855292
              ],
              [
                120.90833313,
                0.697769367
              ],
              [
                120.907159262,
                0.697927997
              ],
              [
                120.906366109,
                0.698435616
              ],
              [
                120.905382599,
                0.698594246
              ],
              [
                120.904557718,
                0.698721151
              ],
              [
                120.903130042,
                0.699292222
              ],
              [
                120.901638913,
                0.699799841
              ],
              [
                120.900465045,
                0.700751624
              ],
              [
                120.899640165,
                0.700941981
              ],
              [
                120.898847011,
                0.701417874
              ],
              [
                120.898053858,
                0.701481326
              ],
              [
                120.896943443,
                0.701766861
              ],
              [
                120.896055111,
                0.701925492
              ],
              [
                120.895008148,
                0.702369658
              ],
              [
                120.894627434,
                0.702655194
              ],
              [
                120.893897733,
                0.70284555
              ],
              [
                120.893168031,
                0.703226264
              ],
              [
                120.892628687,
                0.703480073
              ],
              [
                120.892089342,
                0.703797335
              ],
              [
                120.891359641,
                0.704622215
              ],
              [
                120.891105832,
                0.705034654
              ],
              [
                120.890471309,
                0.70532019
              ],
              [
                120.889551251,
                0.705288463
              ],
              [
                120.889352503,
                0.705369769
              ],
              [
                120.888853276,
                0.705573999
              ],
              [
                120.888563942,
                0.705701305
              ],
              [
                120.888060122,
                0.705922987
              ],
              [
                120.887679408,
                0.705859535
              ],
              [
                120.88756371,
                0.705720696
              ],
              [
                120.887362147,
                0.70547882
              ],
              [
                120.887140063,
                0.705098107
              ],
              [
                120.886886255,
                0.704780845
              ],
              [
                120.886600719,
                0.704780846
              ],
              [
                120.886442089,
                0.705002929
              ],
              [
                120.88593447,
                0.705098107
              ],
              [
                120.885559299,
                0.705035578
              ],
              [
                120.885553756,
                0.705034654
              ],
              [
                120.885326098,
                0.704985871
              ],
              [
                120.88510959,
                0.704939476
              ],
              [
                120.884570246,
                0.704939476
              ],
              [
                120.884062628,
                0.704653941
              ],
              [
                120.883555009,
                0.704368405
              ],
              [
                120.883316819,
                0.704254488
              ],
              [
                120.882932758,
                0.704070807
              ],
              [
                120.882825307,
                0.704019417
              ],
              [
                120.882032154,
                0.70367043
              ],
              [
                120.881239,
                0.703511799
              ],
              [
                120.880794834,
                0.70367043
              ],
              [
                120.880604477,
                0.703860787
              ],
              [
                120.880541025,
                0.704558763
              ],
              [
                120.880382394,
                0.705002928
              ],
              [
                120.880160312,
                0.705256738
              ],
              [
                120.879589241,
                0.705605725
              ],
              [
                120.879176801,
                0.70589126
              ],
              [
                120.878922992,
                0.706208522
              ],
              [
                120.878637457,
                0.706557509
              ],
              [
                120.878256743,
                0.706874771
              ],
              [
                120.877939481,
                0.707192032
              ],
              [
                120.877558767,
                0.707445842
              ],
              [
                120.877082875,
                0.70738239
              ],
              [
                120.876733888,
                0.707160306
              ],
              [
                120.876321448,
                0.70712858
              ],
              [
                120.875718651,
                0.707287211
              ],
              [
                120.875020676,
                0.707477568
              ],
              [
                120.874544783,
                0.707509294
              ],
              [
                120.874227522,
                0.707509294
              ],
              [
                120.873815082,
                0.707826555
              ],
              [
                120.873434368,
                0.708334174
              ],
              [
                120.872958476,
                0.708873518
              ],
              [
                120.872387406,
                0.709381137
              ],
              [
                120.871657704,
                0.709825303
              ],
              [
                120.871118359,
                0.71001566
              ],
              [
                120.870325206,
                0.710237742
              ],
              [
                120.869532052,
                0.710396373
              ],
              [
                120.868960981,
                0.710967444
              ],
              [
                120.868199554,
                0.711316431
              ],
              [
                120.867501579,
                0.711252979
              ],
              [
                120.867025687,
                0.711252979
              ],
              [
                120.866725606,
                0.711184779
              ],
              [
                120.866327711,
                0.711094348
              ],
              [
                120.865883546,
                0.710872266
              ],
              [
                120.865375927,
                0.710459826
              ],
              [
                120.864963487,
                0.710301195
              ],
              [
                120.864519321,
                0.710269469
              ],
              [
                120.864262744,
                0.710342777
              ],
              [
                120.864075155,
                0.710396373
              ],
              [
                120.863630989,
                0.710713634
              ],
              [
                120.862869562,
                0.711252979
              ],
              [
                120.86229849,
                0.711126074
              ],
              [
                120.861949504,
                0.711062622
              ],
              [
                120.86131498,
                0.71141161
              ],
              [
                120.86090254,
                0.711697145
              ],
              [
                120.860490101,
                0.711887502
              ],
              [
                120.859792125,
                0.712204764
              ],
              [
                120.859347959,
                0.712363395
              ],
              [
                120.858649984,
                0.712680655
              ],
              [
                120.858110639,
                0.712839287
              ],
              [
                120.857938727,
                0.712984055
              ],
              [
                120.857507842,
                0.713346905
              ],
              [
                120.856968499,
                0.713981428
              ],
              [
                120.856651237,
                0.714615951
              ],
              [
                120.856429153,
                0.71544083
              ],
              [
                120.856111892,
                0.716678151
              ],
              [
                120.855984987,
                0.717788566
              ],
              [
                120.855889809,
                0.718201005
              ],
              [
                120.855128382,
                0.71832791
              ],
              [
                120.854525585,
                0.71832791
              ],
              [
                120.854144871,
                0.71858172
              ],
              [
                120.853986241,
                0.719121063
              ],
              [
                120.853700705,
                0.720041122
              ],
              [
                120.853383444,
                0.720421835
              ],
              [
                120.85300273,
                0.720517014
              ],
              [
                120.852622016,
                0.720612193
              ],
              [
                120.852304754,
                0.721024633
              ],
              [
                120.852019219,
                0.721754334
              ],
              [
                120.851860589,
                0.722515762
              ],
              [
                120.851733684,
                0.723530998
              ],
              [
                120.851511601,
                0.724324151
              ],
              [
                120.851003983,
                0.725751828
              ],
              [
                120.850115651,
                0.727084327
              ],
              [
                120.849393881,
                0.728194742
              ],
              [
                120.849298702,
                0.728765812
              ],
              [
                120.849457333,
                0.729368609
              ],
              [
                120.849901499,
                0.730130037
              ],
              [
                120.850282213,
                0.731494261
              ],
              [
                120.850472569,
                0.733175747
              ],
              [
                120.850599474,
                0.734190983
              ],
              [
                120.850631201,
                0.735174494
              ],
              [
                120.85047257,
                0.735840743
              ],
              [
                120.850187035,
                0.736158004
              ],
              [
                120.84980632,
                0.736411813
              ],
              [
                120.84964769,
                0.73685598
              ],
              [
                120.849552511,
                0.737712586
              ],
              [
                120.849901499,
                0.73907681
              ],
              [
                120.849996677,
                0.740441034
              ],
              [
                120.850377391,
                0.741075558
              ],
              [
                120.850567748,
                0.741487997
              ],
              [
                120.850377392,
                0.742217699
              ],
              [
                120.849933225,
                0.743042578
              ],
              [
                120.849615964,
                0.744216446
              ],
              [
                120.849584237,
                0.745771027
              ],
              [
                120.849647689,
                0.747008347
              ],
              [
                120.849901499,
                0.748340845
              ],
              [
                120.850187034,
                0.749356081
              ],
              [
                120.850599474,
                0.75068858
              ],
              [
                120.851297449,
                0.751735542
              ],
              [
                120.851900246,
                0.753068041
              ],
              [
                120.852249234,
                0.754210182
              ],
              [
                120.852503043,
                0.755288871
              ],
              [
                120.852503043,
                0.756304107
              ],
              [
                120.852185782,
                0.757477975
              ],
              [
                120.851773341,
                0.758969104
              ],
              [
                120.851202271,
                0.760174698
              ],
              [
                120.850662926,
                0.761253387
              ],
              [
                120.850345665,
                0.762427254
              ],
              [
                120.849869773,
                0.763505943
              ],
              [
                120.849615964,
                0.764457727
              ],
              [
                120.849330429,
                0.765599868
              ],
              [
                120.849393881,
                0.76690064
              ],
              [
                120.849742868,
                0.76797933
              ],
              [
                120.85047257,
                0.76880421
              ],
              [
                120.851424354,
                0.769946351
              ],
              [
                120.852027151,
                0.770961587
              ],
              [
                120.852978935,
                0.771564384
              ],
              [
                120.853581732,
                0.772262359
              ],
              [
                120.854184529,
                0.773087239
              ],
              [
                120.854660421,
                0.774165928
              ],
              [
                120.854660421,
                0.774805397
              ],
              [
                120.854660421,
                0.774895629
              ],
              [
                120.85450179,
                0.775783962
              ],
              [
                120.854311433,
                0.776767472
              ],
              [
                120.854247981,
                0.777370269
              ],
              [
                120.854247981,
                0.778036518
              ],
              [
                120.854374886,
                0.778734493
              ],
              [
                120.854434413,
                0.778987868
              ],
              [
                120.855233282,
                0.782388264
              ],
              [
                120.854495222,
                0.783069339
              ],
              [
                120.853874669,
                0.783641979
              ],
              [
                120.850357058,
                0.783567108
              ],
              [
                120.847387664,
                0.782401685
              ],
              [
                120.843247401,
                0.781402311
              ],
              [
                120.840035129,
                0.780759857
              ],
              [
                120.838036382,
                0.780545705
              ],
              [
                120.835752099,
                0.780545705
              ],
              [
                120.833325049,
                0.780545705
              ],
              [
                120.831469069,
                0.781473695
              ],
              [
                120.830255544,
                0.782544453
              ],
              [
                120.828270095,
                0.786043372
              ],
              [
                120.828250633,
                0.786475854
              ],
              [
                120.8282152,
                0.786795364
              ],
              [
                120.828179766,
                0.787114872
              ],
              [
                120.828149711,
                0.787364454
              ],
              [
                120.828119657,
                0.787614034
              ],
              [
                120.828089603,
                0.787863616
              ],
              [
                120.82803498,
                0.788087897
              ],
              [
                120.827980358,
                0.788312188
              ],
              [
                120.827925735,
                0.788536479
              ],
              [
                120.827871113,
                0.78876076
              ],
              [
                120.827815388,
                0.789049058
              ],
              [
                120.827759664,
                0.789337357
              ],
              [
                120.827703939,
                0.789625655
              ],
              [
                120.827684575,
                0.789868787
              ],
              [
                120.827665212,
                0.790111918
              ],
              [
                120.827645847,
                0.790355051
              ],
              [
                120.827652099,
                0.790664899
              ],
              [
                120.827658351,
                0.790974747
              ],
              [
                120.82768388,
                0.791207143
              ],
              [
                120.827709409,
                0.791439541
              ],
              [
                120.82781827,
                0.791730078
              ],
              [
                120.827991212,
                0.792104564
              ],
              [
                120.82816102,
                0.792343493
              ],
              [
                120.828330827,
                0.792582422
              ],
              [
                120.828433339,
                0.792750308
              ],
              [
                120.828567906,
                0.79293435
              ],
              [
                120.828702473,
                0.793118391
              ],
              [
                120.828878731,
                0.79328309
              ],
              [
                120.829054989,
                0.793447787
              ],
              [
                120.829231258,
                0.79359312
              ],
              [
                120.829407526,
                0.793738453
              ],
              [
                120.829708752,
                0.794048458
              ],
              [
                120.829872176,
                0.794232515
              ],
              [
                120.830035599,
                0.794416572
              ],
              [
                120.830240614,
                0.794771711
              ],
              [
                120.830301395,
                0.795036403
              ],
              [
                120.830350232,
                0.795249084
              ],
              [
                120.830362175,
                0.795301095
              ],
              [
                120.83039091,
                0.795533494
              ],
              [
                120.830419645,
                0.795765892
              ],
              [
                120.830438722,
                0.796072521
              ],
              [
                120.8304578,
                0.796379148
              ],
              [
                120.830499321,
                0.796685788
              ],
              [
                120.830540841,
                0.796992428
              ],
              [
                120.830617678,
                0.797209791
              ],
              [
                120.830694514,
                0.797427153
              ],
              [
                120.830771351,
                0.797644516
              ],
              [
                120.830896255,
                0.79791247
              ],
              [
                120.831021159,
                0.798180423
              ],
              [
                120.831242266,
                0.79841938
              ],
              [
                120.831463373,
                0.798658336
              ],
              [
                120.831627857,
                0.79885638
              ],
              [
                120.831792343,
                0.799054424
              ],
              [
                120.831956827,
                0.799252469
              ],
              [
                120.832094544,
                0.799543022
              ],
              [
                120.832232261,
                0.799833576
              ],
              [
                120.832293013,
                0.800149909
              ],
              [
                120.832353767,
                0.800466242
              ],
              [
                120.832400148,
                0.800719183
              ],
              [
                120.832446518,
                0.800972114
              ],
              [
                120.832518524,
                0.80120338
              ],
              [
                120.832590521,
                0.801434637
              ],
              [
                120.832714399,
                0.801621901
              ],
              [
                120.832838277,
                0.801809165
              ],
              [
                120.832962154,
                0.80199643
              ],
              [
                120.832966922,
                0.802003214
              ],
              [
                120.833107396,
                0.802203071
              ],
              [
                120.833252638,
                0.802409712
              ],
              [
                120.833397881,
                0.802616354
              ],
              [
                120.833553808,
                0.802827304
              ],
              [
                120.833709736,
                0.803038255
              ],
              [
                120.833865663,
                0.803249205
              ],
              [
                120.833968143,
                0.803479493
              ],
              [
                120.834070622,
                0.80370978
              ],
              [
                120.834173102,
                0.803940068
              ],
              [
                120.834237089,
                0.804201534
              ],
              [
                120.834301077,
                0.804463001
              ],
              [
                120.834284909,
                0.804721197
              ],
              [
                120.834268742,
                0.804979394
              ],
              [
                120.834188428,
                0.805276287
              ],
              [
                120.834108114,
                0.80557318
              ],
              [
                120.834039591,
                0.805805528
              ],
              [
                120.833971067,
                0.806037875
              ],
              [
                120.833902544,
                0.806270223
              ],
              [
                120.833872491,
                0.80651335
              ],
              [
                120.833842436,
                0.806756476
              ],
              [
                120.833812383,
                0.806999604
              ],
              [
                120.833814404,
                0.807219079
              ],
              [
                120.833816425,
                0.807438554
              ],
              [
                120.833818447,
                0.80765803
              ],
              [
                120.833865032,
                0.807929378
              ],
              [
                120.833911626,
                0.808200735
              ],
              [
                120.833958211,
                0.808472083
              ],
              [
                120.834605418,
                0.810333882
              ],
              [
                120.834890953,
                0.812237451
              ],
              [
                120.834385306,
                0.81457426
              ],
              [
                120.834288789,
                0.815189596
              ],
              [
                120.83417731,
                0.815800621
              ],
              [
                120.834115167,
                0.816091068
              ],
              [
                120.83403816,
                0.816415869
              ],
              [
                120.833965202,
                0.816723589
              ],
              [
                120.833798475,
                0.817594615
              ],
              [
                120.834030772,
                0.817715236
              ],
              [
                120.834263069,
                0.817835858
              ],
              [
                120.834474204,
                0.818027349
              ],
              [
                120.834621916,
                0.818314419
              ],
              [
                120.834938624,
                0.818591023
              ],
              [
                120.83513923,
                0.81872226
              ],
              [
                120.835339836,
                0.818853496
              ],
              [
                120.835755186,
                0.819009658
              ],
              [
                120.836054377,
                0.819126773
              ],
              [
                120.836353569,
                0.819243888
              ],
              [
                120.836621103,
                0.819307825
              ],
              [
                120.836888637,
                0.819371762
              ],
              [
                120.83718437,
                0.819371923
              ],
              [
                120.837480104,
                0.819372083
              ],
              [
                120.837775837,
                0.819372244
              ],
              [
                120.83794943,
                0.819549538
              ],
              [
                120.838123014,
                0.819726833
              ],
              [
                120.838296607,
                0.819904128
              ],
              [
                120.838511234,
                0.82014878
              ],
              [
                120.838725862,
                0.820393433
              ],
              [
                120.838899429,
                0.820617983
              ],
              [
                120.839072988,
                0.820842525
              ],
              [
                120.839246555,
                0.821067076
              ],
              [
                120.839396655,
                0.821275069
              ],
              [
                120.839546763,
                0.821483073
              ],
              [
                120.839696863,
                0.821691066
              ],
              [
                120.839865734,
                0.82191443
              ],
              [
                120.840034605,
                0.822137795
              ],
              [
                120.840192942,
                0.822307993
              ],
              [
                120.840351279,
                0.822478192
              ],
              [
                120.840565967,
                0.82261298
              ],
              [
                120.840780654,
                0.82274777
              ],
              [
                120.841023544,
                0.822811694
              ],
              [
                120.841266435,
                0.822875619
              ],
              [
                120.841583244,
                0.822967935
              ],
              [
                120.841900052,
                0.823060253
              ],
              [
                120.842142914,
                0.823177337
              ],
              [
                120.842385776,
                0.823294422
              ],
              [
                120.842611014,
                0.823450481
              ],
              [
                120.842836252,
                0.82360654
              ],
              [
                120.843022779,
                0.823734226
              ],
              [
                120.843209304,
                0.823861912
              ],
              [
                120.843470734,
                0.82405533
              ],
              [
                120.843732165,
                0.824248748
              ],
              [
                120.843928635,
                0.824473583
              ],
              [
                120.844125105,
                0.824698419
              ],
              [
                120.844254911,
                0.824966822
              ],
              [
                120.844384716,
                0.825235225
              ],
              [
                120.844473435,
                0.825481248
              ],
              [
                120.844562163,
                0.825727262
              ],
              [
                120.844650882,
                0.825973285
              ],
              [
                120.844717358,
                0.826281904
              ],
              [
                120.844783832,
                0.826590522
              ],
              [
                120.844820308,
                0.82691925
              ],
              [
                120.844856782,
                0.827247977
              ],
              [
                120.844903218,
                0.827643793
              ],
              [
                120.84496298,
                0.828039616
              ],
              [
                120.845196054,
                0.828355034
              ],
              [
                120.845083516,
                0.828609464
              ],
              [
                120.844970968,
                0.828863893
              ],
              [
                120.844848995,
                0.829094215
              ],
              [
                120.844727031,
                0.829324545
              ],
              [
                120.844605057,
                0.829554866
              ],
              [
                120.844481474,
                0.829722208
              ],
              [
                120.84435789,
                0.82988954
              ],
              [
                120.844234307,
                0.830056882
              ],
              [
                120.844125552,
                0.830207651
              ],
              [
                120.844016797,
                0.830358429
              ],
              [
                120.843908041,
                0.830509198
              ],
              [
                120.843781971,
                0.830708027
              ],
              [
                120.8436559,
                0.830906856
              ],
              [
                120.843519946,
                0.831113139
              ],
              [
                120.843383993,
                0.831319421
              ],
              [
                120.843270269,
                0.83152323
              ],
              [
                120.843156546,
                0.831727039
              ],
              [
                120.843042821,
                0.831930847
              ],
              [
                120.842857465,
                0.832147047
              ],
              [
                120.842672109,
                0.832363247
              ],
              [
                120.842311364,
                0.832631562
              ],
              [
                120.842056898,
                0.832763191
              ],
              [
                120.841802432,
                0.832894821
              ],
              [
                120.841503512,
                0.833018968
              ],
              [
                120.841204593,
                0.833143114
              ],
              [
                120.84092298,
                0.833234949
              ],
              [
                120.840641367,
                0.833326784
              ],
              [
                120.840290589,
                0.833435985
              ],
              [
                120.840001595,
                0.833475605
              ],
              [
                120.839712602,
                0.833515225
              ],
              [
                120.839307533,
                0.833539863
              ],
              [
                120.838887651,
                0.833554549
              ],
              [
                120.838596228,
                0.83351958
              ],
              [
                120.838304806,
                0.833484612
              ],
              [
                120.838080071,
                0.833444708
              ],
              [
                120.8379403,
                0.833515388
              ],
              [
                120.83777368,
                0.833685703
              ],
              [
                120.837692021,
                0.833966601
              ],
              [
                120.837627684,
                0.83418867
              ],
              [
                120.837563347,
                0.834410732
              ],
              [
                120.837499009,
                0.834632801
              ],
              [
                120.837412414,
                0.834908724
              ],
              [
                120.837325818,
                0.835184647
              ],
              [
                120.837238429,
                0.835401732
              ],
              [
                120.837151048,
                0.835618807
              ],
              [
                120.837063658,
                0.835835892
              ],
              [
                120.836959788,
                0.836086943
              ],
              [
                120.836855917,
                0.836337993
              ],
              [
                120.836732268,
                0.83662384
              ],
              [
                120.836608619,
                0.836909687
              ],
              [
                120.836465218,
                0.837183092
              ],
              [
                120.836321818,
                0.837456496
              ],
              [
                120.836133951,
                0.837744794
              ],
              [
                120.835713185,
                0.838381701
              ],
              [
                120.835638473,
                0.838644683
              ],
              [
                120.835738285,
                0.838834596
              ],
              [
                120.835832472,
                0.839044847
              ],
              [
                120.83592666,
                0.839255098
              ],
              [
                120.836018589,
                0.83949021
              ],
              [
                120.836110517,
                0.839725322
              ],
              [
                120.836183357,
                0.839967204
              ],
              [
                120.836256197,
                0.840209086
              ],
              [
                120.836279662,
                0.840637624
              ],
              [
                120.836230865,
                0.840676439
              ],
              [
                120.835929752,
                0.840915949
              ],
              [
                120.835668536,
                0.841267879
              ],
              [
                120.83556402,
                0.841464883
              ],
              [
                120.835459504,
                0.841661887
              ],
              [
                120.835334947,
                0.841865236
              ],
              [
                120.835116244,
                0.842077689
              ],
              [
                120.834916006,
                0.84233554
              ],
              [
                120.834904927,
                0.842349807
              ],
              [
                120.83479364,
                0.842610798
              ],
              [
                120.834793438,
                0.842976272
              ],
              [
                120.834811741,
                0.843367866
              ],
              [
                120.834856099,
                0.843547577
              ],
              [
                120.834912613,
                0.843669659
              ],
              [
                120.834977191,
                0.843827005
              ],
              [
                120.835087522,
                0.844076593
              ],
              [
                120.83509819,
                0.844274592
              ],
              [
                120.835084606,
                0.844478003
              ],
              [
                120.835022544,
                0.844643414
              ],
              [
                120.834920062,
                0.844814228
              ],
              [
                120.83482299,
                0.844949785
              ],
              [
                120.834760946,
                0.84508265
              ],
              [
                120.834736632,
                0.845199263
              ],
              [
                120.834736539,
                0.845367421
              ],
              [
                120.834798416,
                0.845535615
              ],
              [
                120.834837619,
                0.846302595
              ],
              [
                120.834816459,
                0.847011083
              ],
              [
                120.834680575,
                0.847459013
              ],
              [
                120.834466423,
                0.848201404
              ],
              [
                120.834438377,
                0.848523935
              ],
              [
                120.834409316,
                0.848858136
              ],
              [
                120.834380591,
                0.849525019
              ],
              [
                120.834456492,
                0.849767128
              ],
              [
                120.834532392,
                0.850009238
              ],
              [
                120.834630114,
                0.85022526
              ],
              [
                120.834727827,
                0.850441272
              ],
              [
                120.834825548,
                0.850657294
              ],
              [
                120.834984467,
                0.851052521
              ],
              [
                120.835097458,
                0.851362286
              ],
              [
                120.835171567,
                0.851629321
              ],
              [
                120.835189558,
                0.852001554
              ],
              [
                120.835023182,
                0.85228866
              ],
              [
                120.834500287,
                0.852216883
              ],
              [
                120.834096231,
                0.852121181
              ],
              [
                120.833696672,
                0.852186657
              ],
              [
                120.833074208,
                0.85228866
              ],
              [
                120.832384937,
                0.852384361
              ],
              [
                120.831576826,
                0.852432212
              ],
              [
                120.831030163,
                0.852575765
              ],
              [
                120.830412195,
                0.852695393
              ],
              [
                120.82965162,
                0.852862871
              ],
              [
                120.829104957,
                0.852862871
              ],
              [
                120.828463222,
                0.852791094
              ],
              [
                120.827869022,
                0.852886796
              ],
              [
                120.827227287,
                0.853006424
              ],
              [
                120.826704392,
                0.8530782
              ],
              [
                120.826110192,
                0.853173902
              ],
              [
                120.825611065,
                0.853317455
              ],
              [
                120.825302081,
                0.853556709
              ],
              [
                120.825064401,
                0.853891666
              ],
              [
                120.824707882,
                0.854106995
              ],
              [
                120.824303826,
                0.854178772
              ],
              [
                120.823828467,
                0.854059144
              ],
              [
                120.823590787,
                0.853963442
              ],
              [
                120.822996588,
                0.853867741
              ],
              [
                120.822568764,
                0.853867741
              ],
              [
                120.822164709,
                0.853867741
              ],
              [
                120.821689349,
                0.853963442
              ],
              [
                120.821309062,
                0.854106995
              ],
              [
                120.82085747,
                0.854298399
              ],
              [
                120.820377357,
                0.854126136
              ],
              [
                120.819992316,
                0.853925162
              ],
              [
                120.819650057,
                0.853896451
              ],
              [
                120.819464667,
                0.854068714
              ],
              [
                120.81933632,
                0.854284044
              ],
              [
                120.819207973,
                0.854556794
              ],
              [
                120.819122408,
                0.854944386
              ],
              [
                120.81896554,
                0.855288913
              ],
              [
                120.818837193,
                0.855590374
              ],
              [
                120.818694585,
                0.855920545
              ],
              [
                120.818523455,
                0.856308137
              ],
              [
                120.818295283,
                0.856623953
              ],
              [
                120.818038589,
                0.856810571
              ],
              [
                120.817525201,
                0.856824927
              ],
              [
                120.817040334,
                0.856853637
              ],
              [
                120.816583989,
                0.856896703
              ],
              [
                120.816141904,
                0.856925414
              ],
              [
                120.815409851,
                0.857179023
              ],
              [
                120.815267243,
                0.857944637
              ],
              [
                120.814886956,
                0.858566699
              ],
              [
                120.814316524,
                0.858901655
              ],
              [
                120.813508413,
                0.858997357
              ],
              [
                120.812700302,
                0.859093058
              ],
              [
                120.811274224,
                0.859715119
              ],
              [
                120.807138596,
                0.861964109
              ],
              [
                120.805094551,
                0.862921125
              ],
              [
                120.803491621,
                0.863600344
              ],
              [
                120.803005258,
                0.863776976
              ],
              [
                120.802937868,
                0.863801449
              ],
              [
                120.802919129,
                0.863770045
              ],
              [
                120.802877726,
                0.863747198
              ],
              [
                120.802857713,
                0.863742472
              ],
              [
                120.802714859,
                0.863735026
              ],
              [
                120.802601558,
                0.863768337
              ],
              [
                120.802510423,
                0.86381106
              ],
              [
                120.80245167,
                0.863826405
              ],
              [
                120.802381132,
                0.863831169
              ],
              [
                120.802208595,
                0.86382095
              ],
              [
                120.802162239,
                0.863821714
              ],
              [
                120.802033332,
                0.863840071
              ],
              [
                120.801907603,
                0.863867234
              ],
              [
                120.801860544,
                0.86387114
              ],
              [
                120.801811916,
                0.863871066
              ],
              [
                120.801743566,
                0.863862298
              ],
              [
                120.801719851,
                0.863855546
              ],
              [
                120.801693401,
                0.8638395
              ],
              [
                120.801679736,
                0.863825031
              ],
              [
                120.801639182,
                0.863769385
              ],
              [
                120.801633421,
                0.863744751
              ],
              [
                120.801620579,
                0.86371995
              ],
              [
                120.801609602,
                0.863663905
              ],
              [
                120.801585711,
                0.863491537
              ],
              [
                120.801559204,
                0.863404501
              ],
              [
                120.801534275,
                0.863369319
              ],
              [
                120.801512527,
                0.863352349
              ],
              [
                120.80146009,
                0.863331165
              ],
              [
                120.801184703,
                0.863266505
              ],
              [
                120.801072449,
                0.863220798
              ],
              [
                120.800922055,
                0.863119938
              ],
              [
                120.800870159,
                0.863075887
              ],
              [
                120.800868266,
                0.863073916
              ],
              [
                120.800814146,
                0.863017548
              ],
              [
                120.800761339,
                0.862970622
              ],
              [
                120.800699773,
                0.862924752
              ],
              [
                120.800625851,
                0.862878348
              ],
              [
                120.80056895,
                0.862854764
              ],
              [
                120.800508769,
                0.862841003
              ],
              [
                120.800439552,
                0.862841775
              ],
              [
                120.800397641,
                0.862849058
              ],
              [
                120.800277329,
                0.86288745
              ],
              [
                120.800157747,
                0.862949955
              ],
              [
                120.80002665,
                0.863033134
              ],
              [
                120.79996907,
                0.863073392
              ],
              [
                120.799697679,
                0.863263138
              ],
              [
                120.799629865,
                0.863321471
              ],
              [
                120.799581344,
                0.863389828
              ],
              [
                120.799567949,
                0.863414908
              ],
              [
                120.799552065,
                0.863461511
              ],
              [
                120.799535096,
                0.863537636
              ],
              [
                120.79951635,
                0.863809166
              ],
              [
                120.799502577,
                0.863939561
              ],
              [
                120.799500226,
                0.864268214
              ],
              [
                120.799520975,
                0.864349853
              ],
              [
                120.799532569,
                0.864379167
              ],
              [
                120.799670317,
                0.864559294
              ],
              [
                120.799728596,
                0.86464599
              ],
              [
                120.799750594,
                0.864693163
              ],
              [
                120.79975972,
                0.864724254
              ],
              [
                120.799767978,
                0.864808988
              ],
              [
                120.799755588,
                0.864848004
              ],
              [
                120.799710787,
                0.864892098
              ],
              [
                120.799681897,
                0.864906422
              ],
              [
                120.79960757,
                0.864920663
              ],
              [
                120.799488447,
                0.864931135
              ],
              [
                120.799442613,
                0.864943488
              ],
              [
                120.79935031,
                0.8649914
              ],
              [
                120.799324499,
                0.865044376
              ],
              [
                120.799321824,
                0.865093038
              ],
              [
                120.799324838,
                0.865148449
              ],
              [
                120.799338436,
                0.865216667
              ],
              [
                120.799356948,
                0.865270834
              ],
              [
                120.7993753,
                0.865295092
              ],
              [
                120.79941956,
                0.865339625
              ],
              [
                120.799504172,
                0.865380926
              ],
              [
                120.799596498,
                0.865415979
              ],
              [
                120.799675868,
                0.86545186
              ],
              [
                120.799751335,
                0.865503747
              ],
              [
                120.799775288,
                0.865530314
              ],
              [
                120.799789458,
                0.865552846
              ],
              [
                120.79980595,
                0.865595464
              ],
              [
                120.799811408,
                0.865638645
              ],
              [
                120.799807636,
                0.865673706
              ],
              [
                120.79980308,
                0.865690863
              ],
              [
                120.799784689,
                0.865724754
              ],
              [
                120.799734136,
                0.86576086
              ],
              [
                120.799662316,
                0.865770691
              ],
              [
                120.799616998,
                0.865769067
              ],
              [
                120.799579572,
                0.865767726
              ],
              [
                120.799502181,
                0.8657496
              ],
              [
                120.7994302,
                0.865719412
              ],
              [
                120.799377856,
                0.865691066
              ],
              [
                120.799205477,
                0.865590489
              ],
              [
                120.799108146,
                0.865518812
              ],
              [
                120.798993018,
                0.865401718
              ],
              [
                120.798879616,
                0.865262772
              ],
              [
                120.798845271,
                0.865232308
              ],
              [
                120.798819627,
                0.865215631
              ],
              [
                120.798779823,
                0.865200207
              ],
              [
                120.798739352,
                0.865195559
              ],
              [
                120.798648087,
                0.865201722
              ],
              [
                120.79860064,
                0.865216532
              ],
              [
                120.798549241,
                0.865241008
              ],
              [
                120.798519037,
                0.865272226
              ],
              [
                120.798504932,
                0.86529326
              ],
              [
                120.79847564,
                0.865351612
              ],
              [
                120.79846207,
                0.865395289
              ],
              [
                120.798448092,
                0.865528393
              ],
              [
                120.798446974,
                0.865689223
              ],
              [
                120.798442398,
                0.865722428
              ],
              [
                120.79843286,
                0.865745902
              ],
              [
                120.798414289,
                0.865774522
              ],
              [
                120.798393581,
                0.865786154
              ],
              [
                120.79835795,
                0.865794668
              ],
              [
                120.798300021,
                0.865801242
              ],
              [
                120.798223901,
                0.865795848
              ],
              [
                120.798160714,
                0.865782485
              ],
              [
                120.79812788,
                0.865768895
              ],
              [
                120.798085718,
                0.865744007
              ],
              [
                120.79804986,
                0.865714922
              ],
              [
                120.798033665,
                0.86569811
              ],
              [
                120.797979856,
                0.865604372
              ],
              [
                120.797953952,
                0.865545454
              ],
              [
                120.797940541,
                0.865502819
              ],
              [
                120.797902539,
                0.865430304
              ],
              [
                120.797800808,
                0.865321079
              ],
              [
                120.797719336,
                0.865272894
              ],
              [
                120.797681487,
                0.86524345
              ],
              [
                120.797661636,
                0.865217779
              ],
              [
                120.797655882,
                0.865197525
              ],
              [
                120.79765858,
                0.865143794
              ],
              [
                120.79767194,
                0.865111161
              ],
              [
                120.797686736,
                0.865089038
              ],
              [
                120.797708401,
                0.865069175
              ],
              [
                120.797898459,
                0.864940842
              ],
              [
                120.797970315,
                0.864876773
              ],
              [
                120.797997895,
                0.864840881
              ],
              [
                120.798013672,
                0.864813459
              ],
              [
                120.798038051,
                0.86471933
              ],
              [
                120.798029498,
                0.864641098
              ],
              [
                120.798002425,
                0.864568382
              ],
              [
                120.797989109,
                0.864547903
              ],
              [
                120.797940471,
                0.864505655
              ],
              [
                120.797859503,
                0.864446986
              ],
              [
                120.797766998,
                0.864400224
              ],
              [
                120.797687717,
                0.864373259
              ],
              [
                120.797492665,
                0.864323745
              ],
              [
                120.797386748,
                0.864289423
              ],
              [
                120.797339882,
                0.864260262
              ],
              [
                120.797310167,
                0.864225909
              ],
              [
                120.797298173,
                0.864197441
              ],
              [
                120.797292853,
                0.864161322
              ],
              [
                120.797302071,
                0.864093289
              ],
              [
                120.797317462,
                0.864065439
              ],
              [
                120.797326391,
                0.864031953
              ],
              [
                120.797357864,
                0.863975095
              ],
              [
                120.797392479,
                0.863937129
              ],
              [
                120.79741868,
                0.863920922
              ],
              [
                120.797491992,
                0.863847528
              ],
              [
                120.79751659,
                0.863785949
              ],
              [
                120.797519342,
                0.863718215
              ],
              [
                120.797514452,
                0.863623601
              ],
              [
                120.797504758,
                0.863587563
              ],
              [
                120.797486961,
                0.863569744
              ],
              [
                120.79743232,
                0.863551586
              ],
              [
                120.797373836,
                0.863545418
              ],
              [
                120.797300009,
                0.863563876
              ],
              [
                120.797147824,
                0.863645737
              ],
              [
                120.797049267,
                0.863723352
              ],
              [
                120.797010154,
                0.863791345
              ],
              [
                120.7969839,
                0.8638479
              ],
              [
                120.79697172,
                0.863896121
              ],
              [
                120.796971696,
                0.8641559
              ],
              [
                120.796969438,
                0.864188232
              ],
              [
                120.796950893,
                0.86424869
              ],
              [
                120.796889632,
                0.864314347
              ],
              [
                120.796711307,
                0.864416202
              ],
              [
                120.796670383,
                0.864450858
              ],
              [
                120.796629543,
                0.864509743
              ],
              [
                120.796602007,
                0.864592056
              ],
              [
                120.796595024,
                0.864689462
              ],
              [
                120.796603835,
                0.864765738
              ],
              [
                120.796622336,
                0.864822082
              ],
              [
                120.796645031,
                0.86492847
              ],
              [
                120.796653196,
                0.864948975
              ],
              [
                120.796660516,
                0.865013596
              ],
              [
                120.796631325,
                0.865095581
              ],
              [
                120.79661679,
                0.865122609
              ],
              [
                120.796597993,
                0.865139824
              ],
              [
                120.796577516,
                0.865148527
              ],
              [
                120.796551738,
                0.865152119
              ],
              [
                120.796498528,
                0.865147446
              ],
              [
                120.796470435,
                0.865131771
              ],
              [
                120.796404584,
                0.86507634
              ],
              [
                120.796396743,
                0.865064851
              ],
              [
                120.796375019,
                0.865055259
              ],
              [
                120.796313647,
                0.865004544
              ],
              [
                120.796260064,
                0.864972691
              ],
              [
                120.796195659,
                0.864945212
              ],
              [
                120.796070569,
                0.864917127
              ],
              [
                120.79586865,
                0.864920476
              ],
              [
                120.795675078,
                0.864953798
              ],
              [
                120.795516619,
                0.864997636
              ],
              [
                120.795490869,
                0.865008556
              ],
              [
                120.79540311,
                0.865058687
              ],
              [
                120.795301262,
                0.865139649
              ],
              [
                120.795040039,
                0.865309663
              ],
              [
                120.794961902,
                0.865344866
              ],
              [
                120.794926293,
                0.865355759
              ],
              [
                120.794869613,
                0.865364212
              ],
              [
                120.794791463,
                0.865359004
              ],
              [
                120.794749039,
                0.86534639
              ],
              [
                120.794717153,
                0.86533098
              ],
              [
                120.794716312,
                0.865340016
              ],
              [
                120.794713385,
                0.865403068
              ],
              [
                120.794712757,
                0.865416592
              ],
              [
                120.794612556,
                0.867574887
              ],
              [
                120.794516419,
                0.869645617
              ],
              [
                120.794433049,
                0.871441295
              ],
              [
                120.794408837,
                0.871962773
              ],
              [
                120.795703962,
                0.871957579
              ],
              [
                120.801978809,
                0.871932407
              ],
              [
                120.801978824,
                0.873486752
              ],
              [
                120.801978832,
                0.874452166
              ],
              [
                120.801978841,
                0.875580131
              ],
              [
                120.801978881,
                0.883413532
              ],
              [
                120.801978884,
                0.885988151
              ],
              [
                120.81229223,
                0.885995092
              ],
              [
                120.812292252,
                0.8865493
              ],
              [
                120.812292373,
                0.889719827
              ],
              [
                120.812292431,
                0.891307825
              ],
              [
                120.81750338,
                0.891271258
              ],
              [
                120.853268552,
                0.891421195
              ],
              [
                120.868533595,
                0.891456408
              ],
              [
                120.871683395,
                0.891463667
              ],
              [
                120.872341106,
                0.891465182
              ],
              [
                120.872344837,
                0.891465044
              ],
              [
                120.872348145,
                0.891441008
              ],
              [
                120.872366404,
                0.891379295
              ],
              [
                120.872387974,
                0.891340115
              ],
              [
                120.872391897,
                0.891332256
              ],
              [
                120.872392594,
                0.89133086
              ]
            ]
          ]
        ]
      }
    }
  ]
}