{
  "type": "FeatureCollection",
  "features": [
    {
      "type": "Feature",
      "properties": {
        "idx": "3295",
        "nama_kewilayahan": "Abai Sentaban"
      },
      "geometry": {
        "type": "MultiPolygon",
        "coordinates": [
          [
            [
              [
                116.417110675,
                3.494156066
              ],
              [
                116.417110675,
                3.494156066
              ],
              [
                116.41724041,
                3.494965002
              ],
              [
                116.417312265,
                3.495309024
              ],
              [
                116.417322049,
                3.495435821
              ],
              [
                116.417311476,
                3.495604127
              ],
              [
                116.417268476,
                3.495805159
              ],
              [
                116.417239084,
                3.49588517
              ],
              [
                116.41719206,
                3.496144992
              ],
              [
                116.417191156,
                3.496245516
              ],
              [
                116.417196718,
                3.49628622
              ],
              [
                116.417215487,
                3.496380823
              ],
              [
                116.41727254,
                3.496479266
              ],
              [
                116.41741254,
                3.496625445
              ],
              [
                116.417474758,
                3.496703351
              ],
              [
                116.417575101,
                3.49686809
              ],
              [
                116.417782095,
                3.497263157
              ],
              [
                116.418112441,
                3.497706518
              ],
              [
                116.418167755,
                3.497841596
              ],
              [
                116.41817397,
                3.497909575
              ],
              [
                116.418173272,
                3.498031735
              ],
              [
                116.41814854,
                3.498186624
              ],
              [
                116.418111961,
                3.498300971
              ],
              [
                116.418011812,
                3.498469654
              ],
              [
                116.417858034,
                3.498692159
              ],
              [
                116.417656218,
                3.498969128
              ],
              [
                116.417454401,
                3.499246097
              ],
              [
                116.41724663,
                3.49941996
              ],
              [
                116.417166323,
                3.499458626
              ],
              [
                116.417106836,
                3.499494318
              ],
              [
                116.417051212,
                3.499591027
              ],
              [
                116.416996211,
                3.499851302
              ],
              [
                116.416967567,
                3.499948224
              ],
              [
                116.416896508,
                3.500026635
              ],
              [
                116.416795219,
                3.500102413
              ],
              [
                116.416693929,
                3.50017819
              ],
              [
                116.416666636,
                3.500202208
              ],
              [
                116.416488684,
                3.500386225
              ],
              [
                116.416262411,
                3.500664518
              ],
              [
                116.416200962,
                3.500766083
              ],
              [
                116.416187769,
                3.500803021
              ],
              [
                116.416172898,
                3.500862508
              ],
              [
                116.416172898,
                3.500948763
              ],
              [
                116.416169923,
                3.5011415
              ],
              [
                116.416177062,
                3.501381825
              ],
              [
                116.416181821,
                3.501486522
              ],
              [
                116.416172303,
                3.501591218
              ],
              [
                116.416119955,
                3.501772057
              ],
              [
                116.416086642,
                3.501914825
              ],
              [
                116.416086642,
                3.501995726
              ],
              [
                116.416122334,
                3.502074249
              ],
              [
                116.416148508,
                3.502105182
              ],
              [
                116.416198477,
                3.502128976
              ],
              [
                116.416298414,
                3.502193222
              ],
              [
                116.416469736,
                3.502269364
              ],
              [
                116.416526843,
                3.502307436
              ],
              [
                116.416683887,
                3.502428788
              ],
              [
                116.41675765,
                3.50250731
              ],
              [
                116.416786204,
                3.502559659
              ],
              [
                116.416795722,
                3.502604868
              ],
              [
                116.416795722,
                3.502676252
              ],
              [
                116.416798101,
                3.5027286
              ],
              [
                116.416786204,
                3.502871368
              ],
              [
                116.4167762,
                3.503172228
              ],
              [
                116.416801125,
                3.503312268
              ],
              [
                116.416858209,
                3.503448736
              ],
              [
                116.416918861,
                3.503595978
              ],
              [
                116.417022406,
                3.503714524
              ],
              [
                116.417098977,
                3.503772304
              ],
              [
                116.417214377,
                3.50383232
              ],
              [
                116.417754704,
                3.504009389
              ],
              [
                116.417904726,
                3.50408488
              ],
              [
                116.418090449,
                3.504210657
              ],
              [
                116.418269042,
                3.504307708
              ],
              [
                116.418481448,
                3.504391378
              ],
              [
                116.41857633,
                3.504457412
              ],
              [
                116.418694083,
                3.504559297
              ],
              [
                116.419222566,
                3.505098178
              ],
              [
                116.419369007,
                3.505188027
              ],
              [
                116.419501169,
                3.505256326
              ],
              [
                116.419722662,
                3.5053175
              ],
              [
                116.42013047,
                3.505379825
              ],
              [
                116.420308576,
                3.505432755
              ],
              [
                116.420340097,
                3.505449747
              ],
              [
                116.420447751,
                3.505541229
              ],
              [
                116.42047458,
                3.505578606
              ],
              [
                116.42050141,
                3.505615982
              ],
              [
                116.420654926,
                3.505820727
              ],
              [
                116.420854893,
                3.5060255
              ],
              [
                116.420913304,
                3.506063419
              ],
              [
                116.42102733,
                3.506118885
              ],
              [
                116.421151375,
                3.506162118
              ],
              [
                116.421372871,
                3.5062197
              ],
              [
                116.421583636,
                3.506295229
              ],
              [
                116.421772961,
                3.506374334
              ],
              [
                116.421968308,
                3.506589292
              ],
              [
                116.422078246,
                3.506665102
              ],
              [
                116.422205086,
                3.506730046
              ],
              [
                116.422408704,
                3.506809159
              ],
              [
                116.422730226,
                3.506899116
              ],
              [
                116.423023166,
                3.506985467
              ],
              [
                116.423255378,
                3.507050236
              ],
              [
                116.423505465,
                3.507097065
              ],
              [
                116.423623377,
                3.507097138
              ],
              [
                116.423748811,
                3.507065765
              ],
              [
                116.423970958,
                3.506973252
              ],
              [
                116.424062491,
                3.506916977
              ],
              [
                116.424566881,
                3.506376233
              ],
              [
                116.425138371,
                3.506056018
              ],
              [
                116.425793002,
                3.505852628
              ],
              [
                116.426115556,
                3.505739541
              ],
              [
                116.426460838,
                3.505541559
              ],
              [
                116.426601951,
                3.505424446
              ],
              [
                116.426872519,
                3.505120861
              ],
              [
                116.426919023,
                3.505031131
              ],
              [
                116.42699058,
                3.504876791
              ],
              [
                116.427050661,
                3.504788505
              ],
              [
                116.427090715,
                3.504729648
              ],
              [
                116.427212296,
                3.504571747
              ],
              [
                116.427275543,
                3.504506084
              ],
              [
                116.427398181,
                3.504431838
              ],
              [
                116.427577306,
                3.504390823
              ],
              [
                116.427668224,
                3.504352366
              ],
              [
                116.427879846,
                3.504206246
              ],
              [
                116.428022614,
                3.504105119
              ],
              [
                116.428078135,
                3.504061495
              ],
              [
                116.428105895,
                3.504039683
              ],
              [
                116.428115809,
                3.504029769
              ],
              [
                116.428135638,
                3.50400994
              ],
              [
                116.428218919,
                3.503932608
              ],
              [
                116.428597253,
                3.503691092
              ],
              [
                116.429211154,
                3.503296102
              ],
              [
                116.42940627,
                3.503191405
              ],
              [
                116.429530012,
                3.503137295
              ],
              [
                116.429552564,
                3.503136199
              ],
              [
                116.429596627,
                3.503153334
              ],
              [
                116.429648975,
                3.5032152
              ],
              [
                116.4297156,
                3.503281825
              ],
              [
                116.429810779,
                3.503362727
              ],
              [
                116.429901198,
                3.503443628
              ],
              [
                116.430005894,
                3.503495976
              ],
              [
                116.430077278,
                3.503505494
              ],
              [
                116.430162939,
                3.503505494
              ],
              [
                116.430443715,
                3.503505494
              ],
              [
                116.430710215,
                3.503543566
              ],
              [
                116.430929125,
                3.503595914
              ],
              [
                116.43099575,
                3.503600673
              ],
              [
                116.431062375,
                3.503600673
              ],
              [
                116.431138518,
                3.503595914
              ],
              [
                116.431419294,
                3.503538807
              ],
              [
                116.431672707,
                3.503500735
              ],
              [
                116.432398442,
                3.503482889
              ],
              [
                116.43293977,
                3.503488838
              ],
              [
                116.433094435,
                3.503512633
              ],
              [
                116.433213408,
                3.503512633
              ],
              [
                116.433308586,
                3.503494787
              ],
              [
                116.433475148,
                3.503429352
              ],
              [
                116.433647659,
                3.503363916
              ],
              [
                116.43377853,
                3.503363916
              ],
              [
                116.433873708,
                3.503363916
              ],
              [
                116.433929229,
                3.503387711
              ],
              [
                116.433956989,
                3.503399608
              ],
              [
                116.434022425,
                3.503441249
              ],
              [
                116.434058116,
                3.503470992
              ],
              [
                116.434099757,
                3.503536427
              ],
              [
                116.434105706,
                3.503589965
              ],
              [
                116.4341295,
                3.50370299
              ],
              [
                116.434105706,
                3.504006371
              ],
              [
                116.434064065,
                3.504375187
              ],
              [
                116.434010527,
                3.504702363
              ],
              [
                116.433957138,
                3.504974266
              ],
              [
                116.433938984,
                3.505098757
              ],
              [
                116.433942489,
                3.505192096
              ],
              [
                116.433953569,
                3.505241956
              ],
              [
                116.433978553,
                3.505327616
              ],
              [
                116.434010676,
                3.505391862
              ],
              [
                116.434114182,
                3.505484661
              ],
              [
                116.434231966,
                3.505613151
              ],
              [
                116.434403287,
                3.505720227
              ],
              [
                116.434556762,
                3.505809457
              ],
              [
                116.434663838,
                3.505848718
              ],
              [
                116.434817313,
                3.505895118
              ],
              [
                116.434910112,
                3.505902256
              ],
              [
                116.434999342,
                3.505902256
              ],
              [
                116.435081433,
                3.505902256
              ],
              [
                116.435152817,
                3.505877272
              ],
              [
                116.435324138,
                3.505788042
              ],
              [
                116.435531152,
                3.505609582
              ],
              [
                116.435648935,
                3.505477522
              ],
              [
                116.435773857,
                3.505352601
              ],
              [
                116.435830964,
                3.50530977
              ],
              [
                116.43593447,
                3.505241956
              ],
              [
                116.436084376,
                3.505188418
              ],
              [
                116.436352066,
                3.505102757
              ],
              [
                116.436930275,
                3.504970697
              ],
              [
                116.436995582,
                3.504956611
              ],
              [
                116.437274221,
                3.504887132
              ],
              [
                116.437424035,
                3.504802359
              ],
              [
                116.437543198,
                3.504701902
              ],
              [
                116.437579993,
                3.504619375
              ],
              [
                116.43759377,
                3.504540928
              ],
              [
                116.437592667,
                3.504488522
              ],
              [
                116.437591013,
                3.504409914
              ],
              [
                116.437591035,
                3.504374012
              ],
              [
                116.437591042,
                3.504362044
              ],
              [
                116.437568917,
                3.504203742
              ],
              [
                116.437548302,
                3.504132235
              ],
              [
                116.437534135,
                3.503921592
              ],
              [
                116.437515225,
                3.503677437
              ],
              [
                116.437512495,
                3.503567894
              ],
              [
                116.437535677,
                3.503436765
              ],
              [
                116.437610747,
                3.503275376
              ],
              [
                116.437744251,
                3.503093545
              ],
              [
                116.437992093,
                3.502911782
              ],
              [
                116.438311431,
                3.502672618
              ],
              [
                116.438463948,
                3.502562606
              ],
              [
                116.438563347,
                3.502420156
              ],
              [
                116.438592713,
                3.502337688
              ],
              [
                116.438664237,
                3.502232414
              ],
              [
                116.43875483,
                3.502108003
              ],
              [
                116.438854944,
                3.501993171
              ],
              [
                116.439002677,
                3.501916666
              ],
              [
                116.439112279,
                3.501868861
              ],
              [
                116.439237693,
                3.50186564
              ],
              [
                116.43989828,
                3.501998585
              ],
              [
                116.440522273,
                3.502176084
              ],
              [
                116.441003319,
                3.502391793
              ],
              [
                116.441341423,
                3.502640927
              ],
              [
                116.441627126,
                3.502885242
              ],
              [
                116.441727097,
                3.503012959
              ],
              [
                116.441927038,
                3.503268392
              ],
              [
                116.442145983,
                3.503613197
              ],
              [
                116.442223226,
                3.503685893
              ],
              [
                116.442342383,
                3.503777574
              ],
              [
                116.442550771,
                3.503886307
              ],
              [
                116.442878927,
                3.50407483
              ],
              [
                116.44298561,
                3.504139486
              ],
              [
                116.443121459,
                3.504255843
              ],
              [
                116.443257942,
                3.504439018
              ],
              [
                116.443372665,
                3.504687541
              ],
              [
                116.443406149,
                3.504801944
              ],
              [
                116.443445299,
                3.505002689
              ],
              [
                116.443449998,
                3.505270509
              ],
              [
                116.443473792,
                3.505567942
              ],
              [
                116.44348569,
                3.505651228
              ],
              [
                116.443515911,
                3.505717135
              ],
              [
                116.443539228,
                3.505740453
              ],
              [
                116.443691304,
                3.505844141
              ],
              [
                116.444460879,
                3.506144105
              ],
              [
                116.444553934,
                3.506162806
              ],
              [
                116.444665922,
                3.506149595
              ],
              [
                116.444859828,
                3.506091423
              ],
              [
                116.445072692,
                3.506005686
              ],
              [
                116.445426536,
                3.5058687
              ],
              [
                116.445709448,
                3.505797062
              ],
              [
                116.445933577,
                3.505775641
              ],
              [
                116.446037668,
                3.505744883
              ],
              [
                116.446151148,
                3.505689233
              ],
              [
                116.446460007,
                3.505444456
              ],
              [
                116.446644694,
                3.505312919
              ],
              [
                116.446781724,
                3.505208281
              ],
              [
                116.446892274,
                3.505143941
              ],
              [
                116.446987342,
                3.505122006
              ],
              [
                116.447139987,
                3.505123092
              ],
              [
                116.447324236,
                3.505160728
              ],
              [
                116.447392074,
                3.505201859
              ],
              [
                116.447454611,
                3.505286471
              ],
              [
                116.447484289,
                3.505454039
              ],
              [
                116.44748316,
                3.505540679
              ],
              [
                116.447463189,
                3.505793188
              ],
              [
                116.447426558,
                3.505996478
              ],
              [
                116.447415999,
                3.506137364
              ],
              [
                116.447422938,
                3.506186376
              ],
              [
                116.447464128,
                3.506272924
              ],
              [
                116.447540336,
                3.506351662
              ],
              [
                116.447625692,
                3.506403192
              ],
              [
                116.447726489,
                3.506489682
              ],
              [
                116.447775453,
                3.506543287
              ],
              [
                116.447846852,
                3.50665104
              ],
              [
                116.447912297,
                3.506755798
              ],
              [
                116.447939114,
                3.506852253
              ],
              [
                116.447954485,
                3.506950579
              ],
              [
                116.447959595,
                3.507342251
              ],
              [
                116.447947577,
                3.507524753
              ],
              [
                116.447911751,
                3.507686298
              ],
              [
                116.44788846,
                3.507768923
              ],
              [
                116.4478372,
                3.50787774
              ],
              [
                116.447771634,
                3.507976436
              ],
              [
                116.447592838,
                3.508215687
              ],
              [
                116.447518306,
                3.508374217
              ],
              [
                116.447491437,
                3.50849388
              ],
              [
                116.447491412,
                3.508535767
              ],
              [
                116.4475126,
                3.508626193
              ],
              [
                116.447535994,
                3.508676416
              ],
              [
                116.447717469,
                3.508945801
              ],
              [
                116.44786031,
                3.509086508
              ],
              [
                116.447979372,
                3.509164738
              ],
              [
                116.448060323,
                3.509189318
              ],
              [
                116.448146093,
                3.509200371
              ],
              [
                116.448274126,
                3.509206431
              ],
              [
                116.448551236,
                3.509192285
              ],
              [
                116.448604337,
                3.509173978
              ],
              [
                116.448657438,
                3.50915567
              ],
              [
                116.448894649,
                3.509021534
              ],
              [
                116.449131859,
                3.508887397
              ],
              [
                116.449556006,
                3.508653077
              ],
              [
                116.449946811,
                3.508404377
              ],
              [
                116.450161268,
                3.508284825
              ],
              [
                116.450351862,
                3.508237065
              ],
              [
                116.450451925,
                3.508208402
              ],
              [
                116.450532939,
                3.508170153
              ],
              [
                116.450628285,
                3.508060104
              ],
              [
                116.450723639,
                3.507940482
              ],
              [
                116.450804696,
                3.507825638
              ],
              [
                116.450900043,
                3.50771559
              ],
              [
                116.450990587,
                3.507672559
              ],
              [
                116.451091809,
                3.507658089
              ],
              [
                116.451168476,
                3.507671814
              ],
              [
                116.451251839,
                3.507706156
              ],
              [
                116.451646329,
                3.507948087
              ],
              [
                116.451839882,
                3.508059373
              ],
              [
                116.452053737,
                3.508232204
              ],
              [
                116.452086828,
                3.508265494
              ],
              [
                116.45227131,
                3.508487008
              ],
              [
                116.452390292,
                3.508696516
              ],
              [
                116.452580632,
                3.509085583
              ],
              [
                116.452663844,
                3.509257467
              ],
              [
                116.452743828,
                3.509374823
              ],
              [
                116.45280672,
                3.509444753
              ],
              [
                116.453116143,
                3.509869793
              ],
              [
                116.453395895,
                3.510115299
              ],
              [
                116.453454468,
                3.510157858
              ],
              [
                116.453562878,
                3.510198342
              ],
              [
                116.453711464,
                3.510211227
              ],
              [
                116.45396751,
                3.510259249
              ],
              [
                116.45413127,
                3.510249942
              ],
              [
                116.454231662,
                3.510222696
              ],
              [
                116.454287848,
                3.51019778
              ],
              [
                116.454569325,
                3.510016055
              ],
              [
                116.454663849,
                3.509945724
              ],
              [
                116.454747569,
                3.509908865
              ],
              [
                116.454817127,
                3.509901308
              ],
              [
                116.454915155,
                3.509904659
              ],
              [
                116.45505768,
                3.509966076
              ],
              [
                116.455210056,
                3.510097812
              ],
              [
                116.45533764,
                3.510218611
              ],
              [
                116.455382966,
                3.510296791
              ],
              [
                116.455412951,
                3.510421172
              ],
              [
                116.455442936,
                3.510545553
              ],
              [
                116.455466226,
                3.51059387
              ],
              [
                116.455489517,
                3.510642187
              ],
              [
                116.455529538,
                3.510703075
              ],
              [
                116.455623445,
                3.510803356
              ],
              [
                116.455800308,
                3.510969418
              ],
              [
                116.455938398,
                3.511091571
              ],
              [
                116.456026503,
                3.511146675
              ],
              [
                116.456093197,
                3.511153895
              ],
              [
                116.456303334,
                3.511134322
              ],
              [
                116.456382368,
                3.511129932
              ],
              [
                116.456411094,
                3.511126015
              ],
              [
                116.456486344,
                3.511132351
              ],
              [
                116.456625375,
                3.511187117
              ],
              [
                116.456732546,
                3.511226674
              ],
              [
                116.456789687,
                3.511276972
              ],
              [
                116.45685752,
                3.511373952
              ],
              [
                116.456971983,
                3.511533244
              ],
              [
                116.457223756,
                3.511829246
              ],
              [
                116.457431043,
                3.511975968
              ],
              [
                116.457678914,
                3.512110455
              ],
              [
                116.457928946,
                3.512261396
              ],
              [
                116.45800143,
                3.512301914
              ],
              [
                116.458114252,
                3.512410713
              ],
              [
                116.458157506,
                3.51246977
              ],
              [
                116.458264613,
                3.512620628
              ],
              [
                116.458339583,
                3.512735563
              ],
              [
                116.458417089,
                3.512838764
              ],
              [
                116.458564452,
                3.512968877
              ],
              [
                116.458678851,
                3.513048122
              ],
              [
                116.458807447,
                3.513111028
              ],
              [
                116.458936043,
                3.513173934
              ],
              [
                116.459028906,
                3.513242205
              ],
              [
                116.459093189,
                3.513299688
              ],
              [
                116.459131928,
                3.513325672
              ],
              [
                116.459202818,
                3.513354649
              ],
              [
                116.459253941,
                3.513367998
              ],
              [
                116.459389699,
                3.513403981
              ],
              [
                116.45947032,
                3.513411564
              ],
              [
                116.459596152,
                3.51340465
              ],
              [
                116.459716757,
                3.513373182
              ],
              [
                116.459787217,
                3.513383155
              ],
              [
                116.460147143,
                3.513508542
              ],
              [
                116.460315029,
                3.513598398
              ],
              [
                116.460482933,
                3.513655941
              ],
              [
                116.460730742,
                3.513693477
              ],
              [
                116.460927139,
                3.513783031
              ],
              [
                116.461370558,
                3.51445033
              ],
              [
                116.46145062,
                3.514550407
              ],
              [
                116.46148805,
                3.51459445
              ],
              [
                116.461526822,
                3.514618755
              ],
              [
                116.46153657,
                3.51462086
              ],
              [
                116.461546317,
                3.514622964
              ],
              [
                116.461583252,
                3.514620924
              ],
              [
                116.461625669,
                3.51460299
              ],
              [
                116.461728502,
                3.514535058
              ],
              [
                116.461831334,
                3.514467126
              ],
              [
                116.46193841,
                3.514389793
              ],
              [
                116.462021691,
                3.514354101
              ],
              [
                116.462099023,
                3.514306512
              ],
              [
                116.462223945,
                3.514199437
              ],
              [
                116.462259637,
                3.514122104
              ],
              [
                116.462307226,
                3.513979336
              ],
              [
                116.462324129,
                3.513934261
              ],
              [
                116.462408367,
                3.513771512
              ],
              [
                116.462539224,
                3.513592674
              ],
              [
                116.462747426,
                3.513342831
              ],
              [
                116.462872348,
                3.513253601
              ],
              [
                116.462922912,
                3.513220884
              ],
              [
                116.462973475,
                3.513188166
              ],
              [
                116.463074602,
                3.513182217
              ],
              [
                116.463098397,
                3.513182217
              ],
              [
                116.463205473,
                3.513229806
              ],
              [
                116.463288754,
                3.513277395
              ],
              [
                116.463496957,
                3.513366625
              ],
              [
                116.463568341,
                3.513372574
              ],
              [
                116.463865773,
                3.513384471
              ],
              [
                116.464151308,
                3.513396368
              ],
              [
                116.464222692,
                3.513416197
              ],
              [
                116.464258384,
                3.513426112
              ],
              [
                116.464389255,
                3.51347965
              ],
              [
                116.464766274,
                3.513590242
              ],
              [
                116.464813559,
                3.513598589
              ],
              [
                116.464908129,
                3.513615282
              ],
              [
                116.465525894,
                3.513655731
              ],
              [
                116.465834777,
                3.513675955
              ],
              [
                116.466358753,
                3.513727417
              ],
              [
                116.46688273,
                3.513778879
              ],
              [
                116.467397746,
                3.513902275
              ],
              [
                116.467471295,
                3.513906424
              ],
              [
                116.467543779,
                3.51388763
              ],
              [
                116.46767716,
                3.513816581
              ],
              [
                116.467726449,
                3.51378898
              ],
              [
                116.467887062,
                3.51369975
              ],
              [
                116.468029137,
                3.513599461
              ],
              [
                116.468177719,
                3.513572615
              ],
              [
                116.470101418,
                3.513912795
              ],
              [
                116.470280051,
                3.513954785
              ],
              [
                116.470351484,
                3.514008681
              ],
              [
                116.470405026,
                3.514104455
              ],
              [
                116.470950712,
                3.515112019
              ],
              [
                116.471124882,
                3.515397398
              ],
              [
                116.471261567,
                3.515906112
              ],
              [
                116.471374561,
                3.516181438
              ],
              [
                116.471398076,
                3.51672599
              ],
              [
                116.471445634,
                3.516875616
              ],
              [
                116.471493225,
                3.516965403
              ],
              [
                116.471564647,
                3.517037251
              ],
              [
                116.471701571,
                3.517121104
              ],
              [
                116.471838539,
                3.517127166
              ],
              [
                116.472010504,
                3.517061969
              ],
              [
                116.4721344,
                3.517030995
              ],
              [
                116.472413987,
                3.516989355
              ],
              [
                116.472550806,
                3.516995303
              ],
              [
                116.472604344,
                3.517001252
              ],
              [
                116.472657882,
                3.517007201
              ],
              [
                116.472741163,
                3.517022073
              ],
              [
                116.472824444,
                3.517036944
              ],
              [
                116.472889879,
                3.517048841
              ],
              [
                116.472955314,
                3.517060738
              ],
              [
                116.473008852,
                3.517060738
              ],
              [
                116.47306239,
                3.517060738
              ],
              [
                116.473228952,
                3.517060738
              ],
              [
                116.473419309,
                3.516995303
              ],
              [
                116.47359182,
                3.516870382
              ],
              [
                116.473776228,
                3.516715717
              ],
              [
                116.473883304,
                3.516590795
              ],
              [
                116.473948739,
                3.51643613
              ],
              [
                116.473966585,
                3.516335003
              ],
              [
                116.473966585,
                3.516233876
              ],
              [
                116.473942791,
                3.516132749
              ],
              [
                116.473895201,
                3.515960238
              ],
              [
                116.473895201,
                3.515835316
              ],
              [
                116.473907099,
                3.5156866
              ],
              [
                116.473948739,
                3.515514089
              ],
              [
                116.474002277,
                3.51541891
              ],
              [
                116.474091507,
                3.515299937
              ],
              [
                116.474168839,
                3.515234502
              ],
              [
                116.474317556,
                3.515169067
              ],
              [
                116.474513861,
                3.515127426
              ],
              [
                116.474638783,
                3.51510958
              ],
              [
                116.474722064,
                3.515056042
              ],
              [
                116.474793448,
                3.514966813
              ],
              [
                116.474900524,
                3.514740764
              ],
              [
                116.474989753,
                3.514437383
              ],
              [
                116.475007599,
                3.514330307
              ],
              [
                116.474965959,
                3.514247026
              ],
              [
                116.474948113,
                3.514220257
              ],
              [
                116.474930267,
                3.514193488
              ],
              [
                116.474888626,
                3.514169693
              ],
              [
                116.474811294,
                3.514116155
              ],
              [
                116.474757756,
                3.51400908
              ],
              [
                116.474757756,
                3.513925799
              ],
              [
                116.474757756,
                3.51378898
              ],
              [
                116.474746453,
                3.513660191
              ],
              [
                116.474689346,
                3.513510285
              ],
              [
                116.474648896,
                3.51340083
              ],
              [
                116.474582271,
                3.513291375
              ],
              [
                116.47449899,
                3.513172402
              ],
              [
                116.474444262,
                3.513105777
              ],
              [
                116.47440857,
                3.513060567
              ],
              [
                116.474396197,
                3.513018688
              ],
              [
                116.474396197,
                3.512982997
              ],
              [
                116.474393817,
                3.512933028
              ],
              [
                116.474393817,
                3.512887818
              ],
              [
                116.474408094,
                3.512802158
              ],
              [
                116.474419991,
                3.512733153
              ],
              [
                116.474429509,
                3.512687943
              ],
              [
                116.474453304,
                3.512635595
              ],
              [
                116.474488996,
                3.512588006
              ],
              [
                116.474536585,
                3.512554694
              ],
              [
                116.474555621,
                3.512545176
              ],
              [
                116.474634143,
                3.51252614
              ],
              [
                116.474660317,
                3.512521381
              ],
              [
                116.474698388,
                3.512516622
              ],
              [
                116.474772152,
                3.512499966
              ],
              [
                116.474864951,
                3.512471412
              ],
              [
                116.475038651,
                3.512404788
              ],
              [
                116.475138589,
                3.512342922
              ],
              [
                116.475194405,
                3.512298863
              ],
              [
                116.475269064,
                3.512157011
              ],
              [
                116.475643828,
                3.511259077
              ],
              [
                116.47572116,
                3.511086566
              ],
              [
                116.475798492,
                3.510908107
              ],
              [
                116.475887722,
                3.510806979
              ],
              [
                116.475959106,
                3.510723698
              ],
              [
                116.47603049,
                3.510604725
              ],
              [
                116.476053044,
                3.510468659
              ],
              [
                116.476064892,
                3.510205104
              ],
              [
                116.476049188,
                3.50981502
              ],
              [
                116.476106538,
                3.509491919
              ],
              [
                116.476187335,
                3.509178942
              ],
              [
                116.47635689,
                3.509250633
              ],
              [
                116.476441667,
                3.509286478
              ],
              [
                116.476545163,
                3.509327463
              ],
              [
                116.476668629,
                3.509356132
              ],
              [
                116.476887096,
                3.509379303
              ],
              [
                116.477660421,
                3.509551814
              ],
              [
                116.478177954,
                3.509664838
              ],
              [
                116.478564616,
                3.509706479
              ],
              [
                116.478749024,
                3.509760017
              ],
              [
                116.478879894,
                3.509843298
              ],
              [
                116.478998868,
                3.509974168
              ],
              [
                116.479099772,
                3.510132105
              ],
              [
                116.479147289,
                3.510252131
              ],
              [
                116.479159481,
                3.51031919
              ],
              [
                116.479222834,
                3.510896507
              ],
              [
                116.479233542,
                3.510964321
              ],
              [
                116.479251388,
                3.511017859
              ],
              [
                116.479304926,
                3.511071397
              ],
              [
                116.479365602,
                3.511107089
              ],
              [
                116.479408432,
                3.51114635
              ],
              [
                116.47941914,
                3.51118918
              ],
              [
                116.479447693,
                3.511239149
              ],
              [
                116.47946197,
                3.511285549
              ],
              [
                116.479454832,
                3.511356932
              ],
              [
                116.479426278,
                3.511414039
              ],
              [
                116.479408432,
                3.51145687
              ],
              [
                116.479390586,
                3.511667452
              ],
              [
                116.479389099,
                3.511749246
              ],
              [
                116.479387612,
                3.51183104
              ],
              [
                116.479390586,
                3.511908373
              ],
              [
                116.479402484,
                3.511950013
              ],
              [
                116.479417355,
                3.512003551
              ],
              [
                116.479447099,
                3.512054114
              ],
              [
                116.479479816,
                3.512110627
              ],
              [
                116.479503611,
                3.512170113
              ],
              [
                116.479503611,
                3.512217702
              ],
              [
                116.479524431,
                3.512393188
              ],
              [
                116.479533354,
                3.512556776
              ],
              [
                116.479563097,
                3.512684672
              ],
              [
                116.479613661,
                3.512776876
              ],
              [
                116.479702891,
                3.512886926
              ],
              [
                116.479812941,
                3.513032668
              ],
              [
                116.479928939,
                3.513202204
              ],
              [
                116.480015195,
                3.513291434
              ],
              [
                116.480134168,
                3.513374715
              ],
              [
                116.4802115,
                3.513407433
              ],
              [
                116.48032155,
                3.513437176
              ],
              [
                116.480381037,
                3.513443125
              ],
              [
                116.480454526,
                3.513445224
              ],
              [
                116.480830994,
                3.513466587
              ],
              [
                116.480943185,
                3.513490714
              ],
              [
                116.481368513,
                3.513678097
              ],
              [
                116.481603485,
                3.51379707
              ],
              [
                116.481800134,
                3.513948512
              ],
              [
                116.481897943,
                3.514055836
              ],
              [
                116.48195743,
                3.514136143
              ],
              [
                116.481973788,
                3.514164399
              ],
              [
                116.481990147,
                3.514192655
              ],
              [
                116.482037737,
                3.514272962
              ],
              [
                116.482069842,
                3.514373216
              ],
              [
                116.482073429,
                3.514430601
              ],
              [
                116.482070454,
                3.514490088
              ],
              [
                116.482074661,
                3.514548979
              ],
              [
                116.482101592,
                3.514650457
              ],
              [
                116.482132559,
                3.514699873
              ],
              [
                116.482290216,
                3.514841221
              ],
              [
                116.482447873,
                3.514982568
              ],
              [
                116.482514754,
                3.515031137
              ],
              [
                116.482581636,
                3.515079705
              ],
              [
                116.482796456,
                3.515199007
              ],
              [
                116.48299547,
                3.515287207
              ],
              [
                116.4830847,
                3.51531695
              ],
              [
                116.483158706,
                3.515328848
              ],
              [
                116.483170614,
                3.515328848
              ],
              [
                116.483182522,
                3.515328848
              ],
              [
                116.483272082,
                3.515308027
              ],
              [
                116.483432696,
                3.515227721
              ],
              [
                116.483649822,
                3.515141465
              ],
              [
                116.483956177,
                3.514995723
              ],
              [
                116.484443967,
                3.514707214
              ],
              [
                116.484922833,
                3.514412755
              ],
              [
                116.485136985,
                3.514344346
              ],
              [
                116.485321393,
                3.514314602
              ],
              [
                116.485431443,
                3.514317577
              ],
              [
                116.485615851,
                3.514377063
              ],
              [
                116.485758619,
                3.514451421
              ],
              [
                116.48586272,
                3.51452578
              ],
              [
                116.485943027,
                3.514603112
              ],
              [
                116.485985294,
                3.514649605
              ],
              [
                116.48605561,
                3.514839287
              ],
              [
                116.486087497,
                3.515159468
              ],
              [
                116.486112237,
                3.515265108
              ],
              [
                116.486129199,
                3.515306078
              ],
              [
                116.486154051,
                3.51533941
              ],
              [
                116.486200436,
                3.515373325
              ],
              [
                116.48626128,
                3.515394283
              ],
              [
                116.486323741,
                3.515415103
              ],
              [
                116.486357792,
                3.515424832
              ],
              [
                116.486474684,
                3.515437488
              ],
              [
                116.486520046,
                3.515435923
              ],
              [
                116.486787736,
                3.515418077
              ],
              [
                116.48698999,
                3.515424026
              ],
              [
                116.487107773,
                3.515438501
              ],
              [
                116.487221987,
                3.515471814
              ],
              [
                116.487321925,
                3.515500367
              ],
              [
                116.487355237,
                3.515517024
              ],
              [
                116.48738855,
                3.51553368
              ],
              [
                116.487483728,
                3.515562233
              ],
              [
                116.487602701,
                3.515614581
              ],
              [
                116.487816853,
                3.515719278
              ],
              [
                116.488059558,
                3.515866804
              ],
              [
                116.488259432,
                3.516004813
              ],
              [
                116.488464066,
                3.516218964
              ],
              [
                116.488630628,
                3.516390286
              ],
              [
                116.488706771,
                3.516475946
              ],
              [
                116.488740601,
                3.516508962
              ],
              [
                116.488779383,
                3.516526315
              ],
              [
                116.488814597,
                3.516527808
              ],
              [
                116.488948286,
                3.516523026
              ],
              [
                116.488947214,
                3.516555133
              ],
              [
                116.488937175,
                3.516959327
              ],
              [
                116.488893106,
                3.517302542
              ],
              [
                116.488855502,
                3.517413169
              ],
              [
                116.488744948,
                3.517568981
              ],
              [
                116.488471545,
                3.517896432
              ],
              [
                116.488399208,
                3.518055277
              ],
              [
                116.488339668,
                3.518182426
              ],
              [
                116.488313392,
                3.518290709
              ],
              [
                116.488295376,
                3.518565962
              ],
              [
                116.488295216,
                3.518859176
              ],
              [
                116.488306967,
                3.519152397
              ],
              [
                116.488350899,
                3.519403448
              ],
              [
                116.48840738,
                3.519515103
              ],
              [
                116.488435872,
                3.519558674
              ],
              [
                116.488637986,
                3.519768586
              ],
              [
                116.488663932,
                3.519798863
              ],
              [
                116.48880971,
                3.519940921
              ],
              [
                116.488918913,
                3.520014297
              ],
              [
                116.48907469,
                3.520086319
              ],
              [
                116.489318832,
                3.520134325
              ],
              [
                116.489836936,
                3.520146578
              ],
              [
                116.49020511,
                3.520156693
              ],
              [
                116.490270854,
                3.52016717
              ],
              [
                116.490336598,
                3.520177647
              ],
              [
                116.490396479,
                3.520198628
              ],
              [
                116.490619956,
                3.520343871
              ],
              [
                116.490843433,
                3.520489114
              ],
              [
                116.49127207,
                3.520755037
              ],
              [
                116.491419707,
                3.520855649
              ],
              [
                116.491509008,
                3.520909553
              ],
              [
                116.491586414,
                3.520933531
              ],
              [
                116.492301053,
                3.520927939
              ],
              [
                116.492408232,
                3.520957917
              ],
              [
                116.492467777,
                3.52097291
              ],
              [
                116.492527322,
                3.520987902
              ],
              [
                116.492640395,
                3.521131579
              ],
              [
                116.494077272,
                3.522885655
              ],
              [
                116.494665999,
                3.523645708
              ],
              [
                116.494753089,
                3.523801584
              ],
              [
                116.494866166,
                3.523939277
              ],
              [
                116.495193579,
                3.524178814
              ],
              [
                116.495223443,
                3.524017263
              ],
              [
                116.495241374,
                3.523897593
              ],
              [
                116.495250426,
                3.523537914
              ],
              [
                116.49528724,
                3.523105771
              ],
              [
                116.49532713,
                3.522940231
              ],
              [
                116.49540985,
                3.52280742
              ],
              [
                116.495463934,
                3.522722431
              ],
              [
                116.495480247,
                3.522668773
              ],
              [
                116.495483846,
                3.522636389
              ],
              [
                116.495475589,
                3.5226003
              ],
              [
                116.495443163,
                3.522548058
              ],
              [
                116.495381676,
                3.522395658
              ],
              [
                116.495337528,
                3.52228317
              ],
              [
                116.495331332,
                3.52219744
              ],
              [
                116.49532911,
                3.522166699
              ],
              [
                116.495326888,
                3.522135957
              ],
              [
                116.495337683,
                3.521995939
              ],
              [
                116.49540718,
                3.521674347
              ],
              [
                116.495425706,
                3.521676084
              ],
              [
                116.495554196,
                3.521640393
              ],
              [
                116.49566841,
                3.521554732
              ],
              [
                116.495739794,
                3.521419103
              ],
              [
                116.49574073,
                3.521407399
              ],
              [
                116.495754071,
                3.521240643
              ],
              [
                116.495818316,
                3.521062183
              ],
              [
                116.495882562,
                3.520955108
              ],
              [
                116.495896125,
                3.520838038
              ],
              [
                116.495842587,
                3.520770224
              ],
              [
                116.495774772,
                3.520738101
              ],
              [
                116.495656989,
                3.520502534
              ],
              [
                116.495619837,
                3.520365752
              ],
              [
                116.495685077,
                3.520148326
              ],
              [
                116.496234229,
                3.519776367
              ],
              [
                116.496508805,
                3.519590388
              ],
              [
                116.496508781,
                3.519586868
              ],
              [
                116.496508757,
                3.519583348
              ],
              [
                116.49640414,
                3.518878552
              ],
              [
                116.496368448,
                3.518604914
              ],
              [
                116.49640414,
                3.518402659
              ],
              [
                116.49649926,
                3.51820057
              ],
              [
                116.496737264,
                3.518010049
              ],
              [
                116.496903826,
                3.51791487
              ],
              [
                116.497225054,
                3.517879179
              ],
              [
                116.497660496,
                3.517743549
              ],
              [
                116.497785418,
                3.517725703
              ],
              [
                116.497910339,
                3.517707857
              ],
              [
                116.498031691,
                3.517672166
              ],
              [
                116.498153043,
                3.517636474
              ],
              [
                116.498395748,
                3.517550813
              ],
              [
                116.498524239,
                3.517486567
              ],
              [
                116.498574209,
                3.517329523
              ],
              [
                116.498545655,
                3.517172479
              ],
              [
                116.498531378,
                3.517072541
              ],
              [
                116.498545655,
                3.516944051
              ],
              [
                116.49865273,
                3.516851251
              ],
              [
                116.498795498,
                3.516822698
              ],
              [
                116.498895436,
                3.516801283
              ],
              [
                116.49909531,
                3.516772729
              ],
              [
                116.499259493,
                3.516722761
              ],
              [
                116.499416537,
                3.516651377
              ],
              [
                116.49953789,
                3.516508608
              ],
              [
                116.499566443,
                3.516294458
              ],
              [
                116.499554594,
                3.516193733
              ],
              [
                116.49953789,
                3.516051752
              ],
              [
                116.499480783,
                3.515901847
              ],
              [
                116.499348235,
                3.515749417
              ],
              [
                116.499338016,
                3.515737663
              ],
              [
                116.499195534,
                3.515611087
              ],
              [
                116.499127462,
                3.515505885
              ],
              [
                116.499116725,
                3.515237977
              ],
              [
                116.499123864,
                3.515088071
              ],
              [
                116.499118227,
                3.51489643
              ],
              [
                116.499116726,
                3.514845366
              ],
              [
                116.499095311,
                3.514724013
              ],
              [
                116.49909531,
                3.514552692
              ],
              [
                116.499116725,
                3.514388509
              ],
              [
                116.499202386,
                3.513803162
              ],
              [
                116.499227371,
                3.51368181
              ],
              [
                116.499252355,
                3.513560457
              ],
              [
                116.499266632,
                3.513353444
              ],
              [
                116.499266632,
                3.513103601
              ],
              [
                116.499245216,
                3.512918002
              ],
              [
                116.499180971,
                3.512775234
              ],
              [
                116.499081034,
                3.512639605
              ],
              [
                116.498988235,
                3.512496837
              ],
              [
                116.498852605,
                3.512339794
              ],
              [
                116.498731694,
                3.512164634
              ],
              [
                116.498639355,
                3.511777544
              ],
              [
                116.49826808,
                3.511311093
              ],
              [
                116.498651518,
                3.511030529
              ],
              [
                116.498853428,
                3.51088279
              ],
              [
                116.498605964,
                3.510497317
              ],
              [
                116.498786621,
                3.510334429
              ],
              [
                116.498896258,
                3.510235577
              ],
              [
                116.498939088,
                3.50982155
              ],
              [
                116.499538712,
                3.509526498
              ],
              [
                116.499719421,
                3.509336356
              ],
              [
                116.499654023,
                3.50923199
              ],
              [
                116.499606848,
                3.509156705
              ],
              [
                116.499426009,
                3.508956831
              ],
              [
                116.49915475,
                3.508633224
              ],
              [
                116.49880259,
                3.508466661
              ],
              [
                116.498574161,
                3.508385759
              ],
              [
                116.498521813,
                3.508309617
              ],
              [
                116.498521813,
                3.508052635
              ],
              [
                116.498525904,
                3.507882888
              ],
              [
                116.498531331,
                3.507657645
              ],
              [
                116.498552917,
                3.507504585
              ],
              [
                116.498583679,
                3.507286449
              ],
              [
                116.498574162,
                3.506981877
              ],
              [
                116.49849326,
                3.506743932
              ],
              [
                116.498274349,
                3.506327525
              ],
              [
                116.49814444,
                3.506170553
              ],
              [
                116.497988814,
                3.505982504
              ],
              [
                116.497905533,
                3.505768352
              ],
              [
                116.497941225,
                3.505363844
              ],
              [
                116.498250555,
                3.504923643
              ],
              [
                116.498393675,
                3.504723276
              ],
              [
                116.498575865,
                3.504468209
              ],
              [
                116.49866696,
                3.504340676
              ],
              [
                116.499309415,
                3.503412686
              ],
              [
                116.499832896,
                3.502627464
              ],
              [
                116.499849922,
                3.502605062
              ],
              [
                116.500021203,
                3.502379694
              ],
              [
                116.500192483,
                3.502154325
              ],
              [
                116.50028492,
                3.502032696
              ],
              [
                116.500284994,
                3.502032598
              ],
              [
                116.500820373,
                3.501413939
              ],
              [
                116.500942839,
                3.501425022
              ],
              [
                116.501896964,
                3.501511374
              ],
              [
                116.502197917,
                3.501263067
              ],
              [
                116.502378755,
                3.500996567
              ],
              [
                116.502453824,
                3.500917084
              ],
              [
                116.502540559,
                3.500825246
              ],
              [
                116.502645255,
                3.500663443
              ],
              [
                116.502835612,
                3.500444533
              ],
              [
                116.50297838,
                3.500387426
              ],
              [
                116.503121147,
                3.500330318
              ],
              [
                116.503254397,
                3.500339836
              ],
              [
                116.503473307,
                3.50036839
              ],
              [
                116.50359704,
                3.50036839
              ],
              [
                116.503796915,
                3.500333491
              ],
              [
                116.503996789,
                3.500298592
              ],
              [
                116.504139557,
                3.500246244
              ],
              [
                116.504229976,
                3.500231967
              ],
              [
                116.504306119,
                3.500227208
              ],
              [
                116.504334673,
                3.500255762
              ],
              [
                116.504334673,
                3.500298592
              ],
              [
                116.504282324,
                3.500360458
              ],
              [
                116.504278648,
                3.500367245
              ],
              [
                116.504232745,
                3.500418523
              ],
              [
                116.504205619,
                3.500461353
              ],
              [
                116.504207047,
                3.500507039
              ],
              [
                116.504271151,
                3.500528792
              ],
              [
                116.50433411,
                3.500507039
              ],
              [
                116.504405494,
                3.500498473
              ],
              [
                116.504453321,
                3.500508467
              ],
              [
                116.504501148,
                3.50051846
              ],
              [
                116.504546834,
                3.500524171
              ],
              [
                116.504629639,
                3.500525599
              ],
              [
                116.504749564,
                3.500514177
              ],
              [
                116.505085389,
                3.500442758
              ],
              [
                116.505185327,
                3.500407066
              ],
              [
                116.505317387,
                3.500357098
              ],
              [
                116.505399478,
                3.500317836
              ],
              [
                116.505456585,
                3.50025716
              ],
              [
                116.505495846,
                3.500153654
              ],
              [
                116.505514243,
                3.500098903
              ],
              [
                116.505542088,
                3.500016042
              ],
              [
                116.505581507,
                3.499918087
              ],
              [
                116.505706428,
                3.499882395
              ],
              [
                116.5057992,
                3.499899459
              ],
              [
                116.505892026,
                3.499925225
              ],
              [
                116.505977687,
                3.499950209
              ],
              [
                116.506327468,
                3.500000178
              ],
              [
                116.506516635,
                3.499953779
              ],
              [
                116.506577311,
                3.499914518
              ],
              [
                116.506598726,
                3.49985741
              ],
              [
                116.506566603,
                3.499782457
              ],
              [
                116.506455959,
                3.499689658
              ],
              [
                116.506356022,
                3.499607567
              ],
              [
                116.506295345,
                3.499529045
              ],
              [
                116.506216823,
                3.499207817
              ],
              [
                116.506216823,
                3.499068619
              ],
              [
                116.506241807,
                3.498972251
              ],
              [
                116.506291775,
                3.498858037
              ],
              [
                116.506356021,
                3.498779514
              ],
              [
                116.506473805,
                3.498722407
              ],
              [
                116.506566604,
                3.498700992
              ],
              [
                116.506602296,
                3.498700992
              ],
              [
                116.506709372,
                3.498718839
              ],
              [
                116.506823586,
                3.498718838
              ],
              [
                116.506984199,
                3.498601055
              ],
              [
                116.507180504,
                3.498414862
              ],
              [
                116.50724594,
                3.498295889
              ],
              [
                116.507311116,
                3.498151767
              ],
              [
                116.507443438,
                3.498039294
              ],
              [
                116.507514822,
                3.497908424
              ],
              [
                116.507514822,
                3.497753759
              ],
              [
                116.507544566,
                3.497634786
              ],
              [
                116.507627847,
                3.497557453
              ],
              [
                116.507764666,
                3.497486069
              ],
              [
                116.507895536,
                3.497414685
              ],
              [
                116.508001995,
                3.497345487
              ],
              [
                116.508123614,
                3.497251405
              ],
              [
                116.508152614,
                3.49720456
              ],
              [
                116.50816228,
                3.497188945
              ],
              [
                116.508189049,
                3.497123509
              ],
              [
                116.508192023,
                3.497046176
              ],
              [
                116.508170212,
                3.496996604
              ],
              [
                116.508159306,
                3.496971818
              ],
              [
                116.508129562,
                3.496927204
              ],
              [
                116.508099819,
                3.496882589
              ],
              [
                116.508095358,
                3.496857307
              ],
              [
                116.508090896,
                3.496832025
              ],
              [
                116.508165254,
                3.496549464
              ],
              [
                116.508242587,
                3.496454285
              ],
              [
                116.508285014,
                3.496346597
              ],
              [
                116.508331816,
                3.496266903
              ],
              [
                116.508322894,
                3.496144956
              ],
              [
                116.508281253,
                3.496085469
              ],
              [
                116.508117665,
                3.495871317
              ],
              [
                116.508022487,
                3.495776139
              ],
              [
                116.507968948,
                3.495716653
              ],
              [
                116.507957052,
                3.495651218
              ],
              [
                116.507955565,
                3.495619987
              ],
              [
                116.507954077,
                3.495588756
              ],
              [
                116.507957184,
                3.495493832
              ],
              [
                116.508432105,
                3.495012223
              ],
              [
                116.508596287,
                3.494726687
              ],
              [
                116.508689086,
                3.494626751
              ],
              [
                116.508781885,
                3.494555366
              ],
              [
                116.508988898,
                3.494448291
              ],
              [
                116.50920305,
                3.494376907
              ],
              [
                116.50946717,
                3.494284108
              ],
              [
                116.50977888,
                3.494062342
              ],
              [
                116.509893094,
                3.493776807
              ],
              [
                116.509950201,
                3.493529343
              ],
              [
                116.50999779,
                3.493215254
              ],
              [
                116.510035861,
                3.492996343
              ],
              [
                116.510064414,
                3.492805987
              ],
              [
                116.510121521,
                3.492596594
              ],
              [
                116.510154834,
                3.492501416
              ],
              [
                116.510188147,
                3.492406237
              ],
              [
                116.510264289,
                3.492225398
              ],
              [
                116.510318224,
                3.492174636
              ],
              [
                116.510426093,
                3.492073113
              ],
              [
                116.510511754,
                3.492063595
              ],
              [
                116.510645003,
                3.492244434
              ],
              [
                116.510768735,
                3.492292024
              ],
              [
                116.510949575,
                3.492301541
              ],
              [
                116.511101859,
                3.492253952
              ],
              [
                116.511425467,
                3.492092149
              ],
              [
                116.51167293,
                3.491968417
              ],
              [
                116.511844251,
                3.49191131
              ],
              [
                116.511910876,
                3.491911309
              ],
              [
                116.512334467,
                3.492006874
              ],
              [
                116.51249508,
                3.491959286
              ],
              [
                116.512572412,
                3.49189385
              ],
              [
                116.512620002,
                3.491757032
              ],
              [
                116.512643797,
                3.491566674
              ],
              [
                116.512691386,
                3.491388215
              ],
              [
                116.512750872,
                3.491221653
              ],
              [
                116.512828205,
                3.491049142
              ],
              [
                116.512935281,
                3.490942066
              ],
              [
                116.513118523,
                3.490817206
              ],
              [
                116.513274353,
                3.490788204
              ],
              [
                116.513533669,
                3.490788204
              ],
              [
                116.51370499,
                3.490802481
              ],
              [
                116.513961971,
                3.490873864
              ],
              [
                116.514176123,
                3.490916694
              ],
              [
                116.514561596,
                3.491045186
              ],
              [
                116.514889961,
                3.491059462
              ],
              [
                116.515389648,
                3.491059462
              ],
              [
                116.51564663,
                3.490973801
              ],
              [
                116.516231977,
                3.490659713
              ],
              [
                116.516588896,
                3.490531222
              ],
              [
                116.516792889,
                3.490481468
              ],
              [
                116.517174244,
                3.490388455
              ],
              [
                116.517688208,
                3.490259963
              ],
              [
                116.517973743,
                3.490074366
              ],
              [
                116.518230725,
                3.489817384
              ],
              [
                116.518344939,
                3.489688893
              ],
              [
                116.518459153,
                3.489560402
              ],
              [
                116.518801796,
                3.489431911
              ],
              [
                116.519272928,
                3.489274867
              ],
              [
                116.519758338,
                3.48921776
              ],
              [
                116.520072427,
                3.48917493
              ],
              [
                116.520386516,
                3.489132099
              ],
              [
                116.520814819,
                3.489032162
              ],
              [
                116.521842746,
                3.488832287
              ],
              [
                116.522654867,
                3.488591378
              ],
              [
                116.523466988,
                3.488350468
              ],
              [
                116.523622947,
                3.488159782
              ],
              [
                116.523848996,
                3.48794563
              ],
              [
                116.524199966,
                3.487612506
              ],
              [
                116.52440222,
                3.487529225
              ],
              [
                116.524640167,
                3.487558968
              ],
              [
                116.524866215,
                3.487648197
              ],
              [
                116.525127956,
                3.487880195
              ],
              [
                116.525365902,
                3.488058655
              ],
              [
                116.525645489,
                3.488207371
              ],
              [
                116.525871538,
                3.488290653
              ],
              [
                116.52607974,
                3.488314447
              ],
              [
                116.526418814,
                3.488225217
              ],
              [
                116.52660917,
                3.488237115
              ],
              [
                116.526763836,
                3.488260909
              ],
              [
                116.526948244,
                3.488272807
              ],
              [
                116.527025577,
                3.488249012
              ],
              [
                116.527102909,
                3.488225217
              ],
              [
                116.527328958,
                3.488017014
              ],
              [
                116.527531211,
                3.487713633
              ],
              [
                116.527697773,
                3.487547071
              ],
              [
                116.52819746,
                3.487071178
              ],
              [
                116.528387817,
                3.486821335
              ],
              [
                116.528548431,
                3.486595286
              ],
              [
                116.528697147,
                3.48635734
              ],
              [
                116.528740771,
                3.486250264
              ],
              [
                116.528762583,
                3.486196726
              ],
              [
                116.52886371,
                3.485952832
              ],
              [
                116.528867511,
                3.48594683
              ],
              [
                116.528976734,
                3.485774372
              ],
              [
                116.529415875,
                3.485300959
              ],
              [
                116.529708418,
                3.48472741
              ],
              [
                116.529869032,
                3.484465669
              ],
              [
                116.530054449,
                3.484341776
              ],
              [
                116.530457949,
                3.484203928
              ],
              [
                116.530707792,
                3.484084955
              ],
              [
                116.530915995,
                3.483960033
              ],
              [
                116.531305037,
                3.48357694
              ],
              [
                116.531659655,
                3.483054688
              ],
              [
                116.5318638,
                3.482524845
              ],
              [
                116.531885625,
                3.482196852
              ],
              [
                116.532032037,
                3.481982749
              ],
              [
                116.532172277,
                3.481930159
              ],
              [
                116.532325825,
                3.481828829
              ],
              [
                116.53278982,
                3.481858573
              ],
              [
                116.532998023,
                3.481858572
              ],
              [
                116.533444172,
                3.481656318
              ],
              [
                116.533610735,
                3.481461996
              ],
              [
                116.533694016,
                3.481364835
              ],
              [
                116.533801091,
                3.481174478
              ],
              [
                116.533824886,
                3.480972223
              ],
              [
                116.533824886,
                3.480972223
              ],
              [
                116.533795143,
                3.480769969
              ],
              [
                116.533598837,
                3.48001449
              ],
              [
                116.533557197,
                3.479723006
              ],
              [
                116.533533402,
                3.479586188
              ],
              [
                116.533438223,
                3.479270909
              ],
              [
                116.533265993,
                3.478886319
              ],
              [
                116.533244196,
                3.478851493
              ],
              [
                116.532657575,
                3.477914162
              ],
              [
                116.532555361,
                3.476686999
              ],
              [
                116.532726682,
                3.476144482
              ],
              [
                116.532898003,
                3.475601965
              ],
              [
                116.533183539,
                3.474488377
              ],
              [
                116.533469074,
                3.473374789
              ],
              [
                116.534825367,
                3.472025635
              ],
              [
                116.535280697,
                3.471684138
              ],
              [
                116.535539205,
                3.471490257
              ],
              [
                116.53606436,
                3.47071797
              ],
              [
                116.536145968,
                3.470597959
              ],
              [
                116.536467195,
                3.469812736
              ],
              [
                116.536681347,
                3.469170282
              ],
              [
                116.536895498,
                3.468527827
              ],
              [
                116.53702548,
                3.468420038
              ],
              [
                116.538358867,
                3.467314303
              ],
              [
                116.538840708,
                3.46706446
              ],
              [
                116.539322549,
                3.466814616
              ],
              [
                116.540143462,
                3.466564773
              ],
              [
                116.540785917,
                3.466029394
              ],
              [
                116.541132352,
                3.46535456
              ],
              [
                116.541999442,
                3.464066338
              ],
              [
                116.542677588,
                3.463566651
              ],
              [
                116.543498503,
                3.463316808
              ],
              [
                116.543680187,
                3.463259434
              ],
              [
                116.544176649,
                3.463102657
              ],
              [
                116.545033255,
                3.462460202
              ],
              [
                116.545390174,
                3.461746364
              ],
              [
                116.545782785,
                3.460675607
              ],
              [
                116.546211088,
                3.459961768
              ],
              [
                116.546800389,
                3.459188311
              ],
              [
                116.547305664,
                3.458525137
              ],
              [
                116.547353229,
                3.458462707
              ],
              [
                116.547912403,
                3.457058825
              ],
              [
                116.548269322,
                3.456249809
              ],
              [
                116.548602446,
                3.455773916
              ],
              [
                116.549030749,
                3.455464587
              ],
              [
                116.549578025,
                3.455250435
              ],
              [
                116.550624988,
                3.455036284
              ],
              [
                116.551126318,
                3.455059601
              ],
              [
                116.551376983,
                3.45507126
              ],
              [
                116.551648157,
                3.455083873
              ],
              [
                116.552552352,
                3.455202846
              ],
              [
                116.553242395,
                3.455226641
              ],
              [
                116.553558394,
                3.455237537
              ],
              [
                116.553932439,
                3.455250436
              ],
              [
                116.554622482,
                3.455250435
              ],
              [
                116.555097481,
                3.455287936
              ],
              [
                116.555526678,
                3.455321819
              ],
              [
                116.55736553,
                3.455555307
              ],
              [
                116.557278574,
                3.455483463
              ],
              [
                116.557250021,
                3.455387095
              ],
              [
                116.557242882,
                3.455272881
              ],
              [
                116.557250021,
                3.455140821
              ],
              [
                116.557278574,
                3.455037315
              ],
              [
                116.557328543,
                3.454887409
              ],
              [
                116.557432049,
                3.454641134
              ],
              [
                116.557539125,
                3.454473382
              ],
              [
                116.557614078,
                3.454430552
              ],
              [
                116.557721153,
                3.454419844
              ],
              [
                116.557796107,
                3.454434121
              ],
              [
                116.557878198,
                3.454469813
              ],
              [
                116.557946013,
                3.454491228
              ],
              [
                116.558020966,
                3.454487658
              ],
              [
                116.558081642,
                3.454466243
              ],
              [
                116.558097703,
                3.454446613
              ],
              [
                116.558113764,
                3.454426983
              ],
              [
                116.558120903,
                3.454373445
              ],
              [
                116.558120904,
                3.454298491
              ],
              [
                116.558099488,
                3.454184277
              ],
              [
                116.558085211,
                3.454009387
              ],
              [
                116.558067365,
                3.453873758
              ],
              [
                116.558024535,
                3.453798805
              ],
              [
                116.557978136,
                3.453723851
              ],
              [
                116.557963859,
                3.453620345
              ],
              [
                116.557985274,
                3.453431178
              ],
              [
                116.557999551,
                3.453345518
              ],
              [
                116.558013827,
                3.453259857
              ],
              [
                116.557910321,
                3.453199181
              ],
              [
                116.557813953,
                3.453088536
              ],
              [
                116.557710446,
                3.452945768
              ],
              [
                116.557617648,
                3.452785154
              ],
              [
                116.557542694,
                3.452642386
              ],
              [
                116.557458224,
                3.452501999
              ],
              [
                116.55729761,
                3.452152218
              ],
              [
                116.55713898,
                3.451752706
              ],
              [
                116.557104873,
                3.451666808
              ],
              [
                116.556965675,
                3.451334873
              ],
              [
                116.557022782,
                3.451263489
              ],
              [
                116.557079889,
                3.45121352
              ],
              [
                116.557131047,
                3.451126908
              ],
              [
                116.557152463,
                3.451069801
              ],
              [
                116.557191724,
                3.450969864
              ],
              [
                116.557227415,
                3.450834234
              ],
              [
                116.557245261,
                3.45076285
              ],
              [
                116.557270246,
                3.450716452
              ],
              [
                116.557316645,
                3.450670052
              ],
              [
                116.55738446,
                3.450602237
              ],
              [
                116.557434429,
                3.450548699
              ],
              [
                116.557470121,
                3.450505869
              ],
              [
                116.557512951,
                3.450438055
              ],
              [
                116.557537935,
                3.450383088
              ],
              [
                116.557666426,
                3.450161799
              ],
              [
                116.557702118,
                3.450061861
              ],
              [
                116.557744949,
                3.449976201
              ],
              [
                116.557809194,
                3.449904817
              ],
              [
                116.557930546,
                3.44980488
              ],
              [
                116.558016207,
                3.449704942
              ],
              [
                116.558358849,
                3.449212394
              ],
              [
                116.558630107,
                3.448941135
              ],
              [
                116.558458786,
                3.44896255
              ],
              [
                116.558355994,
                3.44897591
              ],
              [
                116.558153025,
                3.449002288
              ],
              [
                116.557510571,
                3.449097466
              ],
              [
                116.557308317,
                3.449109363
              ],
              [
                116.557129858,
                3.449103415
              ],
              [
                116.557010885,
                3.449085569
              ],
              [
                116.556850271,
                3.449043928
              ],
              [
                116.556737247,
                3.448978493
              ],
              [
                116.556618274,
                3.448865468
              ],
              [
                116.556579607,
                3.448817879
              ],
              [
                116.556540941,
                3.44877029
              ],
              [
                116.556475506,
                3.448645368
              ],
              [
                116.556439814,
                3.448532344
              ],
              [
                116.556439814,
                3.44841932
              ],
              [
                116.556481454,
                3.448258706
              ],
              [
                116.556511198,
                3.448163527
              ],
              [
                116.556533505,
                3.448087683
              ],
              [
                116.556540941,
                3.448062401
              ],
              [
                116.55658853,
                3.44793153
              ],
              [
                116.556606376,
                3.447860146
              ],
              [
                116.556606376,
                3.447788762
              ],
              [
                116.556564736,
                3.447681686
              ],
              [
                116.556451711,
                3.447479432
              ],
              [
                116.556368926,
                3.447334682
              ],
              [
                116.556226158,
                3.446977762
              ],
              [
                116.556095287,
                3.446846892
              ],
              [
                116.555916829,
                3.446668432
              ],
              [
                116.555714574,
                3.446525665
              ],
              [
                116.555512319,
                3.446418589
              ],
              [
                116.555345758,
                3.446347206
              ],
              [
                116.555143504,
                3.446287719
              ],
              [
                116.554941249,
                3.44624013
              ],
              [
                116.554822277,
                3.446216335
              ],
              [
                116.554679508,
                3.446121157
              ],
              [
                116.554560536,
                3.446025978
              ],
              [
                116.554453459,
                3.445918903
              ],
              [
                116.554286898,
                3.445788032
              ],
              [
                116.554156027,
                3.445740443
              ],
              [
                116.553977568,
                3.445692854
              ],
              [
                116.553799108,
                3.445692853
              ],
              [
                116.553620648,
                3.445692854
              ],
              [
                116.553477881,
                3.445669059
              ],
              [
                116.553275626,
                3.445585778
              ],
              [
                116.553120961,
                3.445478703
              ],
              [
                116.553049578,
                3.44541525
              ],
              [
                116.553013886,
                3.445383524
              ],
              [
                116.552960348,
                3.445294294
              ],
              [
                116.55290681,
                3.445205064
              ],
              [
                116.552770883,
                3.444698239
              ],
              [
                116.552649531,
                3.444198552
              ],
              [
                116.552581716,
                3.44380951
              ],
              [
                116.552261448,
                3.443665057
              ],
              [
                116.551893821,
                3.443511582
              ],
              [
                116.551686808,
                3.443411644
              ],
              [
                116.551440534,
                3.443283154
              ],
              [
                116.551312042,
                3.443240323
              ],
              [
                116.551229952,
                3.443204631
              ],
              [
                116.551133584,
                3.443186785
              ],
              [
                116.551030077,
                3.443168939
              ],
              [
                116.55088374,
                3.443154662
              ],
              [
                116.550815925,
                3.443151093
              ],
              [
                116.550748111,
                3.443147524
              ],
              [
                116.550626758,
                3.443133247
              ],
              [
                116.550412607,
                3.443118971
              ],
              [
                116.550259131,
                3.443090417
              ],
              [
                116.550127071,
                3.443054725
              ],
              [
                116.549930766,
                3.442983341
              ],
              [
                116.549627385,
                3.442861989
              ],
              [
                116.549431098,
                3.442785181
              ],
              [
                116.549052745,
                3.44263713
              ],
              [
                116.54863158,
                3.442422979
              ],
              [
                116.548450622,
                3.442304481
              ],
              [
                116.548293578,
                3.442183129
              ],
              [
                116.548215056,
                3.442104606
              ],
              [
                116.548079426,
                3.442068915
              ],
              [
                116.547879551,
                3.442054638
              ],
              [
                116.547709954,
                3.442042075
              ],
              [
                116.547494079,
                3.442026084
              ],
              [
                116.54722282,
                3.441976115
              ],
              [
                116.547151436,
                3.4419547
              ],
              [
                116.547087191,
                3.441933285
              ],
              [
                116.5469587,
                3.441869039
              ],
              [
                116.546787378,
                3.441740549
              ],
              [
                116.546666026,
                3.44164775
              ],
              [
                116.546551812,
                3.441562089
              ],
              [
                116.546459013,
                3.441526398
              ],
              [
                116.546280554,
                3.441483567
              ],
              [
                116.546116371,
                3.441483567
              ],
              [
                116.545877949,
                3.441487136
              ],
              [
                116.545542444,
                3.441494274
              ],
              [
                116.545321155,
                3.441522828
              ],
              [
                116.545088112,
                3.44151874
              ],
              [
                116.544914267,
                3.44151569
              ],
              [
                116.544721531,
                3.44151569
              ],
              [
                116.54459304,
                3.441494275
              ],
              [
                116.544485964,
                3.441422891
              ],
              [
                116.544450272,
                3.441372922
              ],
              [
                116.54441458,
                3.441322953
              ],
              [
                116.544328919,
                3.441240862
              ],
              [
                116.544243259,
                3.441158771
              ],
              [
                116.544129045,
                3.441108802
              ],
              [
                116.544000554,
                3.441065972
              ],
              [
                116.54388634,
                3.441023142
              ],
              [
                116.543772125,
                3.440994588
              ],
              [
                116.543629358,
                3.440987449
              ],
              [
                116.543486591,
                3.441001726
              ],
              [
                116.543272439,
                3.441051695
              ],
              [
                116.543140379,
                3.441101664
              ],
              [
                116.543008319,
                3.441151632
              ],
              [
                116.542814631,
                3.44123298
              ],
              [
                116.542612938,
                3.441330349
              ],
              [
                116.542607618,
                3.441332917
              ],
              [
                116.542429999,
                3.441440758
              ],
              [
                116.542407743,
                3.44145427
              ],
              [
                116.54224356,
                3.441561345
              ],
              [
                116.542122207,
                3.44163273
              ],
              [
                116.54197944,
                3.441704113
              ],
              [
                116.541873554,
                3.441736236
              ],
              [
                116.541820611,
                3.441752297
              ],
              [
                116.541773022,
                3.441778471
              ],
              [
                116.541630254,
                3.441856993
              ],
              [
                116.541497005,
                3.441990244
              ],
              [
                116.54138279,
                3.442123494
              ],
              [
                116.541325683,
                3.442275779
              ],
              [
                116.541268576,
                3.442428064
              ],
              [
                116.541182915,
                3.442561314
              ],
              [
                116.541059183,
                3.442685046
              ],
              [
                116.540925933,
                3.442789742
              ],
              [
                116.540792684,
                3.442913474
              ],
              [
                116.540668951,
                3.44306576
              ],
              [
                116.540564256,
                3.443189492
              ],
              [
                116.540421487,
                3.443284671
              ],
              [
                116.540231131,
                3.443389366
              ],
              [
                116.540088363,
                3.443465509
              ],
              [
                116.539917042,
                3.443560688
              ],
              [
                116.539802828,
                3.443646348
              ],
              [
                116.539593435,
                3.443798634
              ],
              [
                116.539498257,
                3.443893812
              ],
              [
                116.539431632,
                3.444017544
              ],
              [
                116.539431632,
                3.44416983
              ],
              [
                116.539431632,
                3.444293562
              ],
              [
                116.539431632,
                3.444426812
              ],
              [
                116.539412596,
                3.444483919
              ],
              [
                116.539391429,
                3.444499313
              ],
              [
                116.539349095,
                3.444530101
              ],
              [
                116.539321632,
                3.444550074
              ],
              [
                116.5393079,
                3.444560061
              ],
              [
                116.539117543,
                3.444588615
              ],
              [
                116.53887008,
                3.444531508
              ],
              [
                116.538866068,
                3.444529867
              ],
              [
                116.538660687,
                3.444445847
              ],
              [
                116.538451294,
                3.444255491
              ],
              [
                116.538308526,
                3.444017545
              ],
              [
                116.538165758,
                3.443846223
              ],
              [
                116.538042026,
                3.443760562
              ],
              [
                116.537861187,
                3.44368442
              ],
              [
                116.537781225,
                3.443697747
              ],
              [
                116.537746974,
                3.443703455
              ],
              [
                116.53758517,
                3.443779598
              ],
              [
                116.537509028,
                3.443893812
              ],
              [
                116.537483647,
                3.444001681
              ],
              [
                116.537470956,
                3.444055616
              ],
              [
                116.537375778,
                3.444141276
              ],
              [
                116.537185421,
                3.444122241
              ],
              [
                116.537071207,
                3.444017545
              ],
              [
                116.536947475,
                3.443836705
              ],
              [
                116.536909403,
                3.443732009
              ],
              [
                116.536852296,
                3.443617795
              ],
              [
                116.536780912,
                3.443584483
              ],
              [
                116.536709529,
                3.44355117
              ],
              [
                116.536642904,
                3.443522616
              ],
              [
                116.536509654,
                3.443522616
              ],
              [
                116.536414475,
                3.443636831
              ],
              [
                116.536347851,
                3.44377008
              ],
              [
                116.536081351,
                3.443922366
              ],
              [
                116.53591003,
                3.443969955
              ],
              [
                116.535653048,
                3.444008027
              ],
              [
                116.53542462,
                3.444008026
              ],
              [
                116.53515812,
                3.443998509
              ],
              [
                116.534977281,
                3.443941402
              ],
              [
                116.534863067,
                3.443884295
              ],
              [
                116.534759609,
                3.443816057
              ],
              [
                116.534631649,
                3.443854032
              ],
              [
                116.533607283,
                3.444158038
              ],
              [
                116.533346491,
                3.444332812
              ],
              [
                116.532161308,
                3.4461549
              ],
              [
                116.531940574,
                3.446312594
              ],
              [
                116.529446526,
                3.447193965
              ],
              [
                116.528127346,
                3.448297844
              ],
              [
                116.526641766,
                3.450534053
              ],
              [
                116.526545497,
                3.450852456
              ],
              [
                116.526288119,
                3.452825685
              ],
              [
                116.52562187,
                3.454824432
              ],
              [
                116.525091482,
                3.456593992
              ],
              [
                116.524539447,
                3.457517224
              ],
              [
                116.523009221,
                3.459298696
              ],
              [
                116.522984925,
                3.459324367
              ],
              [
                116.521869487,
                3.460502954
              ],
              [
                116.521485346,
                3.460908844
              ],
              [
                116.520559413,
                3.462808264
              ],
              [
                116.519479278,
                3.465024006
              ],
              [
                116.519299581,
                3.465221891
              ],
              [
                116.516371346,
                3.467122844
              ],
              [
                116.512784346,
                3.468562844
              ],
              [
                116.511118612,
                3.469566091
              ],
              [
                116.507798995,
                3.469467366
              ],
              [
                116.505835939,
                3.469467366
              ],
              [
                116.503724168,
                3.46914019
              ],
              [
                116.501850342,
                3.468426352
              ],
              [
                116.500154977,
                3.467266364
              ],
              [
                116.494942523,
                3.467560656
              ],
              [
                116.494028333,
                3.467453297
              ],
              [
                116.493273402,
                3.467306714
              ],
              [
                116.490609967,
                3.466093489
              ],
              [
                116.487665384,
                3.46546888
              ],
              [
                116.484720801,
                3.464784785
              ],
              [
                116.483947477,
                3.464457609
              ],
              [
                116.483337739,
                3.464276175
              ],
              [
                116.482885642,
                3.463966845
              ],
              [
                116.482678102,
                3.463190253
              ],
              [
                116.48270563,
                3.462656951
              ],
              [
                116.48274873,
                3.461821948
              ],
              [
                116.482748736,
                3.461821827
              ],
              [
                116.482748737,
                3.461821806
              ],
              [
                116.482755848,
                3.46165254
              ],
              [
                116.482753495,
                3.461315002
              ],
              [
                116.482586556,
                3.458267732
              ],
              [
                116.482514982,
                3.457398185
              ],
              [
                116.482282668,
                3.456711107
              ],
              [
                116.481133837,
                3.454978015
              ],
              [
                116.479974346,
                3.453228844
              ],
              [
                116.479030495,
                3.451328493
              ],
              [
                116.47897464,
                3.451216035
              ],
              [
                116.478884152,
                3.451033847
              ],
              [
                116.478836043,
                3.45105459
              ],
              [
                116.477401732,
                3.451652303
              ],
              [
                116.476211585,
                3.452728959
              ],
              [
                116.475021355,
                3.452967424
              ],
              [
                116.474311827,
                3.452966921
              ],
              [
                116.472569816,
                3.453644346
              ],
              [
                116.47216036,
                3.453803519
              ],
              [
                116.471214294,
                3.454162097
              ],
              [
                116.47001652,
                3.454879504
              ],
              [
                116.469421405,
                3.455477469
              ],
              [
                116.469421405,
                3.45631524
              ],
              [
                116.469779983,
                3.457033653
              ],
              [
                116.47001652,
                3.45775173
              ],
              [
                116.469894396,
                3.459666492
              ],
              [
                116.470489511,
                3.460385073
              ],
              [
                116.470611552,
                3.461940754
              ],
              [
                116.47001652,
                3.462778358
              ],
              [
                116.469062828,
                3.462777855
              ],
              [
                116.468582125,
                3.462777352
              ],
              [
                116.467636144,
                3.463614704
              ],
              [
                116.466682451,
                3.464332614
              ],
              [
                116.465965295,
                3.464571247
              ],
              [
                116.46537018,
                3.464810131
              ],
              [
                116.46524814,
                3.465887541
              ],
              [
                116.46524814,
                3.466725145
              ],
              [
                116.46524814,
                3.467802051
              ],
              [
                116.46572113,
                3.468400687
              ],
              [
                116.46524814,
                3.469238291
              ],
              [
                116.464889562,
                3.47007581
              ],
              [
                116.465362553,
                3.47103361
              ],
              [
                116.466560327,
                3.471034281
              ],
              [
                116.466680523,
                3.471216839
              ],
              [
                116.467072964,
                3.471897868
              ],
              [
                116.467391979,
                3.473069156
              ],
              [
                116.466674823,
                3.473906508
              ],
              [
                116.465843171,
                3.474983247
              ],
              [
                116.46559909,
                3.47594046
              ],
              [
                116.46572113,
                3.476897925
              ],
              [
                116.466079708,
                3.477496644
              ],
              [
                116.466194121,
                3.478454109
              ],
              [
                116.46553807,
                3.478872534
              ],
              [
                116.464942954,
                3.478872282
              ],
              [
                116.464716475,
                3.478735574
              ],
              [
                116.464387989,
                3.478537258
              ],
              [
                116.464347839,
                3.478513034
              ],
              [
                116.463035569,
                3.478272641
              ],
              [
                116.462562578,
                3.478751164
              ],
              [
                116.461845422,
                3.479827903
              ],
              [
                116.460418738,
                3.48018623
              ],
              [
                116.459823623,
                3.480544807
              ],
              [
                116.458984343,
                3.481023079
              ],
              [
                116.458152775,
                3.481860431
              ],
              [
                116.457916237,
                3.482817644
              ],
              [
                116.458152775,
                3.483775109
              ],
              [
                116.458152775,
                3.484088592
              ],
              [
                116.458150512,
                3.484378355
              ],
              [
                116.458129551,
                3.484421307
              ],
              [
                116.457982287,
                3.484381959
              ],
              [
                116.457730746,
                3.484291434
              ],
              [
                116.457690932,
                3.484263187
              ],
              [
                116.457486833,
                3.484078618
              ],
              [
                116.457289187,
                3.483893294
              ],
              [
                116.457208805,
                3.483730517
              ],
              [
                116.457168991,
                3.483589366
              ],
              [
                116.456951564,
                3.4835405
              ],
              [
                116.456746962,
                3.483406473
              ],
              [
                116.456771102,
                3.483294155
              ],
              [
                116.456737239,
                3.483120315
              ],
              [
                116.45661897,
                3.482881933
              ],
              [
                116.456495924,
                3.482637936
              ],
              [
                116.456468012,
                3.482445823
              ],
              [
                116.456479998,
                3.482251028
              ],
              [
                116.456417805,
                3.482011305
              ],
              [
                116.456417972,
                3.481839057
              ],
              [
                116.456344798,
                3.481660606
              ],
              [
                116.456288472,
                3.481473858
              ],
              [
                116.456271708,
                3.481295742
              ],
              [
                116.45625134,
                3.481119135
              ],
              [
                116.456295345,
                3.480888214
              ],
              [
                116.45629283,
                3.480665674
              ],
              [
                116.456324682,
                3.480489822
              ],
              [
                116.456230888,
                3.48031397
              ],
              [
                116.45624212,
                3.480250519
              ],
              [
                116.4561754,
                3.480165945
              ],
              [
                116.456113793,
                3.479979197
              ],
              [
                116.45605403,
                3.479752634
              ],
              [
                116.45603098,
                3.479518443
              ],
              [
                116.456092,
                3.479317361
              ],
              [
                116.456167856,
                3.47909675
              ],
              [
                116.456056796,
                3.478939505
              ],
              [
                116.455984041,
                3.478744626
              ],
              [
                116.455873819,
                3.47857791
              ],
              [
                116.455866694,
                3.478343217
              ],
              [
                116.455761837,
                3.478156384
              ],
              [
                116.455677347,
                3.477958823
              ],
              [
                116.455623871,
                3.477760339
              ],
              [
                116.455522534,
                3.477560012
              ],
              [
                116.455430584,
                3.477408299
              ],
              [
                116.45529354,
                3.477285672
              ],
              [
                116.455332348,
                3.477074197
              ],
              [
                116.455259174,
                3.476835899
              ],
              [
                116.455257162,
                3.476643534
              ],
              [
                116.455199076,
                3.476479584
              ],
              [
                116.455087345,
                3.476262912
              ],
              [
                116.45490638,
                3.476164257
              ],
              [
                116.454785177,
                3.475995865
              ],
              [
                116.454704544,
                3.475854713
              ],
              [
                116.454647295,
                3.475599149
              ],
              [
                116.454458199,
                3.475435199
              ],
              [
                116.454373123,
                3.475215761
              ],
              [
                116.454315372,
                3.474959526
              ],
              [
                116.454260722,
                3.474764144
              ],
              [
                116.454156116,
                3.474582341
              ],
              [
                116.453969534,
                3.474479243
              ],
              [
                116.453783037,
                3.474318478
              ],
              [
                116.453641802,
                3.474133322
              ],
              [
                116.453600982,
                3.473887146
              ],
              [
                116.453524539,
                3.473684387
              ],
              [
                116.453429153,
                3.473460423
              ],
              [
                116.453333097,
                3.473281972
              ],
              [
                116.45323352,
                3.473074688
              ],
              [
                116.453089267,
                3.472952563
              ],
              [
                116.452897992,
                3.472847622
              ],
              [
                116.452745441,
                3.472733377
              ],
              [
                116.452569086,
                3.47259935
              ],
              [
                116.452415697,
                3.472557189
              ],
              [
                116.452229368,
                3.472454259
              ],
              [
                116.452160887,
                3.472431293
              ],
              [
                116.452027783,
                3.472399609
              ],
              [
                116.451858804,
                3.472309168
              ],
              [
                116.451553451,
                3.472171286
              ],
              [
                116.451351196,
                3.472203137
              ],
              [
                116.451200908,
                3.472284861
              ],
              [
                116.450952636,
                3.4723779
              ],
              [
                116.450740658,
                3.472381588
              ],
              [
                116.450581737,
                3.472318137
              ],
              [
                116.45037353,
                3.472204814
              ],
              [
                116.450248053,
                3.472161479
              ],
              [
                116.450064238,
                3.471890157
              ],
              [
                116.449765088,
                3.471735008
              ],
              [
                116.449665176,
                3.471536608
              ],
              [
                116.449603988,
                3.471383806
              ],
              [
                116.449464345,
                3.471167302
              ],
              [
                116.449407851,
                3.470951384
              ],
              [
                116.449281452,
                3.47072633
              ],
              [
                116.44913896,
                3.470469005
              ],
              [
                116.449116496,
                3.470282508
              ],
              [
                116.449113479,
                3.470117049
              ],
              [
                116.449140636,
                3.470005821
              ],
              [
                116.449010214,
                3.469865592
              ],
              [
                116.448937207,
                3.469691332
              ],
              [
                116.448903512,
                3.469479354
              ],
              [
                116.448918935,
                3.469276009
              ],
              [
                116.448925892,
                3.469094625
              ],
              [
                116.448873673,
                3.468934279
              ],
              [
                116.448798403,
                3.468771167
              ],
              [
                116.448758421,
                3.468580395
              ],
              [
                116.448747609,
                3.468349474
              ],
              [
                116.448739143,
                3.468176136
              ],
              [
                116.448777448,
                3.467879919
              ],
              [
                116.448721709,
                3.467711108
              ],
              [
                116.448707711,
                3.467530981
              ],
              [
                116.448700922,
                3.467324115
              ],
              [
                116.448688684,
                3.467150778
              ],
              [
                116.448632441,
                3.466948941
              ],
              [
                116.448591035,
                3.466760097
              ],
              [
                116.448530685,
                3.466604277
              ],
              [
                116.448537558,
                3.466429599
              ],
              [
                116.448473018,
                3.466275623
              ],
              [
                116.448374279,
                3.466136903
              ],
              [
                116.448331531,
                3.466006815
              ],
              [
                116.448136987,
                3.465694003
              ],
              [
                116.448076805,
                3.465529382
              ],
              [
                116.447910005,
                3.46534607
              ],
              [
                116.447823588,
                3.465192681
              ],
              [
                116.447704062,
                3.465037029
              ],
              [
                116.447654022,
                3.464826811
              ],
              [
                116.447665002,
                3.464630758
              ],
              [
                116.447599204,
                3.464483321
              ],
              [
                116.447519828,
                3.46432507
              ],
              [
                116.447451934,
                3.464157851
              ],
              [
                116.447372222,
                3.463967582
              ],
              [
                116.447114144,
                3.463680083
              ],
              [
                116.44700015,
                3.463502554
              ],
              [
                116.446883138,
                3.463347154
              ],
              [
                116.446881378,
                3.463170463
              ],
              [
                116.446936531,
                3.462946163
              ],
              [
                116.446978189,
                3.462758241
              ],
              [
                116.447113305,
                3.462425647
              ],
              [
                116.447150437,
                3.462265972
              ],
              [
                116.447184384,
                3.462121971
              ],
              [
                116.447181199,
                3.461928349
              ],
              [
                116.447250769,
                3.461612267
              ],
              [
                116.447291337,
                3.461444546
              ],
              [
                116.447306592,
                3.461305238
              ],
              [
                116.447440116,
                3.461183785
              ],
              [
                116.447602892,
                3.460976919
              ],
              [
                116.447664667,
                3.460714063
              ],
              [
                116.447709845,
                3.46052832
              ],
              [
                116.44777447,
                3.460351713
              ],
              [
                116.447805902,
                3.460133951
              ],
              [
                116.447793245,
                3.459955584
              ],
              [
                116.447893577,
                3.459680909
              ],
              [
                116.447815625,
                3.459513439
              ],
              [
                116.447757622,
                3.459225018
              ],
              [
                116.447839178,
                3.459044555
              ],
              [
                116.447914783,
                3.458896531
              ],
              [
                116.44813464,
                3.45875496
              ],
              [
                116.448243856,
                3.458647169
              ],
              [
                116.448346619,
                3.458484979
              ],
              [
                116.448325664,
                3.458310384
              ],
              [
                116.448370004,
                3.458081894
              ],
              [
                116.448473269,
                3.457856169
              ],
              [
                116.448529009,
                3.457635809
              ],
              [
                116.448556501,
                3.457458615
              ],
              [
                116.448590029,
                3.457203805
              ],
              [
                116.448500594,
                3.457011776
              ],
              [
                116.448418619,
                3.456851766
              ],
              [
                116.448300099,
                3.456689324
              ],
              [
                116.448233211,
                3.456537193
              ],
              [
                116.448013186,
                3.456247514
              ],
              [
                116.447838927,
                3.456149111
              ],
              [
                116.447710013,
                3.455990274
              ],
              [
                116.447602222,
                3.455787599
              ],
              [
                116.447619656,
                3.455733787
              ],
              [
                116.447643377,
                3.455587858
              ],
              [
                116.447601719,
                3.455395242
              ],
              [
                116.447676234,
                3.45521763
              ],
              [
                116.447893325,
                3.454996515
              ],
              [
                116.448039673,
                3.454789817
              ],
              [
                116.448213011,
                3.4546143
              ],
              [
                116.44843203,
                3.45446636
              ],
              [
                116.448617019,
                3.45433929
              ],
              [
                116.448725229,
                3.454162432
              ],
              [
                116.448844587,
                3.453909047
              ],
              [
                116.448897813,
                3.453698661
              ],
              [
                116.448902758,
                3.453540159
              ],
              [
                116.449062852,
                3.453439493
              ],
              [
                116.449225964,
                3.453301108
              ],
              [
                116.449389579,
                3.453220138
              ],
              [
                116.449638521,
                3.453227514
              ],
              [
                116.449805237,
                3.453117376
              ],
              [
                116.449974133,
                3.452745806
              ],
              [
                116.450092653,
                3.452606751
              ],
              [
                116.450315779,
                3.452434922
              ],
              [
                116.450518956,
                3.452191344
              ],
              [
                116.450726409,
                3.451918596
              ],
              [
                116.450880216,
                3.451836202
              ],
              [
                116.451043244,
                3.451759173
              ],
              [
                116.451208116,
                3.451724472
              ],
              [
                116.451314818,
                3.451602347
              ],
              [
                116.451478014,
                3.451458933
              ],
              [
                116.451583542,
                3.451181659
              ],
              [
                116.451526377,
                3.45100522
              ],
              [
                116.451595193,
                3.450871697
              ],
              [
                116.451630816,
                3.450695593
              ],
              [
                116.451770626,
                3.450533906
              ],
              [
                116.451883446,
                3.450437598
              ],
              [
                116.452107159,
                3.45025965
              ],
              [
                116.452236492,
                3.450271217
              ],
              [
                116.452407064,
                3.45021355
              ],
              [
                116.452507144,
                3.450128054
              ],
              [
                116.452474538,
                3.45012093
              ],
              [
                116.452608733,
                3.450112632
              ],
              [
                116.452759188,
                3.450071979
              ],
              [
                116.452839989,
                3.449932504
              ],
              [
                116.452809479,
                3.449746175
              ],
              [
                116.452786848,
                3.449497316
              ],
              [
                116.452751057,
                3.449296737
              ],
              [
                116.452733455,
                3.44915173
              ],
              [
                116.452739323,
                3.44894981
              ],
              [
                116.452746866,
                3.4488618
              ],
              [
                116.452755667,
                3.448586706
              ],
              [
                116.452748962,
                3.44835503
              ],
              [
                116.452673106,
                3.448161324
              ],
              [
                116.45249893,
                3.447969798
              ],
              [
                116.452335147,
                3.447836861
              ],
              [
                116.452141944,
                3.447822696
              ],
              [
                116.451981515,
                3.447783384
              ],
              [
                116.451841956,
                3.447808949
              ],
              [
                116.4516511,
                3.447845913
              ],
              [
                116.451468626,
                3.44790752
              ],
              [
                116.451306688,
                3.448011037
              ],
              [
                116.451235609,
                3.448094185
              ],
              [
                116.451062439,
                3.448083876
              ],
              [
                116.450907122,
                3.448119834
              ],
              [
                116.450749878,
                3.448233074
              ],
              [
                116.450712495,
                3.448247826
              ],
              [
                116.450690283,
                3.448248329
              ],
              [
                116.450657845,
                3.44826174
              ],
              [
                116.450598165,
                3.448289568
              ],
              [
                116.450454751,
                3.448361568
              ],
              [
                116.450435305,
                3.448398951
              ],
              [
                116.450382002,
                3.44849293
              ],
              [
                116.450377638,
                3.448498193
              ],
              [
                116.450231625,
                3.448592573
              ],
              [
                116.450225605,
                3.448594792
              ],
              [
                116.450133305,
                3.448616881
              ],
              [
                116.450110947,
                3.448637051
              ],
              [
                116.450105594,
                3.448639024
              ],
              [
                116.450104387,
                3.448628699
              ],
              [
                116.450072117,
                3.448630376
              ],
              [
                116.450038925,
                3.448634902
              ],
              [
                116.450028196,
                3.44862191
              ],
              [
                116.449903809,
                3.448669435
              ],
              [
                116.449811775,
                3.448718553
              ],
              [
                116.449740613,
                3.44881
              ],
              [
                116.449733237,
                3.448812012
              ],
              [
                116.449650256,
                3.448896836
              ],
              [
                116.449607424,
                3.448975543
              ],
              [
                116.449538777,
                3.449130775
              ],
              [
                116.449508443,
                3.449181649
              ],
              [
                116.449482702,
                3.44922482
              ],
              [
                116.449438445,
                3.449285422
              ],
              [
                116.449328223,
                3.449407378
              ],
              [
                116.449279524,
                3.449545344
              ],
              [
                116.449153125,
                3.449669983
              ],
              [
                116.449082801,
                3.449686076
              ],
              [
                116.448987164,
                3.449715497
              ],
              [
                116.448976016,
                3.449718598
              ],
              [
                116.448900411,
                3.449774589
              ],
              [
                116.448867302,
                3.449813314
              ],
              [
                116.44885892,
                3.44982991
              ],
              [
                116.448838469,
                3.449866287
              ],
              [
                116.448780131,
                3.450009618
              ],
              [
                116.448705196,
                3.450082121
              ],
              [
                116.448635291,
                3.450169712
              ],
              [
                116.448559854,
                3.45023727
              ],
              [
                116.448486429,
                3.450262165
              ],
              [
                116.448387355,
                3.4502884
              ],
              [
                116.448313441,
                3.45030295
              ],
              [
                116.448296662,
                3.450306254
              ],
              [
                116.44820882,
                3.450330477
              ],
              [
                116.448118128,
                3.45035864
              ],
              [
                116.448050989,
                3.450396527
              ],
              [
                116.447982173,
                3.450460397
              ],
              [
                116.447887374,
                3.450478669
              ],
              [
                116.447827276,
                3.450503564
              ],
              [
                116.447782768,
                3.450562656
              ],
              [
                116.447732225,
                3.450637506
              ],
              [
                116.447652765,
                3.450702969
              ],
              [
                116.44760591,
                3.450748734
              ],
              [
                116.447550338,
                3.450814616
              ],
              [
                116.447471213,
                3.450861471
              ],
              [
                116.447395273,
                3.450908577
              ],
              [
                116.447287397,
                3.451023242
              ],
              [
                116.447221625,
                3.45106829
              ],
              [
                116.447200142,
                3.451083004
              ],
              [
                116.447196789,
                3.451082418
              ],
              [
                116.447129573,
                3.451087332
              ],
              [
                116.447103918,
                3.451089207
              ],
              [
                116.447053626,
                3.451104965
              ],
              [
                116.447021859,
                3.451173864
              ],
              [
                116.447011884,
                3.451187862
              ],
              [
                116.447010978,
                3.451191068
              ],
              [
                116.447001155,
                3.451225832
              ],
              [
                116.446973147,
                3.451259087
              ],
              [
                116.446944326,
                3.451293306
              ],
              [
                116.446941057,
                3.451292552
              ],
              [
                116.446946841,
                3.451313339
              ],
              [
                116.446907362,
                3.451367235
              ],
              [
                116.446861794,
                3.451419385
              ],
              [
                116.446847012,
                3.451436302
              ],
              [
                116.44679669,
                3.451457293
              ],
              [
                116.446737692,
                3.451481903
              ],
              [
                116.446712986,
                3.451492209
              ],
              [
                116.446592622,
                3.451528335
              ],
              [
                116.446501259,
                3.451526323
              ],
              [
                116.446489616,
                3.451522302
              ],
              [
                116.446471278,
                3.451515969
              ],
              [
                116.446382822,
                3.45148542
              ],
              [
                116.446361616,
                3.451488269
              ],
              [
                116.446265476,
                3.45149246
              ],
              [
                116.446183333,
                3.451473182
              ],
              [
                116.446157852,
                3.451470416
              ],
              [
                116.446049474,
                3.451443259
              ],
              [
                116.445996501,
                3.451446863
              ],
              [
                116.445908993,
                3.451410821
              ],
              [
                116.44584856,
                3.451410234
              ],
              [
                116.445787875,
                3.451416017
              ],
              [
                116.445736494,
                3.451418532
              ],
              [
                116.445659297,
                3.451399924
              ],
              [
                116.44562141,
                3.451381484
              ],
              [
                116.445585536,
                3.451376455
              ],
              [
                116.44553449,
                3.451371426
              ],
              [
                116.445466764,
                3.451356422
              ],
              [
                116.445362242,
                3.451318201
              ],
              [
                116.445297366,
                3.451327002
              ],
              [
                116.44520089,
                3.451313842
              ],
              [
                116.445127549,
                3.451287858
              ],
              [
                116.445122255,
                3.451287252
              ],
              [
                116.445050687,
                3.451279057
              ],
              [
                116.444952283,
                3.451258019
              ],
              [
                116.444899896,
                3.451230358
              ],
              [
                116.44488439,
                3.451250056
              ],
              [
                116.4448574,
                3.451301185
              ],
              [
                116.444804678,
                3.451314177
              ],
              [
                116.444728612,
                3.451343009
              ],
              [
                116.444675094,
                3.451363295
              ],
              [
                116.444661012,
                3.451371007
              ],
              [
                116.444562105,
                3.45137855
              ],
              [
                116.444528274,
                3.451371386
              ],
              [
                116.444455236,
                3.451355919
              ],
              [
                116.44441716,
                3.451357579
              ],
              [
                116.444328334,
                3.451361451
              ],
              [
                116.444192937,
                3.451418885
              ],
              [
                116.444191793,
                3.45141937
              ],
              [
                116.444099592,
                3.451455077
              ],
              [
                116.44390949,
                3.451477373
              ],
              [
                116.443795832,
                3.451518025
              ],
              [
                116.4437898,
                3.451518724
              ],
              [
                116.443682257,
                3.451531185
              ],
              [
                116.443642695,
                3.451535963
              ],
              [
                116.443563234,
                3.451583991
              ],
              [
                116.443493664,
                3.451632522
              ],
              [
                116.443380844,
                3.45160746
              ],
              [
                116.443215972,
                3.451578962
              ],
              [
                116.44307809,
                3.45154996
              ],
              [
                116.442994103,
                3.451531269
              ],
              [
                116.442966107,
                3.451521713
              ],
              [
                116.442833254,
                3.451438481
              ],
              [
                116.442726552,
                3.451412078
              ],
              [
                116.442698389,
                3.451394308
              ],
              [
                116.442620605,
                3.451310154
              ],
              [
                116.44246663,
                3.451279057
              ],
              [
                116.44229061,
                3.451233627
              ],
              [
                116.442104448,
                3.451090213
              ],
              [
                116.442046864,
                3.451042101
              ],
              [
                116.442004535,
                3.450992564
              ],
              [
                116.441925578,
                3.450906733
              ],
              [
                116.441917028,
                3.450871864
              ],
              [
                116.441842429,
                3.450771952
              ],
              [
                116.441771267,
                3.450690564
              ],
              [
                116.441701362,
                3.450595681
              ],
              [
                116.441624081,
                3.450513287
              ],
              [
                116.441584518,
                3.450464923
              ],
              [
                116.44150137,
                3.450407842
              ],
              [
                116.441460466,
                3.450441286
              ],
              [
                116.441342868,
                3.450446399
              ],
              [
                116.44128344,
                3.450438268
              ],
              [
                116.441151928,
                3.450293681
              ],
              [
                116.441048412,
                3.45028664
              ],
              [
                116.440997869,
                3.450239198
              ],
              [
                116.440890748,
                3.450163091
              ],
              [
                116.440883171,
                3.450157802
              ],
              [
                116.440815562,
                3.45011062
              ],
              [
                116.440733336,
                3.45010953
              ],
              [
                116.44069112,
                3.450081343
              ],
              [
                116.440678602,
                3.450072985
              ],
              [
                116.440679105,
                3.450069716
              ],
              [
                116.440614061,
                3.450028729
              ],
              [
                116.440545246,
                3.449987322
              ],
              [
                116.44045053,
                3.449928146
              ],
              [
                116.440405809,
                3.449891005
              ],
              [
                116.440393889,
                3.449881104
              ],
              [
                116.440297225,
                3.449800825
              ],
              [
                116.440211814,
                3.44971885
              ],
              [
                116.440110896,
                3.449666798
              ],
              [
                116.440025987,
                3.449651543
              ],
              [
                116.440006876,
                3.4496383
              ],
              [
                116.439955663,
                3.449650705
              ],
              [
                116.439895816,
                3.449645676
              ],
              [
                116.439813171,
                3.449667469
              ],
              [
                116.439756844,
                3.44968901
              ],
              [
                116.439645365,
                3.449749192
              ],
              [
                116.439487869,
                3.449820103
              ],
              [
                116.439460125,
                3.449831838
              ],
              [
                116.439445205,
                3.449838124
              ],
              [
                116.439329199,
                3.44984483
              ],
              [
                116.439122166,
                3.449898893
              ],
              [
                116.438858639,
                3.449994111
              ],
              [
                116.438772222,
                3.450163342
              ],
              [
                116.438748753,
                3.450172227
              ],
              [
                116.438727798,
                3.450179351
              ],
              [
                116.438713046,
                3.450188572
              ],
              [
                116.438652612,
                3.450206676
              ],
              [
                116.438601147,
                3.45023023
              ],
              [
                116.438544653,
                3.450251603
              ],
              [
                116.438520681,
                3.450266691
              ],
              [
                116.43849411,
                3.450335339
              ],
              [
                116.438428983,
                3.450420918
              ],
              [
                116.438360168,
                3.450466683
              ],
              [
                116.438312558,
                3.450516807
              ],
              [
                116.438192362,
                3.450565338
              ],
              [
                116.438083481,
                3.450537845
              ],
              [
                116.437981557,
                3.450551424
              ],
              [
                116.437872425,
                3.450581096
              ],
              [
                116.437745607,
                3.45063692
              ],
              [
                116.437718952,
                3.450618312
              ],
              [
                116.43767436,
                3.450644631
              ],
              [
                116.43763572,
                3.450669441
              ],
              [
                116.437586937,
                3.450718224
              ],
              [
                116.437584255,
                3.450702885
              ],
              [
                116.437527929,
                3.450740604
              ],
              [
                116.437470177,
                3.450686792
              ],
              [
                116.437333804,
                3.450638261
              ],
              [
                116.437251829,
                3.450654186
              ],
              [
                116.437143032,
                3.450593585
              ],
              [
                116.436972041,
                3.450529967
              ],
              [
                116.436749334,
                3.450489566
              ],
              [
                116.436656378,
                3.450474562
              ],
              [
                116.436566021,
                3.450452182
              ],
              [
                116.436514053,
                3.450435838
              ],
              [
                116.436466863,
                3.450415554
              ],
              [
                116.43640995,
                3.450460648
              ],
              [
                116.43634784,
                3.450466851
              ],
              [
                116.436267374,
                3.450436676
              ],
              [
                116.436201492,
                3.450409435
              ],
              [
                116.436146004,
                3.450354952
              ],
              [
                116.436087876,
                3.450327208
              ],
              [
                116.436055563,
                3.450311786
              ],
              [
                116.436008876,
                3.450300721
              ],
              [
                116.435990771,
                3.45028949
              ],
              [
                116.435957327,
                3.450246323
              ],
              [
                116.435884115,
                3.450264523
              ],
              [
                116.435868312,
                3.450268451
              ],
              [
                116.435777033,
                3.450281778
              ],
              [
                116.435729843,
                3.450309522
              ],
              [
                116.435711738,
                3.450308265
              ],
              [
                116.435685586,
                3.450303571
              ],
              [
                116.435687095,
                3.45028555
              ],
              [
                116.435684497,
                3.450275827
              ],
              [
                116.435637809,
                3.450280102
              ],
              [
                116.435587937,
                3.450265434
              ],
              [
                116.43558098,
                3.450278845
              ],
              [
                116.43551317,
                3.450251771
              ],
              [
                116.435497832,
                3.450202653
              ],
              [
                116.435501674,
                3.450176448
              ],
              [
                116.435506213,
                3.450145489
              ],
              [
                116.435476793,
                3.450115398
              ],
              [
                116.435429016,
                3.450102322
              ],
              [
                116.435396913,
                3.450095281
              ],
              [
                116.435400099,
                3.450050941
              ],
              [
                116.435415186,
                3.450045073
              ],
              [
                116.43541242,
                3.450028058
              ],
              [
                116.435357518,
                3.45002261
              ],
              [
                116.435304545,
                3.450020682
              ],
              [
                116.4352364,
                3.450025879
              ],
              [
                116.43513523,
                3.450031914
              ],
              [
                116.435091309,
                3.450080613
              ],
              [
                116.434843875,
                3.450161498
              ],
              [
                116.434698366,
                3.450201061
              ],
              [
                116.434506252,
                3.450354366
              ],
              [
                116.434296537,
                3.45036434
              ],
              [
                116.434153877,
                3.450471293
              ],
              [
                116.434017001,
                3.450600123
              ],
              [
                116.433830252,
                3.450607164
              ],
              [
                116.433739141,
                3.450636249
              ],
              [
                116.433669319,
                3.45078771
              ],
              [
                116.433556331,
                3.45088888
              ],
              [
                116.433470668,
                3.451088201
              ],
              [
                116.433396488,
                3.4513928
              ],
              [
                116.433376791,
                3.451447198
              ],
              [
                116.433379306,
                3.451601425
              ],
              [
                116.433353489,
                3.451766632
              ],
              [
                116.433322895,
                3.451972911
              ],
              [
                116.433159616,
                3.452130239
              ],
              [
                116.43305392,
                3.45232009
              ],
              [
                116.432927772,
                3.452463672
              ],
              [
                116.432784861,
                3.452606583
              ],
              [
                116.432714453,
                3.452807413
              ],
              [
                116.432635831,
                3.453001119
              ],
              [
                116.432545139,
                3.453189963
              ],
              [
                116.432502475,
                3.453388447
              ],
              [
                116.432478586,
                3.453556588
              ],
              [
                116.432297034,
                3.453683825
              ],
              [
                116.432193937,
                3.453828497
              ],
              [
                116.432080949,
                3.454022873
              ],
              [
                116.43193284,
                3.454192271
              ],
              [
                116.431761011,
                3.45428003
              ],
              [
                116.431577783,
                3.45433183
              ],
              [
                116.431362201,
                3.45443124
              ],
              [
                116.431152485,
                3.454518495
              ],
              [
                116.430983003,
                3.45453945
              ],
              [
                116.43078058,
                3.454718068
              ],
              [
                116.430627024,
                3.454825273
              ],
              [
                116.430481598,
                3.454916971
              ],
              [
                116.430372298,
                3.455108833
              ],
              [
                116.430295687,
                3.455314608
              ],
              [
                116.430287305,
                3.455342688
              ],
              [
                116.430201139,
                3.455342771
              ],
              [
                116.430174736,
                3.45534713
              ],
              [
                116.430085469,
                3.45540924
              ],
              [
                116.430012546,
                3.455478055
              ],
              [
                116.429943899,
                3.455569502
              ],
              [
                116.429884052,
                3.45566405
              ],
              [
                116.42980543,
                3.455768656
              ],
              [
                116.429774249,
                3.455813751
              ],
              [
                116.429682216,
                3.455901844
              ],
              [
                116.429635193,
                3.456015084
              ],
              [
                116.429615412,
                3.456143243
              ],
              [
                116.429618097,
                3.456208459
              ],
              [
                116.429620022,
                3.456255225
              ],
              [
                116.429611043,
                3.456303357
              ],
              [
                116.42959957,
                3.456364861
              ],
              [
                116.429548105,
                3.456509532
              ],
              [
                116.429550033,
                3.45653736
              ],
              [
                116.429545674,
                3.456655378
              ],
              [
                116.429546345,
                3.456679853
              ],
              [
                116.42953394,
                3.456799798
              ],
              [
                116.429539723,
                3.456823518
              ],
              [
                116.42954425,
                3.456835169
              ],
              [
                116.429547435,
                3.456863165
              ],
              [
                116.429573754,
                3.456940278
              ],
              [
                116.429618513,
                3.457052428
              ],
              [
                116.429662426,
                3.457127663
              ],
              [
                116.429689256,
                3.457173631
              ],
              [
                116.429745499,
                3.4571769
              ],
              [
                116.429796545,
                3.457258623
              ],
              [
                116.429821271,
                3.45735359
              ],
              [
                116.429852871,
                3.457475128
              ],
              [
                116.429872066,
                3.457537321
              ],
              [
                116.429886668,
                3.457604415
              ],
              [
                116.429898134,
                3.457657099
              ],
              [
                116.42989344,
                3.457673695
              ],
              [
                116.429866366,
                3.457746534
              ],
              [
                116.429865778,
                3.457754867
              ],
              [
                116.429859325,
                3.457846278
              ],
              [
                116.429832587,
                3.457866311
              ],
              [
                116.429829737,
                3.457868826
              ],
              [
                116.429800652,
                3.457952561
              ],
              [
                116.429766003,
                3.458012763
              ],
              [
                116.429732004,
                3.458071835
              ],
              [
                116.429717252,
                3.458164623
              ],
              [
                116.429722616,
                3.458174849
              ],
              [
                116.429763939,
                3.458280209
              ],
              [
                116.429773076,
                3.458284903
              ],
              [
                116.429808447,
                3.458352126
              ],
              [
                116.429782379,
                3.458442483
              ],
              [
                116.429758323,
                3.458478106
              ],
              [
                116.429735273,
                3.458552202
              ],
              [
                116.42976,
                3.458628561
              ],
              [
                116.429804089,
                3.45868824
              ],
              [
                116.429824758,
                3.458728058
              ],
              [
                116.429850776,
                3.458778178
              ],
              [
                116.429848932,
                3.458803324
              ],
              [
                116.429780116,
                3.458967945
              ],
              [
                116.429751785,
                3.45903852
              ],
              [
                116.429743655,
                3.459106162
              ],
              [
                116.429734016,
                3.459196854
              ],
              [
                116.429712065,
                3.45930473
              ],
              [
                116.429711469,
                3.459307663
              ],
              [
                116.429686658,
                3.45938067
              ],
              [
                116.429647263,
                3.459475301
              ],
              [
                116.429633936,
                3.459568508
              ],
              [
                116.429662351,
                3.459621314
              ],
              [
                116.429634104,
                3.459641431
              ],
              [
                116.42961625,
                3.459686777
              ],
              [
                116.429584818,
                3.459709659
              ],
              [
                116.429542406,
                3.4597628
              ],
              [
                116.429570233,
                3.459805883
              ],
              [
                116.429621363,
                3.459851565
              ],
              [
                116.4296911,
                3.459899174
              ],
              [
                116.429724801,
                3.459914817
              ],
              [
                116.429751953,
                3.459927421
              ],
              [
                116.429830911,
                3.459972851
              ],
              [
                116.429832336,
                3.460114002
              ],
              [
                116.429822445,
                3.460225482
              ],
              [
                116.429777937,
                3.460336458
              ],
              [
                116.429777498,
                3.460343896
              ],
              [
                116.429769807,
                3.460474256
              ],
              [
                116.429785648,
                3.460614989
              ],
              [
                116.429799479,
                3.460702328
              ],
              [
                116.429858739,
                3.460822441
              ],
              [
                116.429863516,
                3.460910199
              ],
              [
                116.429866115,
                3.46094314
              ],
              [
                116.429868126,
                3.460956803
              ],
              [
                116.42987567,
                3.460970214
              ],
              [
                116.429870389,
                3.460986558
              ],
              [
                116.42986184,
                3.461014554
              ],
              [
                116.429902995,
                3.461068701
              ],
              [
                116.429960914,
                3.461192753
              ],
              [
                116.430077003,
                3.461302891
              ],
              [
                116.43009318,
                3.461373886
              ],
              [
                116.43011841,
                3.461429542
              ],
              [
                116.430125451,
                3.461489053
              ],
              [
                116.430107513,
                3.461561808
              ],
              [
                116.430152357,
                3.461607574
              ],
              [
                116.430100054,
                3.461766159
              ],
              [
                116.430060826,
                3.461840507
              ],
              [
                116.42999243,
                3.461989956
              ],
              [
                116.429991508,
                3.461996159
              ],
              [
                116.429949598,
                3.462149464
              ],
              [
                116.429909868,
                3.462228505
              ],
              [
                116.429859325,
                3.46242976
              ],
              [
                116.429855134,
                3.462479375
              ],
              [
                116.429851362,
                3.462520363
              ],
              [
                116.429845998,
                3.462535366
              ],
              [
                116.429872904,
                3.462599153
              ],
              [
                116.429848345,
                3.462636955
              ],
              [
                116.429795574,
                3.462646714
              ],
              [
                116.42978942,
                3.462647852
              ],
              [
                116.429653298,
                3.462861506
              ],
              [
                116.429635109,
                3.463026797
              ],
              [
                116.429639636,
                3.463094356
              ],
              [
                116.429595379,
                3.463175828
              ],
              [
                116.429540729,
                3.463250175
              ],
              [
                116.429455904,
                3.463293761
              ],
              [
                116.429410726,
                3.463396439
              ],
              [
                116.429402512,
                3.463408425
              ],
              [
                116.429378623,
                3.463482354
              ],
              [
                116.429349203,
                3.463540608
              ],
              [
                116.429277537,
                3.463577824
              ],
              [
                116.429203525,
                3.463611268
              ],
              [
                116.429074528,
                3.463657619
              ],
              [
                116.428992972,
                3.463859707
              ],
              [
                116.428934718,
                3.463910082
              ],
              [
                116.428803289,
                3.463993315
              ],
              [
                116.428663731,
                3.464036565
              ],
              [
                116.42856583,
                3.464070009
              ],
              [
                116.42853641,
                3.464168916
              ],
              [
                116.428540181,
                3.464225745
              ],
              [
                116.428478239,
                3.464257512
              ],
              [
                116.428389139,
                3.464248879
              ],
              [
                116.428266428,
                3.464275952
              ],
              [
                116.428218819,
                3.464341918
              ],
              [
                116.428054785,
                3.464422971
              ],
              [
                116.427956549,
                3.464456415
              ],
              [
                116.427859655,
                3.464514753
              ],
              [
                116.427826546,
                3.464554902
              ],
              [
                116.427754713,
                3.464689096
              ],
              [
                116.427652789,
                3.464727318
              ],
              [
                116.427639127,
                3.46474031
              ],
              [
                116.42763745,
                3.464746764
              ],
              [
                116.427565534,
                3.464813149
              ],
              [
                116.427468304,
                3.464829409
              ],
              [
                116.42742455,
                3.464799821
              ],
              [
                116.427420108,
                3.464762606
              ],
              [
                116.427315334,
                3.464737711
              ],
              [
                116.427267808,
                3.464727402
              ],
              [
                116.427251296,
                3.464731425
              ],
              [
                116.427159347,
                3.464665879
              ],
              [
                116.427089861,
                3.46460796
              ],
              [
                116.426986512,
                3.464571582
              ],
              [
                116.426967233,
                3.464580132
              ],
              [
                116.426921971,
                3.464558506
              ],
              [
                116.42685324,
                3.46454191
              ],
              [
                116.426774198,
                3.464510227
              ],
              [
                116.426759362,
                3.464531098
              ],
              [
                116.426682668,
                3.464529002
              ],
              [
                116.426614691,
                3.464520536
              ],
              [
                116.426553503,
                3.464542245
              ],
              [
                116.42647991,
                3.46453906
              ],
              [
                116.42636558,
                3.464521123
              ],
              [
                116.426291065,
                3.464509724
              ],
              [
                116.426272206,
                3.464509472
              ],
              [
                116.426185369,
                3.464483572
              ],
              [
                116.426105238,
                3.464486338
              ],
              [
                116.425978504,
                3.464496899
              ],
              [
                116.425895859,
                3.464508047
              ],
              [
                116.425856631,
                3.464510646
              ],
              [
                116.425706679,
                3.464524979
              ],
              [
                116.425687568,
                3.46452238
              ],
              [
                116.425655717,
                3.464520788
              ],
              [
                116.425528564,
                3.46454761
              ],
              [
                116.425478943,
                3.464555992
              ],
              [
                116.42546243,
                3.464555824
              ],
              [
                116.425341228,
                3.464581557
              ],
              [
                116.42529781,
                3.464644337
              ],
              [
                116.425258499,
                3.464727569
              ],
              [
                116.425224049,
                3.46478113
              ],
              [
                116.425176272,
                3.464808371
              ],
              [
                116.425057082,
                3.464794038
              ],
              [
                116.424892126,
                3.464764282
              ],
              [
                116.424875194,
                3.464778196
              ],
              [
                116.424818365,
                3.464796301
              ],
              [
                116.424684003,
                3.464901242
              ],
              [
                116.42460295,
                3.464960586
              ],
              [
                116.424591324,
                3.464972034
              ],
              [
                116.424482754,
                3.465078939
              ],
              [
                116.424412513,
                3.465186562
              ],
              [
                116.424412597,
                3.465199973
              ],
              [
                116.424300279,
                3.465246409
              ],
              [
                116.424269602,
                3.465246661
              ],
              [
                116.4242463,
                3.465252193
              ],
              [
                116.424152255,
                3.465296784
              ],
              [
                116.424069609,
                3.465341376
              ],
              [
                116.423984533,
                3.465397367
              ],
              [
                116.423968356,
                3.465393595
              ],
              [
                116.42395243,
                3.465395691
              ],
              [
                116.423935415,
                3.465402396
              ],
              [
                116.423928374,
                3.4654117
              ],
              [
                116.423927117,
                3.465414969
              ],
              [
                116.423917478,
                3.465425698
              ],
              [
                116.423908342,
                3.465437852
              ],
              [
                116.423900463,
                3.465441456
              ],
              [
                116.423887974,
                3.465447575
              ],
              [
                116.423882442,
                3.465455789
              ],
              [
                116.423830055,
                3.465540111
              ],
              [
                116.423757719,
                3.465637509
              ],
              [
                116.423648084,
                3.465701463
              ],
              [
                116.423627987,
                3.465729842
              ],
              [
                116.423592763,
                3.465779582
              ],
              [
                116.423537778,
                3.465817887
              ],
              [
                116.423404086,
                3.465868179
              ],
              [
                116.421744915,
                3.467103624
              ],
              [
                116.421806021,
                3.467378601
              ],
              [
                116.421915595,
                3.469703522
              ],
              [
                116.422221283,
                3.472174256
              ],
              [
                116.422149899,
                3.47281671
              ],
              [
                116.421935748,
                3.473601933
              ],
              [
                116.421626418,
                3.47436336
              ],
              [
                116.420960168,
                3.475814831
              ],
              [
                116.420293919,
                3.47679041
              ],
              [
                116.419651465,
                3.477861167
              ],
              [
                116.419528387,
                3.478076553
              ],
              [
                116.418985216,
                3.479027104
              ],
              [
                116.418644467,
                3.47948569
              ],
              [
                116.418387971,
                3.479830885
              ],
              [
                116.418245204,
                3.480937334
              ],
              [
                116.418276769,
                3.481020192
              ],
              [
                116.418530739,
                3.481686865
              ],
              [
                116.419137502,
                3.483185926
              ],
              [
                116.419530112,
                3.484149607
              ],
              [
                116.41967288,
                3.484613602
              ],
              [
                116.41967288,
                3.485398824
              ],
              [
                116.419640245,
                3.486182068
              ],
              [
                116.419601496,
                3.487112036
              ],
              [
                116.419315961,
                3.488468329
              ],
              [
                116.418994734,
                3.489681854
              ],
              [
                116.418495047,
                3.490823995
              ],
              [
                116.418102436,
                3.491609217
              ],
              [
                116.417440469,
                3.492907761
              ],
              [
                116.417110675,
                3.494156066
              ]
            ]
          ]
        ]
      }
    }
  ]
}