{
  "type": "FeatureCollection",
  "features": [
    {
      "type": "Feature",
      "properties": {
        "idx": "3308",
        "nama_kewilayahan": "Woyu Maklew"
      },
      "geometry": {
        "type": "MultiPolygon",
        "coordinates": [
          [
            [
              [
                139.531061156,
                -7.498275133
              ],
              [
                139.530629556,
                -7.499183735
              ],
              [
                139.529979856,
                -7.499976937
              ],
              [
                139.529441556,
                -7.500827839
              ],
              [
                139.529092457,
                -7.501798941
              ],
              [
                139.528593057,
                -7.502784443
              ],
              [
                139.528365159,
                -7.503726745
              ],
              [
                139.528137261,
                -7.504678546
              ],
              [
                139.528093564,
                -7.505697747
              ],
              [
                139.527909266,
                -7.506668748
              ],
              [
                139.527807468,
                -7.507625449
              ],
              [
                139.527497169,
                -7.50853885
              ],
              [
                139.527390472,
                -7.509606051
              ],
              [
                139.527366275,
                -7.510610752
              ],
              [
                139.527346878,
                -7.511697253
              ],
              [
                139.527322581,
                -7.512668254
              ],
              [
                139.527283784,
                -7.513653754
              ],
              [
                139.527021985,
                -7.514595956
              ],
              [
                139.526798887,
                -7.515624757
              ],
              [
                139.52680859,
                -7.516619858
              ],
              [
                139.526876494,
                -7.517662958
              ],
              [
                139.526924997,
                -7.518658059
              ],
              [
                139.527089901,
                -7.519657959
              ],
              [
                139.527303205,
                -7.520624159
              ],
              [
                139.527603909,
                -7.521576059
              ],
              [
                139.528161514,
                -7.522412458
              ],
              [
                139.528641519,
                -7.523244057
              ],
              [
                139.528680322,
                -7.524229557
              ],
              [
                139.529058627,
                -7.525190957
              ],
              [
                139.529480432,
                -7.526070656
              ],
              [
                139.529989637,
                -7.526993655
              ],
              [
                139.530348441,
                -7.527950255
              ],
              [
                139.530396945,
                -7.528954955
              ],
              [
                139.530430848,
                -7.530060556
              ],
              [
                139.53020785,
                -7.531070057
              ],
              [
                139.52960655,
                -7.531872859
              ],
              [
                139.529518049,
                -7.53197136
              ],
              [
                139.529330149,
                -7.53213356
              ],
              [
                139.529134949,
                -7.532305461
              ],
              [
                139.528927648,
                -7.532454462
              ],
              [
                139.528716747,
                -7.532581863
              ],
              [
                139.528496147,
                -7.532696063
              ],
              [
                139.528279146,
                -7.532825764
              ],
              [
                139.528048845,
                -7.532936365
              ],
              [
                139.527814844,
                -7.533013266
              ],
              [
                139.527571143,
                -7.533039766
              ],
              [
                139.527320242,
                -7.533072167
              ],
              [
                139.527079041,
                -7.533117868
              ],
              [
                139.52680014,
                -7.533156269
              ],
              [
                139.526557739,
                -7.533096169
              ],
              [
                139.526317737,
                -7.53306257
              ],
              [
                139.526076436,
                -7.532988071
              ],
              [
                139.525827935,
                -7.532956771
              ],
              [
                139.525586734,
                -7.533010872
              ],
              [
                139.525340633,
                -7.533062573
              ],
              [
                139.525276432,
                -7.533051773
              ],
              [
                139.525033931,
                -7.532961574
              ],
              [
                139.52479393,
                -7.532935175
              ],
              [
                139.524562328,
                -7.532861875
              ],
              [
                139.524327227,
                -7.532751276
              ],
              [
                139.524113826,
                -7.532615476
              ],
              [
                139.523837424,
                -7.532444877
              ],
              [
                139.523515022,
                -7.532281478
              ],
              [
                139.52325682,
                -7.532275379
              ],
              [
                139.523003419,
                -7.532298279
              ],
              [
                139.522746418,
                -7.53227898
              ],
              [
                139.522632217,
                -7.53210218
              ],
              [
                139.522399415,
                -7.531992881
              ],
              [
                139.522147314,
                -7.532027682
              ],
              [
                139.521877013,
                -7.531994083
              ],
              [
                139.521620011,
                -7.531906383
              ],
              [
                139.521245409,
                -7.531777784
              ],
              [
                139.520926607,
                -7.531628785
              ],
              [
                139.520650206,
                -7.531653986
              ],
              [
                139.520335005,
                -7.531665987
              ],
              [
                139.519938603,
                -7.531740488
              ],
              [
                139.519570101,
                -7.531740489
              ],
              [
                139.5192949,
                -7.53175369
              ],
              [
                139.519099699,
                -7.531788591
              ],
              [
                139.518841498,
                -7.531774192
              ],
              [
                139.518596597,
                -7.531782592
              ],
              [
                139.518308095,
                -7.531854693
              ],
              [
                139.518001394,
                -7.531954394
              ],
              [
                139.517751693,
                -7.532022895
              ],
              [
                139.517461992,
                -7.532147896
              ],
              [
                139.517115291,
                -7.532294497
              ],
              [
                139.51683159,
                -7.532374998
              ],
              [
                139.516550389,
                -7.532454399
              ],
              [
                139.516311488,
                -7.5325181
              ],
              [
                139.516018187,
                -7.532558901
              ],
              [
                139.515728485,
                -7.532593801
              ],
              [
                139.515712685,
                -7.532604602
              ],
              [
                139.515499285,
                -7.532722302
              ],
              [
                139.515271384,
                -7.532830503
              ],
              [
                139.515059283,
                -7.532967504
              ],
              [
                139.514855583,
                -7.533144204
              ],
              [
                139.514627682,
                -7.533383305
              ],
              [
                139.514420382,
                -7.533567206
              ],
              [
                139.514208281,
                -7.533693407
              ],
              [
                139.51397558,
                -7.533795508
              ],
              [
                139.513722179,
                -7.533876008
              ],
              [
                139.513314878,
                -7.53399981
              ],
              [
                139.512963277,
                -7.534195711
              ],
              [
                139.512574175,
                -7.534382012
              ],
              [
                139.512325675,
                -7.534481713
              ],
              [
                139.512097774,
                -7.534577914
              ],
              [
                139.511867473,
                -7.534662014
              ],
              [
                139.511748673,
                -7.534732915
              ],
              [
                139.511509772,
                -7.534835016
              ],
              [
                139.511263771,
                -7.534901116
              ],
              [
                139.51102977,
                -7.534972017
              ],
              [
                139.510765469,
                -7.535029718
              ],
              [
                139.510417567,
                -7.535118619
              ],
              [
                139.510139966,
                -7.53519922
              ],
              [
                139.509779965,
                -7.535291721
              ],
              [
                139.509507164,
                -7.535384222
              ],
              [
                139.509173862,
                -7.535479223
              ],
              [
                139.508886561,
                -7.535547724
              ],
              [
                139.508814961,
                -7.535595724
              ],
              [
                139.50858706,
                -7.535701525
              ],
              [
                139.508337359,
                -7.535788026
              ],
              [
                139.508104658,
                -7.535863726
              ],
              [
                139.507848857,
                -7.535901027
              ],
              [
                139.507594256,
                -7.535949128
              ],
              [
                139.507315455,
                -7.536056029
              ],
              [
                139.506956654,
                -7.53612573
              ],
              [
                139.506705653,
                -7.536197831
              ],
              [
                139.506374751,
                -7.536287932
              ],
              [
                139.50611775,
                -7.536368533
              ],
              [
                139.50590075,
                -7.536492233
              ],
              [
                139.505652249,
                -7.536650934
              ],
              [
                139.505409748,
                -7.536786735
              ],
              [
                139.505375848,
                -7.536786735
              ],
              [
                139.505135847,
                -7.536831136
              ],
              [
                139.504882446,
                -7.536860037
              ],
              [
                139.504638745,
                -7.536892438
              ],
              [
                139.504324844,
                -7.537012639
              ],
              [
                139.504032643,
                -7.537075139
              ],
              [
                139.503778142,
                -7.53715564
              ],
              [
                139.503534441,
                -7.537257841
              ],
              [
                139.50330894,
                -7.537398442
              ],
              [
                139.503065339,
                -7.537548643
              ],
              [
                139.502848339,
                -7.537659143
              ],
              [
                139.502786138,
                -7.537695744
              ],
              [
                139.502564038,
                -7.537812244
              ],
              [
                139.502344537,
                -7.537928845
              ],
              [
                139.502150637,
                -7.538083846
              ],
              [
                139.501917836,
                -7.538217247
              ],
              [
                139.501691135,
                -7.538312247
              ],
              [
                139.501442634,
                -7.538375848
              ],
              [
                139.501194133,
                -7.538472049
              ],
              [
                139.500971132,
                -7.53857895
              ],
              [
                139.500749232,
                -7.53872325
              ],
              [
                139.500455931,
                -7.538824151
              ],
              [
                139.50021103,
                -7.538874652
              ],
              [
                139.499952829,
                -7.538935953
              ],
              [
                139.499689728,
                -7.539020054
              ],
              [
                139.499447327,
                -7.539120955
              ],
              [
                139.499223026,
                -7.539231555
              ],
              [
                139.498986625,
                -7.539333656
              ],
              [
                139.498829025,
                -7.539425057
              ],
              [
                139.498575724,
                -7.539464657
              ],
              [
                139.498333222,
                -7.539511558
              ],
              [
                139.498064121,
                -7.539506759
              ],
              [
                139.49780102,
                -7.53948026
              ],
              [
                139.497513718,
                -7.539458661
              ],
              [
                139.497186417,
                -7.539450262
              ],
              [
                139.496929416,
                -7.539457462
              ],
              [
                139.496633714,
                -7.539493563
              ],
              [
                139.496346413,
                -7.539536764
              ],
              [
                139.496089412,
                -7.539610065
              ],
              [
                139.495777811,
                -7.539672566
              ],
              [
                139.49552931,
                -7.539713467
              ],
              [
                139.495410509,
                -7.539711067
              ],
              [
                139.495162008,
                -7.539665368
              ],
              [
                139.494905006,
                -7.539607668
              ],
              [
                139.494672205,
                -7.539529569
              ],
              [
                139.494431004,
                -7.53951037
              ],
              [
                139.494169202,
                -7.539446671
              ],
              [
                139.493907301,
                -7.539363771
              ],
              [
                139.493682999,
                -7.539235172
              ],
              [
                139.493384798,
                -7.539148673
              ],
              [
                139.493138796,
                -7.539077773
              ],
              [
                139.492896295,
                -7.539041674
              ],
              [
                139.492612594,
                -7.539056075
              ],
              [
                139.492585993,
                -7.539065775
              ],
              [
                139.492331392,
                -7.539027276
              ],
              [
                139.492084091,
                -7.538997276
              ],
              [
                139.49184649,
                -7.538939577
              ],
              [
                139.491579788,
                -7.538934778
              ],
              [
                139.491350687,
                -7.538843379
              ],
              [
                139.491104586,
                -7.538865079
              ],
              [
                139.490886385,
                -7.53897078
              ],
              [
                139.490635484,
                -7.538982781
              ],
              [
                139.490366282,
                -7.538959982
              ],
              [
                139.490121481,
                -7.539021282
              ],
              [
                139.48984748,
                -7.539062083
              ],
              [
                139.489596579,
                -7.539101784
              ],
              [
                139.489324978,
                -7.539170285
              ],
              [
                139.489083777,
                -7.539207586
              ],
              [
                139.488832876,
                -7.539255586
              ],
              [
                139.488785576,
                -7.539238786
              ],
              [
                139.488551575,
                -7.539316887
              ],
              [
                139.488330974,
                -7.539427488
              ],
              [
                139.488098173,
                -7.539498389
              ],
              [
                139.487870272,
                -7.539599289
              ],
              [
                139.487669072,
                -7.53975429
              ],
              [
                139.487454471,
                -7.539886491
              ],
              [
                139.487227771,
                -7.540001892
              ],
              [
                139.48699627,
                -7.540142492
              ],
              [
                139.486755069,
                -7.540280693
              ],
              [
                139.486499268,
                -7.540399694
              ],
              [
                139.486258067,
                -7.540498195
              ],
              [
                139.486026466,
                -7.540594396
              ],
              [
                139.485767065,
                -7.540664096
              ],
              [
                139.485507664,
                -7.540760197
              ],
              [
                139.485274864,
                -7.540905598
              ],
              [
                139.485071263,
                -7.541048599
              ],
              [
                139.484856663,
                -7.541173599
              ],
              [
                139.484850563,
                -7.541184399
              ],
              [
                139.484634862,
                -7.5413034
              ],
              [
                139.484437261,
                -7.541441601
              ],
              [
                139.484206861,
                -7.541564202
              ],
              [
                139.48399236,
                -7.541687902
              ],
              [
                139.483772959,
                -7.541841803
              ],
              [
                139.483555959,
                -7.541993204
              ],
              [
                139.483361958,
                -7.542153005
              ],
              [
                139.483180158,
                -7.542323705
              ],
              [
                139.483016856,
                -7.542436175
              ],
              [
                139.482965557,
                -7.542471506
              ],
              [
                139.482744957,
                -7.542596407
              ],
              [
                139.482542456,
                -7.542729807
              ],
              [
                139.482361856,
                -7.542920908
              ],
              [
                139.482199456,
                -7.543122809
              ],
              [
                139.482069656,
                -7.543342709
              ],
              [
                139.481935156,
                -7.54354941
              ],
              [
                139.481796956,
                -7.54376691
              ],
              [
                139.481783656,
                -7.54376331
              ],
              [
                139.481687856,
                -7.543989211
              ],
              [
                139.481579956,
                -7.544214011
              ],
              [
                139.481462356,
                -7.544437512
              ],
              [
                139.481313256,
                -7.544644212
              ],
              [
                139.481158056,
                -7.544838913
              ],
              [
                139.481007756,
                -7.545034714
              ],
              [
                139.480870756,
                -7.545241414
              ],
              [
                139.480742256,
                -7.545472215
              ],
              [
                139.480641656,
                -7.545701715
              ],
              [
                139.480577456,
                -7.545945615
              ],
              [
                139.480531357,
                -7.546201616
              ],
              [
                139.480453757,
                -7.546446816
              ],
              [
                139.480379857,
                -7.546677517
              ],
              [
                139.480313158,
                -7.546915417
              ],
              [
                139.480259858,
                -7.547151017
              ],
              [
                139.480179859,
                -7.547378118
              ],
              [
                139.480058559,
                -7.547602818
              ],
              [
                139.479951959,
                -7.547827519
              ],
              [
                139.479850059,
                -7.548052319
              ],
              [
                139.47984766,
                -7.548209719
              ],
              [
                139.47982466,
                -7.548466819
              ],
              [
                139.479799161,
                -7.54871322
              ],
              [
                139.479762761,
                -7.54895472
              ],
              [
                139.479716762,
                -7.54921792
              ],
              [
                139.479647662,
                -7.549449821
              ],
              [
                139.479578563,
                -7.549697421
              ],
              [
                139.479584563,
                -7.549953421
              ],
              [
                139.479611264,
                -7.550196121
              ],
              [
                139.479563965,
                -7.550443722
              ],
              [
                139.479465765,
                -7.550669622
              ],
              [
                139.479326365,
                -7.550884723
              ],
              [
                139.479165165,
                -7.551084223
              ],
              [
                139.478999065,
                -7.551263224
              ],
              [
                139.478786964,
                -7.551403825
              ],
              [
                139.478566363,
                -7.551512025
              ],
              [
                139.478355363,
                -7.551645426
              ],
              [
                139.478151762,
                -7.551780027
              ],
              [
                139.477939561,
                -7.551904927
              ],
              [
                139.47770196,
                -7.551992728
              ],
              [
                139.47761978,
                -7.552017508
              ],
              [
                139.477438959,
                -7.552072029
              ],
              [
                139.477196458,
                -7.55213213
              ],
              [
                139.476947957,
                -7.552187331
              ],
              [
                139.476703056,
                -7.552194531
              ],
              [
                139.476450955,
                -7.552163332
              ],
              [
                139.476200054,
                -7.552159733
              ],
              [
                139.475952753,
                -7.552183734
              ],
              [
                139.475705452,
                -7.552221034
              ],
              [
                139.475479951,
                -7.552312335
              ],
              [
                139.47527145,
                -7.552437336
              ],
              [
                139.47506895,
                -7.552575536
              ],
              [
                139.474922349,
                -7.552776237
              ],
              [
                139.474869574,
                -7.552888114
              ],
              [
                139.47481805,
                -7.552997337
              ],
              [
                139.47475255,
                -7.553234038
              ],
              [
                139.47469445,
                -7.553470738
              ],
              [
                139.474601051,
                -7.553694339
              ],
              [
                139.474491951,
                -7.553911839
              ],
              [
                139.47431375,
                -7.55408964
              ],
              [
                139.47415615,
                -7.55428074
              ],
              [
                139.47401065,
                -7.554476641
              ],
              [
                139.47385435,
                -7.554672441
              ],
              [
                139.47371245,
                -7.554870742
              ],
              [
                139.473519749,
                -7.555026943
              ],
              [
                139.473302749,
                -7.555156743
              ],
              [
                139.473100348,
                -7.555287744
              ],
              [
                139.472903948,
                -7.555431945
              ],
              [
                139.472701447,
                -7.555571346
              ],
              [
                139.472512347,
                -7.555721546
              ],
              [
                139.472283246,
                -7.555852547
              ],
              [
                139.472072345,
                -7.555971548
              ],
              [
                139.471823844,
                -7.556108549
              ],
              [
                139.471578943,
                -7.556151749
              ],
              [
                139.471338942,
                -7.55624315
              ],
              [
                139.471111042,
                -7.556329651
              ],
              [
                139.47086374,
                -7.556336852
              ],
              [
                139.470617639,
                -7.556358452
              ],
              [
                139.470365438,
                -7.556389753
              ],
              [
                139.470125437,
                -7.556442554
              ],
              [
                139.469867236,
                -7.556511055
              ],
              [
                139.469596935,
                -7.556586755
              ],
              [
                139.469510835,
                -7.556603656
              ],
              [
                139.469255034,
                -7.556675757
              ],
              [
                139.469015033,
                -7.556745457
              ],
              [
                139.468762832,
                -7.556751458
              ],
              [
                139.46848643,
                -7.556761059
              ],
              [
                139.468230729,
                -7.55675266
              ],
              [
                139.467973728,
                -7.55677666
              ],
              [
                139.467723927,
                -7.556789861
              ],
              [
                139.467470625,
                -7.556801862
              ],
              [
                139.467229424,
                -7.556845163
              ],
              [
                139.467003924,
                -7.556931663
              ],
              [
                139.466773523,
                -7.557029064
              ],
              [
                139.466509322,
                -7.557164765
              ],
              [
                139.466230521,
                -7.557292166
              ],
              [
                139.46600012,
                -7.557411167
              ],
              [
                139.465775919,
                -7.557518068
              ],
              [
                139.465527419,
                -7.557621468
              ],
              [
                139.465424318,
                -7.557669569
              ],
              [
                139.465185517,
                -7.557751269
              ],
              [
                139.464989117,
                -7.55790267
              ],
              [
                139.464792716,
                -7.558070871
              ],
              [
                139.464563616,
                -7.558193472
              ],
              [
                139.464346615,
                -7.558317272
              ],
              [
                139.464178115,
                -7.558497473
              ],
              [
                139.464001114,
                -7.558669374
              ],
              [
                139.463806014,
                -7.558831574
              ],
              [
                139.463648414,
                -7.559018975
              ],
              [
                139.463488413,
                -7.559204075
              ],
              [
                139.463368413,
                -7.559416776
              ],
              [
                139.463258014,
                -7.559631876
              ],
              [
                139.463175614,
                -7.559864977
              ],
              [
                139.463089514,
                -7.560098177
              ],
              [
                139.462998614,
                -7.560358878
              ],
              [
                139.462940415,
                -7.560595678
              ],
              [
                139.462940416,
                -7.560839578
              ],
              [
                139.462891916,
                -7.561083479
              ],
              [
                139.462805916,
                -7.561326279
              ],
              [
                139.462798617,
                -7.561405579
              ],
              [
                139.462751317,
                -7.561656679
              ],
              [
                139.462707718,
                -7.56189708
              ],
              [
                139.462668918,
                -7.56213978
              ],
              [
                139.462608319,
                -7.56237168
              ],
              [
                139.462530719,
                -7.562612081
              ],
              [
                139.462402219,
                -7.562819981
              ],
              [
                139.462296719,
                -7.563041082
              ],
              [
                139.462167019,
                -7.563258582
              ],
              [
                139.462020319,
                -7.563457983
              ],
              [
                139.461853019,
                -7.563637083
              ],
              [
                139.461711219,
                -7.563854584
              ],
              [
                139.461564519,
                -7.564055285
              ],
              [
                139.461386318,
                -7.564231885
              ],
              [
                139.461211818,
                -7.564425386
              ],
              [
                139.461059018,
                -7.564640486
              ],
              [
                139.460941418,
                -7.564854387
              ],
              [
                139.460820218,
                -7.565088687
              ],
              [
                139.460690518,
                -7.565307388
              ],
              [
                139.460548718,
                -7.565520089
              ],
              [
                139.460408118,
                -7.565720789
              ],
              [
                139.460302618,
                -7.56595989
              ],
              [
                139.460231119,
                -7.56619899
              ],
              [
                139.460177719,
                -7.56644899
              ],
              [
                139.46012922,
                -7.566725391
              ],
              [
                139.46006502,
                -7.566957291
              ],
              [
                139.460010421,
                -7.567207191
              ],
              [
                139.459961921,
                -7.567443992
              ],
              [
                139.459890421,
                -7.567687892
              ],
              [
                139.459780122,
                -7.567922193
              ],
              [
                139.459648022,
                -7.568137293
              ],
              [
                139.459515822,
                -7.568381294
              ],
              [
                139.459357022,
                -7.568604794
              ],
              [
                139.459347344,
                -7.568635729
              ],
              [
                139.459280722,
                -7.568848695
              ],
              [
                139.459204322,
                -7.569098695
              ],
              [
                139.459121923,
                -7.569325795
              ],
              [
                139.459069723,
                -7.569560096
              ],
              [
                139.459018823,
                -7.569794396
              ],
              [
                139.458989724,
                -7.570041896
              ],
              [
                139.458971525,
                -7.570299097
              ],
              [
                139.458949725,
                -7.570538197
              ],
              [
                139.458879426,
                -7.570770097
              ],
              [
                139.458861226,
                -7.571020097
              ],
              [
                139.458845527,
                -7.571266398
              ],
              [
                139.458832128,
                -7.571517598
              ],
              [
                139.458824928,
                -7.571773498
              ],
              [
                139.458806729,
                -7.572024698
              ],
              [
                139.45875943,
                -7.572266199
              ],
              [
                139.45869643,
                -7.572504099
              ],
              [
                139.458667331,
                -7.572756499
              ],
              [
                139.458572731,
                -7.5729848
              ],
              [
                139.458411531,
                -7.573171
              ],
              [
                139.458308431,
                -7.573393301
              ],
              [
                139.458206631,
                -7.573627701
              ],
              [
                139.458171531,
                -7.573693801
              ],
              [
                139.458057531,
                -7.573908802
              ],
              [
                139.458130232,
                -7.574144402
              ],
              [
                139.458195733,
                -7.574375102
              ],
              [
                139.458224834,
                -7.574613002
              ],
              [
                139.458200635,
                -7.574852102
              ],
              [
                139.458050234,
                -7.575046803
              ],
              [
                139.457845434,
                -7.575183803
              ],
              [
                139.457626033,
                -7.575289504
              ],
              [
                139.457410232,
                -7.575175405
              ],
              [
                139.45722233,
                -7.575014405
              ],
              [
                139.457017429,
                -7.574877406
              ],
              [
                139.456787128,
                -7.574780006
              ],
              [
                139.456533726,
                -7.574765607
              ],
              [
                139.456291325,
                -7.574734408
              ],
              [
                139.456088824,
                -7.574867808
              ],
              [
                139.455890024,
                -7.575024009
              ],
              [
                139.455699724,
                -7.57518861
              ],
              [
                139.455643924,
                -7.57543131
              ],
              [
                139.455717925,
                -7.57568251
              ],
              [
                139.455784626,
                -7.57591321
              ],
              [
                139.455696126,
                -7.57614751
              ],
              [
                139.455556626,
                -7.576355411
              ],
              [
                139.455407526,
                -7.576553712
              ],
              [
                139.455256026,
                -7.576766312
              ],
              [
                139.455098426,
                -7.576947813
              ],
              [
                139.454963926,
                -7.577161713
              ],
              [
                139.454800226,
                -7.577362414
              ],
              [
                139.454660826,
                -7.577579815
              ],
              [
                139.454538426,
                -7.577799715
              ],
              [
                139.454357725,
                -7.577984816
              ],
              [
                139.454206225,
                -7.578191516
              ],
              [
                139.454089825,
                -7.578417417
              ],
              [
                139.453997726,
                -7.578662517
              ],
              [
                139.453893426,
                -7.578884818
              ],
              [
                139.453819526,
                -7.579121518
              ],
              [
                139.453800127,
                -7.579373918
              ],
              [
                139.453661927,
                -7.579575819
              ],
              [
                139.453480126,
                -7.57974162
              ],
              [
                139.453258226,
                -7.57984132
              ],
              [
                139.453012124,
                -7.579860521
              ],
              [
                139.452747923,
                -7.579808922
              ],
              [
                139.452500622,
                -7.579777622
              ],
              [
                139.452250921,
                -7.579781223
              ],
              [
                139.452001119,
                -7.579819724
              ],
              [
                139.451761118,
                -7.579862925
              ],
              [
                139.451604718,
                -7.579831725
              ],
              [
                139.451370816,
                -7.579754826
              ],
              [
                139.451133215,
                -7.579680326
              ],
              [
                139.450902813,
                -7.579575827
              ],
              [
                139.450713712,
                -7.579417128
              ],
              [
                139.450466411,
                -7.579329428
              ],
              [
                139.450231309,
                -7.579271729
              ],
              [
                139.449973108,
                -7.57921053
              ],
              [
                139.449741506,
                -7.57914083
              ],
              [
                139.449496605,
                -7.579026631
              ],
              [
                139.449439705,
                -7.579032631
              ],
              [
                139.449177803,
                -7.579037432
              ],
              [
                139.448917202,
                -7.579032633
              ],
              [
                139.448652901,
                -7.579003833
              ],
              [
                139.448392299,
                -7.578973734
              ],
              [
                139.448121998,
                -7.578974935
              ],
              [
                139.447861297,
                -7.578994236
              ],
              [
                139.447735196,
                -7.578991836
              ],
              [
                139.447493995,
                -7.579005037
              ],
              [
                139.447233394,
                -7.579031438
              ],
              [
                139.446973993,
                -7.579001438
              ],
              [
                139.446744791,
                -7.578916139
              ],
              [
                139.44646359,
                -7.57887764
              ],
              [
                139.446202988,
                -7.578850041
              ],
              [
                139.445955687,
                -7.578859641
              ],
              [
                139.445682886,
                -7.578874042
              ],
              [
                139.445440281,
                -7.578890444
              ],
              [
                139.445434385,
                -7.578890843
              ],
              [
                139.445187084,
                -7.578929344
              ],
              [
                139.444942183,
                -7.578946144
              ],
              [
                139.444742782,
                -7.578925345
              ],
              [
                139.44447768,
                -7.578908946
              ],
              [
                139.444243679,
                -7.578835646
              ],
              [
                139.444006077,
                -7.578756347
              ],
              [
                139.443762376,
                -7.578752748
              ],
              [
                139.443517575,
                -7.578782749
              ],
              [
                139.443267774,
                -7.578741849
              ],
              [
                139.443024173,
                -7.57871425
              ],
              [
                139.442781671,
                -7.578651751
              ],
              [
                139.44255257,
                -7.578574851
              ],
              [
                139.442305269,
                -7.578547252
              ],
              [
                139.442066467,
                -7.578586853
              ],
              [
                139.441825267,
                -7.578689054
              ],
              [
                139.441628866,
                -7.578840454
              ],
              [
                139.441489466,
                -7.579050755
              ],
              [
                139.441342766,
                -7.579256155
              ],
              [
                139.441189966,
                -7.579444856
              ],
              [
                139.441023966,
                -7.579646757
              ],
              [
                139.440840865,
                -7.579838957
              ],
              [
                139.440654165,
                -7.580006058
              ],
              [
                139.440421464,
                -7.580167059
              ],
              [
                139.440351164,
                -7.580265559
              ],
              [
                139.440250564,
                -7.580496259
              ],
              [
                139.440178965,
                -7.58072816
              ],
              [
                139.440072365,
                -7.58094326
              ],
              [
                139.439991065,
                -7.581181161
              ],
              [
                139.439980166,
                -7.581432361
              ],
              [
                139.439974167,
                -7.581675061
              ],
              [
                139.439977767,
                -7.581921361
              ],
              [
                139.439965668,
                -7.582164161
              ],
              [
                139.440014169,
                -7.582404462
              ],
              [
                139.44007237,
                -7.582645962
              ],
              [
                139.44003719,
                -7.582805487
              ],
              [
                139.44002017,
                -7.582882662
              ],
              [
                139.43987957,
                -7.583083362
              ],
              [
                139.43977287,
                -7.583314063
              ],
              [
                139.439658971,
                -7.583529163
              ],
              [
                139.43950257,
                -7.583716664
              ],
              [
                139.43932197,
                -7.583892065
              ],
              [
                139.43922257,
                -7.584111965
              ],
              [
                139.43914007,
                -7.584347465
              ],
              [
                139.439092871,
                -7.584584166
              ],
              [
                139.439110972,
                -7.584826866
              ],
              [
                139.439218873,
                -7.585058866
              ],
              [
                139.439414074,
                -7.585217465
              ],
              [
                139.439612876,
                -7.585368865
              ],
              [
                139.439810477,
                -7.585519064
              ],
              [
                139.439951079,
                -7.585713664
              ],
              [
                139.44013538,
                -7.585889164
              ],
              [
                139.440315981,
                -7.586074163
              ],
              [
                139.440383711,
                -7.586167667
              ],
              [
                139.440457883,
                -7.586270063
              ],
              [
                139.440579084,
                -7.586480363
              ],
              [
                139.440718485,
                -7.586694162
              ],
              [
                139.440774186,
                -7.586930962
              ],
              [
                139.440719687,
                -7.587165263
              ],
              [
                139.440701487,
                -7.587407963
              ],
              [
                139.440718488,
                -7.587650663
              ],
              [
                139.440699089,
                -7.587904263
              ],
              [
                139.440688189,
                -7.588146964
              ],
              [
                139.44075849,
                -7.588323563
              ],
              [
                139.440751191,
                -7.588571064
              ],
              [
                139.440719692,
                -7.588810264
              ],
              [
                139.440816693,
                -7.589044564
              ],
              [
                139.440975494,
                -7.589230763
              ],
              [
                139.441125795,
                -7.589423063
              ],
              [
                139.441267597,
                -7.589620063
              ],
              [
                139.441415498,
                -7.589817163
              ],
              [
                139.441556688,
                -7.58994387
              ],
              [
                139.441594899,
                -7.589978162
              ],
              [
                139.441816801,
                -7.590073062
              ],
              [
                139.441992602,
                -7.590248561
              ],
              [
                139.442008303,
                -7.590494861
              ],
              [
                139.441917403,
                -7.590720762
              ],
              [
                139.441921004,
                -7.590963462
              ],
              [
                139.442001005,
                -7.591200162
              ],
              [
                139.442013206,
                -7.591439362
              ],
              [
                139.442094407,
                -7.591671262
              ],
              [
                139.442022907,
                -7.591903162
              ],
              [
                139.441788906,
                -7.591965663
              ],
              [
                139.441568305,
                -7.592072564
              ],
              [
                139.441522206,
                -7.592315264
              ],
              [
                139.441541607,
                -7.592554364
              ],
              [
                139.441582808,
                -7.592797164
              ],
              [
                139.441570708,
                -7.593055464
              ],
              [
                139.441445808,
                -7.593274165
              ],
              [
                139.441335509,
                -7.593489265
              ],
              [
                139.441295509,
                -7.593739166
              ],
              [
                139.44134281,
                -7.593998666
              ],
              [
                139.441467711,
                -7.594214965
              ],
              [
                139.441604613,
                -7.594419265
              ],
              [
                139.441710114,
                -7.594637965
              ],
              [
                139.441820415,
                -7.594865065
              ],
              [
                139.441831315,
                -7.594981565
              ],
              [
                139.441951317,
                -7.595209865
              ],
              [
                139.441973218,
                -7.595456265
              ],
              [
                139.441826517,
                -7.595658065
              ],
              [
                139.441724618,
                -7.595889966
              ],
              [
                139.441745319,
                -7.596147166
              ],
              [
                139.441836785,
                -7.596332727
              ],
              [
                139.44185312,
                -7.596365866
              ],
              [
                139.442056821,
                -7.596494365
              ],
              [
                139.442281122,
                -7.596584465
              ],
              [
                139.442498123,
                -7.596472764
              ],
              [
                139.442722324,
                -7.596383863
              ],
              [
                139.442961125,
                -7.596333362
              ],
              [
                139.443183026,
                -7.596458362
              ],
              [
                139.443275128,
                -7.596690262
              ],
              [
                139.443304228,
                -7.596932962
              ],
              [
                139.443147828,
                -7.597121562
              ],
              [
                139.442985428,
                -7.597325863
              ],
              [
                139.442890828,
                -7.597560164
              ],
              [
                139.442856929,
                -7.597812564
              ],
              [
                139.44288603,
                -7.598060064
              ],
              [
                139.443082431,
                -7.598211463
              ],
              [
                139.443327232,
                -7.598177763
              ],
              [
                139.443494533,
                -7.598003562
              ],
              [
                139.443636433,
                -7.597805262
              ],
              [
                139.443864334,
                -7.597899061
              ],
              [
                139.444078836,
                -7.59804806
              ],
              [
                139.444331037,
                -7.59808166
              ],
              [
                139.444532238,
                -7.598237859
              ],
              [
                139.444771039,
                -7.598176558
              ],
              [
                139.445020741,
                -7.598203058
              ],
              [
                139.445232942,
                -7.598344857
              ],
              [
                139.445285043,
                -7.598579157
              ],
              [
                139.445165043,
                -7.598803858
              ],
              [
                139.444995343,
                -7.598979258
              ],
              [
                139.444826843,
                -7.599154659
              ],
              [
                139.444669242,
                -7.59936016
              ],
              [
                139.444561343,
                -7.59959806
              ],
              [
                139.444491043,
                -7.59983356
              ],
              [
                139.444486144,
                -7.600085861
              ],
              [
                139.444592845,
                -7.60032856
              ],
              [
                139.444717746,
                -7.60054126
              ],
              [
                139.444849847,
                -7.60074316
              ],
              [
                139.444951649,
                -7.60097506
              ],
              [
                139.44507295,
                -7.60119136
              ],
              [
                139.445249951,
                -7.601355959
              ],
              [
                139.445447553,
                -7.601512159
              ],
              [
                139.445651154,
                -7.601658758
              ],
              [
                139.445668154,
                -7.601615458
              ],
              [
                139.445899655,
                -7.601686357
              ],
              [
                139.446120257,
                -7.601783657
              ],
              [
                139.446359158,
                -7.601711556
              ],
              [
                139.446544558,
                -7.601554155
              ],
              [
                139.446751859,
                -7.601424455
              ],
              [
                139.44699436,
                -7.601412454
              ],
              [
                139.447231961,
                -7.601462853
              ],
              [
                139.447377362,
                -7.601658753
              ],
              [
                139.447443547,
                -7.601864961
              ],
              [
                139.447452564,
                -7.601893053
              ],
              [
                139.447539865,
                -7.602127353
              ],
              [
                139.447610166,
                -7.602382053
              ],
              [
                139.447719267,
                -7.602595953
              ],
              [
                139.447904768,
                -7.602760552
              ],
              [
                139.44804897,
                -7.602956452
              ],
              [
                139.448217471,
                -7.603147452
              ],
              [
                139.448365372,
                -7.603358951
              ],
              [
                139.448440573,
                -7.603599251
              ],
              [
                139.448520575,
                -7.603844351
              ],
              [
                139.448547275,
                -7.604089451
              ],
              [
                139.448554476,
                -7.604330951
              ],
              [
                139.448610277,
                -7.604568951
              ],
              [
                139.448764279,
                -7.604758751
              ],
              [
                139.44900908,
                -7.60485005
              ],
              [
                139.449247881,
                -7.60491735
              ],
              [
                139.449456383,
                -7.605041149
              ],
              [
                139.449638284,
                -7.605210549
              ],
              [
                139.449703684,
                -7.605210549
              ],
              [
                139.449896486,
                -7.605364348
              ],
              [
                139.450027387,
                -7.605577048
              ],
              [
                139.450216489,
                -7.605742847
              ],
              [
                139.45041899,
                -7.605885847
              ],
              [
                139.450617791,
                -7.606060046
              ],
              [
                139.450831093,
                -7.606186146
              ],
              [
                139.451068694,
                -7.606234245
              ],
              [
                139.451291796,
                -7.606338745
              ],
              [
                139.451406897,
                -7.606564644
              ],
              [
                139.451513598,
                -7.606789344
              ],
              [
                139.451530599,
                -7.607034444
              ],
              [
                139.451488199,
                -7.607284445
              ],
              [
                139.4514312,
                -7.607523545
              ],
              [
                139.4513463,
                -7.607753045
              ],
              [
                139.451123299,
                -7.607857546
              ],
              [
                139.4510639,
                -7.608102646
              ],
              [
                139.4509705,
                -7.608336947
              ],
              [
                139.4508966,
                -7.608567647
              ],
              [
                139.450828701,
                -7.608815148
              ],
              [
                139.450772901,
                -7.609051848
              ],
              [
                139.450717202,
                -7.609292148
              ],
              [
                139.450705571,
                -7.6094068
              ],
              [
                139.450690502,
                -7.609555349
              ],
              [
                139.450729303,
                -7.609796849
              ],
              [
                139.450862605,
                -7.610002348
              ],
              [
                139.451010506,
                -7.610208948
              ],
              [
                139.45101503,
                -7.610216864
              ],
              [
                139.451140307,
                -7.610436048
              ],
              [
                139.451325709,
                -7.610594647
              ],
              [
                139.45156331,
                -7.610671547
              ],
              [
                139.451815511,
                -7.610687146
              ],
              [
                139.452066412,
                -7.610689545
              ],
              [
                139.452299214,
                -7.610796545
              ],
              [
                139.452551315,
                -7.610869844
              ],
              [
                139.452775617,
                -7.610977943
              ],
              [
                139.452947718,
                -7.611170243
              ],
              [
                139.453058019,
                -7.611392443
              ],
              [
                139.45304352,
                -7.611648443
              ],
              [
                139.45295012,
                -7.611886343
              ],
              [
                139.452851921,
                -7.612108644
              ],
              [
                139.452724721,
                -7.612322444
              ],
              [
                139.452666521,
                -7.612562745
              ],
              [
                139.452633721,
                -7.612756245
              ],
              [
                139.452634922,
                -7.613010945
              ],
              [
                139.452639823,
                -7.613266845
              ],
              [
                139.452681024,
                -7.613505945
              ],
              [
                139.452776825,
                -7.613743845
              ],
              [
                139.452868926,
                -7.613979345
              ],
              [
                139.453066528,
                -7.614118745
              ],
              [
                139.453262929,
                -7.614261744
              ],
              [
                139.45339593,
                -7.614357122
              ],
              [
                139.453469031,
                -7.614409544
              ],
              [
                139.453699332,
                -7.614486443
              ],
              [
                139.453935733,
                -7.614569342
              ],
              [
                139.454162435,
                -7.614689442
              ],
              [
                139.454392736,
                -7.614816841
              ],
              [
                139.454557638,
                -7.615013941
              ],
              [
                139.454690939,
                -7.615230141
              ],
              [
                139.45476364,
                -7.61546324
              ],
              [
                139.454716441,
                -7.615719141
              ],
              [
                139.45457944,
                -7.615921041
              ],
              [
                139.45435394,
                -7.616038842
              ],
              [
                139.454128439,
                -7.616172143
              ],
              [
                139.45407994,
                -7.616418443
              ],
              [
                139.45403154,
                -7.616658744
              ],
              [
                139.454134541,
                -7.616885843
              ],
              [
                139.454367243,
                -7.616963943
              ],
              [
                139.454617044,
                -7.616921942
              ],
              [
                139.454871545,
                -7.616897841
              ],
              [
                139.455098246,
                -7.61681254
              ],
              [
                139.455129746,
                -7.61682094
              ],
              [
                139.455378347,
                -7.61684144
              ],
              [
                139.455617148,
                -7.616877439
              ],
              [
                139.45585475,
                -7.616927938
              ],
              [
                139.455967451,
                -7.617141838
              ],
              [
                139.455982052,
                -7.617385738
              ],
              [
                139.456015953,
                -7.617626038
              ],
              [
                139.456064454,
                -7.617861538
              ],
              [
                139.456143255,
                -7.618094638
              ],
              [
                139.456311756,
                -7.618268838
              ],
              [
                139.456545657,
                -7.618372137
              ],
              [
                139.456719059,
                -7.618545137
              ],
              [
                139.45678936,
                -7.618774637
              ],
              [
                139.456915461,
                -7.618988536
              ],
              [
                139.457048762,
                -7.619218036
              ],
              [
                139.457186964,
                -7.619430636
              ],
              [
                139.457363965,
                -7.619608536
              ],
              [
                139.457574867,
                -7.619744235
              ],
              [
                139.457811268,
                -7.619674534
              ],
              [
                139.457977368,
                -7.619467934
              ],
              [
                139.458190768,
                -7.619348933
              ],
              [
                139.45842837,
                -7.619425832
              ],
              [
                139.458623471,
                -7.619585632
              ],
              [
                139.458720472,
                -7.619805532
              ],
              [
                139.458744773,
                -7.620049432
              ],
              [
                139.458785974,
                -7.620299332
              ],
              [
                139.458801675,
                -7.620542032
              ],
              [
                139.458795676,
                -7.620798032
              ],
              [
                139.458755676,
                -7.621034732
              ],
              [
                139.458599276,
                -7.621217333
              ],
              [
                139.458413776,
                -7.621385534
              ],
              [
                139.458211374,
                -7.621252134
              ],
              [
                139.457974973,
                -7.621181235
              ],
              [
                139.457793072,
                -7.621339835
              ],
              [
                139.457777373,
                -7.621578936
              ],
              [
                139.457784674,
                -7.621828936
              ],
              [
                139.457871875,
                -7.622001936
              ],
              [
                139.458014976,
                -7.622204935
              ],
              [
                139.458094977,
                -7.622438035
              ],
              [
                139.458128878,
                -7.622691535
              ],
              [
                139.458172579,
                -7.622933035
              ],
              [
                139.45821378,
                -7.623191435
              ],
              [
                139.458225881,
                -7.623431736
              ],
              [
                139.458256182,
                -7.623686436
              ],
              [
                139.458267083,
                -7.623933936
              ],
              [
                139.458318084,
                -7.624195836
              ],
              [
                139.458485285,
                -7.624377235
              ],
              [
                139.458612586,
                -7.624582735
              ],
              [
                139.458567787,
                -7.624830236
              ],
              [
                139.458421087,
                -7.625026136
              ],
              [
                139.458207686,
                -7.625196737
              ],
              [
                139.458002886,
                -7.625325238
              ],
              [
                139.457847685,
                -7.625512738
              ],
              [
                139.457607684,
                -7.625586039
              ],
              [
                139.457356683,
                -7.62564364
              ],
              [
                139.457098482,
                -7.625625641
              ],
              [
                139.456857281,
                -7.625707341
              ],
              [
                139.45662818,
                -7.625809442
              ],
              [
                139.456395379,
                -7.625888743
              ],
              [
                139.456265679,
                -7.626099043
              ],
              [
                139.45616148,
                -7.626317744
              ],
              [
                139.45606928,
                -7.626550844
              ],
              [
                139.45599538,
                -7.626794745
              ],
              [
                139.455988081,
                -7.627050645
              ],
              [
                139.456074182,
                -7.627287345
              ],
              [
                139.456272983,
                -7.627433944
              ],
              [
                139.456463285,
                -7.627594944
              ],
              [
                139.456663286,
                -7.627740243
              ],
              [
                139.456822088,
                -7.627933743
              ],
              [
                139.456870589,
                -7.628169243
              ],
              [
                139.45700159,
                -7.628372243
              ],
              [
                139.45695059,
                -7.628617343
              ],
              [
                139.45680149,
                -7.628820444
              ],
              [
                139.456569989,
                -7.628751944
              ],
              [
                139.456322688,
                -7.628712245
              ],
              [
                139.456114186,
                -7.628569346
              ],
              [
                139.455886285,
                -7.628487646
              ],
              [
                139.455645084,
                -7.628463547
              ],
              [
                139.455409882,
                -7.628387847
              ],
              [
                139.455167381,
                -7.628348248
              ],
              [
                139.45491408,
                -7.628356649
              ],
              [
                139.454678879,
                -7.62841075
              ],
              [
                139.454492178,
                -7.62859815
              ],
              [
                139.454437679,
                -7.628846851
              ],
              [
                139.454441897,
                -7.629062198
              ],
              [
                139.45444248,
                -7.629091951
              ],
              [
                139.45446428,
                -7.629225351
              ],
              [
                139.454517681,
                -7.629469251
              ],
              [
                139.454592782,
                -7.629711951
              ],
              [
                139.454629183,
                -7.629951051
              ],
              [
                139.454658284,
                -7.630212951
              ],
              [
                139.454755285,
                -7.630442451
              ],
              [
                139.454939487,
                -7.63062385
              ],
              [
                139.455146788,
                -7.63075725
              ],
              [
                139.455335889,
                -7.630908649
              ],
              [
                139.455471691,
                -7.631108049
              ],
              [
                139.455664392,
                -7.631272649
              ],
              [
                139.455800193,
                -7.631485348
              ],
              [
                139.455963895,
                -7.631667948
              ],
              [
                139.456134796,
                -7.631838548
              ],
              [
                139.456230597,
                -7.632068048
              ],
              [
                139.456283898,
                -7.632320348
              ],
              [
                139.456325099,
                -7.632566648
              ],
              [
                139.4563081,
                -7.632816548
              ],
              [
                139.4562669,
                -7.633062848
              ],
              [
                139.456231801,
                -7.633325948
              ],
              [
                139.456205102,
                -7.633590349
              ],
              [
                139.456202703,
                -7.633836649
              ],
              [
                139.456205103,
                -7.634085349
              ],
              [
                139.456207504,
                -7.634329249
              ],
              [
                139.456206305,
                -7.634579149
              ],
              [
                139.456216006,
                -7.63482665
              ],
              [
                139.456237806,
                -7.63508135
              ],
              [
                139.456230607,
                -7.63533005
              ],
              [
                139.456270608,
                -7.63557155
              ],
              [
                139.456353009,
                -7.63580105
              ],
              [
                139.45641851,
                -7.63603895
              ],
              [
                139.456457311,
                -7.63628035
              ],
              [
                139.456452412,
                -7.63652785
              ],
              [
                139.456390612,
                -7.63676095
              ],
              [
                139.456290013,
                -7.637003651
              ],
              [
                139.456328813,
                -7.637243951
              ],
              [
                139.456450015,
                -7.637454251
              ],
              [
                139.456651216,
                -7.63758755
              ],
              [
                139.456864617,
                -7.63771015
              ],
              [
                139.457107019,
                -7.637688549
              ],
              [
                139.457327619,
                -7.637582748
              ],
              [
                139.45756892,
                -7.637528747
              ],
              [
                139.457764121,
                -7.637355747
              ],
              [
                139.457990722,
                -7.637255946
              ],
              [
                139.458232023,
                -7.637242745
              ],
              [
                139.458406524,
                -7.637418145
              ],
              [
                139.458544725,
                -7.637632044
              ],
              [
                139.458576326,
                -7.637875945
              ],
              [
                139.458567827,
                -7.638129445
              ],
              [
                139.458531428,
                -7.638373345
              ],
              [
                139.458332627,
                -7.638521146
              ],
              [
                139.458121726,
                -7.638647246
              ],
              [
                139.457915626,
                -7.638796247
              ],
              [
                139.457750726,
                -7.638981248
              ],
              [
                139.457617426,
                -7.639185548
              ],
              [
                139.457532526,
                -7.639442649
              ],
              [
                139.457508327,
                -7.639702149
              ],
              [
                139.457554328,
                -7.639938849
              ],
              [
                139.457658629,
                -7.640158749
              ],
              [
                139.45771513,
                -7.640361549
              ],
              [
                139.457831531,
                -7.640580149
              ],
              [
                139.457932132,
                -7.640816848
              ],
              [
                139.458030333,
                -7.641041548
              ],
              [
                139.458035335,
                -7.641054679
              ],
              [
                139.458120034,
                -7.641277048
              ],
              [
                139.458099435,
                -7.641538948
              ],
              [
                139.458037636,
                -7.641776849
              ],
              [
                139.457792734,
                -7.64180085
              ],
              [
                139.457568434,
                -7.64190175
              ],
              [
                139.457346633,
                -7.642017151
              ],
              [
                139.457163633,
                -7.642196152
              ],
              [
                139.457094533,
                -7.642428052
              ],
              [
                139.457119934,
                -7.642679152
              ],
              [
                139.457244835,
                -7.642906152
              ],
              [
                139.457404836,
                -7.643111652
              ],
              [
                139.457538138,
                -7.643323051
              ],
              [
                139.457653339,
                -7.643550151
              ],
              [
                139.45764124,
                -7.643791651
              ],
              [
                139.45756484,
                -7.644022352
              ],
              [
                139.45743154,
                -7.644239852
              ],
              [
                139.45736724,
                -7.644474053
              ],
              [
                139.457339341,
                -7.644726353
              ],
              [
                139.457322442,
                -7.644971453
              ],
              [
                139.457353943,
                -7.645210553
              ],
              [
                139.457332143,
                -7.645461654
              ],
              [
                139.457134543,
                -7.645607054
              ],
              [
                139.456902941,
                -7.645509755
              ],
              [
                139.45666414,
                -7.645571056
              ],
              [
                139.45648474,
                -7.645731956
              ],
              [
                139.45633684,
                -7.645927857
              ],
              [
                139.45616834,
                -7.646108057
              ],
              [
                139.45611984,
                -7.646360358
              ],
              [
                139.456318641,
                -7.646499757
              ],
              [
                139.456544143,
                -7.646646257
              ],
              [
                139.456699344,
                -7.646844556
              ],
              [
                139.456810846,
                -7.647086056
              ],
              [
                139.456898147,
                -7.647309456
              ],
              [
                139.456808447,
                -7.647532957
              ],
              [
                139.456692047,
                -7.647751657
              ],
              [
                139.456487146,
                -7.647884958
              ],
              [
                139.456248346,
                -7.647989459
              ],
              [
                139.455998645,
                -7.648080859
              ],
              [
                139.455752544,
                -7.64810846
              ],
              [
                139.455517343,
                -7.648185361
              ],
              [
                139.455319742,
                -7.648327062
              ],
              [
                139.455130641,
                -7.648336762
              ],
              [
                139.45488574,
                -7.648286263
              ],
              [
                139.454644539,
                -7.648363164
              ],
              [
                139.454396038,
                -7.648395564
              ],
              [
                139.454188737,
                -7.648521765
              ],
              [
                139.454009337,
                -7.648689966
              ],
              [
                139.453828736,
                -7.648860566
              ],
              [
                139.453686836,
                -7.649062367
              ],
              [
                139.453442035,
                -7.649094868
              ],
              [
                139.453248034,
                -7.648943468
              ],
              [
                139.453032232,
                -7.648830469
              ],
              [
                139.452861331,
                -7.648640669
              ],
              [
                139.45275583,
                -7.648420869
              ],
              [
                139.452581328,
                -7.64825027
              ],
              [
                139.452341227,
                -7.64818777
              ],
              [
                139.452098826,
                -7.648198571
              ],
              [
                139.451931526,
                -7.648396772
              ],
              [
                139.451787226,
                -7.648596272
              ],
              [
                139.451641826,
                -7.648796873
              ],
              [
                139.451548426,
                -7.649044373
              ],
              [
                139.451590927,
                -7.649315874
              ],
              [
                139.451708528,
                -7.649533373
              ],
              [
                139.451906029,
                -7.649673973
              ],
              [
                139.452090331,
                -7.649839672
              ],
              [
                139.452214032,
                -7.650048772
              ],
              [
                139.452331533,
                -7.650278272
              ],
              [
                139.452266134,
                -7.650513672
              ],
              [
                139.452107334,
                -7.650717973
              ],
              [
                139.451921833,
                -7.650887374
              ],
              [
                139.451744833,
                -7.651053174
              ],
              [
                139.451676933,
                -7.651092774
              ],
              [
                139.451439332,
                -7.651143275
              ],
              [
                139.451201731,
                -7.651210576
              ],
              [
                139.45096293,
                -7.651298277
              ],
              [
                139.45095443,
                -7.651539777
              ],
              [
                139.451130232,
                -7.651706777
              ],
              [
                139.450989632,
                -7.651902577
              ],
              [
                139.450902332,
                -7.652132078
              ],
              [
                139.451141133,
                -7.652181277
              ],
              [
                139.451360535,
                -7.652311076
              ],
              [
                139.451519336,
                -7.652515276
              ],
              [
                139.451555737,
                -7.652766376
              ],
              [
                139.451563038,
                -7.653010276
              ],
              [
                139.451549639,
                -7.653250576
              ],
              [
                139.45158844,
                -7.653490876
              ],
              [
                139.45160064,
                -7.653732377
              ],
              [
                139.45138114,
                -7.653835677
              ],
              [
                139.451127838,
                -7.653797178
              ],
              [
                139.450905937,
                -7.653901779
              ],
              [
                139.450733837,
                -7.654074779
              ],
              [
                139.450567737,
                -7.65425378
              ],
              [
                139.450352035,
                -7.654133581
              ],
              [
                139.450187134,
                -7.653955781
              ],
              [
                139.449973733,
                -7.653833282
              ],
              [
                139.449728931,
                -7.653838082
              ],
              [
                139.44948643,
                -7.653820083
              ],
              [
                139.449253729,
                -7.653917384
              ],
              [
                139.449028229,
                -7.654029085
              ],
              [
                139.448828228,
                -7.654173285
              ],
              [
                139.448589327,
                -7.654276586
              ],
              [
                139.448474227,
                -7.654488087
              ],
              [
                139.448441528,
                -7.654725887
              ],
              [
                139.448497229,
                -7.654966187
              ],
              [
                139.44856513,
                -7.655216087
              ],
              [
                139.448580931,
                -7.655463587
              ],
              [
                139.448602452,
                -7.655581327
              ],
              [
                139.448625732,
                -7.655708687
              ],
              [
                139.448799133,
                -7.655904487
              ],
              [
                139.448996735,
                -7.656057086
              ],
              [
                139.448995435,
                -7.656298586
              ],
              [
                139.448995436,
                -7.656538886
              ],
              [
                139.449007637,
                -7.656777887
              ],
              [
                139.449085238,
                -7.657009786
              ],
              [
                139.449170039,
                -7.657248886
              ],
              [
                139.44929244,
                -7.657461486
              ],
              [
                139.449450042,
                -7.657642986
              ],
              [
                139.449676743,
                -7.657741485
              ],
              [
                139.449840444,
                -7.657934885
              ],
              [
                139.450007746,
                -7.658116284
              ],
              [
                139.450177447,
                -7.658291684
              ],
              [
                139.450261048,
                -7.658318084
              ],
              [
                139.450450149,
                -7.658468283
              ],
              [
                139.45058595,
                -7.658684583
              ],
              [
                139.450754452,
                -7.658874383
              ],
              [
                139.450771453,
                -7.659114683
              ],
              [
                139.450678053,
                -7.659345283
              ],
              [
                139.450585953,
                -7.659574784
              ],
              [
                139.450490153,
                -7.659811484
              ],
              [
                139.450565354,
                -7.660040984
              ],
              [
                139.450773856,
                -7.660175484
              ],
              [
                139.451032057,
                -7.660174283
              ],
              [
                139.451280558,
                -7.660134682
              ],
              [
                139.451492759,
                -7.660013281
              ],
              [
                139.451700059,
                -7.659866781
              ],
              [
                139.451947361,
                -7.65986678
              ],
              [
                139.452113362,
                -7.660048179
              ],
              [
                139.452324363,
                -7.660164679
              ],
              [
                139.452464965,
                -7.660373679
              ],
              [
                139.452609266,
                -7.660567178
              ],
              [
                139.452667367,
                -7.660801378
              ],
              [
                139.452696468,
                -7.661051278
              ],
              [
                139.452672269,
                -7.661295179
              ],
              [
                139.452661369,
                -7.661536679
              ],
              [
                139.45268077,
                -7.661791379
              ],
              [
                139.452828671,
                -7.661994379
              ],
              [
                139.452957173,
                -7.662197478
              ],
              [
                139.453136574,
                -7.662359678
              ],
              [
                139.453389875,
                -7.662387277
              ],
              [
                139.453631176,
                -7.662377676
              ],
              [
                139.453880878,
                -7.662414876
              ],
              [
                139.454123279,
                -7.662354775
              ],
              [
                139.454314879,
                -7.662186674
              ],
              [
                139.454375479,
                -7.661951174
              ],
              [
                139.454462779,
                -7.661719273
              ],
              [
                139.454517278,
                -7.661475373
              ],
              [
                139.454662778,
                -7.661284373
              ],
              [
                139.454860379,
                -7.661142572
              ],
              [
                139.45509068,
                -7.661058471
              ],
              [
                139.455335581,
                -7.66103927
              ],
              [
                139.455576782,
                -7.66105727
              ],
              [
                139.455803483,
                -7.661144969
              ],
              [
                139.455967184,
                -7.661163069
              ],
              [
                139.456213286,
                -7.661221868
              ],
              [
                139.456348987,
                -7.661432168
              ],
              [
                139.456460588,
                -7.661651967
              ],
              [
                139.456525989,
                -7.661893467
              ],
              [
                139.456672691,
                -7.662101367
              ],
              [
                139.456752692,
                -7.662331967
              ],
              [
                139.456969693,
                -7.662437666
              ],
              [
                139.457213394,
                -7.662366866
              ],
              [
                139.457464295,
                -7.662333165
              ],
              [
                139.457671596,
                -7.662204664
              ],
              [
                139.457898297,
                -7.662301963
              ],
              [
                139.458090999,
                -7.662458163
              ],
              [
                139.4581928,
                -7.662676763
              ],
              [
                139.458329801,
                -7.662878663
              ],
              [
                139.458425602,
                -7.663102062
              ],
              [
                139.458486203,
                -7.663350762
              ],
              [
                139.458556504,
                -7.663603062
              ],
              [
                139.458642605,
                -7.663828962
              ],
              [
                139.458685006,
                -7.664084762
              ],
              [
                139.458702007,
                -7.664325062
              ],
              [
                139.458702008,
                -7.664578563
              ],
              [
                139.458728709,
                -7.664836863
              ],
              [
                139.45877711,
                -7.665092763
              ],
              [
                139.458825611,
                -7.665329463
              ],
              [
                139.458886312,
                -7.665580563
              ],
              [
                139.459049913,
                -7.665778762
              ],
              [
                139.459260815,
                -7.665934962
              ],
              [
                139.459502116,
                -7.665992661
              ],
              [
                139.459680317,
                -7.66583046
              ],
              [
                139.459864517,
                -7.66567066
              ],
              [
                139.460107018,
                -7.665633359
              ],
              [
                139.460342219,
                -7.665691058
              ],
              [
                139.46036032,
                -7.665930159
              ],
              [
                139.460336121,
                -7.666188459
              ],
              [
                139.46014822,
                -7.666344659
              ],
              [
                139.460019721,
                -7.66656926
              ],
              [
                139.459931221,
                -7.66680356
              ],
              [
                139.459843921,
                -7.667028161
              ],
              [
                139.459736021,
                -7.667248061
              ],
              [
                139.459612421,
                -7.667457062
              ],
              [
                139.459543321,
                -7.667499162
              ],
              [
                139.459485121,
                -7.667733462
              ],
              [
                139.459414822,
                -7.667982063
              ],
              [
                139.459510623,
                -7.668205563
              ],
              [
                139.459651224,
                -7.668422962
              ],
              [
                139.459856026,
                -7.668552762
              ],
              [
                139.460075527,
                -7.668656061
              ],
              [
                139.460315529,
                -7.668712561
              ],
              [
                139.46039673,
                -7.66894556
              ],
              [
                139.460481631,
                -7.66917866
              ],
              [
                139.460373731,
                -7.669403361
              ],
              [
                139.460395632,
                -7.66953684
              ],
              [
                139.460414932,
                -7.669654461
              ],
              [
                139.460533733,
                -7.669874261
              ],
              [
                139.460721635,
                -7.67006046
              ],
              [
                139.460817436,
                -7.67028276
              ],
              [
                139.460589535,
                -7.670388461
              ],
              [
                139.460578536,
                -7.670635961
              ],
              [
                139.460750737,
                -7.670813761
              ],
              [
                139.460890138,
                -7.67101316
              ],
              [
                139.46107564,
                -7.67116816
              ],
              [
                139.461253841,
                -7.67133156
              ],
              [
                139.461470843,
                -7.671468459
              ],
              [
                139.461704744,
                -7.671606658
              ],
              [
                139.461890246,
                -7.671762858
              ],
              [
                139.461935046,
                -7.672005458
              ],
              [
                139.461947247,
                -7.672255358
              ],
              [
                139.462062349,
                -7.672482458
              ],
              [
                139.46214235,
                -7.672716658
              ],
              [
                139.462169051,
                -7.672966558
              ],
              [
                139.462162951,
                -7.673221258
              ],
              [
                139.462336353,
                -7.673400258
              ],
              [
                139.462582454,
                -7.673443557
              ],
              [
                139.462821255,
                -7.673387056
              ],
              [
                139.463029756,
                -7.673521656
              ],
              [
                139.463268558,
                -7.673603255
              ],
              [
                139.463509859,
                -7.673638154
              ],
              [
                139.463671061,
                -7.673826754
              ],
              [
                139.46351466,
                -7.674011755
              ],
              [
                139.463435861,
                -7.674259255
              ],
              [
                139.463431599,
                -7.674433852
              ],
              [
                139.463429761,
                -7.674509155
              ],
              [
                139.463409162,
                -7.674748155
              ],
              [
                139.463321962,
                -7.674992056
              ],
              [
                139.463164362,
                -7.675177056
              ],
              [
                139.462992162,
                -7.675362057
              ],
              [
                139.462857662,
                -7.675579558
              ],
              [
                139.462771562,
                -7.675805358
              ],
              [
                139.462645462,
                -7.676012059
              ],
              [
                139.462604263,
                -7.676254659
              ],
              [
                139.462559463,
                -7.676500959
              ],
              [
                139.462646664,
                -7.676731659
              ],
              [
                139.462826066,
                -7.676893859
              ],
              [
                139.463070967,
                -7.676946658
              ],
              [
                139.463325568,
                -7.676959857
              ],
              [
                139.46357407,
                -7.676950256
              ],
              [
                139.463832271,
                -7.676994756
              ],
              [
                139.463971672,
                -7.677201355
              ],
              [
                139.464023773,
                -7.677439255
              ],
              [
                139.463986274,
                -7.677684356
              ],
              [
                139.463862574,
                -7.677902956
              ],
              [
                139.463667373,
                -7.678049557
              ],
              [
                139.463684374,
                -7.678298157
              ],
              [
                139.463930476,
                -7.678325856
              ],
              [
                139.464123177,
                -7.678469956
              ],
              [
                139.464258978,
                -7.678671855
              ],
              [
                139.464368079,
                -7.678896455
              ],
              [
                139.46436208,
                -7.679137955
              ],
              [
                139.464309881,
                -7.679378256
              ],
              [
                139.464296581,
                -7.679628056
              ],
              [
                139.464261382,
                -7.679865956
              ],
              [
                139.464232282,
                -7.680112257
              ],
              [
                139.464235983,
                -7.680362157
              ],
              [
                139.464243284,
                -7.680610757
              ],
              [
                139.464215385,
                -7.680848657
              ],
              [
                139.464177785,
                -7.681087757
              ],
              [
                139.464093553,
                -7.681243785
              ],
              [
                139.464085685,
                -7.681258358
              ],
              [
                139.463926885,
                -7.681439758
              ],
              [
                139.463768085,
                -7.681630759
              ],
              [
                139.463564384,
                -7.68176406
              ],
              [
                139.463320683,
                -7.68185776
              ],
              [
                139.463075882,
                -7.681929861
              ],
              [
                139.462838281,
                -7.682025962
              ],
              [
                139.462658881,
                -7.682186963
              ],
              [
                139.462504881,
                -7.682388763
              ],
              [
                139.462495181,
                -7.682364763
              ],
              [
                139.462338781,
                -7.682547364
              ],
              [
                139.46217148,
                -7.682725165
              ],
              [
                139.46205518,
                -7.682947365
              ],
              [
                139.462039381,
                -7.683186465
              ],
              [
                139.462082982,
                -7.683431565
              ],
              [
                139.462063583,
                -7.683693466
              ],
              [
                139.462018783,
                -7.683940866
              ],
              [
                139.461925384,
                -7.684169166
              ],
              [
                139.461891484,
                -7.684407067
              ],
              [
                139.461861185,
                -7.684648467
              ],
              [
                139.461833285,
                -7.684903167
              ],
              [
                139.461915686,
                -7.685141067
              ],
              [
                139.461981188,
                -7.685376467
              ],
              [
                139.462010288,
                -7.685616767
              ],
              [
                139.46208909,
                -7.685851067
              ],
              [
                139.462190891,
                -7.686078067
              ],
              [
                139.462276992,
                -7.686305167
              ],
              [
                139.462349693,
                -7.686545367
              ],
              [
                139.462372794,
                -7.686788067
              ],
              [
                139.462341194,
                -7.687033167
              ],
              [
                139.462109693,
                -7.687112368
              ],
              [
                139.461872092,
                -7.687173669
              ],
              [
                139.461623591,
                -7.687188069
              ],
              [
                139.46138359,
                -7.68721697
              ],
              [
                139.461367791,
                -7.68746317
              ],
              [
                139.461401792,
                -7.68770947
              ],
              [
                139.461481793,
                -7.68794857
              ],
              [
                139.461542394,
                -7.68818757
              ],
              [
                139.461578695,
                -7.68844227
              ],
              [
                139.461585996,
                -7.68869577
              ],
              [
                139.461604196,
                -7.68871017
              ],
              [
                139.461713297,
                -7.68892757
              ],
              [
                139.461841798,
                -7.68914387
              ],
              [
                139.4620903,
                -7.689244769
              ],
              [
                139.462315801,
                -7.689339669
              ],
              [
                139.462503703,
                -7.689533068
              ],
              [
                139.462544904,
                -7.689774568
              ],
              [
                139.462679505,
                -7.689994368
              ],
              [
                139.462875807,
                -7.690146968
              ],
              [
                139.463073408,
                -7.690307967
              ],
              [
                139.463260109,
                -7.690467667
              ],
              [
                139.463434711,
                -7.690639466
              ],
              [
                139.463594712,
                -7.690823266
              ],
              [
                139.463755913,
                -7.691007065
              ],
              [
                139.463918415,
                -7.691184865
              ],
              [
                139.464034816,
                -7.691422765
              ],
              [
                139.464095417,
                -7.691660565
              ],
              [
                139.464220218,
                -7.691876865
              ],
              [
                139.46436572,
                -7.692067864
              ],
              [
                139.464494221,
                -7.692287664
              ],
              [
                139.464514822,
                -7.692535164
              ],
              [
                139.464560923,
                -7.692780164
              ],
              [
                139.464659124,
                -7.693002464
              ],
              [
                139.464816725,
                -7.693195864
              ],
              [
                139.464895426,
                -7.693436164
              ],
              [
                139.464942727,
                -7.693679964
              ],
              [
                139.465094329,
                -7.693882963
              ],
              [
                139.46519853,
                -7.694107663
              ],
              [
                139.465297931,
                -7.694326263
              ],
              [
                139.465288232,
                -7.694583363
              ],
              [
                139.465233732,
                -7.694823664
              ],
              [
                139.465124633,
                -7.695049464
              ],
              [
                139.465032433,
                -7.695272965
              ],
              [
                139.464946433,
                -7.695503565
              ],
              [
                139.464863933,
                -7.695730565
              ],
              [
                139.464857934,
                -7.695982866
              ],
              [
                139.464883335,
                -7.696231566
              ],
              [
                139.464906436,
                -7.696374466
              ],
              [
                139.464963337,
                -7.696611166
              ],
              [
                139.465050638,
                -7.696841766
              ],
              [
                139.465122139,
                -7.697094065
              ],
              [
                139.46521794,
                -7.697337965
              ],
              [
                139.465331941,
                -7.697570965
              ],
              [
                139.465405842,
                -7.697810065
              ],
              [
                139.465439743,
                -7.698050365
              ],
              [
                139.465483444,
                -7.698286965
              ],
              [
                139.465438545,
                -7.698536866
              ],
              [
                139.465353745,
                -7.698790266
              ],
              [
                139.465276145,
                -7.699025766
              ],
              [
                139.465362247,
                -7.699253966
              ],
              [
                139.465501648,
                -7.699473866
              ],
              [
                139.465587649,
                -7.699705666
              ],
              [
                139.46570165,
                -7.699919566
              ],
              [
                139.465681051,
                -7.700163366
              ],
              [
                139.46547615,
                -7.700307567
              ],
              [
                139.465227649,
                -7.700335167
              ],
              [
                139.465060349,
                -7.700536968
              ],
              [
                139.464959749,
                -7.700766469
              ],
              [
                139.46493425,
                -7.701021069
              ],
              [
                139.464941551,
                -7.701261369
              ],
              [
                139.464982752,
                -7.701502869
              ],
              [
                139.465007052,
                -7.701745469
              ],
              [
                139.464996153,
                -7.701985769
              ],
              [
                139.465030054,
                -7.702235569
              ],
              [
                139.465110055,
                -7.702454269
              ],
              [
                139.465221556,
                -7.702683669
              ],
              [
                139.465367058,
                -7.702891469
              ],
              [
                139.465541659,
                -7.703094468
              ],
              [
                139.465678661,
                -7.703298768
              ],
              [
                139.465847162,
                -7.703472868
              ],
              [
                139.466073763,
                -7.703581067
              ],
              [
                139.466328365,
                -7.703672366
              ],
              [
                139.466569666,
                -7.703769666
              ],
              [
                139.466810868,
                -7.703821265
              ],
              [
                139.467049669,
                -7.703894564
              ],
              [
                139.467210871,
                -7.704085564
              ],
              [
                139.467373372,
                -7.704294564
              ],
              [
                139.467547873,
                -7.704481963
              ],
              [
                139.467655775,
                -7.704716263
              ],
              [
                139.467723676,
                -7.704966063
              ],
              [
                139.467784277,
                -7.705206363
              ],
              [
                139.467852178,
                -7.705442963
              ],
              [
                139.467934579,
                -7.705685663
              ],
              [
                139.46799528,
                -7.705929563
              ],
              [
                139.468082481,
                -7.706164963
              ],
              [
                139.468226782,
                -7.706359562
              ],
              [
                139.468352884,
                -7.706570962
              ],
              [
                139.468509185,
                -7.706754762
              ],
              [
                139.468629286,
                -7.706963762
              ],
              [
                139.468761388,
                -7.707169261
              ],
              [
                139.468830489,
                -7.707407061
              ],
              [
                139.468830489,
                -7.707647361
              ],
              [
                139.46884619,
                -7.707701361
              ],
              [
                139.468901991,
                -7.707944061
              ],
              [
                139.468972292,
                -7.708183061
              ],
              [
                139.469078993,
                -7.708407761
              ],
              [
                139.469189294,
                -7.708623961
              ],
              [
                139.469338396,
                -7.708834161
              ],
              [
                139.469419597,
                -7.709066061
              ],
              [
                139.469528698,
                -7.70928346
              ],
              [
                139.469677799,
                -7.70948166
              ],
              [
                139.469834201,
                -7.70968466
              ],
              [
                139.469978502,
                -7.709890059
              ],
              [
                139.469980903,
                -7.71013036
              ],
              [
                139.470195504,
                -7.710264859
              ],
              [
                139.470442806,
                -7.710333358
              ],
              [
                139.470646407,
                -7.710485858
              ],
              [
                139.470690108,
                -7.710734558
              ],
              [
                139.47088161,
                -7.710909957
              ],
              [
                139.471033111,
                -7.711102157
              ],
              [
                139.471231912,
                -7.711260757
              ],
              [
                139.471482914,
                -7.711288356
              ],
              [
                139.471729015,
                -7.711285955
              ],
              [
                139.471956916,
                -7.711388054
              ],
              [
                139.472205418,
                -7.711469754
              ],
              [
                139.472453919,
                -7.711496153
              ],
              [
                139.47270122,
                -7.711498552
              ],
              [
                139.472949722,
                -7.711571852
              ],
              [
                139.473187323,
                -7.711633051
              ],
              [
                139.473426124,
                -7.71154785
              ],
              [
                139.473652825,
                -7.711563449
              ],
              [
                139.473886827,
                -7.711634249
              ],
              [
                139.474137728,
                -7.711587448
              ],
              [
                139.474375329,
                -7.711514147
              ],
              [
                139.47461413,
                -7.711553846
              ],
              [
                139.474774131,
                -7.711738846
              ],
              [
                139.474822632,
                -7.711987446
              ],
              [
                139.474919633,
                -7.712212046
              ],
              [
                139.475063935,
                -7.712418746
              ],
              [
                139.475297836,
                -7.712490745
              ],
              [
                139.475539137,
                -7.712524444
              ],
              [
                139.475748839,
                -7.712645744
              ],
              [
                139.47599244,
                -7.712600143
              ],
              [
                139.476239741,
                -7.712663742
              ],
              [
                139.476464043,
                -7.712776642
              ],
              [
                139.476708944,
                -7.712789941
              ],
              [
                139.476904045,
                -7.71295444
              ],
              [
                139.477004747,
                -7.71317914
              ],
              [
                139.477226548,
                -7.71328724
              ],
              [
                139.477431449,
                -7.713444539
              ],
              [
                139.477672651,
                -7.713433738
              ],
              [
                139.477912652,
                -7.713361638
              ],
              [
                139.478151453,
                -7.713295637
              ],
              [
                139.478393954,
                -7.713289636
              ],
              [
                139.478640055,
                -7.713221135
              ],
              [
                139.478890956,
                -7.713169434
              ],
              [
                139.479134657,
                -7.713077034
              ],
              [
                139.479338257,
                -7.712936433
              ],
              [
                139.479590459,
                -7.712958032
              ],
              [
                139.47982196,
                -7.713063731
              ],
              [
                139.47991536,
                -7.713002531
              ],
              [
                139.480155361,
                -7.71296403
              ],
              [
                139.480401463,
                -7.71293643
              ],
              [
                139.480646264,
                -7.712902829
              ],
              [
                139.480888765,
                -7.712847528
              ],
              [
                139.481137266,
                -7.712825927
              ],
              [
                139.481384567,
                -7.712807927
              ],
              [
                139.481639168,
                -7.712805526
              ],
              [
                139.481778568,
                -7.712596525
              ],
              [
                139.482022169,
                -7.712560424
              ],
              [
                139.48220767,
                -7.712389924
              ],
              [
                139.482456171,
                -7.712350223
              ],
              [
                139.482688972,
                -7.712418722
              ],
              [
                139.482924074,
                -7.712487222
              ],
              [
                139.483166575,
                -7.712549621
              ],
              [
                139.483407776,
                -7.71246432
              ],
              [
                139.483650277,
                -7.712487219
              ],
              [
                139.483896378,
                -7.712443919
              ],
              [
                139.484141179,
                -7.712416318
              ],
              [
                139.484381281,
                -7.712446317
              ],
              [
                139.48441278,
                -7.712373017
              ],
              [
                139.484650382,
                -7.712325016
              ],
              [
                139.484892783,
                -7.712319015
              ],
              [
                139.485136484,
                -7.712328615
              ],
              [
                139.485380085,
                -7.712433114
              ],
              [
                139.485598387,
                -7.712546013
              ],
              [
                139.485814088,
                -7.712663713
              ],
              [
                139.48605899,
                -7.712689012
              ],
              [
                139.486297791,
                -7.712734611
              ],
              [
                139.486524492,
                -7.712848711
              ],
              [
                139.486764494,
                -7.71293281
              ],
              [
                139.486981495,
                -7.71304571
              ],
              [
                139.487194897,
                -7.713171909
              ],
              [
                139.487449498,
                -7.713216308
              ],
              [
                139.487688299,
                -7.713254807
              ],
              [
                139.487938,
                -7.713227107
              ],
              [
                139.488179201,
                -7.713134606
              ],
              [
                139.488161001,
                -7.712894406
              ],
              [
                139.4882738,
                -7.712679405
              ],
              [
                139.488513802,
                -7.712734605
              ],
              [
                139.488746603,
                -7.712663704
              ],
              [
                139.488989004,
                -7.712650503
              ],
              [
                139.489059305,
                -7.712890803
              ],
              [
                139.489020505,
                -7.713133403
              ],
              [
                139.489072606,
                -7.713377303
              ],
              [
                139.489250808,
                -7.713545503
              ],
              [
                139.489263009,
                -7.713796503
              ],
              [
                139.48937331,
                -7.714011503
              ],
              [
                139.48922901,
                -7.714207303
              ],
              [
                139.48913201,
                -7.714430804
              ],
              [
                139.489248411,
                -7.714647004
              ],
              [
                139.489407213,
                -7.714842803
              ],
              [
                139.489560014,
                -7.715048203
              ],
              [
                139.489675115,
                -7.715281303
              ],
              [
                139.489801217,
                -7.715493903
              ],
              [
                139.489994018,
                -7.715641602
              ],
              [
                139.490208519,
                -7.715776201
              ],
              [
                139.490418221,
                -7.715899901
              ],
              [
                139.490623122,
                -7.7160561
              ],
              [
                139.490777124,
                -7.7162651
              ],
              [
                139.490933425,
                -7.7164693
              ],
              [
                139.491106827,
                -7.716660299
              ],
              [
                139.491282628,
                -7.716827299
              ],
              [
                139.491451129,
                -7.717029098
              ],
              [
                139.491608731,
                -7.717224898
              ],
              [
                139.491733532,
                -7.717433898
              ],
              [
                139.491893533,
                -7.717622498
              ],
              [
                139.492074235,
                -7.717792997
              ],
              [
                139.492270536,
                -7.717961197
              ],
              [
                139.492419738,
                -7.718155796
              ],
              [
                139.492567539,
                -7.718367196
              ],
              [
                139.49268034,
                -7.718584696
              ],
              [
                139.492795442,
                -7.718820096
              ],
              [
                139.492836742,
                -7.719057896
              ],
              [
                139.492916744,
                -7.719287395
              ],
              [
                139.492968845,
                -7.719517995
              ],
              [
                139.493087646,
                -7.719726995
              ],
              [
                139.493279147,
                -7.719902395
              ],
              [
                139.493441649,
                -7.720082594
              ],
              [
                139.493618649,
                -7.719914394
              ],
              [
                139.49383925,
                -7.719811093
              ],
              [
                139.494079251,
                -7.719854392
              ],
              [
                139.494297452,
                -7.719970892
              ],
              [
                139.494544754,
                -7.719975691
              ],
              [
                139.494766654,
                -7.71987359
              ],
              [
                139.494849054,
                -7.71964049
              ],
              [
                139.495030855,
                -7.719478389
              ],
              [
                139.495182455,
                -7.719287389
              ],
              [
                139.495211554,
                -7.719049488
              ],
              [
                139.495418755,
                -7.718908988
              ],
              [
                139.495575156,
                -7.719091587
              ],
              [
                139.495662457,
                -7.719314987
              ],
              [
                139.495855259,
                -7.719479587
              ],
              [
                139.49606126,
                -7.719623686
              ],
              [
                139.496254062,
                -7.719800286
              ],
              [
                139.496437063,
                -7.719985285
              ],
              [
                139.496631064,
                -7.720129385
              ],
              [
                139.496792266,
                -7.720283184
              ],
              [
                139.496995967,
                -7.720416484
              ],
              [
                139.496954768,
                -7.720660384
              ],
              [
                139.497000769,
                -7.720898184
              ],
              [
                139.49720327,
                -7.721036383
              ],
              [
                139.497389971,
                -7.721208083
              ],
              [
                139.497534173,
                -7.721405083
              ],
              [
                139.497663874,
                -7.721608182
              ],
              [
                139.497846976,
                -7.721781082
              ],
              [
                139.498042077,
                -7.721927681
              ],
              [
                139.498266378,
                -7.722026181
              ],
              [
                139.49849668,
                -7.72215948
              ],
              [
                139.498727081,
                -7.72227958
              ],
              [
                139.498956183,
                -7.722382879
              ],
              [
                139.499203484,
                -7.722447778
              ],
              [
                139.499451985,
                -7.722463378
              ],
              [
                139.499671386,
                -7.722340877
              ],
              [
                139.499927187,
                -7.722324076
              ],
              [
                139.499952587,
                -7.722083776
              ],
              [
                139.499728385,
                -7.721991276
              ],
              [
                139.499558684,
                -7.721815977
              ],
              [
                139.499488383,
                -7.721580477
              ],
              [
                139.499426482,
                -7.721347477
              ],
              [
                139.499642283,
                -7.721229776
              ],
              [
                139.499887184,
                -7.721186475
              ],
              [
                139.499971983,
                -7.720958275
              ],
              [
                139.500066583,
                -7.720734874
              ],
              [
                139.500241183,
                -7.720560674
              ],
              [
                139.500386584,
                -7.720368473
              ],
              [
                139.500622985,
                -7.720421273
              ],
              [
                139.500832686,
                -7.720541472
              ],
              [
                139.501049688,
                -7.720671171
              ],
              [
                139.501254589,
                -7.720806871
              ],
              [
                139.501499491,
                -7.72083937
              ],
              [
                139.501730992,
                -7.720934269
              ],
              [
                139.501974693,
                -7.720872969
              ],
              [
                139.502211094,
                -7.720821368
              ],
              [
                139.502103193,
                -7.720605068
              ],
              [
                139.502209793,
                -7.720386468
              ],
              [
                139.502426793,
                -7.720275967
              ],
              [
                139.502642594,
                -7.720164266
              ],
              [
                139.502883795,
                -7.720183465
              ],
              [
                139.503025697,
                -7.720381665
              ],
              [
                139.503108098,
                -7.720611065
              ],
              [
                139.503197798,
                -7.720665165
              ],
              [
                139.5033506,
                -7.720862164
              ],
              [
                139.503516601,
                -7.721043564
              ],
              [
                139.503731203,
                -7.721191263
              ],
              [
                139.503956704,
                -7.721277763
              ],
              [
                139.504214905,
                -7.721271762
              ],
              [
                139.504382207,
                -7.721466362
              ],
              [
                139.504402807,
                -7.721713862
              ],
              [
                139.504480409,
                -7.721948062
              ],
              [
                139.50460161,
                -7.722159461
              ],
              [
                139.504705911,
                -7.722375661
              ],
              [
                139.504701012,
                -7.722615961
              ],
              [
                139.504783413,
                -7.722848961
              ],
              [
                139.504970114,
                -7.723006361
              ],
              [
                139.505150716,
                -7.72317456
              ],
              [
                139.505253817,
                -7.72340156
              ],
              [
                139.505202917,
                -7.723644161
              ],
              [
                139.505341119,
                -7.72385916
              ],
              [
                139.50545382,
                -7.72407546
              ],
              [
                139.505558121,
                -7.72431206
              ],
              [
                139.505689023,
                -7.72453186
              ],
              [
                139.505845424,
                -7.724718059
              ],
              [
                139.506018725,
                -7.724887459
              ],
              [
                139.506183627,
                -7.725074859
              ],
              [
                139.506329028,
                -7.725271858
              ],
              [
                139.506453929,
                -7.725480858
              ],
              [
                139.506622431,
                -7.725657458
              ],
              [
                139.506863632,
                -7.725736757
              ],
              [
                139.507090334,
                -7.725882056
              ],
              [
                139.507258835,
                -7.726062256
              ],
              [
                139.507447936,
                -7.726214755
              ],
              [
                139.507630681,
                -7.726340967
              ],
              [
                139.507648038,
                -7.726352955
              ],
              [
                139.507823739,
                -7.726541554
              ],
              [
                139.508010441,
                -7.726708454
              ],
              [
                139.508094142,
                -7.726958354
              ],
              [
                139.508143843,
                -7.727196154
              ],
              [
                139.508182644,
                -7.727437654
              ],
              [
                139.508255345,
                -7.727677854
              ],
              [
                139.508342646,
                -7.727910854
              ],
              [
                139.508480847,
                -7.728111453
              ],
              [
                139.508579048,
                -7.728248453
              ],
              [
                139.508699049,
                -7.728463453
              ],
              [
                139.508888151,
                -7.728612353
              ],
              [
                139.509066352,
                -7.728793752
              ],
              [
                139.509204554,
                -7.728999152
              ],
              [
                139.509391255,
                -7.729176951
              ],
              [
                139.509565756,
                -7.729353551
              ],
              [
                139.509701558,
                -7.729555351
              ],
              [
                139.509828859,
                -7.72976915
              ],
              [
                139.50995856,
                -7.72997815
              ],
              [
                139.510000961,
                -7.73021605
              ],
              [
                139.510062862,
                -7.73045985
              ],
              [
                139.510227664,
                -7.73063885
              ],
              [
                139.510454365,
                -7.730542749
              ],
              [
                139.510672565,
                -7.730437048
              ],
              [
                139.510912566,
                -7.730360147
              ],
              [
                139.510906566,
                -7.730367347
              ],
              [
                139.511128367,
                -7.730272447
              ],
              [
                139.511349068,
                -7.730137946
              ],
              [
                139.511510268,
                -7.729952945
              ],
              [
                139.511587868,
                -7.729718745
              ],
              [
                139.511700567,
                -7.729495244
              ],
              [
                139.511837567,
                -7.729294644
              ],
              [
                139.511952667,
                -7.729083243
              ],
              [
                139.511990267,
                -7.728827443
              ],
              [
                139.512016966,
                -7.728571543
              ],
              [
                139.512079966,
                -7.728338542
              ],
              [
                139.512118165,
                -7.728150042
              ],
              [
                139.512173965,
                -7.727895342
              ],
              [
                139.512268565,
                -7.727670741
              ],
              [
                139.512316964,
                -7.727430541
              ],
              [
                139.512411564,
                -7.727187841
              ],
              [
                139.512458863,
                -7.72693924
              ],
              [
                139.512492763,
                -7.72669894
              ],
              [
                139.512553362,
                -7.72646714
              ],
              [
                139.512623662,
                -7.726225639
              ],
              [
                139.512684361,
                -7.725985439
              ],
              [
                139.512827361,
                -7.725787238
              ],
              [
                139.512987362,
                -7.725597438
              ],
              [
                139.513129162,
                -7.725402837
              ],
              [
                139.513321962,
                -7.725251537
              ],
              [
                139.513565663,
                -7.725163836
              ],
              [
                139.513608063,
                -7.725085736
              ],
              [
                139.513822664,
                -7.724968035
              ],
              [
                139.514075965,
                -7.724983634
              ],
              [
                139.514340266,
                -7.725024433
              ],
              [
                139.514557268,
                -7.725143433
              ],
              [
                139.514777869,
                -7.725249132
              ],
              [
                139.515010671,
                -7.725318731
              ],
              [
                139.515230072,
                -7.725440131
              ],
              [
                139.515450674,
                -7.72555183
              ],
              [
                139.515708875,
                -7.725593829
              ],
              [
                139.515964676,
                -7.725627429
              ],
              [
                139.516190177,
                -7.725533728
              ],
              [
                139.516433778,
                -7.725454527
              ],
              [
                139.516705379,
                -7.725449726
              ],
              [
                139.51694658,
                -7.725404025
              ],
              [
                139.517202382,
                -7.725370425
              ],
              [
                139.517453282,
                -7.725264724
              ],
              [
                139.517694583,
                -7.725172223
              ],
              [
                139.517924884,
                -7.725095322
              ],
              [
                139.518033984,
                -7.724977622
              ],
              [
                139.518229185,
                -7.724829821
              ],
              [
                139.518369785,
                -7.724620821
              ],
              [
                139.518579485,
                -7.72444302
              ],
              [
                139.518814686,
                -7.724310919
              ],
              [
                139.519004987,
                -7.724145118
              ],
              [
                139.519248688,
                -7.724082717
              ],
              [
                139.519493489,
                -7.724064717
              ],
              [
                139.51973719,
                -7.723995016
              ],
              [
                139.51995539,
                -7.723879715
              ],
              [
                139.520185691,
                -7.723771614
              ],
              [
                139.520415992,
                -7.723667114
              ],
              [
                139.520636693,
                -7.723519313
              ],
              [
                139.520865793,
                -7.723423212
              ],
              [
                139.521116694,
                -7.723357111
              ],
              [
                139.521356796,
                -7.72331391
              ],
              [
                139.521565296,
                -7.72319141
              ],
              [
                139.521759197,
                -7.723118109
              ],
              [
                139.522007698,
                -7.723062808
              ],
              [
                139.522253799,
                -7.723029208
              ],
              [
                139.5225205,
                -7.723029207
              ],
              [
                139.522769002,
                -7.723062806
              ],
              [
                139.523013903,
                -7.723091705
              ],
              [
                139.523266004,
                -7.723179404
              ],
              [
                139.523508506,
                -7.723256204
              ],
              [
                139.523770307,
                -7.723281503
              ],
              [
                139.524039409,
                -7.723305502
              ],
              [
                139.52428431,
                -7.723209401
              ],
              [
                139.524526811,
                -7.723151701
              ],
              [
                139.524772912,
                -7.7231433
              ],
              [
                139.525032313,
                -7.723114499
              ],
              [
                139.525288114,
                -7.723084498
              ],
              [
                139.525546315,
                -7.723062797
              ],
              [
                139.525788716,
                -7.723041197
              ],
              [
                139.526032418,
                -7.723089296
              ],
              [
                139.526113619,
                -7.723257396
              ],
              [
                139.52620092,
                -7.723485696
              ],
              [
                139.526325721,
                -7.723700695
              ],
              [
                139.526502722,
                -7.723867695
              ],
              [
                139.526677324,
                -7.724033394
              ],
              [
                139.526833725,
                -7.724235194
              ],
              [
                139.526988827,
                -7.724463494
              ],
              [
                139.527121028,
                -7.724677294
              ],
              [
                139.527202229,
                -7.724912693
              ],
              [
                139.52720463,
                -7.725168594
              ],
              [
                139.527209531,
                -7.725408794
              ],
              [
                139.527306432,
                -7.725632194
              ],
              [
                139.527319833,
                -7.725826794
              ],
              [
                139.527348933,
                -7.726070694
              ],
              [
                139.527348934,
                -7.726318094
              ],
              [
                139.527433735,
                -7.726542794
              ],
              [
                139.527574437,
                -7.726746993
              ],
              [
                139.527683538,
                -7.727009993
              ],
              [
                139.527788939,
                -7.727256293
              ],
              [
                139.527925941,
                -7.727466493
              ],
              [
                139.528084742,
                -7.727664693
              ],
              [
                139.528237443,
                -7.727859292
              ],
              [
                139.528395045,
                -7.728052692
              ],
              [
                139.528573246,
                -7.728246091
              ],
              [
                139.528768448,
                -7.728400991
              ],
              [
                139.528983049,
                -7.72852959
              ],
              [
                139.529186651,
                -7.72868689
              ],
              [
                139.529360052,
                -7.728853889
              ],
              [
                139.529545553,
                -7.729022089
              ],
              [
                139.529760055,
                -7.729155388
              ],
              [
                139.529966156,
                -7.729293488
              ],
              [
                139.530133458,
                -7.729471287
              ],
              [
                139.530338359,
                -7.729599787
              ],
              [
                139.530546861,
                -7.729746386
              ],
              [
                139.530698362,
                -7.729840086
              ],
              [
                139.530903263,
                -7.729968585
              ],
              [
                139.531063264,
                -7.730160785
              ],
              [
                139.531116565,
                -7.730409385
              ],
              [
                139.531075366,
                -7.730660485
              ],
              [
                139.531271767,
                -7.730811885
              ],
              [
                139.531456069,
                -7.730981184
              ],
              [
                139.53148757,
                -7.731232284
              ],
              [
                139.531602671,
                -7.731458084
              ],
              [
                139.531813673,
                -7.731596184
              ],
              [
                139.531982174,
                -7.731767983
              ],
              [
                139.532174874,
                -7.731619082
              ],
              [
                139.532353075,
                -7.731452082
              ],
              [
                139.532410074,
                -7.731219081
              ],
              [
                139.532656175,
                -7.731213081
              ],
              [
                139.532873177,
                -7.73133198
              ],
              [
                139.533119278,
                -7.731317579
              ],
              [
                139.533309578,
                -7.731152979
              ],
              [
                139.53356288,
                -7.731158978
              ],
              [
                139.533792081,
                -7.731252677
              ],
              [
                139.534002983,
                -7.731390777
              ],
              [
                139.534242984,
                -7.731489276
              ],
              [
                139.534464786,
                -7.731604575
              ],
              [
                139.534674587,
                -7.731723575
              ],
              [
                139.534924288,
                -7.731753574
              ],
              [
                139.53517279,
                -7.731776373
              ],
              [
                139.535416491,
                -7.731706672
              ],
              [
                139.535661292,
                -7.731693472
              ],
              [
                139.535906193,
                -7.731653871
              ],
              [
                139.536159594,
                -7.73163467
              ],
              [
                139.536392295,
                -7.731731969
              ],
              [
                139.536614197,
                -7.731856869
              ],
              [
                139.536786298,
                -7.732028668
              ],
              [
                139.5369342,
                -7.732254468
              ],
              [
                139.537067501,
                -7.732457468
              ],
              [
                139.537273602,
                -7.732590767
              ],
              [
                139.537491804,
                -7.732720567
              ],
              [
                139.537689405,
                -7.732881466
              ],
              [
                139.537889407,
                -7.733018366
              ],
              [
                139.538113708,
                -7.733116865
              ],
              [
                139.53835621,
                -7.733202164
              ],
              [
                139.538598611,
                -7.733267064
              ],
              [
                139.538758612,
                -7.733454463
              ],
              [
                139.538918614,
                -7.733639463
              ],
              [
                139.538738013,
                -7.733802763
              ],
              [
                139.538568313,
                -7.733978164
              ],
              [
                139.538598614,
                -7.734221964
              ],
              [
                139.538780415,
                -7.734386564
              ],
              [
                139.539016817,
                -7.734455063
              ],
              [
                139.539242318,
                -7.734363762
              ],
              [
                139.539453218,
                -7.734243662
              ],
              [
                139.539695719,
                -7.734230461
              ],
              [
                139.539947821,
                -7.73428806
              ],
              [
                139.540185422,
                -7.734382959
              ],
              [
                139.540433924,
                -7.734424959
              ],
              [
                139.540676425,
                -7.734364958
              ],
              [
                139.540918826,
                -7.734330057
              ],
              [
                139.541049826,
                -7.734382957
              ],
              [
                139.541300728,
                -7.734412956
              ],
              [
                139.541540729,
                -7.734445455
              ],
              [
                139.54176983,
                -7.734528255
              ],
              [
                139.541997732,
                -7.734627954
              ],
              [
                139.542243833,
                -7.734716853
              ],
              [
                139.542462035,
                -7.734828553
              ],
              [
                139.542653636,
                -7.734979952
              ],
              [
                139.542840238,
                -7.735149352
              ],
              [
                139.542955439,
                -7.735377551
              ],
              [
                139.54303304,
                -7.735604551
              ],
              [
                139.543113041,
                -7.735832751
              ],
              [
                139.543161542,
                -7.736071851
              ],
              [
                139.543193043,
                -7.736322851
              ],
              [
                139.543264544,
                -7.736561951
              ],
              [
                139.543393045,
                -7.736782951
              ],
              [
                139.543499747,
                -7.737003951
              ],
              [
                139.543620948,
                -7.737238151
              ],
              [
                139.543722849,
                -7.73745555
              ],
              [
                139.54387075,
                -7.73765015
              ],
              [
                139.544044052,
                -7.73783875
              ],
              [
                139.544111952,
                -7.737916849
              ],
              [
                139.544332554,
                -7.738015349
              ],
              [
                139.544577455,
                -7.738093448
              ],
              [
                139.544827157,
                -7.738175047
              ],
              [
                139.545081758,
                -7.738277147
              ],
              [
                139.54534116,
                -7.738361246
              ],
              [
                139.545583661,
                -7.738342045
              ],
              [
                139.545843062,
                -7.738357644
              ],
              [
                139.546087864,
                -7.738397344
              ],
              [
                139.546331565,
                -7.738410543
              ],
              [
                139.546368534,
                -7.738404768
              ],
              [
                139.546570366,
                -7.738373242
              ],
              [
                139.546818867,
                -7.738336041
              ],
              [
                139.547071068,
                -7.73830484
              ],
              [
                139.547311069,
                -7.73823634
              ],
              [
                139.54749897,
                -7.738072939
              ],
              [
                139.54765167,
                -7.737880838
              ],
              [
                139.54786987,
                -7.737753438
              ],
              [
                139.548038371,
                -7.737569637
              ],
              [
                139.548209371,
                -7.737382336
              ],
              [
                139.548382671,
                -7.737197336
              ],
              [
                139.548548771,
                -7.737020735
              ],
              [
                139.548740272,
                -7.736856134
              ],
              [
                139.548951272,
                -7.736719234
              ],
              [
                139.549168273,
                -7.736581133
              ],
              [
                139.549179173,
                -7.736575133
              ],
              [
                139.549339173,
                -7.736390132
              ],
              [
                139.549524674,
                -7.736230331
              ],
              [
                139.549750075,
                -7.736141431
              ],
              [
                139.549987675,
                -7.73608623
              ],
              [
                139.550260477,
                -7.736030929
              ],
              [
                139.550524778,
                -7.736023728
              ],
              [
                139.550757479,
                -7.736127028
              ],
              [
                139.550990281,
                -7.736211127
              ],
              [
                139.551238782,
                -7.736230326
              ],
              [
                139.551490883,
                -7.736194325
              ],
              [
                139.551717584,
                -7.736089825
              ],
              [
                139.551956385,
                -7.736053824
              ],
              [
                139.552213386,
                -7.736065823
              ],
              [
                139.552625589,
                -7.736221922
              ],
              [
                139.553110491,
                -7.73615472
              ],
              [
                139.553396591,
                -7.735763119
              ],
              [
                139.553731092,
                -7.735402718
              ],
              [
                139.553988092,
                -7.734996717
              ],
              [
                139.554276692,
                -7.734600316
              ],
              [
                139.554722793,
                -7.734388914
              ],
              [
                139.555217395,
                -7.734307213
              ],
              [
                139.555724098,
                -7.734314411
              ],
              [
                139.556240501,
                -7.734415309
              ],
              [
                139.556718104,
                -7.734533108
              ],
              [
                139.557166606,
                -7.734713207
              ],
              [
                139.557634609,
                -7.734888605
              ],
              [
                139.557586109,
                -7.734955906
              ],
              [
                139.557605511,
                -7.735448406
              ],
              [
                139.557654013,
                -7.735945606
              ],
              [
                139.557670914,
                -7.736457406
              ],
              [
                139.557644316,
                -7.736945007
              ],
              [
                139.557537617,
                -7.737483207
              ],
              [
                139.557472118,
                -7.737999708
              ],
              [
                139.557440619,
                -7.738487308
              ],
              [
                139.557460021,
                -7.739001509
              ],
              [
                139.557438223,
                -7.739525209
              ],
              [
                139.557477024,
                -7.739796609
              ],
              [
                139.557612826,
                -7.740260309
              ],
              [
                139.557823728,
                -7.740692708
              ],
              [
                139.558223731,
                -7.740978607
              ],
              [
                139.558601934,
                -7.741286106
              ],
              [
                139.558912337,
                -7.741653606
              ],
              [
                139.559164439,
                -7.742071605
              ],
              [
                139.559256641,
                -7.742559305
              ],
              [
                139.559319643,
                -7.743037405
              ],
              [
                139.559086843,
                -7.743457806
              ],
              [
                139.558912344,
                -7.743919007
              ],
              [
                139.558890545,
                -7.744421108
              ],
              [
                139.558817746,
                -7.744913608
              ],
              [
                139.558703847,
                -7.745396509
              ],
              [
                139.558560748,
                -7.74588171
              ],
              [
                139.558473449,
                -7.74636941
              ],
              [
                139.558536551,
                -7.74686671
              ],
              [
                139.558560753,
                -7.74735681
              ],
              [
                139.558582654,
                -7.747842011
              ],
              [
                139.558495356,
                -7.748341711
              ],
              [
                139.558461357,
                -7.748855812
              ],
              [
                139.558529259,
                -7.749393912
              ],
              [
                139.558538961,
                -7.749908012
              ],
              [
                139.558509862,
                -7.750405313
              ],
              [
                139.558410463,
                -7.750917013
              ],
              [
                139.558264964,
                -7.751411814
              ],
              [
                139.558279565,
                -7.751721714
              ],
              [
                139.558296567,
                -7.752211814
              ],
              [
                139.558344968,
                -7.752692215
              ],
              [
                139.55838377,
                -7.753203915
              ],
              [
                139.558429872,
                -7.753713215
              ],
              [
                139.558471074,
                -7.754215315
              ],
              [
                139.558509876,
                -7.754736615
              ],
              [
                139.558582678,
                -7.755241015
              ],
              [
                139.558568079,
                -7.755774316
              ],
              [
                139.558575381,
                -7.756302816
              ],
              [
                139.558667483,
                -7.756795316
              ],
              [
                139.558832385,
                -7.757302216
              ],
              [
                139.559045688,
                -7.757739416
              ],
              [
                139.55923479,
                -7.758195815
              ],
              [
                139.559440893,
                -7.758690715
              ],
              [
                139.559576695,
                -7.759159115
              ],
              [
                139.559719697,
                -7.759642015
              ],
              [
                139.559923399,
                -7.760076814
              ],
              [
                139.560175502,
                -7.760492314
              ],
              [
                139.560371904,
                -7.760980013
              ],
              [
                139.560439806,
                -7.761477314
              ],
              [
                139.560461607,
                -7.761602214
              ],
              [
                139.560626509,
                -7.762109013
              ],
              [
                139.560670111,
                -7.762606314
              ],
              [
                139.560837413,
                -7.763065113
              ],
              [
                139.561024116,
                -7.763516713
              ],
              [
                139.561193818,
                -7.763975613
              ],
              [
                139.56127632,
                -7.764480013
              ],
              [
                139.561334422,
                -7.764958113
              ],
              [
                139.561538124,
                -7.765400113
              ],
              [
                139.561756327,
                -7.765837312
              ],
              [
                139.562054529,
                -7.766248112
              ],
              [
                139.562343032,
                -7.766668411
              ],
              [
                139.562578235,
                -7.76712491
              ],
              [
                139.562789137,
                -7.76759571
              ],
              [
                139.56294194,
                -7.76810731
              ],
              [
                139.563082542,
                -7.76859261
              ],
              [
                139.563293444,
                -7.769061009
              ],
              [
                139.563581947,
                -7.769452609
              ],
              [
                139.56388265,
                -7.769897008
              ],
              [
                139.564243853,
                -7.770216507
              ],
              [
                139.564595455,
                -7.770581606
              ],
              [
                139.564925158,
                -7.770963506
              ],
              [
                139.565327661,
                -7.771232604
              ],
              [
                139.565713164,
                -7.771542503
              ],
              [
                139.565848865,
                -7.771609603
              ],
              [
                139.566321568,
                -7.771816002
              ],
              [
                139.566738571,
                -7.772099401
              ],
              [
                139.567143474,
                -7.7723901
              ],
              [
                139.567511976,
                -7.772714399
              ],
              [
                139.567953179,
                -7.772911397
              ],
              [
                139.568452682,
                -7.773048296
              ],
              [
                139.568952085,
                -7.773290894
              ],
              [
                139.569415188,
                -7.773557493
              ],
              [
                139.569744891,
                -7.773949092
              ],
              [
                139.570043194,
                -7.774345392
              ],
              [
                139.570297697,
                -7.774780191
              ],
              [
                139.570508699,
                -7.775224591
              ],
              [
                139.570598401,
                -7.775707491
              ],
              [
                139.570836004,
                -7.77612539
              ],
              [
                139.571165706,
                -7.776524189
              ],
              [
                139.571442109,
                -7.776946989
              ],
              [
                139.571754812,
                -7.777345688
              ],
              [
                139.572154915,
                -7.777677187
              ],
              [
                139.572601018,
                -7.778061586
              ],
              [
                139.572962221,
                -7.778275285
              ],
              [
                139.573437424,
                -7.778532384
              ],
              [
                139.573886027,
                -7.778808582
              ],
              [
                139.57430543,
                -7.779101681
              ],
              [
                139.574751533,
                -7.77936588
              ],
              [
                139.575141936,
                -7.779670979
              ],
              [
                139.575663139,
                -7.779824677
              ],
              [
                139.576160141,
                -7.779858276
              ],
              [
                139.576654744,
                -7.780052874
              ],
              [
                139.577202748,
                -7.780216273
              ],
              [
                139.57770705,
                -7.780180171
              ],
              [
                139.578160352,
                -7.78001207
              ],
              [
                139.578664654,
                -7.779908768
              ],
              [
                139.579130156,
                -7.779742966
              ],
              [
                139.579539957,
                -7.779445165
              ],
              [
                139.580024859,
                -7.779418763
              ],
              [
                139.580543661,
                -7.779353862
              ],
              [
                139.581018864,
                -7.77944516
              ],
              [
                139.581486767,
                -7.779666159
              ],
              [
                139.58194987,
                -7.779908758
              ],
              [
                139.582415373,
                -7.780158556
              ],
              [
                139.582446873,
                -7.780247456
              ],
              [
                139.582729954,
                -7.780533631
              ],
              [
                139.582803276,
                -7.780607755
              ],
              [
                139.583113679,
                -7.780984855
              ],
              [
                139.583450682,
                -7.781330754
              ],
              [
                139.583816785,
                -7.781698353
              ],
              [
                139.584207088,
                -7.782044252
              ],
              [
                139.584592591,
                -7.782342051
              ],
              [
                139.585033894,
                -7.78258705
              ],
              [
                139.585525997,
                -7.782762448
              ],
              [
                139.585926099,
                -7.783031447
              ],
              [
                139.586316402,
                -7.783322146
              ],
              [
                139.586692205,
                -7.783651245
              ],
              [
                139.587116508,
                -7.783980344
              ],
              [
                139.587557811,
                -7.784191643
              ],
              [
                139.588025714,
                -7.784374241
              ],
              [
                139.588474217,
                -7.78457844
              ],
              [
                139.58889612,
                -7.784825839
              ],
              [
                139.589354323,
                -7.785044438
              ],
              [
                139.589858625,
                -7.785200536
              ],
              [
                139.590362928,
                -7.785243834
              ],
              [
                139.59086483,
                -7.785166933
              ],
              [
                139.591354532,
                -7.785037231
              ],
              [
                139.591820034,
                -7.78488343
              ],
              [
                139.592317036,
                -7.784830628
              ],
              [
                139.592814139,
                -7.784878626
              ],
              [
                139.593277142,
                -7.785025225
              ],
              [
                139.593701444,
                -7.785255824
              ],
              [
                139.593827546,
                -7.785435924
              ],
              [
                139.594217849,
                -7.785733823
              ],
              [
                139.594637351,
                -7.785981221
              ],
              [
                139.594981554,
                -7.786334321
              ],
              [
                139.595296757,
                -7.78671862
              ],
              [
                139.595476159,
                -7.787203919
              ],
              [
                139.595674962,
                -7.787667519
              ],
              [
                139.596012065,
                -7.788023018
              ],
              [
                139.596453267,
                -7.788253617
              ],
              [
                139.59691147,
                -7.788436116
              ],
              [
                139.597248473,
                -7.788796415
              ],
              [
                139.597440075,
                -7.789252815
              ],
              [
                139.597498277,
                -7.789769315
              ],
              [
                139.597566079,
                -7.790249715
              ],
              [
                139.597570981,
                -7.790744515
              ],
              [
                139.597604883,
                -7.791229715
              ],
              [
                139.597697085,
                -7.791719715
              ],
              [
                139.597924987,
                -7.792142515
              ],
              [
                139.59815769,
                -7.792591714
              ],
              [
                139.598332292,
                -7.793052914
              ],
              [
                139.598463194,
                -7.793514114
              ],
              [
                139.598516496,
                -7.793999314
              ],
              [
                139.598579598,
                -7.794489314
              ],
              [
                139.5986329,
                -7.794981714
              ],
              [
                139.598696001,
                -7.795478914
              ],
              [
                139.598729903,
                -7.795968915
              ],
              [
                139.598705705,
                -7.796446915
              ],
              [
                139.598225603,
                -7.796559817
              ],
              [
                139.597745601,
                -7.796631918
              ],
              [
                139.597968603,
                -7.797066718
              ],
              [
                139.598051005,
                -7.797542318
              ],
              [
                139.598322608,
                -7.797945817
              ],
              [
                139.59878321,
                -7.798116416
              ],
              [
                139.599151813,
                -7.798428615
              ],
              [
                139.599394216,
                -7.798856214
              ],
              [
                139.599471818,
                -7.799331814
              ],
              [
                139.599454819,
                -7.799829015
              ],
              [
                139.599246319,
                -7.800278216
              ],
              [
                139.598957819,
                -7.800722517
              ],
              [
                139.598630519,
                -7.801111718
              ],
              [
                139.598295919,
                -7.801496019
              ],
              [
                139.597954118,
                -7.801844321
              ],
              [
                139.597646218,
                -7.802223822
              ],
              [
                139.597381918,
                -7.802629723
              ],
              [
                139.597187917,
                -7.802752224
              ],
              [
                139.596943117,
                -7.803170225
              ],
              [
                139.596698218,
                -7.803595326
              ],
              [
                139.596555118,
                -7.804056527
              ],
              [
                139.596419419,
                -7.804541727
              ],
              [
                139.596135719,
                -7.804938028
              ],
              [
                139.595772018,
                -7.80526713
              ],
              [
                139.595536919,
                -7.805706631
              ],
              [
                139.595311419,
                -7.806139032
              ],
              [
                139.59512472,
                -7.806633833
              ],
              [
                139.59494292,
                -7.807092634
              ],
              [
                139.594802221,
                -7.807589834
              ],
              [
                139.594715022,
                -7.808077435
              ],
              [
                139.59469613,
                -7.808230537
              ],
              [
                139.594649524,
                -7.808608235
              ],
              [
                139.594576825,
                -7.809139036
              ],
              [
                139.594547726,
                -7.809667536
              ],
              [
                139.594465228,
                -7.810193537
              ],
              [
                139.594317328,
                -7.810666738
              ],
              [
                139.594188829,
                -7.811147138
              ],
              [
                139.59407973,
                -7.811620339
              ],
              [
                139.59405063,
                -7.811706739
              ],
              [
                139.594024032,
                -7.81219194
              ],
              [
                139.594011933,
                -7.81270834
              ],
              [
                139.593965835,
                -7.81320554
              ],
              [
                139.593897936,
                -7.813702741
              ],
              [
                139.593803337,
                -7.814183142
              ],
              [
                139.593716138,
                -7.814673142
              ],
              [
                139.59363614,
                -7.815172743
              ],
              [
                139.593609441,
                -7.815677143
              ],
              [
                139.593587643,
                -7.816186343
              ],
              [
                139.593633644,
                -7.816666744
              ],
              [
                139.593580346,
                -7.817163944
              ],
              [
                139.593480947,
                -7.817663545
              ],
              [
                139.593396048,
                -7.818139145
              ],
              [
                139.593352449,
                -7.818444146
              ],
              [
                139.593199649,
                -7.818898146
              ],
              [
                139.593243351,
                -7.819388047
              ],
              [
                139.593255453,
                -7.819868447
              ],
              [
                139.593156054,
                -7.820406447
              ],
              [
                139.592976655,
                -7.820879648
              ],
              [
                139.592676054,
                -7.82126635
              ],
              [
                139.592324454,
                -7.821609851
              ],
              [
                139.591958353,
                -7.821960552
              ],
              [
                139.591614052,
                -7.822296754
              ],
              [
                139.591262552,
                -7.822645055
              ],
              [
                139.590906151,
                -7.823000556
              ],
              [
                139.59050855,
                -7.823274358
              ],
              [
                139.59029035,
                -7.823480958
              ],
              [
                139.589878148,
                -7.82374756
              ],
              [
                139.589487847,
                -7.824040561
              ],
              [
                139.589104747,
                -7.824381663
              ],
              [
                139.588707146,
                -7.824657864
              ],
              [
                139.588331345,
                -7.824994066
              ],
              [
                139.587977344,
                -7.825354367
              ],
              [
                139.587506942,
                -7.825522469
              ],
              [
                139.587082741,
                -7.82578187
              ],
              [
                139.58661724,
                -7.825969272
              ],
              [
                139.586115338,
                -7.826170973
              ],
              [
                139.585664336,
                -7.826360775
              ],
              [
                139.585201334,
                -7.826574477
              ],
              [
                139.584740633,
                -7.826771478
              ],
              [
                139.584243631,
                -7.82697328
              ],
              [
                139.583751429,
                -7.827122182
              ],
              [
                139.583232627,
                -7.827210983
              ],
              [
                139.582747725,
                -7.827350285
              ],
              [
                139.582219123,
                -7.827434387
              ],
              [
                139.581736721,
                -7.827556888
              ],
              [
                139.581229918,
                -7.82762899
              ],
              [
                139.580701416,
                -7.827746592
              ],
              [
                139.580226214,
                -7.827837893
              ],
              [
                139.579714612,
                -7.827960395
              ],
              [
                139.57920551,
                -7.828058897
              ],
              [
                139.57906731,
                -7.828522397
              ],
              [
                139.578851511,
                -7.828997998
              ],
              [
                139.57850001,
                -7.8293631
              ],
              [
                139.578109609,
                -7.829670501
              ],
              [
                139.577789609,
                -7.830047602
              ],
              [
                139.577452609,
                -7.830410304
              ],
              [
                139.577122908,
                -7.830804205
              ],
              [
                139.576739807,
                -7.831145206
              ],
              [
                139.576347006,
                -7.831438308
              ],
              [
                139.575993006,
                -7.831800909
              ],
              [
                139.575622105,
                -7.832144411
              ],
              [
                139.575205104,
                -7.832511912
              ],
              [
                139.575163904,
                -7.832562312
              ],
              [
                139.574856004,
                -7.832944213
              ],
              [
                139.574514103,
                -7.833318915
              ],
              [
                139.574169803,
                -7.833693616
              ],
              [
                139.573798902,
                -7.834032218
              ],
              [
                139.573437602,
                -7.834418919
              ],
              [
                139.573037601,
                -7.83471912
              ],
              [
                139.572622999,
                -7.835024222
              ],
              [
                139.572218098,
                -7.835334023
              ],
              [
                139.571844698,
                -7.835658325
              ],
              [
                139.571432596,
                -7.835912826
              ],
              [
                139.570952495,
                -7.836109828
              ],
              [
                139.570482193,
                -7.83637403
              ],
              [
                139.570040892,
                -7.836623831
              ],
              [
                139.56955119,
                -7.836820733
              ],
              [
                139.569063888,
                -7.836931234
              ],
              [
                139.568797378,
                -7.836991582
              ],
              [
                139.568554686,
                -7.837046536
              ],
              [
                139.568079484,
                -7.837195438
              ],
              [
                139.567599482,
                -7.837320339
              ],
              [
                139.56707088,
                -7.837476441
              ],
              [
                139.566583578,
                -7.837560543
              ],
              [
                139.566515678,
                -7.837613343
              ],
              [
                139.566233468,
                -7.837735962
              ],
              [
                139.566062276,
                -7.837810344
              ],
              [
                139.565591974,
                -7.837973646
              ],
              [
                139.565148273,
                -7.838204148
              ],
              [
                139.564740972,
                -7.838475549
              ],
              [
                139.56432637,
                -7.838747051
              ],
              [
                139.563894769,
                -7.839006352
              ],
              [
                139.563422068,
                -7.839284954
              ],
              [
                139.562954066,
                -7.839489155
              ],
              [
                139.562469164,
                -7.839710157
              ],
              [
                139.561977062,
                -7.839883059
              ],
              [
                139.56146786,
                -7.84002716
              ],
              [
                139.560980558,
                -7.840132862
              ],
              [
                139.560510257,
                -7.840300964
              ],
              [
                139.560027755,
                -7.840459465
              ],
              [
                139.559537953,
                -7.840601167
              ],
              [
                139.55899495,
                -7.840651669
              ],
              [
                139.558514848,
                -7.84058437
              ],
              [
                139.558020245,
                -7.840651672
              ],
              [
                139.557549943,
                -7.840771673
              ],
              [
                139.557067441,
                -7.840838975
              ],
              [
                139.556577639,
                -7.840834176
              ],
              [
                139.556068536,
                -7.840865378
              ],
              [
                139.555576334,
                -7.84087258
              ],
              [
                139.555089032,
                -7.840906181
              ],
              [
                139.554878131,
                -7.841091182
              ],
              [
                139.554388329,
                -7.841208884
              ],
              [
                139.553956828,
                -7.841448985
              ],
              [
                139.553459726,
                -7.841605187
              ],
              [
                139.552957924,
                -7.841739689
              ],
              [
                139.552470622,
                -7.84184049
              ],
              [
                139.552349321,
                -7.841876591
              ],
              [
                139.551854719,
                -7.842027892
              ],
              [
                139.551420818,
                -7.842272794
              ],
              [
                139.550972216,
                -7.842486595
              ],
              [
                139.550540715,
                -7.842779597
              ],
              [
                139.550099414,
                -7.842981398
              ],
              [
                139.549850033,
                -7.843126748
              ],
              [
                139.549675112,
                -7.8432287
              ],
              [
                139.549233911,
                -7.843533801
              ],
              [
                139.54882411,
                -7.843807603
              ],
              [
                139.54854471,
                -7.844051112
              ],
              [
                139.548441109,
                -7.844141404
              ],
              [
                139.548094408,
                -7.844475306
              ],
              [
                139.547701607,
                -7.844782707
              ],
              [
                139.547311207,
                -7.845090109
              ],
              [
                139.546918506,
                -7.84538551
              ],
              [
                139.546443304,
                -7.845654512
              ],
              [
                139.546060203,
                -7.845957113
              ],
              [
                139.545580202,
                -7.846240515
              ],
              [
                139.545182501,
                -7.846564816
              ],
              [
                139.5447995,
                -7.846872218
              ],
              [
                139.544314598,
                -7.847148419
              ],
              [
                139.544257598,
                -7.84716282
              ],
              [
                139.544098798,
                -7.84734292
              ],
              [
                139.543938798,
                -7.847527921
              ],
              [
                139.543753297,
                -7.847756022
              ],
              [
                139.543661198,
                -7.847987822
              ],
              [
                139.543558098,
                -7.848214822
              ],
              [
                139.543463598,
                -7.848450123
              ],
              [
                139.543373898,
                -7.848690323
              ],
              [
                139.543319299,
                -7.848934124
              ],
              [
                139.543223599,
                -7.849164624
              ],
              [
                139.543080499,
                -7.849365225
              ],
              [
                139.542922899,
                -7.849556125
              ],
              [
                139.542766499,
                -7.849755526
              ],
              [
                139.542608999,
                -7.849951227
              ],
              [
                139.542459799,
                -7.850171027
              ],
              [
                139.542435599,
                -7.850183027
              ],
              [
                139.542425678,
                -7.850204458
              ],
              [
                139.542328899,
                -7.850413528
              ],
              [
                139.542229499,
                -7.850647728
              ],
              [
                139.542120399,
                -7.850887929
              ],
              [
                139.542090033,
                -7.850975368
              ],
              [
                139.5420416,
                -7.851114829
              ],
              [
                139.5419919,
                -7.851352629
              ],
              [
                139.541914301,
                -7.85160603
              ],
              [
                139.541798001,
                -7.85183413
              ],
              [
                139.541688901,
                -7.852059931
              ],
              [
                139.541553101,
                -7.852294131
              ],
              [
                139.541380901,
                -7.852486232
              ],
              [
                139.5412064,
                -7.852659133
              ],
              [
                139.5410342,
                -7.852840533
              ],
              [
                139.5408706,
                -7.853017034
              ],
              [
                139.5407215,
                -7.853205535
              ],
              [
                139.540593,
                -7.853414535
              ],
              [
                139.5404427,
                -7.853625836
              ],
              [
                139.5403227,
                -7.853839636
              ],
              [
                139.5402063,
                -7.854055737
              ],
              [
                139.540102,
                -7.854287537
              ],
              [
                139.5399747,
                -7.854506038
              ],
              [
                139.5398014,
                -7.854691039
              ],
              [
                139.539645,
                -7.854890339
              ],
              [
                139.5395456,
                -7.85497444
              ],
              [
                139.539340699,
                -7.85516414
              ],
              [
                139.539140699,
                -7.855299841
              ],
              [
                139.538961298,
                -7.855472742
              ],
              [
                139.538795198,
                -7.855646842
              ],
              [
                139.538598798,
                -7.855831843
              ],
              [
                139.538368497,
                -7.855965144
              ],
              [
                139.538141796,
                -7.856068345
              ],
              [
                139.537911495,
                -7.856186046
              ],
              [
                139.537725995,
                -7.856352946
              ],
              [
                139.537533294,
                -7.856525847
              ],
              [
                139.537362394,
                -7.856697648
              ],
              [
                139.537167194,
                -7.856865748
              ],
              [
                139.536986948,
                -7.857057291
              ],
              [
                139.536985293,
                -7.857059049
              ],
              [
                139.536779293,
                -7.85724035
              ],
              [
                139.536554992,
                -7.857402551
              ],
              [
                139.536358592,
                -7.857556251
              ],
              [
                139.536150091,
                -7.857718352
              ],
              [
                139.535945191,
                -7.857938053
              ],
              [
                139.535776691,
                -7.858125454
              ],
              [
                139.535606991,
                -7.858295954
              ],
              [
                139.53540219,
                -7.858502455
              ],
              [
                139.53519609,
                -7.858645356
              ],
              [
                139.534991189,
                -7.858808656
              ],
              [
                139.534794789,
                -7.858996057
              ],
              [
                139.534673588,
                -7.859086058
              ],
              [
                139.534500188,
                -7.859268658
              ],
              [
                139.534303888,
                -7.859472759
              ],
              [
                139.534118387,
                -7.85965166
              ],
              [
                139.533925587,
                -7.859834161
              ],
              [
                139.533721987,
                -7.859973461
              ],
              [
                139.533484386,
                -7.860156062
              ],
              [
                139.533240685,
                -7.860292963
              ],
              [
                139.533022484,
                -7.860404564
              ],
              [
                139.532792184,
                -7.860525865
              ],
              [
                139.532566683,
                -7.860647165
              ],
              [
                139.532376382,
                -7.860796066
              ],
              [
                139.532172682,
                -7.860956967
              ],
              [
                139.531983582,
                -7.861143068
              ],
              [
                139.531798181,
                -7.861306468
              ],
              [
                139.531599281,
                -7.861481769
              ],
              [
                139.531473847,
                -7.861587309
              ],
              [
                139.53138238,
                -7.86166427
              ],
              [
                139.53117378,
                -7.861807171
              ],
              [
                139.530968979,
                -7.861982471
              ],
              [
                139.530774979,
                -7.862128972
              ],
              [
                139.530559178,
                -7.862256273
              ],
              [
                139.530343477,
                -7.862395574
              ],
              [
                139.530292477,
                -7.862449574
              ],
              [
                139.530088877,
                -7.862636975
              ],
              [
                139.529893677,
                -7.862829075
              ],
              [
                139.529669476,
                -7.862959976
              ],
              [
                139.529446375,
                -7.863066877
              ],
              [
                139.529234274,
                -7.863194178
              ],
              [
                139.529075474,
                -7.863375478
              ],
              [
                139.528859674,
                -7.863536379
              ],
              [
                139.528786874,
                -7.863774079
              ],
              [
                139.528721475,
                -7.86400588
              ],
              [
                139.528657175,
                -7.86426048
              ],
              [
                139.528635376,
                -7.86450898
              ],
              [
                139.528600276,
                -7.864798381
              ],
              [
                139.528567477,
                -7.865068581
              ],
              [
                139.528520178,
                -7.865315981
              ],
              [
                139.528474178,
                -7.865562182
              ],
              [
                139.528389279,
                -7.865797482
              ],
              [
                139.528310479,
                -7.866036482
              ],
              [
                139.528245079,
                -7.866283883
              ],
              [
                139.52818448,
                -7.866545583
              ],
              [
                139.528140781,
                -7.866816983
              ],
              [
                139.528114081,
                -7.867081184
              ],
              [
                139.528085082,
                -7.867321384
              ],
              [
                139.528035282,
                -7.867565084
              ],
              [
                139.527966283,
                -7.867807685
              ],
              [
                139.527912883,
                -7.868057385
              ],
              [
                139.527844984,
                -7.868328785
              ],
              [
                139.527826784,
                -7.868447685
              ],
              [
                139.527804985,
                -7.868708286
              ],
              [
                139.527771086,
                -7.868948386
              ],
              [
                139.527764986,
                -7.869192186
              ],
              [
                139.527767387,
                -7.869459986
              ],
              [
                139.527764988,
                -7.869707286
              ],
              [
                139.527737089,
                -7.869959487
              ],
              [
                139.527688589,
                -7.870197287
              ],
              [
                139.52763769,
                -7.870434987
              ],
              [
                139.52756019,
                -7.870677588
              ],
              [
                139.52748009,
                -7.870905688
              ],
              [
                139.527402591,
                -7.871144689
              ],
              [
                139.527323791,
                -7.871388489
              ],
              [
                139.527240091,
                -7.871639389
              ],
              [
                139.527174692,
                -7.87187959
              ],
              [
                139.527133392,
                -7.87211969
              ],
              [
                139.527089793,
                -7.87235509
              ],
              [
                139.527040094,
                -7.872596491
              ],
              [
                139.526963694,
                -7.872855791
              ],
              [
                139.526871594,
                -7.873104392
              ],
              [
                139.526798895,
                -7.873332492
              ],
              [
                139.526735795,
                -7.873582292
              ],
              [
                139.526653396,
                -7.873858493
              ],
              [
                139.526557596,
                -7.874105893
              ],
              [
                139.526441196,
                -7.874360394
              ],
              [
                139.526358796,
                -7.874578994
              ],
              [
                139.526281197,
                -7.874820295
              ],
              [
                139.526186697,
                -7.875042495
              ],
              [
                139.526094497,
                -7.875264595
              ],
              [
                139.526009698,
                -7.875521596
              ],
              [
                139.525927298,
                -7.875758096
              ],
              [
                139.525830298,
                -7.875987497
              ],
              [
                139.525740599,
                -7.876221597
              ],
              [
                139.525641199,
                -7.876462998
              ],
              [
                139.525534499,
                -7.876677898
              ],
              [
                139.525438699,
                -7.876906099
              ],
              [
                139.5253587,
                -7.877138999
              ],
              [
                139.5252557,
                -7.877376799
              ],
              [
                139.5251478,
                -7.8776001
              ],
              [
                139.5250726,
                -7.8778427
              ],
              [
                139.525009601,
                -7.878080401
              ],
              [
                139.524942901,
                -7.878315801
              ],
              [
                139.524896802,
                -7.878565601
              ],
              [
                139.524837402,
                -7.878815302
              ],
              [
                139.524795003,
                -7.879053102
              ],
              [
                139.524755004,
                -7.879296802
              ],
              [
                139.524593803,
                -7.879439703
              ],
              [
                139.524405903,
                -7.879594604
              ],
              [
                139.524205902,
                -7.879763904
              ],
              [
                139.523998602,
                -7.879916405
              ],
              [
                139.523771901,
                -7.880018506
              ],
              [
                139.5235391,
                -7.880082107
              ],
              [
                139.523318499,
                -7.880186607
              ],
              [
                139.523090598,
                -7.880270708
              ],
              [
                139.522814197,
                -7.880327109
              ],
              [
                139.522576596,
                -7.88039551
              ],
              [
                139.522334195,
                -7.880468811
              ],
              [
                139.522101394,
                -7.880544412
              ],
              [
                139.521871094,
                -7.880663312
              ],
              [
                139.521635893,
                -7.880725813
              ],
              [
                139.521397092,
                -7.880787014
              ],
              [
                139.521309791,
                -7.880820614
              ],
              [
                139.52106369,
                -7.880867415
              ],
              [
                139.520817589,
                -7.880919116
              ],
              [
                139.520564288,
                -7.880980317
              ],
              [
                139.520321787,
                -7.880986317
              ],
              [
                139.520079386,
                -7.880957518
              ],
              [
                139.519830884,
                -7.880921519
              ],
              [
                139.519585983,
                -7.88088312
              ],
              [
                139.519338681,
                -7.88084702
              ],
              [
                139.51909378,
                -7.880849421
              ],
              [
                139.518861079,
                -7.880951522
              ],
              [
                139.518604078,
                -7.881044023
              ],
              [
                139.518344677,
                -7.881076424
              ],
              [
                139.518100976,
                -7.881119625
              ],
              [
                139.517864575,
                -7.881172425
              ],
              [
                139.517605174,
                -7.881221726
              ],
              [
                139.517363973,
                -7.881268527
              ],
              [
                139.517083872,
                -7.881310528
              ],
              [
                139.516945671,
                -7.881355028
              ],
              [
                139.51670327,
                -7.881406629
              ],
              [
                139.516459569,
                -7.88146063
              ],
              [
                139.516196568,
                -7.881503831
              ],
              [
                139.515954067,
                -7.881574732
              ],
              [
                139.515692266,
                -7.881652733
              ],
              [
                139.515436465,
                -7.881722433
              ],
              [
                139.515189164,
                -7.881765634
              ],
              [
                139.514956363,
                -7.881835335
              ],
              [
                139.514716362,
                -7.881882136
              ],
              [
                139.514472761,
                -7.881907337
              ],
              [
                139.514220559,
                -7.881934937
              ],
              [
                139.513973258,
                -7.881942138
              ],
              [
                139.513701757,
                -7.881939739
              ],
              [
                139.513445956,
                -7.88192294
              ],
              [
                139.513191354,
                -7.881938541
              ],
              [
                139.512929553,
                -7.881976942
              ],
              [
                139.512688252,
                -7.882010642
              ],
              [
                139.512438551,
                -7.882004643
              ],
              [
                139.51226035,
                -7.882040644
              ],
              [
                139.512010649,
                -7.882064645
              ],
              [
                139.511763348,
                -7.882057445
              ],
              [
                139.511506346,
                -7.882033446
              ],
              [
                139.511246945,
                -7.882011847
              ],
              [
                139.511000844,
                -7.882001048
              ],
              [
                139.510742642,
                -7.881955348
              ],
              [
                139.510496541,
                -7.881900149
              ],
              [
                139.510249239,
                -7.88186535
              ],
              [
                139.510004338,
                -7.881874951
              ],
              [
                139.509761937,
                -7.881876152
              ],
              [
                139.509518236,
                -7.881895352
              ],
              [
                139.509278235,
                -7.881930153
              ],
              [
                139.509030934,
                -7.881963754
              ],
              [
                139.508767832,
                -7.881996255
              ],
              [
                139.508885433,
                -7.882136754
              ],
              [
                139.509069735,
                -7.882304854
              ],
              [
                139.509255236,
                -7.882474154
              ],
              [
                139.509460038,
                -7.882607453
              ],
              [
                139.509702539,
                -7.882695052
              ],
              [
                139.509925541,
                -7.882791152
              ],
              [
                139.510141342,
                -7.882906351
              ],
              [
                139.510359544,
                -7.88302285
              ],
              [
                139.510583845,
                -7.88312975
              ],
              [
                139.510731746,
                -7.883254649
              ],
              [
                139.510912348,
                -7.883443149
              ],
              [
                139.511095349,
                -7.883612448
              ],
              [
                139.511279651,
                -7.883772148
              ],
              [
                139.511421452,
                -7.883988248
              ],
              [
                139.511587553,
                -7.884185247
              ],
              [
                139.511753655,
                -7.884373747
              ],
              [
                139.511886956,
                -7.884592247
              ],
              [
                139.511943957,
                -7.884830047
              ],
              [
                139.512020358,
                -7.885084546
              ],
              [
                139.51209916,
                -7.885323546
              ],
              [
                139.512164561,
                -7.885554046
              ],
              [
                139.512156161,
                -7.885814647
              ],
              [
                139.512128262,
                -7.886067947
              ],
              [
                139.512116163,
                -7.886309347
              ],
              [
                139.512068863,
                -7.886563847
              ],
              [
                139.512059164,
                -7.886818448
              ],
              [
                139.511974265,
                -7.887044148
              ],
              [
                139.511884565,
                -7.887271148
              ],
              [
                139.511820365,
                -7.887502849
              ],
              [
                139.511766966,
                -7.887747849
              ],
              [
                139.511690666,
                -7.887980749
              ],
              [
                139.511688749,
                -7.887985625
              ],
              [
                139.511592466,
                -7.88823055
              ],
              [
                139.511496667,
                -7.88846585
              ],
              [
                139.511463967,
                -7.888703651
              ],
              [
                139.511439668,
                -7.888954551
              ],
              [
                139.511379068,
                -7.889223551
              ],
              [
                139.511341469,
                -7.889474552
              ],
              [
                139.51128087,
                -7.889733852
              ],
              [
                139.51121547,
                -7.889995652
              ],
              [
                139.511175471,
                -7.890248953
              ],
              [
                139.511175471,
                -7.890271553
              ],
              [
                139.511175472,
                -7.890514653
              ],
              [
                139.511165772,
                -7.890760853
              ],
              [
                139.511132973,
                -7.891006953
              ],
              [
                139.511130574,
                -7.891260353
              ],
              [
                139.511114774,
                -7.891507654
              ],
              [
                139.511090575,
                -7.891763454
              ],
              [
                139.511060276,
                -7.892014354
              ],
              [
                139.511079677,
                -7.892256954
              ],
              [
                139.511103878,
                -7.892501854
              ],
              [
                139.511105078,
                -7.892754054
              ],
              [
                139.511135379,
                -7.892996555
              ],
              [
                139.51113908,
                -7.893239155
              ],
              [
                139.511119681,
                -7.893504555
              ],
              [
                139.511146382,
                -7.893781855
              ],
              [
                139.511170583,
                -7.894030455
              ],
              [
                139.511194884,
                -7.894282555
              ],
              [
                139.511238485,
                -7.894525155
              ],
              [
                139.511286986,
                -7.894777255
              ],
              [
                139.511323287,
                -7.895036655
              ],
              [
                139.511369388,
                -7.895297155
              ],
              [
                139.511425189,
                -7.895538555
              ],
              [
                139.51149549,
                -7.895771455
              ],
              [
                139.511581591,
                -7.896023655
              ],
              [
                139.511659092,
                -7.896254155
              ],
              [
                139.511736693,
                -7.896494355
              ],
              [
                139.511797295,
                -7.896730855
              ],
              [
                139.511831296,
                -7.896985455
              ],
              [
                139.511943997,
                -7.897201555
              ],
              [
                139.512032498,
                -7.897428455
              ],
              [
                139.512148899,
                -7.897649454
              ],
              [
                139.5122168,
                -7.897895554
              ],
              [
                139.512279801,
                -7.898142954
              ],
              [
                139.512364703,
                -7.898383054
              ],
              [
                139.512470104,
                -7.898630354
              ],
              [
                139.512544496,
                -7.898752691
              ],
              [
                139.512595005,
                -7.898835754
              ],
              [
                139.512742907,
                -7.899047053
              ],
              [
                139.512907808,
                -7.899223553
              ],
              [
                139.51307261,
                -7.899428853
              ],
              [
                139.513255711,
                -7.899586152
              ],
              [
                139.513467812,
                -7.899723052
              ],
              [
                139.513661814,
                -7.899869551
              ],
              [
                139.513869115,
                -7.90002445
              ],
              [
                139.514095817,
                -7.90012885
              ],
              [
                139.514330918,
                -7.900251349
              ],
              [
                139.51455762,
                -7.900375049
              ],
              [
                139.514777021,
                -7.900484248
              ],
              [
                139.515014623,
                -7.900573147
              ],
              [
                139.515252224,
                -7.900695647
              ],
              [
                139.515264425,
                -7.900701647
              ],
              [
                139.515502026,
                -7.900749646
              ],
              [
                139.515737127,
                -7.900807245
              ],
              [
                139.515966229,
                -7.900917744
              ],
              [
                139.51620383,
                -7.901012644
              ],
              [
                139.516453632,
                -7.901023443
              ],
              [
                139.516698433,
                -7.901118242
              ],
              [
                139.516942135,
                -7.901205942
              ],
              [
                139.517185836,
                -7.901263541
              ],
              [
                139.517411237,
                -7.90135364
              ],
              [
                139.517636739,
                -7.901455639
              ],
              [
                139.51787554,
                -7.901543339
              ],
              [
                139.518124042,
                -7.901648938
              ],
              [
                139.518359243,
                -7.901754637
              ],
              [
                139.518596845,
                -7.901806237
              ],
              [
                139.518830846,
                -7.901877136
              ],
              [
                139.519050248,
                -7.901980335
              ],
              [
                139.519278149,
                -7.902074035
              ],
              [
                139.51950965,
                -7.902146034
              ],
              [
                139.519736352,
                -7.902246933
              ],
              [
                139.519966753,
                -7.902328533
              ],
              [
                139.520197055,
                -7.902415032
              ],
              [
                139.520433456,
                -7.902489431
              ],
              [
                139.520683158,
                -7.90255553
              ],
              [
                139.520914659,
                -7.90265873
              ],
              [
                139.52114986,
                -7.902748829
              ],
              [
                139.521361962,
                -7.902865329
              ],
              [
                139.521598363,
                -7.902985328
              ],
              [
                139.521819065,
                -7.903111427
              ],
              [
                139.521907566,
                -7.903181027
              ],
              [
                139.522090567,
                -7.903339527
              ],
              [
                139.522217868,
                -7.903558126
              ],
              [
                139.52236087,
                -7.903767026
              ],
              [
                139.522453071,
                -7.903996326
              ],
              [
                139.522551272,
                -7.904214826
              ],
              [
                139.522644573,
                -7.904435825
              ],
              [
                139.522754875,
                -7.904651925
              ],
              [
                139.522815476,
                -7.904888425
              ],
              [
                139.522820376,
                -7.905137025
              ],
              [
                139.522776677,
                -7.905386726
              ],
              [
                139.522667577,
                -7.905608926
              ],
              [
                139.522685778,
                -7.905858626
              ],
              [
                139.522671278,
                -7.905967926
              ],
              [
                139.522594879,
                -7.906194827
              ],
              [
                139.522485779,
                -7.906408527
              ],
              [
                139.522340279,
                -7.906604228
              ],
              [
                139.522211779,
                -7.906831228
              ],
              [
                139.522026378,
                -7.907000529
              ],
              [
                139.521809378,
                -7.90710853
              ],
              [
                139.521581477,
                -7.907191431
              ],
              [
                139.521363276,
                -7.907304231
              ],
              [
                139.521149876,
                -7.907451932
              ],
              [
                139.520941375,
                -7.907584033
              ],
              [
                139.520720774,
                -7.907704134
              ],
              [
                139.520504974,
                -7.907820535
              ],
              [
                139.520274673,
                -7.907903435
              ],
              [
                139.520023672,
                -7.907964636
              ],
              [
                139.519793371,
                -7.908048737
              ],
              [
                139.51956187,
                -7.908131538
              ],
              [
                139.519318169,
                -7.908207239
              ],
              [
                139.519080568,
                -7.908256439
              ],
              [
                139.518825966,
                -7.90825284
              ],
              [
                139.518578665,
                -7.908263641
              ],
              [
                139.518319264,
                -7.908280442
              ],
              [
                139.518063463,
                -7.908329643
              ],
              [
                139.517821062,
                -7.908359643
              ],
              [
                139.517577361,
                -7.908339244
              ],
              [
                139.517340959,
                -7.908286445
              ],
              [
                139.517111858,
                -7.908207246
              ],
              [
                139.517048858,
                -7.908227646
              ],
              [
                139.516812457,
                -7.908281647
              ],
              [
                139.516574856,
                -7.908347647
              ],
              [
                139.516323954,
                -7.908375248
              ],
              [
                139.516083853,
                -7.908412549
              ],
              [
                139.515855952,
                -7.90849655
              ],
              [
                139.515622052,
                -7.908601051
              ],
              [
                139.515394151,
                -7.908682651
              ],
              [
                139.51514925,
                -7.908775152
              ],
              [
                139.514938349,
                -7.908896353
              ],
              [
                139.514717648,
                -7.909017654
              ],
              [
                139.514506748,
                -7.909155754
              ],
              [
                139.514330947,
                -7.909326255
              ],
              [
                139.514103047,
                -7.909455956
              ],
              [
                139.513873946,
                -7.909595157
              ],
              [
                139.513665445,
                -7.909740458
              ],
              [
                139.513466645,
                -7.909913358
              ],
              [
                139.513270245,
                -7.910068259
              ],
              [
                139.513062944,
                -7.91022196
              ],
              [
                139.512946544,
                -7.91043926
              ],
              [
                139.512792644,
                -7.910625361
              ],
              [
                139.512612044,
                -7.910792262
              ],
              [
                139.512438643,
                -7.910959162
              ],
              [
                139.512261643,
                -7.911128463
              ],
              [
                139.512124643,
                -7.911379464
              ],
              [
                139.511991343,
                -7.911612364
              ],
              [
                139.511914943,
                -7.911698764
              ],
              [
                139.511742843,
                -7.911887265
              ],
              [
                139.511565842,
                -7.912074666
              ],
              [
                139.511403442,
                -7.912263166
              ],
              [
                139.511257942,
                -7.912458867
              ],
              [
                139.511131842,
                -7.912667768
              ],
              [
                139.510992442,
                -7.912875468
              ],
              [
                139.510868842,
                -7.913085569
              ],
              [
                139.510796043,
                -7.913314969
              ],
              [
                139.510712443,
                -7.913541869
              ],
              [
                139.510654243,
                -7.91377717
              ],
              [
                139.510621544,
                -7.91401487
              ],
              [
                139.510619045,
                -7.91426227
              ],
              [
                139.510622745,
                -7.91451197
              ],
              [
                139.510627546,
                -7.914752171
              ],
              [
                139.510683347,
                -7.915001871
              ],
              [
                139.510724548,
                -7.915239571
              ],
              [
                139.510790049,
                -7.91548337
              ],
              [
                139.510885751,
                -7.91572827
              ],
              [
                139.510922152,
                -7.91598997
              ],
              [
                139.510976653,
                -7.91622897
              ],
              [
                139.511004939,
                -7.916420205
              ],
              [
                139.511013054,
                -7.91647507
              ],
              [
                139.510853053,
                -7.916575971
              ],
              [
                139.510409352,
                -7.916777673
              ],
              [
                139.509917149,
                -7.916645574
              ],
              [
                139.509434747,
                -7.916691176
              ],
              [
                139.508964345,
                -7.916808877
              ],
              [
                139.508489143,
                -7.917000979
              ],
              [
                139.508038241,
                -7.91718108
              ],
              [
                139.507553339,
                -7.917301182
              ],
              [
                139.507065937,
                -7.917399584
              ],
              [
                139.507058737,
                -7.917406784
              ],
              [
                139.506612635,
                -7.917654185
              ],
              [
                139.506132534,
                -7.917855887
              ],
              [
                139.505662232,
                -7.918011988
              ],
              [
                139.50522583,
                -7.91822329
              ],
              [
                139.504816029,
                -7.918504192
              ],
              [
                139.504401428,
                -7.918811593
              ],
              [
                139.504040227,
                -7.919147794
              ],
              [
                139.503700827,
                -7.919503196
              ],
              [
                139.503315326,
                -7.919810497
              ],
              [
                139.502988025,
                -7.920189998
              ],
              [
                139.502699425,
                -7.9205886
              ],
              [
                139.502466725,
                -7.921008801
              ],
              [
                139.502270326,
                -7.921455402
              ],
              [
                139.502006026,
                -7.921897303
              ],
              [
                139.501734526,
                -7.922300704
              ],
              [
                139.501467826,
                -7.922720905
              ],
              [
                139.501106625,
                -7.923121906
              ],
              [
                139.500793825,
                -7.923547008
              ],
              [
                139.500485925,
                -7.923921609
              ],
              [
                139.500158624,
                -7.92430101
              ],
              [
                139.499862824,
                -7.924711611
              ],
              [
                139.499598524,
                -7.925112613
              ],
              [
                139.499334324,
                -7.925544814
              ],
              [
                139.499065124,
                -7.925974715
              ],
              [
                139.498968225,
                -7.926332515
              ],
              [
                139.498866326,
                -7.926800716
              ],
              [
                139.498776627,
                -7.927283417
              ],
              [
                139.49900213,
                -7.927739616
              ],
              [
                139.499210632,
                -7.928229516
              ],
              [
                139.499419135,
                -7.928661715
              ],
              [
                139.499501537,
                -7.929185216
              ],
              [
                139.499535539,
                -7.929696616
              ],
              [
                139.499644641,
                -7.930172116
              ],
              [
                139.499693142,
                -7.930666716
              ],
              [
                139.499620344,
                -7.931178216
              ],
              [
                139.499591245,
                -7.931689717
              ],
              [
                139.499518547,
                -7.932229918
              ],
              [
                139.499222746,
                -7.932662219
              ],
              [
                139.498953646,
                -7.93309922
              ],
              [
                139.498546346,
                -7.933452221
              ],
              [
                139.498192345,
                -7.933785923
              ],
              [
                139.497755943,
                -7.934033324
              ],
              [
                139.497285642,
                -7.934227826
              ],
              [
                139.49679104,
                -7.934374228
              ],
              [
                139.496310938,
                -7.934436729
              ],
              [
                139.495772735,
                -7.934494331
              ],
              [
                139.495229632,
                -7.934535133
              ],
              [
                139.49473743,
                -7.934624034
              ],
              [
                139.494221028,
                -7.934657636
              ],
              [
                139.493692525,
                -7.934720038
              ],
              [
                139.493263323,
                -7.934744039
              ],
              [
                139.492756621,
                -7.934830541
              ],
              [
                139.49235662,
                -7.935109042
              ],
              [
                139.491966219,
                -7.935399644
              ],
              [
                139.491561318,
                -7.935666145
              ],
              [
                139.491078915,
                -7.935757347
              ],
              [
                139.490603714,
                -7.935942248
              ],
              [
                139.490239239,
                -7.936048866
              ],
              [
                139.490135712,
                -7.93607915
              ],
              [
                139.48968721,
                -7.936345652
              ],
              [
                139.489287209,
                -7.936645853
              ],
              [
                139.488967109,
                -7.937044454
              ],
              [
                139.488620408,
                -7.937385456
              ],
              [
                139.488213107,
                -7.937642357
              ],
              [
                139.487728205,
                -7.937611159
              ],
              [
                139.487284503,
                -7.93783686
              ],
              [
                139.486816601,
                -7.938067362
              ],
              [
                139.486474801,
                -7.938408363
              ],
              [
                139.486145,
                -7.938818964
              ],
              [
                139.485912301,
                -7.939243966
              ],
              [
                139.485628601,
                -7.939680967
              ],
              [
                139.4853134,
                -7.940067568
              ],
              [
                139.4849813,
                -7.940526169
              ],
              [
                139.4846782,
                -7.940927171
              ],
              [
                139.484567918,
                -7.9411667
              ],
              [
                139.484477,
                -7.941364172
              ],
              [
                139.484314501,
                -7.941851672
              ],
              [
                139.484171502,
                -7.942372673
              ],
              [
                139.484157003,
                -7.942860174
              ],
              [
                139.484137605,
                -7.943342774
              ],
              [
                139.483960605,
                -7.943813375
              ],
              [
                139.483776306,
                -7.944286476
              ],
              [
                139.483601705,
                -7.944380076
              ],
              [
                139.483475706,
                -7.944874777
              ],
              [
                139.483308407,
                -7.945333378
              ],
              [
                139.483119307,
                -7.945791979
              ],
              [
                139.482901108,
                -7.94622898
              ],
              [
                139.482634408,
                -7.946649181
              ],
              [
                139.482319207,
                -7.947052582
              ],
              [
                139.482069508,
                -7.947463183
              ],
              [
                139.481868208,
                -7.947928984
              ],
              [
                139.481654908,
                -7.948365985
              ],
              [
                139.481446409,
                -7.948824686
              ],
              [
                139.481247609,
                -7.949278487
              ],
              [
                139.48103181,
                -7.949741888
              ],
              [
                139.48079901,
                -7.950169289
              ],
              [
                139.480496009,
                -7.95054389
              ],
              [
                139.480171109,
                -7.950928092
              ],
              [
                139.479834109,
                -7.951319393
              ],
              [
                139.479555309,
                -7.951790094
              ],
              [
                139.47940981,
                -7.952296695
              ],
              [
                139.47926431,
                -7.952779296
              ],
              [
                139.479048611,
                -7.953221097
              ],
              [
                139.478876411,
                -7.953674898
              ],
              [
                139.478811013,
                -7.954191198
              ],
              [
                139.478888515,
                -7.954690598
              ],
              [
                139.478980717,
                -7.955170798
              ],
              [
                139.479167419,
                -7.955634198
              ],
              [
                139.479497122,
                -7.955984797
              ],
              [
                139.479982025,
                -7.956220096
              ],
              [
                139.480294728,
                -7.956623495
              ],
              [
                139.480636631,
                -7.956998094
              ],
              [
                139.481051234,
                -7.957276593
              ],
              [
                139.481264535,
                -7.957312593
              ],
              [
                139.481747038,
                -7.957427891
              ],
              [
                139.482258641,
                -7.957531089
              ],
              [
                139.482745944,
                -7.957670388
              ],
              [
                139.483276947,
                -7.957723186
              ],
              [
                139.48379095,
                -7.957845585
              ],
              [
                139.484268552,
                -7.957936883
              ],
              [
                139.484760655,
                -7.957908082
              ],
              [
                139.485264957,
                -7.95787928
              ],
              [
                139.48580806,
                -7.957903278
              ],
              [
                139.486295362,
                -7.957948877
              ],
              [
                139.486850665,
                -7.957951275
              ],
              [
                139.487388868,
                -7.957972873
              ],
              [
                139.48788107,
                -7.957915272
              ],
              [
                139.488365972,
                -7.95779277
              ],
              [
                139.488833874,
                -7.957631869
              ],
              [
                139.489355177,
                -7.957569467
              ],
              [
                139.489898179,
                -7.957531065
              ],
              [
                139.490455882,
                -7.957538263
              ],
              [
                139.490957685,
                -7.957694362
              ],
              [
                139.491454788,
                -7.95777116
              ],
              [
                139.491963891,
                -7.957843159
              ],
              [
                139.492310593,
                -7.957987258
              ],
              [
                139.492788196,
                -7.958107356
              ],
              [
                139.493227099,
                -7.958345055
              ],
              [
                139.493581002,
                -7.958685954
              ],
              [
                139.493956805,
                -7.959055753
              ],
              [
                139.494322908,
                -7.959394252
              ],
              [
                139.49456781,
                -7.959828852
              ],
              [
                139.494861213,
                -7.960229851
              ],
              [
                139.495157016,
                -7.96064525
              ],
              [
                139.495334314,
                -7.961094665
              ],
              [
                139.495343618,
                -7.96111825
              ],
              [
                139.495481821,
                -7.96159125
              ],
              [
                139.495549722,
                -7.96208585
              ],
              [
                139.495656425,
                -7.96257815
              ],
              [
                139.495734027,
                -7.96306075
              ],
              [
                139.495806728,
                -7.96356495
              ],
              [
                139.495998331,
                -7.96400915
              ],
              [
                139.496313434,
                -7.964388549
              ],
              [
                139.496597136,
                -7.964787049
              ],
              [
                139.496810539,
                -7.965219248
              ],
              [
                139.497077242,
                -7.965668248
              ],
              [
                139.497314844,
                -7.966100447
              ],
              [
                139.497533047,
                -7.966563847
              ],
              [
                139.497564547,
                -7.966587847
              ],
              [
                139.49783365,
                -7.967017646
              ],
              [
                139.498017952,
                -7.967471446
              ],
              [
                139.498165755,
                -7.967997246
              ],
              [
                139.498345257,
                -7.968520645
              ],
              [
                139.49849066,
                -7.969008145
              ],
              [
                139.498621662,
                -7.969485945
              ],
              [
                139.498708864,
                -7.969992545
              ],
              [
                139.498791366,
                -7.970511145
              ],
              [
                139.498844668,
                -7.971060946
              ],
              [
                139.49884227,
                -7.971555546
              ],
              [
                139.498815571,
                -7.972078946
              ],
              [
                139.498759772,
                -7.972561547
              ],
              [
                139.498706474,
                -7.973056247
              ],
              [
                139.498665275,
                -7.973567648
              ],
              [
                139.498607077,
                -7.974081448
              ],
              [
                139.498536778,
                -7.974566449
              ],
              [
                139.498502879,
                -7.975053849
              ],
              [
                139.498456781,
                -7.97557485
              ],
              [
                139.498386482,
                -7.97607425
              ],
              [
                139.498236183,
                -7.976568851
              ],
              [
                139.498037383,
                -7.977041852
              ],
              [
                139.497855484,
                -7.977502853
              ],
              [
                139.497765785,
                -7.977980654
              ],
              [
                139.497688186,
                -7.978492054
              ],
              [
                139.497571787,
                -7.978986655
              ],
              [
                139.497423988,
                -7.979445256
              ],
              [
                139.497152388,
                -7.979879757
              ],
              [
                139.496800887,
                -7.980220758
              ],
              [
                139.496446887,
                -7.98057366
              ],
              [
                139.496075886,
                -7.980885761
              ],
              [
                139.495702585,
                -7.981243562
              ],
              [
                139.495333984,
                -7.981596464
              ],
              [
                139.495009184,
                -7.981995065
              ],
              [
                139.494703684,
                -7.982417566
              ],
              [
                139.494596983,
                -7.982492067
              ],
              [
                139.494479384,
                -7.982728567
              ],
              [
                139.494272083,
                -7.982868968
              ],
              [
                139.494125383,
                -7.983064669
              ],
              [
                139.494044183,
                -7.983308369
              ],
              [
                139.493959384,
                -7.98356167
              ],
              [
                139.493891484,
                -7.98379937
              ],
              [
                139.493773884,
                -7.98401067
              ],
              [
                139.493658684,
                -7.984221871
              ],
              [
                139.493556884,
                -7.984459571
              ],
              [
                139.493520485,
                -7.984712872
              ],
              [
                139.493551986,
                -7.984981772
              ],
              [
                139.493578687,
                -7.985220672
              ],
              [
                139.493547188,
                -7.985459572
              ],
              [
                139.493553289,
                -7.985718872
              ],
              [
                139.493570189,
                -7.985974572
              ],
              [
                139.493647791,
                -7.986219472
              ],
              [
                139.493721792,
                -7.986449972
              ],
              [
                139.493779893,
                -7.986691272
              ],
              [
                139.493855094,
                -7.986926572
              ],
              [
                139.493947195,
                -7.987155872
              ],
              [
                139.494009096,
                -7.987398372
              ],
              [
                139.494072097,
                -7.987649272
              ],
              [
                139.494156999,
                -7.987894172
              ],
              [
                139.49422,
                -7.988129472
              ],
              [
                139.494240601,
                -7.988369472
              ],
              [
                139.494246701,
                -7.988641972
              ],
              [
                139.494246702,
                -7.988919272
              ],
              [
                139.494249731,
                -7.988993868
              ],
              [
                139.494256403,
                -7.989158172
              ],
              [
                139.494249104,
                -7.989399473
              ],
              [
                139.494273305,
                -7.989656373
              ],
              [
                139.494384906,
                -7.989882072
              ],
              [
                139.494387307,
                -7.990046573
              ],
              [
                139.494376407,
                -7.990295073
              ],
              [
                139.494313308,
                -7.990527973
              ],
              [
                139.494217608,
                -7.990754774
              ],
              [
                139.494047908,
                -7.990940874
              ],
              [
                139.493799307,
                -7.991002075
              ],
              [
                139.493556906,
                -7.991068176
              ],
              [
                139.493312005,
                -7.991056077
              ],
              [
                139.493064703,
                -7.990969677
              ],
              [
                139.492816202,
                -7.990996078
              ],
              [
                139.492577401,
                -7.991081379
              ],
              [
                139.4923459,
                -7.99115458
              ],
              [
                139.492153099,
                -7.991304581
              ],
              [
                139.4920161,
                -7.991521881
              ],
              [
                139.4919034,
                -7.991740382
              ],
              [
                139.4917773,
                -7.991950482
              ],
              [
                139.4916743,
                -7.992197783
              ],
              [
                139.4915821,
                -7.992461883
              ],
              [
                139.491606401,
                -7.992723583
              ],
              [
                139.491636702,
                -7.992998483
              ],
              [
                139.491676703,
                -7.993263783
              ],
              [
                139.491679104,
                -7.993335783
              ],
              [
                139.491687605,
                -7.993590284
              ],
              [
                139.491696105,
                -7.993843584
              ],
              [
                139.491682806,
                -7.994089684
              ],
              [
                139.491702207,
                -7.994339384
              ],
              [
                139.491738508,
                -7.994601084
              ],
              [
                139.491770009,
                -7.994838684
              ],
              [
                139.49179431,
                -7.995078784
              ],
              [
                139.491873111,
                -7.995316484
              ],
              [
                139.491978612,
                -7.995539784
              ],
              [
                139.492034313,
                -7.995772684
              ],
              [
                139.492105815,
                -7.996029584
              ],
              [
                139.492208916,
                -7.996258884
              ],
              [
                139.492310717,
                -7.996492884
              ],
              [
                139.492358018,
                -7.996735384
              ],
              [
                139.492391919,
                -7.996995884
              ],
              [
                139.49244532,
                -7.997282784
              ],
              [
                139.492525321,
                -7.997521684
              ],
              [
                139.492667123,
                -7.997754583
              ],
              [
                139.492858625,
                -7.997963483
              ],
              [
                139.492983526,
                -7.998197483
              ],
              [
                139.493042927,
                -7.998438782
              ],
              [
                139.493153228,
                -7.998659682
              ],
              [
                139.49331203,
                -7.998867382
              ],
              [
                139.493457531,
                -7.999100282
              ],
              [
                139.493593333,
                -7.999323481
              ],
              [
                139.493736334,
                -7.999558781
              ],
              [
                139.493906036,
                -7.999772481
              ],
              [
                139.494106037,
                -7.99997898
              ],
              [
                139.494286739,
                -8.00016978
              ],
              [
                139.49446974,
                -8.000349879
              ],
              [
                139.494622542,
                -8.000521579
              ],
              [
                139.494871043,
                -8.000594778
              ],
              [
                139.495106145,
                -8.000652377
              ],
              [
                139.495361946,
                -8.000700377
              ],
              [
                139.495604448,
                -8.000757976
              ],
              [
                139.495855349,
                -8.000843275
              ],
              [
                139.49609175,
                -8.000911674
              ],
              [
                139.496340252,
                -8.000950074
              ],
              [
                139.496592453,
                -8.000965673
              ],
              [
                139.496839755,
                -8.000998072
              ],
              [
                139.497107656,
                -8.001001671
              ],
              [
                139.497363357,
                -8.00102807
              ],
              [
                139.497614359,
                -8.00106297
              ],
              [
                139.49789926,
                -8.001059269
              ],
              [
                139.498147761,
                -8.001058068
              ],
              [
                139.498407163,
                -8.001110967
              ],
              [
                139.498647164,
                -8.001217766
              ],
              [
                139.498883566,
                -8.001293366
              ],
              [
                139.499124767,
                -8.001355865
              ],
              [
                139.499351469,
                -8.001455464
              ],
              [
                139.499641171,
                -8.001597063
              ],
              [
                139.499864272,
                -8.001621063
              ],
              [
                139.500044873,
                -8.001793962
              ],
              [
                139.500235175,
                -8.001953662
              ],
              [
                139.500432776,
                -8.002094061
              ],
              [
                139.500666778,
                -8.00218886
              ],
              [
                139.500859579,
                -8.00236416
              ],
              [
                139.501060781,
                -8.002547859
              ],
              [
                139.501295982,
                -8.002641459
              ],
              [
                139.501499584,
                -8.002777058
              ],
              [
                139.501680185,
                -8.002941558
              ],
              [
                139.501880287,
                -8.003090357
              ],
              [
                139.502093588,
                -8.003228457
              ],
              [
                139.50232389,
                -8.003379656
              ],
              [
                139.502531191,
                -8.003504555
              ],
              [
                139.502771293,
                -8.003620955
              ],
              [
                139.502997995,
                -8.003735054
              ],
              [
                139.503207696,
                -8.003876653
              ],
              [
                139.503372497,
                -8.003913853
              ],
              [
                139.503616199,
                -8.003978752
              ],
              [
                139.5038368,
                -8.004075951
              ],
              [
                139.504002901,
                -8.004263251
              ],
              [
                139.504173803,
                -8.004454051
              ],
              [
                139.504344804,
                -8.00464015
              ],
              [
                139.504531406,
                -8.00479855
              ],
              [
                139.504739907,
                -8.004953449
              ],
              [
                139.504927809,
                -8.005123849
              ],
              [
                139.50510971,
                -8.005301548
              ],
              [
                139.505238212,
                -8.005514048
              ],
              [
                139.505360613,
                -8.005727648
              ],
              [
                139.505501214,
                -8.005929347
              ],
              [
                139.505612816,
                -8.006141847
              ],
              [
                139.505717017,
                -8.006389147
              ],
              [
                139.505851618,
                -8.006605147
              ],
              [
                139.50602372,
                -8.006808046
              ],
              [
                139.506195921,
                -8.006988146
              ],
              [
                139.506212822,
                -8.007043346
              ],
              [
                139.506290423,
                -8.007276246
              ],
              [
                139.506317124,
                -8.007515046
              ],
              [
                139.506360725,
                -8.007776746
              ],
              [
                139.506428626,
                -8.008013246
              ],
              [
                139.506517127,
                -8.008238946
              ],
              [
                139.506597128,
                -8.008473046
              ],
              [
                139.506679529,
                -8.008716645
              ],
              [
                139.50669413,
                -8.008959146
              ],
              [
                139.506740231,
                -8.009200446
              ],
              [
                139.506757132,
                -8.009441746
              ],
              [
                139.506776533,
                -8.009702246
              ],
              [
                139.506793534,
                -8.009951846
              ],
              [
                139.506800835,
                -8.010203946
              ],
              [
                139.506859036,
                -8.010445246
              ],
              [
                139.506894137,
                -8.010692546
              ],
              [
                139.506885638,
                -8.010963846
              ],
              [
                139.506892939,
                -8.011220746
              ],
              [
                139.506897931,
                -8.011241802
              ],
              [
                139.50695354,
                -8.011476346
              ],
              [
                139.507028741,
                -8.011709246
              ],
              [
                139.507136642,
                -8.011934946
              ],
              [
                139.507188743,
                -8.012170246
              ],
              [
                139.507282044,
                -8.012395846
              ],
              [
                139.507403346,
                -8.012625146
              ],
              [
                139.507446946,
                -8.012627546
              ],
              [
                139.507556047,
                -8.012853245
              ],
              [
                139.507626348,
                -8.013093345
              ],
              [
                139.50770875,
                -8.013330945
              ],
              [
                139.507816651,
                -8.013554245
              ],
              [
                139.507873652,
                -8.013801545
              ],
              [
                139.507986353,
                -8.014030845
              ],
              [
                139.508137955,
                -8.014243244
              ],
              [
                139.508324656,
                -8.014402944
              ],
              [
                139.508546458,
                -8.014501343
              ],
              [
                139.508785259,
                -8.014608143
              ],
              [
                139.508971961,
                -8.014765442
              ],
              [
                139.509186562,
                -8.014915441
              ],
              [
                139.509411964,
                -8.015039141
              ],
              [
                139.509614465,
                -8.01516994
              ],
              [
                139.509827767,
                -8.01530564
              ],
              [
                139.509975668,
                -8.015500039
              ],
              [
                139.51016967,
                -8.015666939
              ],
              [
                139.510403671,
                -8.015764138
              ],
              [
                139.510636373,
                -8.015828937
              ],
              [
                139.510881274,
                -8.015876937
              ],
              [
                139.511149175,
                -8.015870936
              ],
              [
                139.511390376,
                -8.015854135
              ],
              [
                139.511649778,
                -8.015834934
              ],
              [
                139.511809878,
                -8.015783334
              ],
              [
                139.512044979,
                -8.015725733
              ],
              [
                139.51231048,
                -8.015664532
              ],
              [
                139.512533581,
                -8.015568431
              ],
              [
                139.512778382,
                -8.01549283
              ],
              [
                139.513017283,
                -8.015395629
              ],
              [
                139.513251184,
                -8.015308029
              ],
              [
                139.513483985,
                -8.015191528
              ],
              [
                139.513714286,
                -8.015070327
              ],
              [
                139.513946987,
                -8.014982726
              ],
              [
                139.514184588,
                -8.014910625
              ],
              [
                139.514422188,
                -8.014839824
              ],
              [
                139.514624689,
                -8.014700624
              ],
              [
                139.51485869,
                -8.014590123
              ],
              [
                139.515126591,
                -8.014545722
              ],
              [
                139.515377492,
                -8.014492921
              ],
              [
                139.515612693,
                -8.01443772
              ],
              [
                139.515869694,
                -8.014345319
              ],
              [
                139.516112095,
                -8.014204819
              ],
              [
                139.516325496,
                -8.014048818
              ],
              [
                139.516548496,
                -8.013952717
              ],
              [
                139.516618797,
                -8.013921517
              ],
              [
                139.516841897,
                -8.013782316
              ],
              [
                139.517060098,
                -8.013676615
              ],
              [
                139.517268599,
                -8.013519414
              ],
              [
                139.517447999,
                -8.013354914
              ],
              [
                139.517639499,
                -8.013170113
              ],
              [
                139.5178056,
                -8.012975612
              ],
              [
                139.5180056,
                -8.012811212
              ],
              [
                139.518225101,
                -8.012689911
              ],
              [
                139.518451702,
                -8.01257951
              ],
              [
                139.518702702,
                -8.012489509
              ],
              [
                139.518970603,
                -8.012374208
              ],
              [
                139.519188804,
                -8.012236207
              ],
              [
                139.519424005,
                -8.012177407
              ],
              [
                139.519450605,
                -8.012167806
              ],
              [
                139.519689406,
                -8.012119706
              ],
              [
                139.519935507,
                -8.012069305
              ],
              [
                139.520180408,
                -8.012032104
              ],
              [
                139.520431309,
                -8.011930103
              ],
              [
                139.52066771,
                -8.011868902
              ],
              [
                139.520913811,
                -8.011817201
              ],
              [
                139.521168413,
                -8.011752401
              ],
              [
                139.521413314,
                -8.0117116
              ],
              [
                139.521671515,
                -8.011677999
              ],
              [
                139.521913916,
                -8.011610798
              ],
              [
                139.522184217,
                -8.011565197
              ],
              [
                139.522434018,
                -8.011561596
              ],
              [
                139.52269822,
                -8.011643196
              ],
              [
                139.522946721,
                -8.011705595
              ],
              [
                139.523100722,
                -8.011664794
              ],
              [
                139.523334723,
                -8.011596393
              ],
              [
                139.523597724,
                -8.011566393
              ],
              [
                139.523841425,
                -8.011513492
              ],
              [
                139.524080226,
                -8.011454691
              ],
              [
                139.524319028,
                -8.01151479
              ],
              [
                139.524483015,
                -8.011566352
              ],
              [
                139.524551829,
                -8.01158799
              ],
              [
                139.52480273,
                -8.011609589
              ],
              [
                139.525054832,
                -8.011592788
              ],
              [
                139.525292433,
                -8.011680387
              ],
              [
                139.525487635,
                -8.011832887
              ],
              [
                139.525722836,
                -8.011949286
              ],
              [
                139.525931338,
                -8.012118485
              ],
              [
                139.526148339,
                -8.012292585
              ],
              [
                139.526338641,
                -8.012442584
              ],
              [
                139.526521742,
                -8.012620284
              ],
              [
                139.526675644,
                -8.012832783
              ],
              [
                139.526868446,
                -8.013024783
              ],
              [
                139.527057547,
                -8.013176082
              ],
              [
                139.527205448,
                -8.013366882
              ],
              [
                139.52734605,
                -8.013573382
              ],
              [
                139.527466051,
                -8.013725881
              ],
              [
                139.527571552,
                -8.013957481
              ],
              [
                139.527720654,
                -8.014153181
              ],
              [
                139.527895155,
                -8.01434648
              ],
              [
                139.527993356,
                -8.01457448
              ],
              [
                139.528115858,
                -8.01480138
              ],
              [
                139.528260059,
                -8.01501628
              ],
              [
                139.52840556,
                -8.015225079
              ],
              [
                139.528578862,
                -8.015415979
              ],
              [
                139.528753463,
                -8.015606779
              ],
              [
                139.528912265,
                -8.015800078
              ],
              [
                139.529012866,
                -8.016030578
              ],
              [
                139.529138968,
                -8.016261078
              ],
              [
                139.529295369,
                -8.016487877
              ],
              [
                139.52941537,
                -8.016707577
              ],
              [
                139.529570572,
                -8.016920077
              ],
              [
                139.529748773,
                -8.017110876
              ],
              [
                139.529779074,
                -8.017163676
              ],
              [
                139.529894175,
                -8.017379776
              ],
              [
                139.529930576,
                -8.017616276
              ],
              [
                139.529999677,
                -8.017868276
              ],
              [
                139.530124479,
                -8.018095176
              ],
              [
                139.53022398,
                -8.018328076
              ],
              [
                139.530336681,
                -8.018548975
              ],
              [
                139.530433682,
                -8.018774575
              ],
              [
                139.530568184,
                -8.019000275
              ],
              [
                139.530682185,
                -8.019222375
              ],
              [
                139.530765786,
                -8.019467175
              ],
              [
                139.530873688,
                -8.019714474
              ],
              [
                139.530947689,
                -8.019950974
              ],
              [
                139.53104339,
                -8.020186174
              ],
              [
                139.531110091,
                -8.020417874
              ],
              [
                139.531163392,
                -8.020656774
              ],
              [
                139.531171893,
                -8.020930474
              ],
              [
                139.531202194,
                -8.021202974
              ],
              [
                139.531277395,
                -8.021459774
              ],
              [
                139.531352596,
                -8.021690274
              ],
              [
                139.531295597,
                -8.021929174
              ],
              [
                139.531238598,
                -8.022183575
              ],
              [
                139.531244698,
                -8.022270075
              ],
              [
                139.531302799,
                -8.022531675
              ],
              [
                139.5313392,
                -8.022780175
              ],
              [
                139.531348901,
                -8.023021475
              ],
              [
                139.531351302,
                -8.023269975
              ],
              [
                139.531356202,
                -8.023513575
              ],
              [
                139.531363503,
                -8.023765675
              ],
              [
                139.531318604,
                -8.024018976
              ],
              [
                139.531278605,
                -8.024263876
              ],
              [
                139.531255605,
                -8.024526676
              ],
              [
                139.531235006,
                -8.024776376
              ],
              [
                139.531216807,
                -8.025018877
              ],
              [
                139.531221607,
                -8.025258877
              ],
              [
                139.531225308,
                -8.025526577
              ],
              [
                139.531235009,
                -8.025783477
              ],
              [
                139.53127131,
                -8.026057177
              ],
              [
                139.531321011,
                -8.026312777
              ],
              [
                139.531357412,
                -8.026563677
              ],
              [
                139.531393813,
                -8.026809777
              ],
              [
                139.531432614,
                -8.027048677
              ],
              [
                139.531448315,
                -8.027305477
              ],
              [
                139.531450716,
                -8.027546778
              ],
              [
                139.531456817,
                -8.027796478
              ],
              [
                139.531505318,
                -8.028043678
              ],
              [
                139.531568319,
                -8.028284978
              ],
              [
                139.53157682,
                -8.028535878
              ],
              [
                139.531645921,
                -8.028796278
              ],
              [
                139.531774423,
                -8.029021977
              ],
              [
                139.531848424,
                -8.029259677
              ],
              [
                139.531912625,
                -8.029498477
              ],
              [
                139.532069026,
                -8.029724177
              ],
              [
                139.532119927,
                -8.029985877
              ],
              [
                139.532153829,
                -8.030258377
              ],
              [
                139.532180529,
                -8.030393977
              ],
              [
                139.53219873,
                -8.030641277
              ],
              [
                139.532267831,
                -8.030892077
              ],
              [
                139.532352732,
                -8.031121377
              ],
              [
                139.532463034,
                -8.031348277
              ],
              [
                139.532504235,
                -8.031595477
              ],
              [
                139.532516336,
                -8.031873977
              ],
              [
                139.532624237,
                -8.032117677
              ],
              [
                139.532749138,
                -8.032360076
              ],
              [
                139.53282544,
                -8.032597776
              ],
              [
                139.53283034,
                -8.032843876
              ],
              [
                139.532889742,
                -8.033089876
              ],
              [
                139.532951543,
                -8.033356376
              ],
              [
                139.532967344,
                -8.033598877
              ],
              [
                139.532958844,
                -8.033877277
              ],
              [
                139.532953945,
                -8.034136577
              ],
              [
                139.532939446,
                -8.034381477
              ],
              [
                139.532912747,
                -8.034619077
              ],
              [
                139.532876347,
                -8.034869978
              ],
              [
                139.532859448,
                -8.035144878
              ],
              [
                139.532831549,
                -8.035408878
              ],
              [
                139.532803649,
                -8.035650178
              ],
              [
                139.53277815,
                -8.035919079
              ],
              [
                139.532747851,
                -8.036167479
              ],
              [
                139.532699451,
                -8.036414779
              ],
              [
                139.532642452,
                -8.03668728
              ],
              [
                139.532610508,
                -8.036840766
              ],
              [
                139.532592753,
                -8.03692608
              ],
              [
                139.532536953,
                -8.03716978
              ],
              [
                139.532459353,
                -8.037403881
              ],
              [
                139.532384254,
                -8.037634281
              ],
              [
                139.532287254,
                -8.037921182
              ],
              [
                139.532181755,
                -8.038187682
              ],
              [
                139.532192655,
                -8.038353282
              ],
              [
                139.532243556,
                -8.038595782
              ],
              [
                139.532265457,
                -8.038836982
              ],
              [
                139.532284858,
                -8.039085482
              ],
              [
                139.532340559,
                -8.039326782
              ],
              [
                139.53241936,
                -8.039557182
              ],
              [
                139.532486062,
                -8.039815282
              ],
              [
                139.532479962,
                -8.040084082
              ],
              [
                139.532430263,
                -8.040333783
              ],
              [
                139.532406064,
                -8.040589483
              ],
              [
                139.532442465,
                -8.040829483
              ],
              [
                139.532490866,
                -8.041075583
              ],
              [
                139.532486066,
                -8.041319283
              ],
              [
                139.532488467,
                -8.041570083
              ],
              [
                139.532522468,
                -8.041826983
              ],
              [
                139.532568469,
                -8.042066983
              ],
              [
                139.53259277,
                -8.042329883
              ],
              [
                139.532629071,
                -8.042593983
              ],
              [
                139.532667872,
                -8.042837584
              ],
              [
                139.532740673,
                -8.043071683
              ],
              [
                139.532815775,
                -8.043332083
              ],
              [
                139.532847276,
                -8.043593783
              ],
              [
                139.532823076,
                -8.043842284
              ],
              [
                139.532830377,
                -8.044094284
              ],
              [
                139.532888578,
                -8.044333184
              ],
              [
                139.532944279,
                -8.044583984
              ],
              [
                139.533007381,
                -8.044818084
              ],
              [
                139.533024282,
                -8.045077384
              ],
              [
                139.533027982,
                -8.045346184
              ],
              [
                139.533030383,
                -8.045595884
              ],
              [
                139.533021884,
                -8.045838284
              ],
              [
                139.532945484,
                -8.046079585
              ],
              [
                139.532890985,
                -8.046313685
              ],
              [
                139.532867986,
                -8.046602885
              ],
              [
                139.532784286,
                -8.046827386
              ],
              [
                139.532675186,
                -8.047063786
              ],
              [
                139.532567286,
                -8.047290687
              ],
              [
                139.532528487,
                -8.047367487
              ],
              [
                139.532343086,
                -8.047533088
              ],
              [
                139.532144186,
                -8.047698788
              ],
              [
                139.532019314,
                -8.047825958
              ],
              [
                139.531975685,
                -8.047870389
              ],
              [
                139.531813285,
                -8.04806729
              ],
              [
                139.531645985,
                -8.04824609
              ],
              [
                139.531502985,
                -8.048458591
              ],
              [
                139.531328385,
                -8.048670992
              ],
              [
                139.531133184,
                -8.048836592
              ],
              [
                139.530939284,
                -8.049009493
              ],
              [
                139.530731983,
                -8.049155894
              ],
              [
                139.530494382,
                -8.049236295
              ],
              [
                139.530255581,
                -8.049284396
              ],
              [
                139.530039781,
                -8.049405596
              ],
              [
                139.52983368,
                -8.049542397
              ],
              [
                139.52967368,
                -8.049723698
              ],
              [
                139.52952338,
                -8.049921698
              ],
              [
                139.529336679,
                -8.050077699
              ],
              [
                139.529125779,
                -8.0502422
              ],
              [
                139.528919678,
                -8.050393401
              ],
              [
                139.528666277,
                -8.050455802
              ],
              [
                139.528416576,
                -8.050454602
              ],
              [
                139.528174075,
                -8.050435403
              ],
              [
                139.527942573,
                -8.050363404
              ],
              [
                139.527697672,
                -8.050280605
              ],
              [
                139.52745647,
                -8.050237405
              ],
              [
                139.527223669,
                -8.050155806
              ],
              [
                139.527057667,
                -8.049969706
              ],
              [
                139.526866066,
                -8.049816107
              ],
              [
                139.526687864,
                -8.049645607
              ],
              [
                139.526609063,
                -8.049417608
              ],
              [
                139.526515762,
                -8.049196708
              ],
              [
                139.526485461,
                -8.048957908
              ],
              [
                139.52647816,
                -8.048716607
              ],
              [
                139.526419959,
                -8.048483808
              ],
              [
                139.526316958,
                -8.048253308
              ],
              [
                139.526179956,
                -8.048024108
              ],
              [
                139.526079938,
                -8.047825977
              ],
              [
                139.526069655,
                -8.047805608
              ],
              [
                139.526017554,
                -8.047571608
              ],
              [
                139.525972653,
                -8.047329108
              ],
              [
                139.525904752,
                -8.047091408
              ],
              [
                139.525887851,
                -8.046846608
              ],
              [
                139.52583565,
                -8.046602908
              ],
              [
                139.525724149,
                -8.046372508
              ],
              [
                139.525565347,
                -8.046175609
              ],
              [
                139.525538646,
                -8.045921209
              ],
              [
                139.525490145,
                -8.045675109
              ],
              [
                139.525262244,
                -8.045546709
              ],
              [
                139.525025842,
                -8.04537141
              ],
              [
                139.524978641,
                -8.04519621
              ],
              [
                139.52488044,
                -8.04496211
              ],
              [
                139.524756739,
                -8.044754511
              ],
              [
                139.524582237,
                -8.044575611
              ],
              [
                139.524390636,
                -8.044426811
              ],
              [
                139.524144534,
                -8.044339212
              ],
              [
                139.523900933,
                -8.044251613
              ],
              [
                139.523645131,
                -8.044210814
              ],
              [
                139.52340753,
                -8.044165115
              ],
              [
                139.523156628,
                -8.044105115
              ],
              [
                139.522898427,
                -8.044077516
              ],
              [
                139.522652326,
                -8.044072717
              ],
              [
                139.522419525,
                -8.044176018
              ],
              [
                139.522167424,
                -8.044248019
              ],
              [
                139.521905522,
                -8.044261219
              ],
              [
                139.521654621,
                -8.04434642
              ],
              [
                139.521437621,
                -8.044479621
              ],
              [
                139.521323721,
                -8.044710122
              ],
              [
                139.521164821,
                -8.044947722
              ],
              [
                139.521038821,
                -8.045153023
              ],
              [
                139.520875121,
                -8.045370224
              ],
              [
                139.520705421,
                -8.045546724
              ],
              [
                139.52054782,
                -8.045742325
              ],
              [
                139.52039752,
                -8.045942825
              ],
              [
                139.52033572,
                -8.046011226
              ],
              [
                139.52022052,
                -8.046227226
              ],
              [
                139.52007502,
                -8.046434927
              ],
              [
                139.51994292,
                -8.046638927
              ],
              [
                139.51982532,
                -8.046859828
              ],
              [
                139.519753821,
                -8.047093828
              ],
              [
                139.519676221,
                -8.047325529
              ],
              [
                139.519593822,
                -8.047551229
              ],
              [
                139.519478622,
                -8.04776363
              ],
              [
                139.519449828,
                -8.047825999
              ],
              [
                139.519374422,
                -8.04798933
              ],
              [
                139.519315022,
                -8.048230531
              ],
              [
                139.519230123,
                -8.048464631
              ],
              [
                139.519125923,
                -8.048680631
              ],
              [
                139.519101624,
                -8.048930332
              ],
              [
                139.519157425,
                -8.049190732
              ],
              [
                139.519205926,
                -8.049426032
              ],
              [
                139.519281027,
                -8.049657632
              ],
              [
                139.519391328,
                -8.049871331
              ],
              [
                139.519479829,
                -8.050101731
              ],
              [
                139.519637431,
                -8.050295031
              ],
              [
                139.519799932,
                -8.05048343
              ],
              [
                139.519956234,
                -8.05067913
              ],
              [
                139.520127235,
                -8.05085793
              ],
              [
                139.520328437,
                -8.051004329
              ],
              [
                139.520496938,
                -8.051185629
              ],
              [
                139.520653339,
                -8.051368028
              ],
              [
                139.520842441,
                -8.051527728
              ],
              [
                139.521017042,
                -8.051700527
              ],
              [
                139.521187944,
                -8.051872127
              ],
              [
                139.521367345,
                -8.052055826
              ],
              [
                139.521533447,
                -8.052233426
              ],
              [
                139.521706748,
                -8.052435125
              ],
              [
                139.52187645,
                -8.052629525
              ],
              [
                139.522076551,
                -8.052802325
              ],
              [
                139.522283753,
                -8.052953624
              ],
              [
                139.522445054,
                -8.053148024
              ],
              [
                139.522614756,
                -8.053328123
              ],
              [
                139.522806257,
                -8.053508123
              ],
              [
                139.522979659,
                -8.053678522
              ],
              [
                139.52318206,
                -8.053835822
              ],
              [
                139.523426962,
                -8.053940221
              ],
              [
                139.523637863,
                -8.05407942
              ],
              [
                139.523654964,
                -8.05412002
              ],
              [
                139.523744649,
                -8.054268061
              ],
              [
                139.523784365,
                -8.05433362
              ],
              [
                139.523967367,
                -8.054505319
              ],
              [
                139.524082568,
                -8.054728519
              ],
              [
                139.524257169,
                -8.054915719
              ],
              [
                139.524449871,
                -8.055086218
              ],
              [
                139.524560172,
                -8.055315418
              ],
              [
                139.524726274,
                -8.055500318
              ],
              [
                139.524943275,
                -8.055647917
              ],
              [
                139.525062077,
                -8.055862717
              ],
              [
                139.525209978,
                -8.056053616
              ],
              [
                139.525337279,
                -8.056267216
              ],
              [
                139.52535178,
                -8.056514516
              ],
              [
                139.525329981,
                -8.056756916
              ],
              [
                139.525306982,
                -8.057021017
              ],
              [
                139.525263282,
                -8.057262217
              ],
              [
                139.525200283,
                -8.057511917
              ],
              [
                139.525055983,
                -8.057721918
              ],
              [
                139.524912983,
                -8.057917619
              ],
              [
                139.524723882,
                -8.058095219
              ],
              [
                139.524525082,
                -8.05825482
              ],
              [
                139.524289881,
                -8.058337721
              ],
              [
                139.52403408,
                -8.058395322
              ],
              [
                139.523967379,
                -8.058458922
              ],
              [
                139.523783179,
                -8.058619723
              ],
              [
                139.523579479,
                -8.058774524
              ],
              [
                139.523366178,
                -8.058910224
              ],
              [
                139.523144277,
                -8.059039825
              ],
              [
                139.522968577,
                -8.059210226
              ],
              [
                139.522798777,
                -8.059392726
              ],
              [
                139.522612176,
                -8.059552327
              ],
              [
                139.522430276,
                -8.059741928
              ],
              [
                139.522241176,
                -8.059929229
              ],
              [
                139.522076275,
                -8.060109229
              ],
              [
                139.521885975,
                -8.06026893
              ],
              [
                139.521694475,
                -8.060471731
              ],
              [
                139.521522274,
                -8.060660131
              ],
              [
                139.521329574,
                -8.060830632
              ],
              [
                139.521148973,
                -8.060990233
              ],
              [
                139.520962273,
                -8.061159434
              ],
              [
                139.520801073,
                -8.061368334
              ],
              [
                139.520615573,
                -8.061539935
              ],
              [
                139.520420372,
                -8.061715136
              ],
              [
                139.520202171,
                -8.061847237
              ],
              [
                139.520051584,
                -8.061930261
              ],
              [
                139.519988871,
                -8.061964837
              ],
              [
                139.51978157,
                -8.062104038
              ],
              [
                139.51957907,
                -8.062240839
              ],
              [
                139.519385169,
                -8.06239454
              ],
              [
                139.519179069,
                -8.06255174
              ],
              [
                139.518968068,
                -8.062669341
              ],
              [
                139.518746267,
                -8.062787042
              ],
              [
                139.518505066,
                -8.062908243
              ],
              [
                139.518278365,
                -8.062992244
              ],
              [
                139.518094065,
                -8.063076244
              ],
              [
                139.517864964,
                -8.063167445
              ],
              [
                139.517657663,
                -8.063303146
              ],
              [
                139.517429763,
                -8.063447147
              ],
              [
                139.517186062,
                -8.063519147
              ],
              [
                139.516970361,
                -8.063628348
              ],
              [
                139.51675096,
                -8.063744749
              ],
              [
                139.516519359,
                -8.06388045
              ],
              [
                139.516279359,
                -8.063996851
              ],
              [
                139.516044158,
                -8.064121652
              ],
              [
                139.515815057,
                -8.064253652
              ],
              [
                139.515639257,
                -8.064419353
              ],
              [
                139.515599822,
                -8.064453868
              ],
              [
                139.515440456,
                -8.064593354
              ],
              [
                139.515245256,
                -8.064763755
              ],
              [
                139.515041655,
                -8.064951055
              ],
              [
                139.514828255,
                -8.065145456
              ],
              [
                139.514639155,
                -8.065296657
              ],
              [
                139.514470654,
                -8.065476758
              ],
              [
                139.514274254,
                -8.065626758
              ],
              [
                139.514094853,
                -8.065798359
              ],
              [
                139.513874253,
                -8.06593406
              ],
              [
                139.513649952,
                -8.066075661
              ],
              [
                139.513413551,
                -8.066181262
              ],
              [
                139.513224451,
                -8.066358862
              ],
              [
                139.513203447,
                -8.066385827
              ],
              [
                139.513072951,
                -8.066553363
              ],
              [
                139.512917751,
                -8.066759764
              ],
              [
                139.512790577,
                -8.066891464
              ],
              [
                139.51273235,
                -8.066951764
              ],
              [
                139.51254075,
                -8.067098265
              ],
              [
                139.51239655,
                -8.067302266
              ],
              [
                139.51228985,
                -8.067519566
              ],
              [
                139.51219525,
                -8.067751167
              ],
              [
                139.512162551,
                -8.068010367
              ],
              [
                139.512141952,
                -8.068269667
              ],
              [
                139.512132252,
                -8.068531267
              ],
              [
                139.512123753,
                -8.068788167
              ],
              [
                139.512167454,
                -8.069023367
              ],
              [
                139.512208655,
                -8.069261067
              ],
              [
                139.512276556,
                -8.069498667
              ],
              [
                139.512380758,
                -8.069721967
              ],
              [
                139.512481359,
                -8.069949967
              ],
              [
                139.51260746,
                -8.070153967
              ],
              [
                139.512768662,
                -8.070349666
              ],
              [
                139.512956563,
                -8.070510466
              ],
              [
                139.513184465,
                -8.070624465
              ],
              [
                139.513441466,
                -8.070661664
              ],
              [
                139.513686367,
                -8.070727664
              ],
              [
                139.513728768,
                -8.070758864
              ],
              [
                139.513955469,
                -8.070847763
              ],
              [
                139.514191871,
                -8.070916162
              ],
              [
                139.514457372,
                -8.070954561
              ],
              [
                139.514699773,
                -8.07098456
              ],
              [
                139.514951975,
                -8.07105056
              ],
              [
                139.515200476,
                -8.071087759
              ],
              [
                139.515448978,
                -8.071118958
              ],
              [
                139.515697479,
                -8.071128557
              ],
              [
                139.51594358,
                -8.071144157
              ],
              [
                139.516182382,
                -8.071214956
              ],
              [
                139.516435783,
                -8.071270155
              ],
              [
                139.516674585,
                -8.071319354
              ],
              [
                139.516918186,
                -8.071374554
              ],
              [
                139.517144888,
                -8.071462253
              ],
              [
                139.517327989,
                -8.071637452
              ],
              [
                139.51756319,
                -8.071719052
              ],
              [
                139.517794692,
                -8.071807851
              ],
              [
                139.518027393,
                -8.07188465
              ],
              [
                139.518248095,
                -8.07199035
              ],
              [
                139.518490496,
                -8.072046749
              ],
              [
                139.518745098,
                -8.072109148
              ],
              [
                139.518974199,
                -8.072185947
              ],
              [
                139.519209401,
                -8.072250747
              ],
              [
                139.519396102,
                -8.072423546
              ],
              [
                139.519631204,
                -8.072551945
              ],
              [
                139.519725204,
                -8.072587445
              ],
              [
                139.519841605,
                -8.072628845
              ],
              [
                139.519954906,
                -8.072681044
              ],
              [
                139.520066407,
                -8.072729044
              ],
              [
                139.520185807,
                -8.072768644
              ],
              [
                139.520299808,
                -8.072822643
              ],
              [
                139.520413809,
                -8.072864643
              ],
              [
                139.520541009,
                -8.072892843
              ],
              [
                139.52066231,
                -8.072911442
              ],
              [
                139.520788311,
                -8.072930642
              ],
              [
                139.520908311,
                -8.072900041
              ],
              [
                139.521030212,
                -8.072904841
              ],
              [
                139.521176913,
                -8.072925241
              ],
              [
                139.521305414,
                -8.07293244
              ],
              [
                139.521431414,
                -8.07293424
              ],
              [
                139.521556315,
                -8.072979839
              ],
              [
                139.521672716,
                -8.073022439
              ],
              [
                139.521802416,
                -8.073044639
              ],
              [
                139.521923017,
                -8.073089038
              ],
              [
                139.522044818,
                -8.073110038
              ],
              [
                139.522169119,
                -8.073130438
              ],
              [
                139.522289119,
                -8.073143637
              ],
              [
                139.52241272,
                -8.073135837
              ],
              [
                139.52253822,
                -8.073139436
              ],
              [
                139.522662521,
                -8.073172536
              ],
              [
                139.522780722,
                -8.073202536
              ],
              [
                139.522901323,
                -8.073239135
              ],
              [
                139.523014623,
                -8.073282935
              ],
              [
                139.523134624,
                -8.073304534
              ],
              [
                139.523257125,
                -8.073311734
              ],
              [
                139.523378325,
                -8.073333334
              ],
              [
                139.523494126,
                -8.073371733
              ],
              [
                139.523617127,
                -8.073403533
              ],
              [
                139.523739528,
                -8.073437733
              ],
              [
                139.523856528,
                -8.073487532
              ],
              [
                139.523973529,
                -8.073533132
              ],
              [
                139.52408873,
                -8.073584732
              ],
              [
                139.524148605,
                -8.0735997
              ],
              [
                139.524213531,
                -8.073615931
              ],
              [
                139.524337231,
                -8.073650731
              ],
              [
                139.524456632,
                -8.07367353
              ],
              [
                139.524596633,
                -8.07371013
              ],
              [
                139.524717234,
                -8.07373413
              ],
              [
                139.524841534,
                -8.073746129
              ],
              [
                139.524969435,
                -8.073762429
              ],
              [
                139.525097936,
                -8.073787628
              ],
              [
                139.525216136,
                -8.073836828
              ],
              [
                139.525338537,
                -8.073862028
              ],
              [
                139.525463438,
                -8.073874627
              ],
              [
                139.525587638,
                -8.073886027
              ],
              [
                139.525711339,
                -8.073888426
              ],
              [
                139.52583674,
                -8.073888426
              ],
              [
                139.52595924,
                -8.073909426
              ],
              [
                139.526091941,
                -8.073899225
              ],
              [
                139.526214342,
                -8.073899225
              ],
              [
                139.526346542,
                -8.073914824
              ],
              [
                139.526474443,
                -8.073946024
              ],
              [
                139.526599244,
                -8.073979624
              ],
              [
                139.526718045,
                -8.074017423
              ],
              [
                139.526838045,
                -8.074067223
              ],
              [
                139.526857446,
                -8.074071423
              ],
              [
                139.526981746,
                -8.074038422
              ],
              [
                139.527102347,
                -8.074003022
              ],
              [
                139.527236347,
                -8.073999422
              ],
              [
                139.527355148,
                -8.073965821
              ],
              [
                139.527447248,
                -8.073887221
              ],
              [
                139.527567848,
                -8.07383442
              ],
              [
                139.527691549,
                -8.07377982
              ],
              [
                139.527790349,
                -8.073689719
              ],
              [
                139.527915149,
                -8.073639919
              ],
              [
                139.52802975,
                -8.073594919
              ],
              [
                139.52814245,
                -8.073531918
              ],
              [
                139.528265551,
                -8.073506718
              ],
              [
                139.528387351,
                -8.073513317
              ],
              [
                139.528414052,
                -8.073519317
              ],
              [
                139.528535252,
                -8.073524717
              ],
              [
                139.528603153,
                -8.073505517
              ],
              [
                139.528706153,
                -8.073443116
              ],
              [
                139.528793453,
                -8.073359716
              ],
              [
                139.528887353,
                -8.073283516
              ],
              [
                139.529003754,
                -8.073237915
              ],
              [
                139.529124954,
                -8.073211515
              ],
              [
                139.529250455,
                -8.073202514
              ],
              [
                139.529373455,
                -8.073158014
              ],
              [
                139.529498956,
                -8.073145414
              ],
              [
                139.529620756,
                -8.073107013
              ],
              [
                139.529742057,
                -8.073054213
              ],
              [
                139.529870557,
                -8.073058412
              ],
              [
                139.529954158,
                -8.073021812
              ],
              [
                139.530062658,
                -8.072967812
              ],
              [
                139.530171759,
                -8.072916211
              ],
              [
                139.530288159,
                -8.072884411
              ],
              [
                139.530383959,
                -8.07280761
              ],
              [
                139.53049606,
                -8.07275721
              ],
              [
                139.53060516,
                -8.07269901
              ],
              [
                139.53071606,
                -8.072623409
              ],
              [
                139.530828161,
                -8.072558509
              ],
              [
                139.530940961,
                -8.072513508
              ],
              [
                139.531063962,
                -8.072470908
              ],
              [
                139.531188262,
                -8.072471508
              ],
              [
                139.531314963,
                -8.072473307
              ],
              [
                139.531440363,
                -8.072452907
              ],
              [
                139.531562264,
                -8.072445106
              ],
              [
                139.531684065,
                -8.072441506
              ],
              [
                139.531698565,
                -8.072430106
              ],
              [
                139.531820465,
                -8.072436705
              ],
              [
                139.531927066,
                -8.072495505
              ],
              [
                139.532051967,
                -8.072478105
              ],
              [
                139.532171967,
                -8.072503904
              ],
              [
                139.532293768,
                -8.072515904
              ],
              [
                139.532403569,
                -8.072573504
              ],
              [
                139.53249927,
                -8.072646803
              ],
              [
                139.53261447,
                -8.072683403
              ],
              [
                139.532721771,
                -8.072742803
              ],
              [
                139.532819372,
                -8.072820202
              ],
              [
                139.532923572,
                -8.072889202
              ],
              [
                139.533001773,
                -8.072987002
              ],
              [
                139.533105974,
                -8.073056002
              ],
              [
                139.533212675,
                -8.073122601
              ],
              [
                139.533279375,
                -8.073230701
              ],
              [
                139.533337576,
                -8.073239701
              ],
              [
                139.533458176,
                -8.073257701
              ],
              [
                139.533569677,
                -8.0733165
              ],
              [
                139.533678778,
                -8.0733717
              ],
              [
                139.533758779,
                -8.0734683
              ],
              [
                139.533855779,
                -8.0735547
              ],
              [
                139.53397218,
                -8.073596099
              ],
              [
                139.534092181,
                -8.073621299
              ],
              [
                139.534218881,
                -8.073626698
              ],
              [
                139.534343082,
                -8.073627298
              ],
              [
                139.534472883,
                -8.073620098
              ],
              [
                139.534597683,
                -8.073608697
              ],
              [
                139.534718884,
                -8.073634497
              ],
              [
                139.534754085,
                -8.073750297
              ],
              [
                139.534803785,
                -8.073866797
              ],
              [
                139.534860786,
                -8.073974797
              ],
              [
                139.534957087,
                -8.074051596
              ],
              [
                139.535068687,
                -8.074115196
              ],
              [
                139.535168688,
                -8.074190796
              ],
              [
                139.535284489,
                -8.074241195
              ],
              [
                139.535299589,
                -8.074260395
              ],
              [
                139.53536019,
                -8.074364895
              ],
              [
                139.53543299,
                -8.074469295
              ],
              [
                139.535507491,
                -8.074574895
              ],
              [
                139.535572992,
                -8.074682895
              ],
              [
                139.535617792,
                -8.074796895
              ],
              [
                139.535665093,
                -8.074922895
              ],
              [
                139.535709994,
                -8.075041794
              ],
              [
                139.535745094,
                -8.075166594
              ],
              [
                139.535791795,
                -8.075290794
              ],
              [
                139.535828096,
                -8.075422194
              ],
              [
                139.535866296,
                -8.075554194
              ],
              [
                139.535920897,
                -8.075661094
              ],
              [
                139.535968197,
                -8.075776894
              ],
              [
                139.536006898,
                -8.075901094
              ],
              [
                139.536054799,
                -8.076012094
              ],
              [
                139.536095399,
                -8.076131494
              ],
              [
                139.5361136,
                -8.076258194
              ],
              [
                139.5361354,
                -8.076379394
              ],
              [
                139.5361427,
                -8.076412394
              ],
              [
                139.536167001,
                -8.076532394
              ],
              [
                139.536203302,
                -8.076655994
              ],
              [
                139.536247002,
                -8.076767594
              ],
              [
                139.536312403,
                -8.076870294
              ],
              [
                139.536365803,
                -8.076988494
              ],
              [
                139.536437904,
                -8.077094093
              ],
              [
                139.536516705,
                -8.077195493
              ],
              [
                139.536582206,
                -8.077304093
              ],
              [
                139.536636706,
                -8.077414593
              ],
              [
                139.536678507,
                -8.077536393
              ],
              [
                139.536705207,
                -8.077665993
              ],
              [
                139.536733108,
                -8.077785393
              ],
              [
                139.536765809,
                -8.077912593
              ],
              [
                139.536773709,
                -8.078032593
              ],
              [
                139.536769509,
                -8.078155693
              ],
              [
                139.53678281,
                -8.078288893
              ],
              [
                139.53681551,
                -8.078416693
              ],
              [
                139.536839811,
                -8.078546293
              ],
              [
                139.536848912,
                -8.078677093
              ],
              [
                139.536835512,
                -8.078806193
              ],
              [
                139.536841612,
                -8.078930393
              ],
              [
                139.536864013,
                -8.079071993
              ],
              [
                139.536867613,
                -8.079198593
              ],
              [
                139.536850114,
                -8.079325893
              ],
              [
                139.536839814,
                -8.079456694
              ],
              [
                139.536804014,
                -8.079580894
              ],
              [
                139.536760414,
                -8.079697294
              ],
              [
                139.536750515,
                -8.079817094
              ],
              [
                139.536728615,
                -8.079944294
              ],
              [
                139.536706815,
                -8.080064994
              ],
              [
                139.536691716,
                -8.080187395
              ],
              [
                139.536668616,
                -8.080315195
              ],
              [
                139.536641416,
                -8.080435795
              ],
              [
                139.536615317,
                -8.080573795
              ],
              [
                139.536578317,
                -8.080693795
              ],
              [
                139.536545017,
                -8.080814495
              ],
              [
                139.536528017,
                -8.080934496
              ],
              [
                139.536500718,
                -8.081058096
              ],
              [
                139.536477718,
                -8.081187696
              ],
              [
                139.536438318,
                -8.081303496
              ],
              [
                139.536397718,
                -8.081416396
              ],
              [
                139.536350418,
                -8.081528597
              ],
              [
                139.536301919,
                -8.081646797
              ],
              [
                139.536257119,
                -8.081769197
              ],
              [
                139.536218319,
                -8.081885597
              ],
              [
                139.536188019,
                -8.082004397
              ],
              [
                139.536151019,
                -8.082126298
              ],
              [
                139.53610312,
                -8.082249298
              ],
              [
                139.53607462,
                -8.082378898
              ],
              [
                139.53604922,
                -8.082510898
              ],
              [
                139.53602982,
                -8.082635098
              ],
              [
                139.536017121,
                -8.082766598
              ],
              [
                139.535988021,
                -8.082889599
              ],
              [
                139.535909221,
                -8.082995199
              ],
              [
                139.535807321,
                -8.083220799
              ],
              [
                139.535691021,
                -8.0834441
              ],
              [
                139.535597622,
                -8.0836805
              ],
              [
                139.535509122,
                -8.083906101
              ],
              [
                139.535374622,
                -8.084116101
              ],
              [
                139.535207322,
                -8.084297402
              ],
              [
                139.535035122,
                -8.084511003
              ],
              [
                139.534881221,
                -8.084704203
              ],
              [
                139.534678721,
                -8.084843504
              ],
              [
                139.53449212,
                -8.085000705
              ],
              [
                139.53434662,
                -8.085209505
              ],
              [
                139.53415632,
                -8.085387106
              ],
              [
                139.533947819,
                -8.085531107
              ],
              [
                139.53386452,
                -8.085779207
              ],
              [
                139.53373482,
                -8.086015708
              ],
              [
                139.53359422,
                -8.086218509
              ],
              [
                139.53344512,
                -8.086415309
              ],
              [
                139.53329842,
                -8.08661931
              ],
              [
                139.53321112,
                -8.08685341
              ],
              [
                139.53313962,
                -8.087082611
              ],
              [
                139.533015773,
                -8.087252806
              ],
              [
                139.53299292,
                -8.087284211
              ],
              [
                139.53284512,
                -8.087483512
              ],
              [
                139.53264992,
                -8.087635913
              ],
              [
                139.532441419,
                -8.087772713
              ],
              [
                139.532224418,
                -8.087883114
              ],
              [
                139.531992818,
                -8.088004315
              ],
              [
                139.531784317,
                -8.088133916
              ],
              [
                139.531556416,
                -8.088220417
              ],
              [
                139.531316415,
                -8.088316417
              ],
              [
                139.531089714,
                -8.088412418
              ],
              [
                139.530842413,
                -8.088453219
              ],
              [
                139.530590312,
                -8.08850002
              ],
              [
                139.530328411,
                -8.088544421
              ],
              [
                139.53020241,
                -8.088579221
              ],
              [
                139.529959909,
                -8.088608022
              ],
              [
                139.529718708,
                -8.088586423
              ],
              [
                139.529477407,
                -8.088538424
              ],
              [
                139.529231405,
                -8.088466424
              ],
              [
                139.528992504,
                -8.088406425
              ],
              [
                139.528751302,
                -8.088419626
              ],
              [
                139.528506401,
                -8.088419627
              ],
              [
                139.5282579,
                -8.088462828
              ],
              [
                139.528027599,
                -8.088560028
              ],
              [
                139.527786398,
                -8.088597229
              ],
              [
                139.527535397,
                -8.08860563
              ],
              [
                139.527292996,
                -8.088635631
              ],
              [
                139.527037194,
                -8.088634432
              ],
              [
                139.526794693,
                -8.088658433
              ],
              [
                139.526549892,
                -8.088653633
              ],
              [
                139.526309791,
                -8.088622434
              ],
              [
                139.526056489,
                -8.088596035
              ],
              [
                139.525840688,
                -8.088488036
              ],
              [
                139.525606686,
                -8.088398036
              ],
              [
                139.525364285,
                -8.088396837
              ],
              [
                139.525116984,
                -8.088400438
              ],
              [
                139.524896382,
                -8.088298438
              ],
              [
                139.524692681,
                -8.088156839
              ],
              [
                139.524468379,
                -8.08803674
              ],
              [
                139.524383579,
                -8.08803794
              ],
              [
                139.524142278,
                -8.088057141
              ],
              [
                139.523897477,
                -8.088049942
              ],
              [
                139.523833177,
                -8.088286442
              ],
              [
                139.523633175,
                -8.088147243
              ],
              [
                139.523390774,
                -8.088156843
              ],
              [
                139.523389475,
                -8.088405243
              ],
              [
                139.523310675,
                -8.088636844
              ],
              [
                139.523065874,
                -8.088640445
              ],
              [
                139.522822173,
                -8.088651246
              ],
              [
                139.522696072,
                -8.088438846
              ],
              [
                139.52249847,
                -8.088284046
              ],
              [
                139.522414869,
                -8.088055946
              ],
              [
                139.522371268,
                -8.087814746
              ],
              [
                139.522314267,
                -8.087573546
              ],
              [
                139.522293666,
                -8.087320246
              ],
              [
                139.522322765,
                -8.087074246
              ],
              [
                139.522337265,
                -8.086825846
              ],
              [
                139.522281563,
                -8.086591746
              ],
              [
                139.522219662,
                -8.086356546
              ],
              [
                139.522129962,
                -8.086360146
              ],
              [
                139.521992961,
                -8.086284547
              ],
              [
                139.52175906,
                -8.086210147
              ],
              [
                139.521511758,
                -8.086190948
              ],
              [
                139.521269257,
                -8.086194549
              ],
              [
                139.521064456,
                -8.08632175
              ],
              [
                139.520909256,
                -8.08652335
              ],
              [
                139.520812257,
                -8.086753851
              ],
              [
                139.520708057,
                -8.086993851
              ],
              [
                139.520720158,
                -8.087233851
              ],
              [
                139.520756559,
                -8.087473952
              ],
              [
                139.52080016,
                -8.087716352
              ],
              [
                139.520826861,
                -8.087964752
              ],
              [
                139.520872862,
                -8.088215652
              ],
              [
                139.520876562,
                -8.088459252
              ],
              [
                139.520886263,
                -8.088705252
              ],
              [
                139.520900764,
                -8.088958552
              ],
              [
                139.520897165,
                -8.089229752
              ],
              [
                139.520951666,
                -8.089317352
              ],
              [
                139.521058367,
                -8.089534552
              ],
              [
                139.521199962,
                -8.089734277
              ],
              [
                139.521209868,
                -8.089748252
              ],
              [
                139.52134807,
                -8.089951051
              ],
              [
                139.521493571,
                -8.090156251
              ],
              [
                139.521630573,
                -8.090367451
              ],
              [
                139.521785674,
                -8.09055475
              ],
              [
                139.521945776,
                -8.09076595
              ],
              [
                139.522070577,
                -8.090978349
              ],
              [
                139.522218478,
                -8.091175149
              ],
              [
                139.52239788,
                -8.091337249
              ],
              [
                139.522573681,
                -8.091507648
              ],
              [
                139.522753083,
                -8.091696048
              ],
              [
                139.522854883,
                -8.091728447
              ],
              [
                139.523042785,
                -8.091889247
              ],
              [
                139.523115586,
                -8.092124547
              ],
              [
                139.523240387,
                -8.092338147
              ],
              [
                139.523384689,
                -8.092533746
              ],
              [
                139.52360899,
                -8.092636946
              ],
              [
                139.523842892,
                -8.092698145
              ],
              [
                139.524084193,
                -8.092768944
              ],
              [
                139.524241794,
                -8.092962244
              ],
              [
                139.524345996,
                -8.093181843
              ],
              [
                139.524452697,
                -8.093402643
              ],
              [
                139.524622398,
                -8.093577843
              ],
              [
                139.5248273,
                -8.093731442
              ],
              [
                139.525017602,
                -8.093905542
              ],
              [
                139.525221203,
                -8.094043541
              ],
              [
                139.525406705,
                -8.094212741
              ],
              [
                139.525543706,
                -8.09442634
              ],
              [
                139.525612807,
                -8.09467364
              ],
              [
                139.525730408,
                -8.09488364
              ],
              [
                139.52586621,
                -8.09510204
              ],
              [
                139.525960711,
                -8.09524124
              ],
              [
                139.526075912,
                -8.095454939
              ],
              [
                139.526255314,
                -8.095616939
              ],
              [
                139.526435915,
                -8.095778938
              ],
              [
                139.526663816,
                -8.095886938
              ],
              [
                139.526905118,
                -8.095943337
              ],
              [
                139.527163319,
                -8.095938536
              ],
              [
                139.527405721,
                -8.095958935
              ],
              [
                139.527645722,
                -8.095993734
              ],
              [
                139.527862723,
                -8.096106534
              ],
              [
                139.527865224,
                -8.096349034
              ],
              [
                139.527996125,
                -8.096554234
              ],
              [
                139.528237327,
                -8.096632233
              ],
              [
                139.528482228,
                -8.096677832
              ],
              [
                139.528716129,
                -8.096610631
              ],
              [
                139.528792529,
                -8.096380231
              ],
              [
                139.528959829,
                -8.09620253
              ],
              [
                139.528988929,
                -8.09595653
              ],
              [
                139.529091928,
                -8.09572973
              ],
              [
                139.529312629,
                -8.095609729
              ],
              [
                139.52955503,
                -8.095598928
              ],
              [
                139.529799932,
                -8.095618127
              ],
              [
                139.530035133,
                -8.095680526
              ],
              [
                139.530263034,
                -8.095770526
              ],
              [
                139.530520036,
                -8.095841325
              ],
              [
                139.530767337,
                -8.095895324
              ],
              [
                139.531020639,
                -8.095960123
              ],
              [
                139.53121944,
                -8.096098123
              ],
              [
                139.531432842,
                -8.096242222
              ],
              [
                139.531636443,
                -8.096382622
              ],
              [
                139.531866845,
                -8.096502621
              ],
              [
                139.532074147,
                -8.09664422
              ],
              [
                139.532275348,
                -8.09679062
              ],
              [
                139.53245355,
                -8.096994619
              ],
              [
                139.53246225,
                -8.097097719
              ],
              [
                139.532549251,
                -8.097335219
              ],
              [
                139.532723853,
                -8.097503319
              ],
              [
                139.532951754,
                -8.097607718
              ],
              [
                139.533192956,
                -8.097667717
              ],
              [
                139.533403957,
                -8.097791317
              ],
              [
                139.533618459,
                -8.097928116
              ],
              [
                139.53386096,
                -8.097961715
              ],
              [
                139.534098561,
                -8.097892115
              ],
              [
                139.534307062,
                -8.097766114
              ],
              [
                139.534517962,
                -8.097637713
              ],
              [
                139.534713163,
                -8.097486512
              ],
              [
                139.534802863,
                -8.097383212
              ],
              [
                139.534943463,
                -8.097180411
              ],
              [
                139.535073163,
                -8.096976411
              ],
              [
                139.535244163,
                -8.09680241
              ],
              [
                139.535227162,
                -8.09655641
              ],
              [
                139.535265962,
                -8.09631151
              ],
              [
                139.535348361,
                -8.096083509
              ],
              [
                139.535463561,
                -8.095861509
              ],
              [
                139.535606561,
                -8.095667108
              ],
              [
                139.535754461,
                -8.095477408
              ],
              [
                139.535864761,
                -8.095255407
              ],
              [
                139.536049062,
                -8.095095806
              ],
              [
                139.536236962,
                -8.094923006
              ],
              [
                139.536440563,
                -8.094783805
              ],
              [
                139.536692764,
                -8.094749004
              ],
              [
                139.536936465,
                -8.094724903
              ],
              [
                139.537158266,
                -8.094824602
              ],
              [
                139.537397068,
                -8.094777802
              ],
              [
                139.537647969,
                -8.094757401
              ],
              [
                139.53785407,
                -8.094893
              ],
              [
                139.538075972,
                -8.0949926
              ],
              [
                139.538152273,
                -8.095238599
              ],
              [
                139.538210474,
                -8.095471399
              ],
              [
                139.538288075,
                -8.095706699
              ],
              [
                139.538315976,
                -8.095956299
              ],
              [
                139.538462677,
                -8.096149499
              ],
              [
                139.538526878,
                -8.096297099
              ],
              [
                139.53864088,
                -8.096519199
              ],
              [
                139.538777881,
                -8.096731598
              ],
              [
                139.538902682,
                -8.096948798
              ],
              [
                139.539054184,
                -8.097152798
              ],
              [
                139.539245785,
                -8.097299197
              ],
              [
                139.539423987,
                -8.097464897
              ],
              [
                139.539466388,
                -8.097702497
              ],
              [
                139.539510089,
                -8.097943697
              ],
              [
                139.539491889,
                -8.098184897
              ],
              [
                139.539591291,
                -8.098410597
              ],
              [
                139.539763392,
                -8.098582196
              ],
              [
                139.539855493,
                -8.098813796
              ],
              [
                139.539920995,
                -8.099050196
              ],
              [
                139.539894295,
                -8.099292696
              ],
              [
                139.539973096,
                -8.099527896
              ],
              [
                139.539983997,
                -8.099779896
              ],
              [
                139.539954898,
                -8.100018697
              ],
              [
                139.539809498,
                -8.100213097
              ],
              [
                139.539712498,
                -8.100436398
              ],
              [
                139.539564598,
                -8.100628398
              ],
              [
                139.539387598,
                -8.100802399
              ],
              [
                139.539136696,
                -8.1007232
              ],
              [
                139.538894195,
                -8.100675201
              ],
              [
                139.538730594,
                -8.100852801
              ],
              [
                139.538680895,
                -8.101094002
              ],
              [
                139.538592395,
                -8.101319702
              ],
              [
                139.538435995,
                -8.101515303
              ],
              [
                139.538226294,
                -8.101644903
              ],
              [
                139.538073494,
                -8.101830904
              ],
              [
                139.537861394,
                -8.101947305
              ],
              [
                139.537612892,
                -8.101950906
              ],
              [
                139.537383791,
                -8.101859706
              ],
              [
                139.53714009,
                -8.101823707
              ],
              [
                139.536900088,
                -8.101853708
              ],
              [
                139.536684288,
                -8.101980909
              ],
              [
                139.536552188,
                -8.102187309
              ],
              [
                139.536355787,
                -8.10233861
              ],
              [
                139.536112086,
                -8.102349411
              ],
              [
                139.535869685,
                -8.102312212
              ],
              [
                139.535689083,
                -8.102145312
              ],
              [
                139.535593282,
                -8.101922112
              ],
              [
                139.535538681,
                -8.101685712
              ],
              [
                139.53553508,
                -8.101440912
              ],
              [
                139.53565028,
                -8.101223712
              ],
              [
                139.53575208,
                -8.101006411
              ],
              [
                139.535601778,
                -8.100819211
              ],
              [
                139.535355677,
                -8.100801212
              ],
              [
                139.535114476,
                -8.100846813
              ],
              [
                139.534880475,
                -8.100766414
              ],
              [
                139.534685273,
                -8.100616414
              ],
              [
                139.534533772,
                -8.100426815
              ],
              [
                139.53430947,
                -8.100330815
              ],
              [
                139.534062169,
                -8.100306816
              ],
              [
                139.533813668,
                -8.100329617
              ],
              [
                139.533574867,
                -8.100381218
              ],
              [
                139.533334865,
                -8.100420819
              ],
              [
                139.533091164,
                -8.100450819
              ],
              [
                139.533085164,
                -8.10044122
              ],
              [
                139.532841463,
                -8.10044122
              ],
              [
                139.532613562,
                -8.100537221
              ],
              [
                139.532495962,
                -8.100746022
              ],
              [
                139.532549263,
                -8.100981222
              ],
              [
                139.532756565,
                -8.101115621
              ],
              [
                139.532786866,
                -8.101359321
              ],
              [
                139.532769967,
                -8.101599321
              ],
              [
                139.532626866,
                -8.101799722
              ],
              [
                139.532402666,
                -8.101901723
              ],
              [
                139.532169865,
                -8.101968924
              ],
              [
                139.532066865,
                -8.102186124
              ],
              [
                139.532051066,
                -8.102439424
              ],
              [
                139.532075367,
                -8.102689024
              ],
              [
                139.532086267,
                -8.102947024
              ],
              [
                139.532085068,
                -8.103190625
              ],
              [
                139.532069269,
                -8.103441525
              ],
              [
                139.53210077,
                -8.103536325
              ],
              [
                139.532161371,
                -8.103771525
              ],
              [
                139.532255972,
                -8.103997125
              ],
              [
                139.532401473,
                -8.104191524
              ],
              [
                139.532538375,
                -8.104388424
              ],
              [
                139.532663276,
                -8.104598424
              ],
              [
                139.532803877,
                -8.104801223
              ],
              [
                139.532895978,
                -8.105026823
              ],
              [
                139.532823279,
                -8.105259623
              ],
              [
                139.532625678,
                -8.105402424
              ],
              [
                139.532549279,
                -8.105629325
              ],
              [
                139.532458379,
                -8.105865725
              ],
              [
                139.53243298,
                -8.106105725
              ],
              [
                139.532449881,
                -8.106345725
              ],
              [
                139.532464037,
                -8.106402376
              ],
              [
                139.532508082,
                -8.106578625
              ],
              [
                139.532598983,
                -8.106805425
              ],
              [
                139.532767584,
                -8.106992625
              ],
              [
                139.532959086,
                -8.107184624
              ],
              [
                139.533165188,
                -8.107351424
              ],
              [
                139.533349389,
                -8.107511023
              ],
              [
                139.53349249,
                -8.107707823
              ],
              [
                139.533650092,
                -8.107914322
              ],
              [
                139.533773693,
                -8.108129122
              ],
              [
                139.533877995,
                -8.108364322
              ],
              [
                139.533965196,
                -8.108593522
              ],
              [
                139.534016197,
                -8.108837122
              ],
              [
                139.534057398,
                -8.109089222
              ],
              [
                139.534122799,
                -8.109332822
              ],
              [
                139.5342198,
                -8.109554822
              ],
              [
                139.534320402,
                -8.109776821
              ],
              [
                139.534481703,
                -8.109959221
              ],
              [
                139.534554404,
                -8.110187321
              ],
              [
                139.534521704,
                -8.110244921
              ],
              [
                139.534714406,
                -8.110392521
              ],
              [
                139.534893807,
                -8.11057012
              ],
              [
                139.535057509,
                -8.11075852
              ],
              [
                139.53525751,
                -8.110901319
              ],
              [
                139.535467211,
                -8.111022519
              ],
              [
                139.535700013,
                -8.111104118
              ],
              [
                139.535950914,
                -8.111101717
              ],
              [
                139.536197015,
                -8.111056116
              ],
              [
                139.536447917,
                -8.111057315
              ],
              [
                139.536707318,
                -8.111057314
              ],
              [
                139.536951019,
                -8.111076514
              ],
              [
                139.537216521,
                -8.111076513
              ],
              [
                139.537461422,
                -8.111087312
              ],
              [
                139.537711123,
                -8.111087311
              ],
              [
                139.537958424,
                -8.11109691
              ],
              [
                139.538223926,
                -8.111084909
              ],
              [
                139.538463927,
                -8.111058509
              ],
              [
                139.538706328,
                -8.111056108
              ],
              [
                139.538962129,
                -8.111041707
              ],
              [
                139.539198531,
                -8.111105306
              ],
              [
                139.539374332,
                -8.111153306
              ],
              [
                139.539620433,
                -8.111192905
              ],
              [
                139.539862835,
                -8.111242104
              ],
              [
                139.540079836,
                -8.111348904
              ],
              [
                139.540288338,
                -8.111476203
              ],
              [
                139.540521138,
                -8.111388502
              ],
              [
                139.54076964,
                -8.111370501
              ],
              [
                139.541022941,
                -8.1113597
              ],
              [
                139.541248442,
                -8.1112685
              ],
              [
                139.541465443,
                -8.111149699
              ],
              [
                139.541681243,
                -8.111039298
              ],
              [
                139.541835143,
                -8.110846097
              ],
              [
                139.541955243,
                -8.110632497
              ],
              [
                139.542008543,
                -8.110386497
              ],
              [
                139.542024242,
                -8.110138096
              ],
              [
                139.542040041,
                -8.109895596
              ],
              [
                139.54199884,
                -8.109648396
              ],
              [
                139.541966139,
                -8.109409596
              ],
              [
                139.541972138,
                -8.109153996
              ],
              [
                139.541983038,
                -8.108893596
              ],
              [
                139.542013337,
                -8.108653495
              ],
              [
                139.542106737,
                -8.108425495
              ],
              [
                139.542196436,
                -8.108181895
              ],
              [
                139.542322536,
                -8.107967094
              ],
              [
                139.542380636,
                -8.107727094
              ],
              [
                139.542467936,
                -8.107503793
              ],
              [
                139.542568535,
                -8.107255393
              ],
              [
                139.542635235,
                -8.107012992
              ],
              [
                139.542727434,
                -8.106763392
              ],
              [
                139.542751634,
                -8.106522192
              ],
              [
                139.542748034,
                -8.106508992
              ],
              [
                139.542729409,
                -8.106402342
              ],
              [
                139.542706733,
                -8.106272492
              ],
              [
                139.542691032,
                -8.106033692
              ],
              [
                139.542680131,
                -8.105782891
              ],
              [
                139.54270553,
                -8.105538091
              ],
              [
                139.542703129,
                -8.105288491
              ],
              [
                139.542675228,
                -8.105050791
              ],
              [
                139.542726128,
                -8.104802391
              ],
              [
                139.542764927,
                -8.10455879
              ],
              [
                139.542811027,
                -8.10432359
              ],
              [
                139.542887426,
                -8.10408949
              ],
              [
                139.542951626,
                -8.103859089
              ],
              [
                139.543034025,
                -8.103615489
              ],
              [
                139.543138325,
                -8.103380288
              ],
              [
                139.543235325,
                -8.103160688
              ],
              [
                139.543303225,
                -8.102926587
              ],
              [
                139.543385624,
                -8.102699787
              ],
              [
                139.543539624,
                -8.102513786
              ],
              [
                139.543605024,
                -8.102266586
              ],
              [
                139.543655924,
                -8.102157386
              ],
              [
                139.543819624,
                -8.101970085
              ],
              [
                139.544034225,
                -8.101838084
              ],
              [
                139.544264525,
                -8.101721684
              ],
              [
                139.544499726,
                -8.101667683
              ],
              [
                139.544737328,
                -8.101616082
              ],
              [
                139.544974929,
                -8.101562081
              ],
              [
                139.544992882,
                -8.10156165
              ],
              [
                139.54522463,
                -8.10155608
              ],
              [
                139.545464631,
                -8.10158968
              ],
              [
                139.545490131,
                -8.101572879
              ],
              [
                139.545726433,
                -8.101629279
              ],
              [
                139.545945934,
                -8.101772078
              ],
              [
                139.546079236,
                -8.101971278
              ],
              [
                139.546178637,
                -8.102210178
              ],
              [
                139.546328938,
                -8.102403377
              ],
              [
                139.54649264,
                -8.102600177
              ],
              [
                139.546567741,
                -8.102830577
              ],
              [
                139.546645342,
                -8.103066977
              ],
              [
                139.546730243,
                -8.103297476
              ],
              [
                139.546815044,
                -8.103531476
              ],
              [
                139.546885346,
                -8.103769076
              ],
              [
                139.546941147,
                -8.104012676
              ],
              [
                139.546972648,
                -8.104256376
              ],
              [
                139.546999349,
                -8.104502376
              ],
              [
                139.546970249,
                -8.104741177
              ],
              [
                139.54698355,
                -8.104979977
              ],
              [
                139.547039351,
                -8.105213977
              ],
              [
                139.547114552,
                -8.105450477
              ],
              [
                139.547198154,
                -8.105683276
              ],
              [
                139.547261155,
                -8.105918476
              ],
              [
                139.547309656,
                -8.106153676
              ],
              [
                139.547382457,
                -8.106387676
              ],
              [
                139.547450358,
                -8.106622976
              ],
              [
                139.547503659,
                -8.106862976
              ],
              [
                139.54756426,
                -8.107096976
              ],
              [
                139.547655161,
                -8.107321376
              ],
              [
                139.547790963,
                -8.107530176
              ],
              [
                139.547892764,
                -8.107749875
              ],
              [
                139.547959465,
                -8.107989875
              ],
              [
                139.548007966,
                -8.108225075
              ],
              [
                139.548090367,
                -8.108457875
              ],
              [
                139.548189769,
                -8.108677475
              ],
              [
                139.54828197,
                -8.108907975
              ],
              [
                139.548369171,
                -8.109158775
              ],
              [
                139.548424972,
                -8.109396375
              ],
              [
                139.548527973,
                -8.109618375
              ],
              [
                139.548595875,
                -8.109871574
              ],
              [
                139.548629876,
                -8.110128475
              ],
              [
                139.548663777,
                -8.110379275
              ],
              [
                139.548616477,
                -8.110566475
              ],
              [
                139.548575278,
                -8.110802875
              ],
              [
                139.548518278,
                -8.111035675
              ],
              [
                139.548415278,
                -8.111252876
              ],
              [
                139.548251578,
                -8.111432977
              ],
              [
                139.548049177,
                -8.111564977
              ],
              [
                139.547841877,
                -8.111692178
              ],
              [
                139.547640676,
                -8.111828979
              ],
              [
                139.547438176,
                -8.11196578
              ],
              [
                139.547230875,
                -8.11209658
              ],
              [
                139.547009074,
                -8.112232181
              ],
              [
                139.546787274,
                -8.112334182
              ],
              [
                139.546571473,
                -8.112444583
              ],
              [
                139.546400573,
                -8.112631784
              ],
              [
                139.546270773,
                -8.112834684
              ],
              [
                139.546092572,
                -8.113003885
              ],
              [
                139.545893772,
                -8.113168286
              ],
              [
                139.545674371,
                -8.113301486
              ],
              [
                139.54543437,
                -8.113423887
              ],
              [
                139.545201569,
                -8.113494688
              ],
              [
                139.544963968,
                -8.113565489
              ],
              [
                139.544716667,
                -8.11359909
              ],
              [
                139.544475466,
                -8.11360989
              ],
              [
                139.544220865,
                -8.113597891
              ],
              [
                139.544088764,
                -8.113601492
              ],
              [
                139.543826963,
                -8.113571493
              ],
              [
                139.543612361,
                -8.113443093
              ],
              [
                139.54339296,
                -8.113325494
              ],
              [
                139.543154158,
                -8.113246295
              ],
              [
                139.542903156,
                -8.113150295
              ],
              [
                139.542674055,
                -8.113044696
              ],
              [
                139.542527824,
                -8.113031713
              ],
              [
                139.542403754,
                -8.113020697
              ],
              [
                139.542167352,
                -8.112965498
              ],
              [
                139.541934551,
                -8.112901898
              ],
              [
                139.541819047,
                -8.112880704
              ],
              [
                139.541686049,
                -8.112856299
              ],
              [
                139.541435148,
                -8.1128647
              ],
              [
                139.541185447,
                -8.112912701
              ],
              [
                139.540942946,
                -8.112958302
              ],
              [
                139.540904157,
                -8.112975209
              ],
              [
                139.540875934,
                -8.112987511
              ],
              [
                139.540719945,
                -8.113055503
              ],
              [
                139.540466544,
                -8.113097503
              ],
              [
                139.540264143,
                -8.113243904
              ],
              [
                139.540107743,
                -8.113437105
              ],
              [
                139.539919843,
                -8.113601506
              ],
              [
                139.539891965,
                -8.113663507
              ],
              [
                139.539821643,
                -8.113819906
              ],
              [
                139.539822844,
                -8.114068306
              ],
              [
                139.539831728,
                -8.114183194
              ],
              [
                139.539842245,
                -8.114319206
              ],
              [
                139.539849277,
                -8.114409243
              ],
              [
                139.539861646,
                -8.114567606
              ],
              [
                139.539948947,
                -8.114795606
              ],
              [
                139.540119848,
                -8.114969606
              ],
              [
                139.54034415,
                -8.115089605
              ],
              [
                139.540561151,
                -8.115212004
              ],
              [
                139.540768453,
                -8.115342804
              ],
              [
                139.540978154,
                -8.115476003
              ],
              [
                139.541161263,
                -8.115580276
              ],
              [
                139.541189056,
                -8.115596103
              ],
              [
                139.541425457,
                -8.115688502
              ],
              [
                139.541650959,
                -8.115786901
              ],
              [
                139.541662739,
                -8.115794542
              ],
              [
                139.541720726,
                -8.115832155
              ],
              [
                139.541790158,
                -8.115877192
              ],
              [
                139.541804435,
                -8.115886452
              ],
              [
                139.54186186,
                -8.115923701
              ],
              [
                139.541972188,
                -8.116011501
              ],
              [
                139.541983149,
                -8.116020224
              ],
              [
                139.542053362,
                -8.1160761
              ],
              [
                139.542082834,
                -8.116094164
              ],
              [
                139.542254193,
                -8.116199195
              ],
              [
                139.542266763,
                -8.116206899
              ],
              [
                139.542366183,
                -8.116315422
              ],
              [
                139.542431665,
                -8.116386899
              ],
              [
                139.542435021,
                -8.116389651
              ],
              [
                139.542621966,
                -8.116542898
              ],
              [
                139.542629757,
                -8.116553843
              ],
              [
                139.542679333,
                -8.116623487
              ],
              [
                139.542726315,
                -8.116689485
              ],
              [
                139.542740767,
                -8.116702498
              ],
              [
                139.542747273,
                -8.116709656
              ],
              [
                139.542778535,
                -8.116744051
              ],
              [
                139.542883133,
                -8.116859133
              ],
              [
                139.542904369,
                -8.116882498
              ],
              [
                139.54311047,
                -8.117010897
              ],
              [
                139.543312972,
                -8.117177697
              ],
              [
                139.543481473,
                -8.117354196
              ],
              [
                139.543648775,
                -8.117528196
              ],
              [
                139.543777276,
                -8.117733395
              ],
              [
                139.543911778,
                -8.117936195
              ],
              [
                139.544097279,
                -8.118117395
              ],
              [
                139.544258481,
                -8.118300994
              ],
              [
                139.544386982,
                -8.118507394
              ],
              [
                139.544407191,
                -8.118520808
              ],
              [
                139.544593083,
                -8.118644193
              ],
              [
                139.544812485,
                -8.118744993
              ],
              [
                139.545047686,
                -8.118834992
              ],
              [
                139.545291288,
                -8.118878191
              ],
              [
                139.545522889,
                -8.11896349
              ],
              [
                139.545743491,
                -8.11906429
              ],
              [
                139.545909592,
                -8.119258689
              ],
              [
                139.546115694,
                -8.119388289
              ],
              [
                139.546339895,
                -8.119507088
              ],
              [
                139.546573897,
                -8.119581487
              ],
              [
                139.546788498,
                -8.119701487
              ],
              [
                139.547030899,
                -8.119731486
              ],
              [
                139.5472552,
                -8.119625885
              ],
              [
                139.547503701,
                -8.119537084
              ],
              [
                139.547758302,
                -8.119519083
              ],
              [
                139.547851603,
                -8.119490283
              ],
              [
                139.548081904,
                -8.119401482
              ],
              [
                139.548322005,
                -8.119349881
              ],
              [
                139.548535305,
                -8.119229881
              ],
              [
                139.548724406,
                -8.11908108
              ],
              [
                139.548871106,
                -8.118889079
              ],
              [
                139.549009306,
                -8.118687379
              ],
              [
                139.549125706,
                -8.118462978
              ],
              [
                139.549213006,
                -8.118221778
              ],
              [
                139.549251705,
                -8.117964978
              ],
              [
                139.549319604,
                -8.117733377
              ],
              [
                139.549432404,
                -8.117514977
              ],
              [
                139.549450499,
                -8.117472154
              ],
              [
                139.549525704,
                -8.117294176
              ],
              [
                139.549625104,
                -8.117054176
              ],
              [
                139.549724503,
                -8.116829675
              ],
              [
                139.549811803,
                -8.116596875
              ],
              [
                139.549918503,
                -8.116379674
              ],
              [
                139.550036103,
                -8.116160074
              ],
              [
                139.550228803,
                -8.116016073
              ],
              [
                139.550399704,
                -8.115836072
              ],
              [
                139.550590104,
                -8.115682472
              ],
              [
                139.550738004,
                -8.115492871
              ],
              [
                139.550907704,
                -8.11531397
              ],
              [
                139.551053105,
                -8.11511957
              ],
              [
                139.551180349,
                -8.114948079
              ],
              [
                139.551210705,
                -8.114907169
              ],
              [
                139.551353805,
                -8.114713968
              ],
              [
                139.551499305,
                -8.114513568
              ],
              [
                139.55153603,
                -8.114492254
              ],
              [
                139.55162526,
                -8.114440467
              ],
              [
                139.551710205,
                -8.114391167
              ],
              [
                139.551921106,
                -8.114238766
              ],
              [
                139.551938106,
                -8.114237566
              ],
              [
                139.552184207,
                -8.114250765
              ],
              [
                139.552426609,
                -8.114299965
              ],
              [
                139.55263511,
                -8.114435564
              ],
              [
                139.552761212,
                -8.114649164
              ],
              [
                139.552863013,
                -8.114872364
              ],
              [
                139.552886114,
                -8.115115964
              ],
              [
                139.552894515,
                -8.115365564
              ],
              [
                139.552984316,
                -8.115593664
              ],
              [
                139.552996417,
                -8.115836064
              ],
              [
                139.552949117,
                -8.116074864
              ],
              [
                139.552835118,
                -8.116286065
              ],
              [
                139.552815718,
                -8.116539265
              ],
              [
                139.552818219,
                -8.116781665
              ],
              [
                139.55281092,
                -8.117021765
              ],
              [
                139.55271632,
                -8.117256966
              ],
              [
                139.552653321,
                -8.117498166
              ],
              [
                139.552626621,
                -8.117751366
              ],
              [
                139.552613322,
                -8.117996166
              ],
              [
                139.552600023,
                -8.118234967
              ],
              [
                139.552633924,
                -8.118491767
              ],
              [
                139.552643625,
                -8.118735467
              ],
              [
                139.552613325,
                -8.118976667
              ],
              [
                139.552552726,
                -8.119217867
              ],
              [
                139.552535727,
                -8.119463868
              ],
              [
                139.552513927,
                -8.119709868
              ],
              [
                139.552430328,
                -8.119937868
              ],
              [
                139.552330928,
                -8.120159869
              ],
              [
                139.552238728,
                -8.120395069
              ],
              [
                139.552128428,
                -8.12060997
              ],
              [
                139.552026629,
                -8.12083197
              ],
              [
                139.551849628,
                -8.121011971
              ],
              [
                139.551709028,
                -8.121213571
              ],
              [
                139.551578028,
                -8.121416372
              ],
              [
                139.551536053,
                -8.121487531
              ],
              [
                139.551452028,
                -8.121629973
              ],
              [
                139.551321128,
                -8.121872373
              ],
              [
                139.551180373,
                -8.122038682
              ],
              [
                139.551158628,
                -8.122064374
              ],
              [
                139.551142719,
                -8.122112101
              ],
              [
                139.551082229,
                -8.122293574
              ],
              [
                139.550991329,
                -8.122519275
              ],
              [
                139.550893129,
                -8.122744875
              ],
              [
                139.55083133,
                -8.122980075
              ],
              [
                139.55075613,
                -8.123208076
              ],
              [
                139.550753274,
                -8.123242347
              ],
              [
                139.550735531,
                -8.123455276
              ],
              [
                139.550678631,
                -8.123691676
              ],
              [
                139.550630131,
                -8.123792477
              ],
              [
                139.550586432,
                -8.124034877
              ],
              [
                139.550512532,
                -8.124262877
              ],
              [
                139.550478533,
                -8.124510078
              ],
              [
                139.550436134,
                -8.124752478
              ],
              [
                139.550392534,
                -8.125006978
              ],
              [
                139.550353735,
                -8.125258979
              ],
              [
                139.550331285,
                -8.125455961
              ],
              [
                139.550325835,
                -8.125503779
              ],
              [
                139.550265236,
                -8.125740179
              ],
              [
                139.550158536,
                -8.12596098
              ],
              [
                139.550054336,
                -8.12619858
              ],
              [
                139.549985237,
                -8.12642898
              ],
              [
                139.549946437,
                -8.126676181
              ],
              [
                139.549936738,
                -8.126929381
              ],
              [
                139.549968239,
                -8.127174181
              ],
              [
                139.55004094,
                -8.127407081
              ],
              [
                139.550116141,
                -8.127636281
              ],
              [
                139.550333143,
                -8.12775748
              ],
              [
                139.550577944,
                -8.127722679
              ],
              [
                139.550768345,
                -8.127570279
              ],
              [
                139.550934345,
                -8.127383078
              ],
              [
                139.551117445,
                -8.127224577
              ],
              [
                139.551267745,
                -8.127034977
              ],
              [
                139.551470246,
                -8.126895776
              ],
              [
                139.551630246,
                -8.126706175
              ],
              [
                139.551778146,
                -8.126494975
              ],
              [
                139.551924746,
                -8.126302974
              ],
              [
                139.552098147,
                -8.126125373
              ],
              [
                139.552343048,
                -8.126172173
              ],
              [
                139.552584249,
                -8.126186572
              ],
              [
                139.552698251,
                -8.126419372
              ],
              [
                139.552711552,
                -8.126674972
              ],
              [
                139.552706652,
                -8.126942572
              ],
              [
                139.552718853,
                -8.126976172
              ],
              [
                139.552797654,
                -8.127220972
              ],
              [
                139.552866755,
                -8.127477872
              ],
              [
                139.552847356,
                -8.127726272
              ],
              [
                139.552853357,
                -8.127974672
              ],
              [
                139.552878858,
                -8.128226672
              ],
              [
                139.552905558,
                -8.128467872
              ],
              [
                139.552922547,
                -8.128536644
              ],
              [
                139.55296366,
                -8.128703072
              ],
              [
                139.553055861,
                -8.128926272
              ],
              [
                139.553147962,
                -8.129177072
              ],
              [
                139.553242563,
                -8.129402672
              ],
              [
                139.553324965,
                -8.129642671
              ],
              [
                139.553390466,
                -8.129874271
              ],
              [
                139.553475267,
                -8.130115471
              ],
              [
                139.553521368,
                -8.130351871
              ],
              [
                139.553572269,
                -8.130603971
              ],
              [
                139.55363287,
                -8.130845171
              ],
              [
                139.553676471,
                -8.131081571
              ],
              [
                139.553739572,
                -8.131316771
              ],
              [
                139.553763773,
                -8.131563971
              ],
              [
                139.553812274,
                -8.131808771
              ],
              [
                139.553870475,
                -8.132055971
              ],
              [
                139.553874076,
                -8.132304371
              ],
              [
                139.553851077,
                -8.132545572
              ],
              [
                139.553829278,
                -8.132785572
              ],
              [
                139.553797778,
                -8.133029172
              ],
              [
                139.553737179,
                -8.133260772
              ],
              [
                139.553682579,
                -8.133494773
              ],
              [
                139.55359768,
                -8.133725173
              ],
              [
                139.55353228,
                -8.133967574
              ],
              [
                139.553527381,
                -8.134218374
              ],
              [
                139.553569882,
                -8.134469174
              ],
              [
                139.553538283,
                -8.134706774
              ],
              [
                139.553543183,
                -8.134933574
              ],
              [
                139.553682585,
                -8.135141274
              ],
              [
                139.553917786,
                -8.135213273
              ],
              [
                139.554154187,
                -8.135159272
              ],
              [
                139.554389288,
                -8.135078871
              ],
              [
                139.554592989,
                -8.134946871
              ],
              [
                139.554744489,
                -8.13475957
              ],
              [
                139.554940889,
                -8.134610769
              ],
              [
                139.55512399,
                -8.134442769
              ],
              [
                139.55526339,
                -8.134236368
              ],
              [
                139.55539909,
                -8.134034767
              ],
              [
                139.555481589,
                -8.133786367
              ],
              [
                139.555544589,
                -8.133553567
              ],
              [
                139.555491288,
                -8.133317167
              ],
              [
                139.555490087,
                -8.133072367
              ],
              [
                139.555414886,
                -8.132843167
              ],
              [
                139.555373685,
                -8.132588767
              ],
              [
                139.555340984,
                -8.132348767
              ],
              [
                139.555305783,
                -8.132106366
              ],
              [
                139.555256082,
                -8.131871167
              ],
              [
                139.555263382,
                -8.131791966
              ],
              [
                139.555292481,
                -8.131553166
              ],
              [
                139.55531428,
                -8.131305966
              ],
              [
                139.55540278,
                -8.131082766
              ],
              [
                139.555433079,
                -8.130824765
              ],
              [
                139.555488779,
                -8.130570365
              ],
              [
                139.555551878,
                -8.130319465
              ],
              [
                139.555595478,
                -8.130059064
              ],
              [
                139.555620977,
                -8.129820264
              ],
              [
                139.555603976,
                -8.129579064
              ],
              [
                139.555626975,
                -8.129340264
              ],
              [
                139.555635475,
                -8.129094263
              ],
              [
                139.555642774,
                -8.128849463
              ],
              [
                139.555680373,
                -8.128596263
              ],
              [
                139.555696862,
                -8.128536634
              ],
              [
                139.555747073,
                -8.128355063
              ],
              [
                139.555726372,
                -8.128091063
              ],
              [
                139.555716671,
                -8.127842662
              ],
              [
                139.55569607,
                -8.127587062
              ],
              [
                139.555698569,
                -8.127343462
              ],
              [
                139.555727668,
                -8.127100962
              ],
              [
                139.555797968,
                -8.126868162
              ],
              [
                139.555868267,
                -8.126631761
              ],
              [
                139.556001567,
                -8.126418161
              ],
              [
                139.556205325,
                -8.126286057
              ],
              [
                139.556208868,
                -8.12628376
              ],
              [
                139.556431969,
                -8.126182959
              ],
              [
                139.55667077,
                -8.126232158
              ],
              [
                139.556920471,
                -8.126202157
              ],
              [
                139.557127773,
                -8.126344957
              ],
              [
                139.557314474,
                -8.126503356
              ],
              [
                139.557504776,
                -8.126660556
              ],
              [
                139.557629677,
                -8.126900555
              ],
              [
                139.557760579,
                -8.127105755
              ],
              [
                139.557776379,
                -8.127133355
              ],
              [
                139.55786728,
                -8.127368655
              ],
              [
                139.557937581,
                -8.127597855
              ],
              [
                139.558012682,
                -8.127847455
              ],
              [
                139.558146084,
                -8.128073055
              ],
              [
                139.558274585,
                -8.128275854
              ],
              [
                139.558285486,
                -8.128517054
              ],
              [
                139.558290573,
                -8.128536626
              ],
              [
                139.558348487,
                -8.128759454
              ],
              [
                139.558411588,
                -8.128994654
              ],
              [
                139.55852669,
                -8.129210654
              ],
              [
                139.558596991,
                -8.129444654
              ],
              [
                139.558554591,
                -8.129684654
              ],
              [
                139.558555792,
                -8.129925854
              ],
              [
                139.558565493,
                -8.130182654
              ],
              [
                139.558547294,
                -8.130427455
              ],
              [
                139.558507294,
                -8.130668755
              ],
              [
                139.558462495,
                -8.130905155
              ],
              [
                139.558433396,
                -8.131146356
              ],
              [
                139.558386096,
                -8.131383956
              ],
              [
                139.558384897,
                -8.131634756
              ],
              [
                139.558409098,
                -8.131902356
              ],
              [
                139.558467299,
                -8.132136356
              ],
              [
                139.5585207,
                -8.132384756
              ],
              [
                139.558614001,
                -8.132612756
              ],
              [
                139.558657703,
                -8.132859956
              ],
              [
                139.558735204,
                -8.133093956
              ],
              [
                139.558831005,
                -8.133323156
              ],
              [
                139.558824906,
                -8.133510356
              ],
              [
                139.558912207,
                -8.133733556
              ],
              [
                139.559039508,
                -8.133961555
              ],
              [
                139.55918381,
                -8.134161955
              ],
              [
                139.559302611,
                -8.134373155
              ],
              [
                139.559409212,
                -8.134604754
              ],
              [
                139.559513513,
                -8.134820754
              ],
              [
                139.559591115,
                -8.135048854
              ],
              [
                139.559642016,
                -8.135291254
              ],
              [
                139.559707517,
                -8.135528854
              ],
              [
                139.559736618,
                -8.135768854
              ],
              [
                139.559755919,
                -8.136007654
              ],
              [
                139.559724419,
                -8.136262054
              ],
              [
                139.55968322,
                -8.136502055
              ],
              [
                139.55963842,
                -8.136740855
              ],
              [
                139.559557121,
                -8.136980855
              ],
              [
                139.559471121,
                -8.137214856
              ],
              [
                139.559422622,
                -8.137468056
              ],
              [
                139.559383822,
                -8.137726057
              ],
              [
                139.559364423,
                -8.137966057
              ],
              [
                139.559358324,
                -8.138208457
              ],
              [
                139.559435925,
                -8.138456857
              ],
              [
                139.559549926,
                -8.138672857
              ],
              [
                139.559712328,
                -8.138862456
              ],
              [
                139.559931729,
                -8.138965656
              ],
              [
                139.560163331,
                -8.139074855
              ],
              [
                139.560393632,
                -8.139001654
              ],
              [
                139.560643333,
                -8.138999253
              ],
              [
                139.560865234,
                -8.138885252
              ],
              [
                139.561078535,
                -8.138762852
              ],
              [
                139.561272535,
                -8.138618851
              ],
              [
                139.561402235,
                -8.13839325
              ],
              [
                139.561457934,
                -8.13814485
              ],
              [
                139.561467634,
                -8.13789525
              ],
              [
                139.561491933,
                -8.137651649
              ],
              [
                139.561483432,
                -8.137384049
              ],
              [
                139.561443431,
                -8.137142849
              ],
              [
                139.56140823,
                -8.136892049
              ],
              [
                139.561401029,
                -8.136646049
              ],
              [
                139.561399828,
                -8.136404849
              ],
              [
                139.561404628,
                -8.136148049
              ],
              [
                139.561377926,
                -8.135868449
              ],
              [
                139.561345225,
                -8.135629649
              ],
              [
                139.561350025,
                -8.135407649
              ],
              [
                139.561350024,
                -8.135167648
              ],
              [
                139.561323423,
                -8.134925248
              ],
              [
                139.561340422,
                -8.134685248
              ],
              [
                139.561339121,
                -8.134439248
              ],
              [
                139.561428821,
                -8.134203948
              ],
              [
                139.561599821,
                -8.134009547
              ],
              [
                139.561830122,
                -8.133936346
              ],
              [
                139.562078624,
                -8.133936345
              ],
              [
                139.562321125,
                -8.133983144
              ],
              [
                139.562555026,
                -8.134056344
              ],
              [
                139.562776928,
                -8.134178743
              ],
              [
                139.563021729,
                -8.134220742
              ],
              [
                139.563263031,
                -8.134284341
              ],
              [
                139.563314488,
                -8.13430885
              ],
              [
                139.563482432,
                -8.134388841
              ],
              [
                139.563711534,
                -8.13446684
              ],
              [
                139.563964935,
                -8.134438039
              ],
              [
                139.564196436,
                -8.134532839
              ],
              [
                139.564442538,
                -8.134597638
              ],
              [
                139.564682539,
                -8.134645637
              ],
              [
                139.564923741,
                -8.134669636
              ],
              [
                139.565166242,
                -8.134687635
              ],
              [
                139.565413543,
                -8.134759635
              ],
              [
                139.565660845,
                -8.134805234
              ],
              [
                139.565683845,
                -8.134772834
              ],
              [
                139.565897245,
                -8.134656433
              ],
              [
                139.566126346,
                -8.134577232
              ],
              [
                139.566362747,
                -8.134528031
              ],
              [
                139.566612449,
                -8.134523231
              ],
              [
                139.56681485,
                -8.13465763
              ],
              [
                139.567010052,
                -8.134805229
              ],
              [
                139.567117953,
                -8.135020029
              ],
              [
                139.567231954,
                -8.135233629
              ],
              [
                139.567344655,
                -8.135452029
              ],
              [
                139.567476757,
                -8.135662028
              ],
              [
                139.567664658,
                -8.135836028
              ],
              [
                139.56787686,
                -8.135953627
              ],
              [
                139.567985961,
                -8.136079627
              ],
              [
                139.568166562,
                -8.136242826
              ],
              [
                139.568377464,
                -8.136373626
              ],
              [
                139.568558165,
                -8.136534425
              ],
              [
                139.568783567,
                -8.136656825
              ],
              [
                139.569005468,
                -8.136763624
              ],
              [
                139.56925277,
                -8.136786423
              ],
              [
                139.569510971,
                -8.136824822
              ],
              [
                139.569754573,
                -8.136881222
              ],
              [
                139.570006774,
                -8.136942421
              ],
              [
                139.570266175,
                -8.13694722
              ],
              [
                139.570511077,
                -8.136926819
              ],
              [
                139.570757178,
                -8.136889618
              ],
              [
                139.570999579,
                -8.136890817
              ],
              [
                139.57124568,
                -8.136905217
              ],
              [
                139.571400881,
                -8.136900416
              ],
              [
                139.571646982,
                -8.136827215
              ],
              [
                139.571896683,
                -8.136796014
              ],
              [
                139.572130584,
                -8.136733614
              ],
              [
                139.572376685,
                -8.136649613
              ],
              [
                139.572611886,
                -8.136574012
              ],
              [
                139.572850687,
                -8.136481611
              ],
              [
                139.573084688,
                -8.13637121
              ],
              [
                139.573094388,
                -8.13635681
              ],
              [
                139.573323489,
                -8.136241609
              ],
              [
                139.57357439,
                -8.136148008
              ],
              [
                139.57379019,
                -8.136038808
              ],
              [
                139.574001091,
                -8.135920007
              ],
              [
                139.574233892,
                -8.135844406
              ],
              [
                139.574453293,
                -8.135740005
              ],
              [
                139.574673893,
                -8.135606804
              ],
              [
                139.574927294,
                -8.135528803
              ],
              [
                139.575155195,
                -8.135442403
              ],
              [
                139.575397596,
                -8.135372802
              ],
              [
                139.575641297,
                -8.135316401
              ],
              [
                139.575747238,
                -8.135270138
              ],
              [
                139.575847398,
                -8.1352264
              ],
              [
                139.576095899,
                -8.135211999
              ],
              [
                139.5763262,
                -8.135132799
              ],
              [
                139.576508101,
                -8.134975598
              ],
              [
                139.576725001,
                -8.134866397
              ],
              [
                139.576971102,
                -8.134811196
              ],
              [
                139.577193003,
                -8.134698395
              ],
              [
                139.577422104,
                -8.134569995
              ],
              [
                139.577674205,
                -8.134520794
              ],
              [
                139.577922706,
                -8.134442793
              ],
              [
                139.578174907,
                -8.134404392
              ],
              [
                139.578408908,
                -8.134334791
              ],
              [
                139.578652509,
                -8.13430229
              ],
              [
                139.57889371,
                -8.134259089
              ],
              [
                139.579135011,
                -8.134179889
              ],
              [
                139.579375012,
                -8.134143888
              ],
              [
                139.579624714,
                -8.134169087
              ],
              [
                139.579746014,
                -8.134113887
              ],
              [
                139.579992015,
                -8.134031086
              ],
              [
                139.580228416,
                -8.133980685
              ],
              [
                139.580426017,
                -8.133834284
              ],
              [
                139.580584817,
                -8.133642283
              ],
              [
                139.580552116,
                -8.133387883
              ],
              [
                139.580555715,
                -8.133140683
              ],
              [
                139.580486614,
                -8.132909083
              ],
              [
                139.580393313,
                -8.132685884
              ],
              [
                139.580323012,
                -8.132455484
              ],
              [
                139.58026601,
                -8.132220284
              ],
              [
                139.580196909,
                -8.131986284
              ],
              [
                139.580124208,
                -8.131746284
              ],
              [
                139.580078107,
                -8.131508684
              ],
              [
                139.580047806,
                -8.131265084
              ],
              [
                139.580063605,
                -8.131026284
              ],
              [
                139.580029604,
                -8.130774284
              ],
              [
                139.580038104,
                -8.130531883
              ],
              [
                139.579999303,
                -8.130290683
              ],
              [
                139.579958102,
                -8.130053083
              ],
              [
                139.579976301,
                -8.129930583
              ],
              [
                139.580023601,
                -8.129679783
              ],
              [
                139.5800381,
                -8.129434983
              ],
              [
                139.5801024,
                -8.129200982
              ],
              [
                139.580074499,
                -8.128959782
              ],
              [
                139.580064798,
                -8.128696982
              ],
              [
                139.580085397,
                -8.128458182
              ],
              [
                139.580107196,
                -8.128218182
              ],
              [
                139.580115695,
                -8.127968581
              ],
              [
                139.580132695,
                -8.127718981
              ],
              [
                139.580195694,
                -8.127469381
              ],
              [
                139.580280594,
                -8.12724018
              ],
              [
                139.580417494,
                -8.12701938
              ],
              [
                139.580516894,
                -8.126798479
              ],
              [
                139.580561794,
                -8.126761279
              ],
              [
                139.580758194,
                -8.126605279
              ],
              [
                139.580958195,
                -8.126464878
              ],
              [
                139.581188496,
                -8.126376077
              ],
              [
                139.581428597,
                -8.126348476
              ],
              [
                139.581675798,
                -8.126406075
              ],
              [
                139.581920699,
                -8.126410875
              ],
              [
                139.582177701,
                -8.126402474
              ],
              [
                139.582426202,
                -8.126476873
              ],
              [
                139.582659004,
                -8.126605272
              ],
              [
                139.582871105,
                -8.126732472
              ],
              [
                139.582911506,
                -8.126750671
              ],
              [
                139.583114007,
                -8.126905971
              ],
              [
                139.583372209,
                -8.12698277
              ],
              [
                139.58358681,
                -8.127096769
              ],
              [
                139.583775912,
                -8.127261169
              ],
              [
                139.583974713,
                -8.127397968
              ],
              [
                139.584188015,
                -8.127516768
              ],
              [
                139.584425616,
                -8.127629567
              ],
              [
                139.584611118,
                -8.127791566
              ],
              [
                139.584830519,
                -8.127955966
              ],
              [
                139.58491052,
                -8.128027966
              ],
              [
                139.585073022,
                -8.128236865
              ],
              [
                139.585247523,
                -8.128420465
              ],
              [
                139.585440325,
                -8.128571664
              ],
              [
                139.585550626,
                -8.128786464
              ],
              [
                139.585616127,
                -8.129016864
              ],
              [
                139.585690328,
                -8.129082164
              ],
              [
                139.585865929,
                -8.129247763
              ],
              [
                139.58598593,
                -8.129458963
              ],
              [
                139.586104732,
                -8.129697763
              ],
              [
                139.586280533,
                -8.129884962
              ],
              [
                139.586343534,
                -8.130123762
              ],
              [
                139.586372635,
                -8.130379362
              ],
              [
                139.586332636,
                -8.130630162
              ],
              [
                139.586339937,
                -8.130894163
              ],
              [
                139.586449038,
                -8.131111362
              ],
              [
                139.586485339,
                -8.131358562
              ],
              [
                139.58650714,
                -8.131606962
              ],
              [
                139.586536241,
                -8.131850563
              ],
              [
                139.586567842,
                -8.132098963
              ],
              [
                139.586543543,
                -8.132339063
              ],
              [
                139.586501143,
                -8.132575463
              ],
              [
                139.586436844,
                -8.132819063
              ],
              [
                139.586496245,
                -8.133060263
              ],
              [
                139.586496245,
                -8.133183864
              ],
              [
                139.586400546,
                -8.133403464
              ],
              [
                139.586325346,
                -8.133632664
              ],
              [
                139.586251446,
                -8.133866665
              ],
              [
                139.586179847,
                -8.134123465
              ],
              [
                139.586102347,
                -8.134382666
              ],
              [
                139.586022248,
                -8.134641866
              ],
              [
                139.585922848,
                -8.134869866
              ],
              [
                139.585794348,
                -8.135073867
              ],
              [
                139.585681648,
                -8.135323468
              ],
              [
                139.585605249,
                -8.135581468
              ],
              [
                139.58558105,
                -8.135843068
              ],
              [
                139.585565251,
                -8.136113068
              ],
              [
                139.585524051,
                -8.136289469
              ],
              [
                139.585405251,
                -8.136500669
              ],
              [
                139.585296151,
                -8.13673227
              ],
              [
                139.585155551,
                -8.13698907
              ],
              [
                139.585007651,
                -8.137203871
              ],
              [
                139.584916752,
                -8.137429471
              ],
              [
                139.584839152,
                -8.137669472
              ],
              [
                139.584768852,
                -8.137903472
              ],
              [
                139.584680353,
                -8.138137473
              ],
              [
                139.584667054,
                -8.138390673
              ],
              [
                139.584671854,
                -8.138648673
              ],
              [
                139.584691407,
                -8.138768456
              ],
              [
                139.584710655,
                -8.138886373
              ],
              [
                139.584802757,
                -8.139141973
              ],
              [
                139.584936158,
                -8.139353173
              ],
              [
                139.58517006,
                -8.139471972
              ],
              [
                139.585378561,
                -8.139633971
              ],
              [
                139.585593163,
                -8.139769571
              ],
              [
                139.585865965,
                -8.13983317
              ],
              [
                139.586084166,
                -8.139942369
              ],
              [
                139.586241667,
                -8.140042069
              ],
              [
                139.586492569,
                -8.140146468
              ],
              [
                139.58672657,
                -8.140222067
              ],
              [
                139.586956872,
                -8.140345666
              ],
              [
                139.587098673,
                -8.140552066
              ],
              [
                139.587159374,
                -8.140783666
              ],
              [
                139.587181175,
                -8.141033266
              ],
              [
                139.587161776,
                -8.141275666
              ],
              [
                139.587064776,
                -8.141519267
              ],
              [
                139.586965377,
                -8.141741267
              ],
              [
                139.586900679,
                -8.141861326
              ],
              [
                139.586848977,
                -8.141957268
              ],
              [
                139.586788377,
                -8.142188868
              ],
              [
                139.586763941,
                -8.142316576
              ],
              [
                139.586771278,
                -8.142420268
              ],
              [
                139.586907079,
                -8.142602668
              ],
              [
                139.586911172,
                -8.142873599
              ],
              [
                139.586911541,
                -8.142898032
              ],
              [
                139.586921582,
                -8.143562669
              ],
              [
                139.586920329,
                -8.143624702
              ],
              [
                139.586902186,
                -8.144522669
              ],
              [
                139.586407586,
                -8.145372271
              ],
              [
                139.586368786,
                -8.145468272
              ],
              [
                139.585782086,
                -8.146241074
              ],
              [
                139.585689276,
                -8.146398565
              ],
              [
                139.585272986,
                -8.147104976
              ],
              [
                139.584981385,
                -8.147248277
              ],
              [
                139.584059582,
                -8.147701181
              ],
              [
                139.583109179,
                -8.148320384
              ],
              [
                139.582231576,
                -8.148838787
              ],
              [
                139.581942575,
                -8.148966889
              ],
              [
                139.580958572,
                -8.149402992
              ],
              [
                139.579901468,
                -8.149873396
              ],
              [
                139.578902564,
                -8.150228599
              ],
              [
                139.577961861,
                -8.150747003
              ],
              [
                139.57759856,
                -8.150983904
              ],
              [
                139.576701657,
                -8.151573608
              ],
              [
                139.575799754,
                -8.152101611
              ],
              [
                139.574878451,
                -8.152552814
              ],
              [
                139.573855348,
                -8.153196018
              ],
              [
                139.573261046,
                -8.15343312
              ],
              [
                139.572264342,
                -8.153845324
              ],
              [
                139.571279939,
                -8.154272427
              ],
              [
                139.570542937,
                -8.15491563
              ],
              [
                139.569752535,
                -8.155578033
              ],
              [
                139.569194133,
                -8.155778335
              ],
              [
                139.568141729,
                -8.156155939
              ],
              [
                139.566978624,
                -8.156575543
              ],
              [
                139.566019874,
                -8.156999136
              ],
              [
                139.56589242,
                -8.157055447
              ],
              [
                139.564975917,
                -8.15747305
              ],
              [
                139.564083715,
                -8.158092254
              ],
              [
                139.563226811,
                -8.158374957
              ],
              [
                139.562133407,
                -8.158794961
              ],
              [
                139.561076403,
                -8.159078164
              ],
              [
                139.560130799,
                -8.159346968
              ],
              [
                139.559345297,
                -8.159951771
              ],
              [
                139.559264496,
                -8.159972671
              ],
              [
                139.558291292,
                -8.160224974
              ],
              [
                139.557315688,
                -8.160477878
              ],
              [
                139.556151583,
                -8.160779682
              ],
              [
                139.554800077,
                -8.161044087
              ],
              [
                139.553679973,
                -8.161413691
              ],
              [
                139.552559767,
                -8.161519294
              ],
              [
                139.551695065,
                -8.162055498
              ],
              [
                139.550846762,
                -8.162581701
              ],
              [
                139.54998226,
                -8.163227504
              ],
              [
                139.548944656,
                -8.163760208
              ],
              [
                139.547945753,
                -8.164288211
              ],
              [
                139.547791052,
                -8.164374612
              ],
              [
                139.546851549,
                -8.164871416
              ],
              [
                139.545818746,
                -8.165399419
              ],
              [
                139.544553141,
                -8.165898524
              ],
              [
                139.543818439,
                -8.166543627
              ],
              [
                139.542795736,
                -8.167264331
              ],
              [
                139.542280835,
                -8.167542332
              ],
              [
                139.541430332,
                -8.168032036
              ],
              [
                139.54057693,
                -8.168742439
              ],
              [
                139.54052843,
                -8.168804839
              ],
              [
                139.539835029,
                -8.169486442
              ],
              [
                139.538802226,
                -8.170124746
              ],
              [
                139.538088122,
                -8.170282548
              ],
              [
                139.537137418,
                -8.170492551
              ],
              [
                139.535887913,
                -8.170733956
              ],
              [
                139.534680507,
                -8.17101236
              ],
              [
                139.533662203,
                -8.171281163
              ],
              [
                139.5328637,
                -8.171675466
              ],
              [
                139.531940697,
                -8.17213127
              ],
              [
                139.530801793,
                -8.172528974
              ],
              [
                139.529846489,
                -8.173037777
              ],
              [
                139.528629384,
                -8.173215381
              ],
              [
                139.528323883,
                -8.173368883
              ],
              [
                139.527339579,
                -8.173796086
              ],
              [
                139.526432776,
                -8.174247289
              ],
              [
                139.525404772,
                -8.174683993
              ],
              [
                139.52462497,
                -8.175307796
              ],
              [
                139.523729268,
                -8.1760298
              ],
              [
                139.523489068,
                -8.176350201
              ],
              [
                139.522864167,
                -8.177165303
              ],
              [
                139.522165966,
                -8.177947606
              ],
              [
                139.521101862,
                -8.17841231
              ],
              [
                139.520052058,
                -8.178870714
              ],
              [
                139.518545753,
                -8.179537419
              ],
              [
                139.51779085,
                -8.179920322
              ],
              [
                139.516657346,
                -8.180495326
              ],
              [
                139.515680343,
                -8.18100893
              ],
              [
                139.51451654,
                -8.181733634
              ],
              [
                139.514275038,
                -8.181785135
              ],
              [
                139.513225134,
                -8.182008738
              ],
              [
                139.51225533,
                -8.182291942
              ],
              [
                139.511363127,
                -8.182738245
              ],
              [
                139.510485424,
                -8.183160648
              ],
              [
                139.509677419,
                -8.183178851
              ],
              [
                139.508690514,
                -8.183201054
              ],
              [
                139.507432908,
                -8.183238158
              ],
              [
                139.506351603,
                -8.183286162
              ],
              [
                139.505444797,
                -8.182878165
              ],
              [
                139.504479891,
                -8.182585468
              ],
              [
                139.503485786,
                -8.182715071
              ],
              [
                139.503359685,
                -8.182489471
              ],
              [
                139.502758479,
                -8.181649573
              ],
              [
                139.502258973,
                -8.180828774
              ],
              [
                139.501342567,
                -8.180396877
              ],
              [
                139.500329061,
                -8.18017608
              ],
              [
                139.499412655,
                -8.179830483
              ],
              [
                139.498442851,
                -8.179960086
              ],
              [
                139.497516647,
                -8.180238489
              ],
              [
                139.497216846,
                -8.18034109
              ],
              [
                139.496232642,
                -8.180677994
              ],
              [
                139.495055937,
                -8.181080698
              ],
              [
                139.493756431,
                -8.181162302
              ],
              [
                139.492947527,
                -8.181464905
              ],
              [
                139.491974923,
                -8.181804009
              ],
              [
                139.491726708,
                -8.181896638
              ],
              [
                139.49104882,
                -8.182149612
              ],
              [
                139.490127516,
                -8.182504815
              ],
              [
                139.488910411,
                -8.182903119
              ],
              [
                139.487979407,
                -8.183061523
              ],
              [
                139.487092004,
                -8.183507926
              ],
              [
                139.4861125,
                -8.183872629
              ],
              [
                139.485157296,
                -8.184165433
              ],
              [
                139.484672394,
                -8.184347834
              ],
              [
                139.483784991,
                -8.184798938
              ],
              [
                139.482853988,
                -8.185350941
              ],
              [
                139.481956885,
                -8.185917244
              ],
              [
                139.481127783,
                -8.186521948
              ],
              [
                139.48022768,
                -8.186977951
              ],
              [
                139.479204575,
                -8.187189154
              ],
              [
                139.478234772,
                -8.187625958
              ],
              [
                139.477294068,
                -8.187990661
              ],
              [
                139.476464866,
                -8.188485064
              ],
              [
                139.476426065,
                -8.188494664
              ],
              [
                139.475606663,
                -8.189008167
              ],
              [
                139.47475316,
                -8.189507271
              ],
              [
                139.473943458,
                -8.190160074
              ],
              [
                139.473051255,
                -8.190663977
              ],
              [
                139.472500053,
                -8.190863779
              ],
              [
                139.471558349,
                -8.191231982
              ],
              [
                139.470685547,
                -8.191822286
              ],
              [
                139.469895144,
                -8.192374289
              ],
              [
                139.469046542,
                -8.192978992
              ],
              [
                139.46821744,
                -8.193569295
              ],
              [
                139.467866239,
                -8.193782696
              ],
              [
                139.467029936,
                -8.194290699
              ],
              [
                139.466075733,
                -8.194837103
              ],
              [
                139.465261131,
                -8.195408306
              ],
              [
                139.464417328,
                -8.195883409
              ],
              [
                139.463588225,
                -8.196468912
              ],
              [
                139.462647522,
                -8.197054416
              ],
              [
                139.462479122,
                -8.197104316
              ],
              [
                139.461550718,
                -8.19737942
              ],
              [
                139.460490214,
                -8.197814123
              ],
              [
                139.459399109,
                -8.197929327
              ],
              [
                139.458366303,
                -8.19792933
              ],
              [
                139.457304399,
                -8.198202834
              ],
              [
                139.456256994,
                -8.198510038
              ],
              [
                139.455699591,
                -8.19852584
              ],
              [
                139.454560186,
                -8.198585543
              ],
              [
                139.45344008,
                -8.198599947
              ],
              [
                139.452470276,
                -8.19890715
              ],
              [
                139.451451971,
                -8.199017554
              ],
              [
                139.450399767,
                -8.199358258
              ],
              [
                139.449790163,
                -8.19928266
              ],
              [
                139.448810658,
                -8.199221963
              ],
              [
                139.447724452,
                -8.199121266
              ],
              [
                139.446672247,
                -8.19926037
              ],
              [
                139.445576342,
                -8.199548374
              ],
              [
                139.445359441,
                -8.199616474
              ],
              [
                139.444310537,
                -8.199919778
              ],
              [
                139.443156531,
                -8.199905382
              ],
              [
                139.442099425,
                -8.199847785
              ],
              [
                139.441105319,
                -8.199670188
              ],
              [
                139.439980413,
                -8.199689392
              ],
              [
                139.438991209,
                -8.199785395
              ],
              [
                139.438564707,
                -8.199955997
              ],
              [
                139.437545103,
                -8.200360401
              ],
              [
                139.436395897,
                -8.200456404
              ],
              [
                139.435333992,
                -8.200624308
              ],
              [
                139.434262388,
                -8.200960312
              ],
              [
                139.433345284,
                -8.201306215
              ],
              [
                139.43236598,
                -8.201675619
              ],
              [
                139.431370977,
                -8.202050922
              ],
              [
                139.430381772,
                -8.202305325
              ],
              [
                139.429397367,
                -8.202190129
              ],
              [
                139.428417862,
                -8.202290932
              ],
              [
                139.427326856,
                -8.202324536
              ],
              [
                139.426292651,
                -8.202457139
              ],
              [
                139.425313947,
                -8.202589742
              ],
              [
                139.424339342,
                -8.202608946
              ],
              [
                139.423204636,
                -8.202608949
              ],
              [
                139.42222993,
                -8.202498552
              ],
              [
                139.421148625,
                -8.202498556
              ],
              [
                139.420377621,
                -8.202565758
              ],
              [
                139.419184815,
                -8.202757663
              ],
              [
                139.418200411,
                -8.202920866
              ],
              [
                139.417148206,
                -8.202978469
              ],
              [
                139.416477102,
                -8.203086572
              ],
              [
                139.415522298,
                -8.203233475
              ],
              [
                139.414503994,
                -8.203550278
              ],
              [
                139.413379088,
                -8.203569482
              ],
              [
                139.412365583,
                -8.203641485
              ],
              [
                139.411911081,
                -8.203764187
              ],
              [
                139.410909476,
                -8.20401529
              ],
              [
                139.409832971,
                -8.204106494
              ],
              [
                139.408775865,
                -8.204029697
              ],
              [
                139.40779636,
                -8.204029701
              ],
              [
                139.406695654,
                -8.204020104
              ],
              [
                139.406525454,
                -8.204106605
              ],
              [
                139.405618251,
                -8.204567608
              ],
              [
                139.404642847,
                -8.204912712
              ],
              [
                139.403624541,
                -8.204826315
              ],
              [
                139.402494735,
                -8.204859919
              ],
              [
                139.40144733,
                -8.205032722
              ],
              [
                139.400414525,
                -8.205066326
              ],
              [
                139.39940552,
                -8.205161429
              ],
              [
                139.398440115,
                -8.205252332
              ],
              [
                139.397100109,
                -8.205469637
              ],
              [
                139.395999404,
                -8.20552244
              ],
              [
                139.394869599,
                -8.205824744
              ],
              [
                139.393894994,
                -8.205992748
              ],
              [
                139.39294679,
                -8.206125051
              ],
              [
                139.391781384,
                -8.206280355
              ],
              [
                139.390753379,
                -8.206505958
              ],
              [
                139.389769075,
                -8.206832262
              ],
              [
                139.388784671,
                -8.207129865
              ],
              [
                139.388248468,
                -8.207142567
              ],
              [
                139.387200863,
                -8.20716747
              ],
              [
                139.386124057,
                -8.207193074
              ],
              [
                139.385008452,
                -8.207219577
              ],
              [
                139.384162698,
                -8.207271382
              ],
              [
                139.384014147,
                -8.207280481
              ],
              [
                139.38261284,
                -8.207357285
              ],
              [
                139.381512034,
                -8.207323689
              ],
              [
                139.380498628,
                -8.207246892
              ],
              [
                139.379557922,
                -8.206968595
              ],
              [
                139.378549316,
                -8.206757398
              ],
              [
                139.378443616,
                -8.206781998
              ],
              [
                139.377492612,
                -8.207003202
              ],
              [
                139.376287606,
                -8.207283506
              ],
              [
                139.375302502,
                -8.207512609
              ],
              [
                139.373993195,
                -8.207671014
              ],
              [
                139.372868289,
                -8.207632617
              ],
              [
                139.371908184,
                -8.20739742
              ],
              [
                139.370972277,
                -8.206936723
              ],
              [
                139.369900671,
                -8.206768726
              ],
              [
                139.369159568,
                -8.206929729
              ],
              [
                139.368066863,
                -8.207167033
              ],
              [
                139.366645756,
                -8.207497437
              ],
              [
                139.365549951,
                -8.207559841
              ],
              [
                139.364551046,
                -8.207545444
              ],
              [
                139.36350364,
                -8.207579048
              ],
              [
                139.362495034,
                -8.207295851
              ],
              [
                139.361491329,
                -8.207247954
              ],
              [
                139.361390928,
                -8.207282354
              ],
              [
                139.360420924,
                -8.207608358
              ],
              [
                139.359315319,
                -8.207915561
              ],
              [
                139.358248615,
                -8.208179465
              ],
              [
                139.35725941,
                -8.208491469
              ],
              [
                139.356284706,
                -8.208601872
              ],
              [
                139.355334301,
                -8.208774575
              ],
              [
                139.354180295,
                -8.208683379
              ],
              [
                139.353434892,
                -8.208841481
              ],
              [
                139.352317886,
                -8.208969385
              ],
              [
                139.351391782,
                -8.209242988
              ],
              [
                139.350402578,
                -8.209454092
              ],
              [
                139.349403673,
                -8.209766095
              ],
              [
                139.348356269,
                -8.210121199
              ],
              [
                139.347973167,
                -8.2101116
              ],
              [
                139.346959762,
                -8.210111603
              ],
              [
                139.345946357,
                -8.210356407
              ],
              [
                139.344932853,
                -8.21063951
              ],
              [
                139.343822448,
                -8.210922714
              ],
              [
                139.343783647,
                -8.210860314
              ],
              [
                139.342770241,
                -8.210462017
              ],
              [
                139.341805234,
                -8.21007322
              ],
              [
                139.340835428,
                -8.209694123
              ],
              [
                139.339817223,
                -8.209770926
              ],
              [
                139.338701918,
                -8.21002043
              ],
              [
                139.337979412,
                -8.209497332
              ],
              [
                139.337140506,
                -8.208998234
              ],
              [
                139.3362047,
                -8.208681537
              ],
              [
                139.335200895,
                -8.20849914
              ],
              [
                139.334773891,
                -8.208154741
              ],
              [
                139.333959485,
                -8.207498043
              ],
              [
                139.333133078,
                -8.206806645
              ],
              [
                139.332415372,
                -8.206120347
              ],
              [
                139.331435866,
                -8.20579885
              ],
              [
                139.33043706,
                -8.205664453
              ],
              [
                139.329462355,
                -8.205587656
              ],
              [
                139.329277454,
                -8.205537357
              ],
              [
                139.328333848,
                -8.20524826
              ],
              [
                139.327407642,
                -8.204869063
              ],
              [
                139.326471836,
                -8.204595565
              ],
              [
                139.32547293,
                -8.204451568
              ],
              [
                139.324347924,
                -8.204273972
              ],
              [
                139.323592119,
                -8.203992974
              ],
              [
                139.322559313,
                -8.203767477
              ],
              [
                139.321604007,
                -8.20362348
              ],
              [
                139.320639101,
                -8.203369083
              ],
              [
                139.319591695,
                -8.203249087
              ],
              [
                139.319255892,
                -8.202710487
              ],
              [
                139.318485785,
                -8.201859789
              ],
              [
                139.317603179,
                -8.201346291
              ],
              [
                139.316725572,
                -8.200808794
              ],
              [
                139.315886666,
                -8.200324096
              ],
              [
                139.31492656,
                -8.199800999
              ],
              [
                139.314926559,
                -8.199704999
              ],
              [
                139.314334954,
                -8.1988747
              ],
              [
                139.313820948,
                -8.198058801
              ],
              [
                139.313006342,
                -8.197343703
              ],
              [
                139.312143235,
                -8.196835006
              ],
              [
                139.311076428,
                -8.196388609
              ],
              [
                139.310887326,
                -8.195995109
              ],
              [
                139.31017932,
                -8.195246411
              ],
              [
                139.309515014,
                -8.194488112
              ],
              [
                139.308942908,
                -8.193710614
              ],
              [
                139.308278502,
                -8.192865915
              ],
              [
                139.308060299,
                -8.192299615
              ],
              [
                139.307638494,
                -8.191435716
              ],
              [
                139.306857788,
                -8.190792618
              ],
              [
                139.305980082,
                -8.190331821
              ],
              [
                139.30582868,
                -8.190066621
              ],
              [
                139.305498676,
                -8.189140621
              ],
              [
                139.305173771,
                -8.188166321
              ],
              [
                139.304271865,
                -8.187787224
              ],
              [
                139.304039062,
                -8.187360024
              ],
              [
                139.303675457,
                -8.186400125
              ],
              [
                139.302914151,
                -8.185718627
              ],
              [
                139.301929744,
                -8.18532503
              ],
              [
                139.300999739,
                -8.184994232
              ],
              [
                139.299966932,
                -8.184667835
              ],
              [
                139.298977726,
                -8.184418338
              ],
              [
                139.29797402,
                -8.184293542
              ],
              [
                139.296936314,
                -8.184144745
              ],
              [
                139.296347111,
                -8.184144747
              ],
              [
                139.295311006,
                -8.18406315
              ],
              [
                139.294273299,
                -8.183794353
              ],
              [
                139.293269593,
                -8.183583256
              ],
              [
                139.292241588,
                -8.183530459
              ],
              [
                139.291237882,
                -8.183549663
              ],
              [
                139.29079008,
                -8.183610064
              ],
              [
                139.289798275,
                -8.183673667
              ],
              [
                139.288653869,
                -8.183544071
              ],
              [
                139.287698663,
                -8.183376174
              ],
              [
                139.286723958,
                -8.183371377
              ],
              [
                139.285700854,
                -8.18361608
              ],
              [
                139.285511752,
                -8.183500881
              ],
              [
                139.284541947,
                -8.183510484
              ],
              [
                139.283562441,
                -8.183294587
              ],
              [
                139.282607235,
                -8.18293939
              ],
              [
                139.281647129,
                -8.182541092
              ],
              [
                139.280837323,
                -8.181960295
              ],
              [
                139.279911116,
                -8.181504397
              ],
              [
                139.27913531,
                -8.180885199
              ],
              [
                139.278359504,
                -8.180242101
              ],
              [
                139.277535098,
                -8.179671003
              ],
              [
                139.276657492,
                -8.179205406
              ],
              [
                139.275765285,
                -8.178691908
              ],
              [
                139.27512338,
                -8.17801421
              ],
              [
                139.274430274,
                -8.177218811
              ],
              [
                139.273668967,
                -8.176393313
              ],
              [
                139.272990061,
                -8.175687715
              ],
              [
                139.272189955,
                -8.175102217
              ],
              [
                139.27166025,
                -8.174368118
              ],
              [
                139.271027444,
                -8.173481619
              ],
              [
                139.270479538,
                -8.17257932
              ],
              [
                139.269941232,
                -8.171638621
              ],
              [
                139.269490327,
                -8.170726622
              ],
              [
                139.269083021,
                -8.169747523
              ],
              [
                139.268718319,
                -8.169476823
              ],
              [
                139.267927712,
                -8.168839525
              ],
              [
                139.267161606,
                -8.168153227
              ],
              [
                139.2663421,
                -8.167529229
              ],
              [
                139.265575993,
                -8.166780431
              ],
              [
                139.264858288,
                -8.166098933
              ],
              [
                139.264259684,
                -8.165942035
              ],
              [
                139.263307778,
                -8.165654838
              ],
              [
                139.262342772,
                -8.16531884
              ],
              [
                139.261576666,
                -8.164709242
              ],
              [
                139.260800759,
                -8.164022944
              ],
              [
                139.260577758,
                -8.163811745
              ],
              [
                139.259826152,
                -8.163197347
              ],
              [
                139.259006646,
                -8.162631049
              ],
              [
                139.258429641,
                -8.16217505
              ],
              [
                139.257721635,
                -8.161522252
              ],
              [
                139.256907028,
                -8.160720754
              ],
              [
                139.255932421,
                -8.160067957
              ],
              [
                139.255195315,
                -8.159328758
              ],
              [
                139.254487409,
                -8.15865676
              ],
              [
                139.253755203,
                -8.157836062
              ],
              [
                139.252959896,
                -8.157053664
              ],
              [
                139.252945396,
                -8.157024864
              ],
              [
                139.25219379,
                -8.156400866
              ],
              [
                139.251582784,
                -8.155623367
              ],
              [
                139.250962178,
                -8.154831368
              ],
              [
                139.250103872,
                -8.154384971
              ],
              [
                139.249875468,
                -8.153460171
              ],
              [
                139.249549763,
                -8.152317171
              ],
              [
                139.249394659,
                -8.15125637
              ],
              [
                139.249317055,
                -8.15023397
              ],
              [
                139.249399452,
                -8.149240369
              ],
              [
                139.24922345,
                -8.148731969
              ],
              [
                139.248884845,
                -8.147754069
              ],
              [
                139.248515339,
                -8.146532169
              ],
              [
                139.248258334,
                -8.145481069
              ],
              [
                139.247555228,
                -8.144727471
              ],
              [
                139.247402227,
                -8.144447271
              ],
              [
                139.246929921,
                -8.143552072
              ],
              [
                139.246241315,
                -8.142788874
              ],
              [
                139.245417009,
                -8.142217676
              ],
              [
                139.244752703,
                -8.141440077
              ],
              [
                139.244539301,
                -8.141209678
              ],
              [
                139.243661595,
                -8.14063368
              ],
              [
                139.242817888,
                -8.140014482
              ],
              [
                139.242502684,
                -8.139078483
              ],
              [
                139.241940278,
                -8.138228884
              ],
              [
                139.241372873,
                -8.137600085
              ],
              [
                139.240718267,
                -8.136822486
              ],
              [
                139.240146062,
                -8.135996887
              ],
              [
                139.239476956,
                -8.135276889
              ],
              [
                139.239476956,
                -8.135262489
              ],
              [
                139.239074451,
                -8.13436969
              ],
              [
                139.238749546,
                -8.13345279
              ],
              [
                139.238366541,
                -8.13253599
              ],
              [
                139.237891336,
                -8.131671991
              ],
              [
                139.237725734,
                -8.131280391
              ],
              [
                139.237303528,
                -8.130282192
              ],
              [
                139.236949624,
                -8.129379692
              ],
              [
                139.236362818,
                -8.128573293
              ],
              [
                139.235708212,
                -8.127790895
              ],
              [
                139.235542411,
                -8.127687995
              ],
              [
                139.234705005,
                -8.127168498
              ],
              [
                139.233756798,
                -8.1265817
              ],
              [
                139.233742298,
                -8.1265433
              ],
              [
                139.233490096,
                -8.126476101
              ],
              [
                139.233362095,
                -8.126314801
              ],
              [
                139.232728389,
                -8.125547402
              ],
              [
                139.232515088,
                -8.125398603
              ],
              [
                139.232481087,
                -8.125341003
              ],
              [
                139.232284285,
                -8.124920803
              ],
              [
                139.231806979,
                -8.123900704
              ],
              [
                139.231562376,
                -8.123234604
              ],
              [
                139.231183071,
                -8.122206805
              ],
              [
                139.230756365,
                -8.121251505
              ],
              [
                139.230744765,
                -8.120976305
              ],
              [
                139.230770661,
                -8.119893004
              ],
              [
                139.231022859,
                -8.118865702
              ],
              [
                139.231158557,
                -8.117819201
              ],
              [
                139.230938954,
                -8.117287801
              ],
              [
                139.230576649,
                -8.116384402
              ],
              [
                139.230256644,
                -8.115414702
              ],
              [
                139.23002384,
                -8.114411502
              ],
              [
                139.229786235,
                -8.113350602
              ],
              [
                139.229645633,
                -8.112827302
              ],
              [
                139.229223728,
                -8.111891303
              ],
              [
                139.228894023,
                -8.110945603
              ],
              [
                139.228864922,
                -8.110724803
              ],
              [
                139.228637017,
                -8.109567902
              ],
              [
                139.228535215,
                -8.109044702
              ],
              [
                139.228251511,
                -8.108300503
              ],
              [
                139.227836106,
                -8.107214103
              ],
              [
                139.227789305,
                -8.107111403
              ],
              [
                139.2273654,
                -8.106181004
              ],
              [
                139.226888595,
                -8.105242104
              ],
              [
                139.226321289,
                -8.104330006
              ],
              [
                139.226224288,
                -8.104190806
              ],
              [
                139.225758783,
                -8.103278706
              ],
              [
                139.225466979,
                -8.102749207
              ],
              [
                139.224932574,
                -8.101918408
              ],
              [
                139.224273068,
                -8.101140709
              ],
              [
                139.224161566,
                -8.100646209
              ],
              [
                139.22348756,
                -8.099931011
              ],
              [
                139.222585654,
                -8.099570913
              ],
              [
                139.221606149,
                -8.099532516
              ],
              [
                139.220568444,
                -8.09968132
              ],
              [
                139.219506539,
                -8.099830123
              ],
              [
                139.218716135,
                -8.099806126
              ],
              [
                139.217688129,
                -8.099887729
              ],
              [
                139.216728025,
                -8.100132632
              ],
              [
                139.21567582,
                -8.100329436
              ],
              [
                139.215378019,
                -8.100430537
              ],
              [
                139.214342915,
                -8.10076374
              ],
              [
                139.213474911,
                -8.101210143
              ],
              [
                139.212417907,
                -8.101440647
              ],
              [
                139.211409303,
                -8.10189665
              ],
              [
                139.210415198,
                -8.102074253
              ],
              [
                139.210400698,
                -8.102074253
              ],
              [
                139.209450294,
                -8.102261556
              ],
              [
                139.208412589,
                -8.10262636
              ],
              [
                139.207345784,
                -8.102861564
              ],
              [
                139.20637118,
                -8.103029567
              ],
              [
                139.206283779,
                -8.103061667
              ],
              [
                139.205354176,
                -8.10338807
              ],
              [
                139.204360071,
                -8.103709673
              ],
              [
                139.203366067,
                -8.103988077
              ],
              [
                139.202304162,
                -8.10430968
              ],
              [
                139.20178876,
                -8.104541982
              ],
              [
                139.200796957,
                -8.104985386
              ],
              [
                139.199720552,
                -8.105369389
              ],
              [
                139.198595547,
                -8.105561393
              ],
              [
                139.197373641,
                -8.105681397
              ],
              [
                139.19722534,
                -8.105775097
              ],
              [
                139.196343537,
                -8.106331901
              ],
              [
                139.195490134,
                -8.106864704
              ],
              [
                139.194602731,
                -8.107335207
              ],
              [
                139.193666928,
                -8.10784401
              ],
              [
                139.192643724,
                -8.108170514
              ],
              [
                139.191596319,
                -8.108506517
              ],
              [
                139.190597515,
                -8.10873692
              ],
              [
                139.190188613,
                -8.108862322
              ],
              [
                139.189203609,
                -8.109164525
              ],
              [
                139.188243504,
                -8.109371028
              ],
              [
                139.187191299,
                -8.109423832
              ],
              [
                139.186206894,
                -8.109505435
              ],
              [
                139.185072288,
                -8.109692638
              ],
              [
                139.184146085,
                -8.110033441
              ],
              [
                139.183171481,
                -8.110431845
              ],
              [
                139.182065875,
                -8.110623948
              ],
              [
                139.181433273,
                -8.110981551
              ],
              [
                139.18051347,
                -8.111501754
              ],
              [
                139.179679367,
                -8.111996157
              ],
              [
                139.178583562,
                -8.112269761
              ],
              [
                139.177705859,
                -8.112716264
              ],
              [
                139.176769955,
                -8.112956267
              ],
              [
                139.17573235,
                -8.11325867
              ],
              [
                139.174772246,
                -8.113695474
              ],
              [
                139.173773342,
                -8.114012377
              ],
              [
                139.172827739,
                -8.11446838
              ],
              [
                139.172390437,
                -8.114676482
              ],
              [
                139.171405833,
                -8.115145185
              ],
              [
                139.170263529,
                -8.115681489
              ],
              [
                139.169235524,
                -8.115844692
              ],
              [
                139.168260919,
                -8.116060796
              ],
              [
                139.167232914,
                -8.116214399
              ],
              [
                139.16619041,
                -8.116579203
              ],
              [
                139.165206006,
                -8.117016006
              ],
              [
                139.165096706,
                -8.117020606
              ],
              [
                139.1640651,
                -8.11706371
              ],
              [
                139.162989395,
                -8.117108613
              ],
              [
                139.16201479,
                -8.117132616
              ],
              [
                139.160962585,
                -8.117324619
              ],
              [
                139.15991998,
                -8.117502223
              ],
              [
                139.158838674,
                -8.117627026
              ],
              [
                139.157733069,
                -8.11769423
              ],
              [
                139.157397568,
                -8.117908631
              ],
              [
                139.156576765,
                -8.118433234
              ],
              [
                139.155582761,
                -8.118831637
              ],
              [
                139.154477156,
                -8.119090841
              ],
              [
                139.153439551,
                -8.119359644
              ],
              [
                139.152498847,
                -8.119585247
              ],
              [
                139.151388341,
                -8.119738951
              ],
              [
                139.150331336,
                -8.119854154
              ],
              [
                139.149952035,
                -8.120072056
              ],
              [
                139.149083532,
                -8.120571259
              ],
              [
                139.148012928,
                -8.121185463
              ],
              [
                139.147081824,
                -8.121507066
              ],
              [
                139.14614112,
                -8.121857469
              ],
              [
                139.145040415,
                -8.122059073
              ],
              [
                139.143731209,
                -8.122337477
              ],
              [
                139.143233706,
                -8.122386778
              ],
              [
                139.142090901,
                -8.122676982
              ],
              [
                139.141155097,
                -8.122965085
              ],
              [
                139.140223993,
                -8.123301088
              ],
              [
                139.13931239,
                -8.123661092
              ],
              [
                139.138269885,
                -8.124059495
              ],
              [
                139.137524882,
                -8.124221998
              ],
              [
                139.136533577,
                -8.124438201
              ],
              [
                139.135203671,
                -8.124644205
              ],
              [
                139.134039965,
                -8.124802609
              ],
              [
                139.133084661,
                -8.125124212
              ],
              [
                139.132139157,
                -8.125330615
              ],
              [
                139.131096551,
                -8.125417018
              ],
              [
                139.130389949,
                -8.125934121
              ],
              [
                139.129590247,
                -8.126519224
              ],
              [
                139.128651344,
                -8.127144427
              ],
              [
                139.12758944,
                -8.127763631
              ],
              [
                139.126682636,
                -8.128104434
              ],
              [
                139.125698332,
                -8.128454838
              ],
              [
                139.124655828,
                -8.128766841
              ],
              [
                139.124140326,
                -8.128999643
              ],
              [
                139.123207122,
                -8.129421746
              ],
              [
                139.122179118,
                -8.12989695
              ],
              [
                139.121267514,
                -8.130252153
              ],
              [
                139.120409211,
                -8.130708156
              ],
              [
                139.119701308,
                -8.131005758
              ],
              [
                139.118610303,
                -8.131365762
              ],
              [
                139.117664699,
                -8.131605865
              ],
              [
                139.116694895,
                -8.131898668
              ],
              [
                139.115671791,
                -8.132277872
              ],
              [
                139.114483785,
                -8.132647476
              ],
              [
                139.114420785,
                -8.132685876
              ],
              [
                139.113387881,
                -8.133113079
              ],
              [
                139.112456877,
                -8.133415483
              ],
              [
                139.111424073,
                -8.133866686
              ],
              [
                139.110168168,
                -8.13435149
              ],
              [
                139.110129367,
                -8.13429389
              ],
              [
                139.109048062,
                -8.134471494
              ],
              [
                139.108160659,
                -8.134903497
              ],
              [
                139.107074455,
                -8.135565901
              ],
              [
                139.10588655,
                -8.135993105
              ],
              [
                139.10580505,
                -8.136033505
              ],
              [
                139.104905046,
                -8.136478908
              ],
              [
                139.103954642,
                -8.136762112
              ],
              [
                139.103043038,
                -8.137150915
              ],
              [
                139.102092634,
                -8.137549318
              ],
              [
                139.10114713,
                -8.137861321
              ],
              [
                139.100413827,
                -8.138157024
              ],
              [
                139.099516824,
                -8.138518827
              ],
              [
                139.098405419,
                -8.138950331
              ],
              [
                139.097430815,
                -8.139415934
              ],
              [
                139.096470711,
                -8.139795137
              ],
              [
                139.095355406,
                -8.139833541
              ],
              [
                139.094147999,
                -8.139819144
              ],
              [
                139.093023093,
                -8.139934348
              ],
              [
                139.092576991,
                -8.139939149
              ],
              [
                139.091510186,
                -8.140270353
              ],
              [
                139.090520982,
                -8.140404756
              ],
              [
                139.089604478,
                -8.140707159
              ],
              [
                139.088639573,
                -8.140961562
              ],
              [
                139.088503773,
                -8.141009563
              ],
              [
                139.087495167,
                -8.140913566
              ],
              [
                139.086505962,
                -8.140961569
              ],
              [
                139.086418761,
                -8.140865569
              ],
              [
                139.086036159,
                -8.14099857
              ],
              [
                139.085776498,
                -8.141088785
              ],
              [
                139.084950755,
                -8.141375674
              ],
              [
                139.083700749,
                -8.141810178
              ],
              [
                139.082334943,
                -8.142243883
              ],
              [
                139.08140874,
                -8.142575086
              ],
              [
                139.081126639,
                -8.142903587
              ],
              [
                139.080338637,
                -8.14377239
              ],
              [
                139.079519135,
                -8.144444393
              ],
              [
                139.078612432,
                -8.144986796
              ],
              [
                139.078336032,
                -8.145437998
              ],
              [
                139.077826832,
                -8.1462636
              ],
              [
                139.077293432,
                -8.147156402
              ],
              [
                139.07650793,
                -8.147866805
              ],
              [
                139.076493431,
                -8.148212406
              ],
              [
                139.076493434,
                -8.149177207
              ],
              [
                139.076168535,
                -8.150146808
              ],
              [
                139.076183038,
                -8.151121109
              ],
              [
                139.075689037,
                -8.151776111
              ],
              [
                139.075223538,
                -8.152688114
              ],
              [
                139.074612537,
                -8.153470516
              ],
              [
                139.074059837,
                -8.154368119
              ],
              [
                139.073807638,
                -8.15531842
              ],
              [
                139.073251136,
                -8.155475822
              ],
              [
                139.072264131,
                -8.155755025
              ],
              [
                139.071269327,
                -8.156137129
              ],
              [
                139.070396524,
                -8.156818732
              ],
              [
                139.069484922,
                -8.157509935
              ],
              [
                139.068481218,
                -8.158081039
              ],
              [
                139.067593815,
                -8.158613842
              ],
              [
                139.066696812,
                -8.159079445
              ],
              [
                139.065882109,
                -8.159713048
              ],
              [
                139.065111107,
                -8.160288951
              ],
              [
                139.064541805,
                -8.160722553
              ],
              [
                139.063634102,
                -8.161413857
              ],
              [
                139.062596399,
                -8.162100161
              ],
              [
                139.061709096,
                -8.162709764
              ],
              [
                139.060811993,
                -8.163199367
              ],
              [
                139.059842189,
                -8.16365527
              ],
              [
                139.058940286,
                -8.164188074
              ],
              [
                139.058387484,
                -8.164658476
              ],
              [
                139.057534081,
                -8.165148079
              ],
              [
                139.056622478,
                -8.165791182
              ],
              [
                139.055715675,
                -8.166439185
              ],
              [
                139.055090373,
                -8.166791288
              ],
              [
                139.054110069,
                -8.167343191
              ],
              [
                139.053031966,
                -8.167950095
              ],
              [
                139.052139762,
                -8.168497298
              ],
              [
                139.051140859,
                -8.169207702
              ],
              [
                139.050258356,
                -8.169697205
              ],
              [
                139.049414653,
                -8.170182008
              ],
              [
                139.04850785,
                -8.170652411
              ],
              [
                139.048447049,
                -8.170704412
              ],
              [
                139.047667347,
                -8.171372415
              ],
              [
                139.046797845,
                -8.172118918
              ],
              [
                139.045779641,
                -8.172685221
              ],
              [
                139.044824337,
                -8.173026025
              ],
              [
                139.043791532,
                -8.173352428
              ],
              [
                139.042778028,
                -8.173702732
              ],
              [
                139.042644328,
                -8.173788832
              ],
              [
                139.041769325,
                -8.174352335
              ],
              [
                139.040757321,
                -8.175004039
              ],
              [
                139.039603117,
                -8.175740143
              ],
              [
                139.038526613,
                -8.176373747
              ],
              [
                139.03763441,
                -8.17694485
              ],
              [
                139.036742207,
                -8.177400853
              ],
              [
                139.035811204,
                -8.177981557
              ],
              [
                139.0348317,
                -8.17861036
              ],
              [
                139.0344975,
                -8.178993462
              ],
              [
                139.033726998,
                -8.179660565
              ],
              [
                139.032858995,
                -8.180246068
              ],
              [
                139.032015292,
                -8.180961171
              ],
              [
                139.03125399,
                -8.181551574
              ],
              [
                139.03108869,
                -8.181658574
              ],
              [
                139.030239887,
                -8.182202677
              ],
              [
                139.029352584,
                -8.182817081
              ],
              [
                139.02840218,
                -8.183296984
              ],
              [
                139.027388676,
                -8.183767388
              ],
              [
                139.026205571,
                -8.184122492
              ],
              [
                139.025182366,
                -8.184372095
              ],
              [
                139.024392063,
                -8.184919198
              ],
              [
                139.02352886,
                -8.185384801
              ],
              [
                139.022486356,
                -8.185783104
              ],
              [
                139.021443851,
                -8.186095108
              ],
              [
                139.020507948,
                -8.186579911
              ],
              [
                139.019601244,
                -8.187055014
              ],
              [
                139.01869444,
                -8.187448617
              ],
              [
                139.018233638,
                -8.187532819
              ],
              [
                139.017177533,
                -8.187726022
              ],
              [
                139.016173729,
                -8.188052426
              ],
              [
                139.015257325,
                -8.188599529
              ],
              [
                139.014447523,
                -8.189165932
              ],
              [
                139.013749221,
                -8.189852235
              ],
              [
                139.012789117,
                -8.190217038
              ],
              [
                139.011809613,
                -8.190596141
              ],
              [
                139.011082311,
                -8.191277644
              ],
              [
                139.01040341,
                -8.192059947
              ],
              [
                139.009385207,
                -8.192895051
              ],
              [
                139.008362003,
                -8.193562155
              ],
              [
                139.0073874,
                -8.194157358
              ],
              [
                139.006533997,
                -8.194742861
              ],
              [
                139.006065996,
                -8.195135663
              ],
              [
                139.005305994,
                -8.195772366
              ],
              [
                139.004704793,
                -8.196780269
              ],
              [
                139.003899791,
                -8.197370572
              ],
              [
                139.003022188,
                -8.198143275
              ],
              [
                139.002319087,
                -8.198829578
              ],
              [
                139.001480184,
                -8.199395881
              ],
              [
                139.000777082,
                -8.200072584
              ],
              [
                139.00033738,
                -8.200103685
              ],
              [
                138.999360676,
                -8.200619788
              ],
              [
                138.998638174,
                -8.201349291
              ],
              [
                138.997959373,
                -8.202054694
              ],
              [
                138.997319272,
                -8.202779397
              ],
              [
                138.996499769,
                -8.2033266
              ],
              [
                138.995924768,
                -8.203969202
              ],
              [
                138.995259166,
                -8.204713105
              ],
              [
                138.994566665,
                -8.205485607
              ],
              [
                138.993916864,
                -8.20624381
              ],
              [
                138.993174962,
                -8.206954113
              ],
              [
                138.992588261,
                -8.207808416
              ],
              [
                138.992098461,
                -8.208657818
              ],
              [
                138.991502061,
                -8.20948332
              ],
              [
                138.991143262,
                -8.210380822
              ],
              [
                138.990764962,
                -8.211287824
              ],
              [
                138.990798965,
                -8.212271625
              ],
              [
                138.99110927,
                -8.213226725
              ],
              [
                138.991104473,
                -8.214311326
              ],
              [
                138.991167477,
                -8.215304727
              ],
              [
                138.991632982,
                -8.216182926
              ],
              [
                138.992471889,
                -8.216811624
              ],
              [
                138.993136195,
                -8.217589023
              ],
              [
                138.993519299,
                -8.218500923
              ],
              [
                138.993892605,
                -8.219561522
              ],
              [
                138.994566711,
                -8.220434921
              ],
              [
                138.994741213,
                -8.220713221
              ],
              [
                138.995420119,
                -8.22152912
              ],
              [
                138.996011625,
                -8.222397719
              ],
              [
                138.996530531,
                -8.223338318
              ],
              [
                138.997088136,
                -8.224226117
              ],
              [
                138.997815543,
                -8.225051515
              ],
              [
                138.998222848,
                -8.225920215
              ],
              [
                138.998518653,
                -8.226961515
              ],
              [
                138.998828957,
                -8.227887715
              ],
              [
                138.999178062,
                -8.228977115
              ],
              [
                138.999262363,
                -8.229150415
              ],
              [
                138.999665268,
                -8.230060114
              ],
              [
                138.999990174,
                -8.231144714
              ],
              [
                139.000174478,
                -8.232114115
              ],
              [
                139.000242381,
                -8.233126615
              ],
              [
                139.000271384,
                -8.234134416
              ],
              [
                139.000348988,
                -8.235142217
              ],
              [
                139.000397491,
                -8.236145118
              ],
              [
                139.000242394,
                -8.237292019
              ],
              [
                139.000004796,
                -8.238232621
              ],
              [
                138.999883498,
                -8.239240422
              ],
              [
                138.999767201,
                -8.240401724
              ],
              [
                138.999730902,
                -8.240684124
              ],
              [
                138.999595104,
                -8.241742525
              ],
              [
                138.999354407,
                -8.243028427
              ],
              [
                138.99933501,
                -8.244036128
              ],
              [
                138.999141012,
                -8.24500553
              ],
              [
                138.999034315,
                -8.246085231
              ],
              [
                138.998850117,
                -8.247236933
              ],
              [
                138.998627019,
                -8.248206234
              ],
              [
                138.998539721,
                -8.249199635
              ],
              [
                138.998515525,
                -8.250284136
              ],
              [
                138.998510625,
                -8.250298536
              ],
              [
                138.998447627,
                -8.251253437
              ],
              [
                138.998564031,
                -8.252313938
              ],
              [
                138.998418534,
                -8.25340324
              ],
              [
                138.998214936,
                -8.254339041
              ],
              [
                138.998079139,
                -8.255533843
              ],
              [
                138.99779784,
                -8.256541544
              ],
              [
                138.997686343,
                -8.257611646
              ],
              [
                138.997443945,
                -8.258624147
              ],
              [
                138.997235447,
                -8.259627049
              ],
              [
                138.99720145,
                -8.26068755
              ],
              [
                138.997007552,
                -8.261599251
              ],
              [
                138.996959054,
                -8.262568552
              ],
              [
                138.996988158,
                -8.263653053
              ],
              [
                138.99691536,
                -8.264627154
              ],
              [
                138.996857163,
                -8.265687656
              ],
              [
                138.996862067,
                -8.266796057
              ],
              [
                138.997007571,
                -8.267770157
              ],
              [
                138.997317875,
                -8.268739457
              ],
              [
                138.99755548,
                -8.269747157
              ],
              [
                138.997540983,
                -8.270716458
              ],
              [
                138.997405884,
                -8.271422759
              ],
              [
                138.997352487,
                -8.27246886
              ],
              [
                138.99722649,
                -8.273500462
              ],
              [
                138.997017992,
                -8.274484163
              ],
              [
                138.996790094,
                -8.275597365
              ],
              [
                138.996426395,
                -8.276542667
              ],
              [
                138.996043296,
                -8.277492769
              ],
              [
                138.995519595,
                -8.278370871
              ],
              [
                138.995311098,
                -8.279402473
              ],
              [
                138.994995899,
                -8.280362175
              ],
              [
                138.9946614,
                -8.281379377
              ],
              [
                138.994326802,
                -8.282511779
              ],
              [
                138.994246502,
                -8.282700679
              ],
              [
                138.993844103,
                -8.283652981
              ],
              [
                138.993344703,
                -8.284727784
              ],
              [
                138.993150705,
                -8.285706685
              ],
              [
                138.992791906,
                -8.286685487
              ],
              [
                138.992491208,
                -8.287649989
              ],
              [
                138.99232641,
                -8.288643191
              ],
              [
                138.992234213,
                -8.289693992
              ],
              [
                138.992263316,
                -8.290543292
              ],
              [
                138.992360319,
                -8.291541293
              ],
              [
                138.992384622,
                -8.292534494
              ],
              [
                138.992277925,
                -8.293498995
              ],
              [
                138.992166428,
                -8.294554596
              ],
              [
                138.991720228,
                -8.295542999
              ],
              [
                138.991371129,
                -8.296483401
              ],
              [
                138.99093473,
                -8.297428603
              ],
              [
                138.99045473,
                -8.298316305
              ],
              [
                138.990110431,
                -8.299280707
              ],
              [
                138.989669132,
                -8.300230709
              ],
              [
                138.98897573,
                -8.301032012
              ],
              [
                138.98836483,
                -8.302044415
              ],
              [
                138.988112631,
                -8.302720916
              ],
              [
                138.987671332,
                -8.303752519
              ],
              [
                138.987157431,
                -8.304644921
              ],
              [
                138.986536731,
                -8.305518224
              ],
              [
                138.98586753,
                -8.306473027
              ],
              [
                138.985426331,
                -8.307480629
              ],
              [
                138.985096532,
                -8.308478531
              ],
              [
                138.985017532,
                -8.308566231
              ],
              [
                138.984313031,
                -8.309347934
              ],
              [
                138.983656429,
                -8.310076337
              ],
              [
                138.982979528,
                -8.31085374
              ],
              [
                138.982295827,
                -8.311779743
              ],
              [
                138.981636326,
                -8.312638546
              ],
              [
                138.981015725,
                -8.313449448
              ],
              [
                138.980346524,
                -8.314197951
              ],
              [
                138.979691923,
                -8.315023154
              ],
              [
                138.978993722,
                -8.315843557
              ],
              [
                138.97830032,
                -8.31657286
              ],
              [
                138.977558418,
                -8.317335763
              ],
              [
                138.976753416,
                -8.317969066
              ],
              [
                138.975832113,
                -8.318669569
              ],
              [
                138.975492712,
                -8.319043771
              ],
              [
                138.974799311,
                -8.319964974
              ],
              [
                138.97412041,
                -8.320703876
              ],
              [
                138.973446409,
                -8.321485879
              ],
              [
                138.972714207,
                -8.322224782
              ],
              [
                138.972064506,
                -8.322997185
              ],
              [
                138.971482605,
                -8.323769687
              ],
              [
                138.970706803,
                -8.32459009
              ],
              [
                138.970648603,
                -8.324652491
              ],
              [
                138.969993902,
                -8.325381693
              ],
              [
                138.969373301,
                -8.326125396
              ],
              [
                138.968806,
                -8.326955399
              ],
              [
                138.9682968,
                -8.327823801
              ],
              [
                138.967603399,
                -8.328625004
              ],
              [
                138.967229998,
                -8.328999205
              ],
              [
                138.966972999,
                -8.329963607
              ],
              [
                138.9665609,
                -8.330932709
              ],
              [
                138.966449303,
                -8.33194021
              ],
              [
                138.966817908,
                -8.33291421
              ],
              [
                138.967487014,
                -8.333696209
              ],
              [
                138.96813682,
                -8.334449408
              ],
              [
                138.968456824,
                -8.335361007
              ],
              [
                138.968258026,
                -8.336310909
              ],
              [
                138.968127129,
                -8.33726561
              ],
              [
                138.96779743,
                -8.338182012
              ],
              [
                138.96729793,
                -8.339026414
              ],
              [
                138.96684703,
                -8.339966717
              ],
              [
                138.96627963,
                -8.340902219
              ],
              [
                138.96586753,
                -8.341828221
              ],
              [
                138.96582383,
                -8.341904922
              ],
              [
                138.96520803,
                -8.342787724
              ],
              [
                138.964592229,
                -8.343574527
              ],
              [
                138.96420433,
                -8.344481229
              ],
              [
                138.96377273,
                -8.345344831
              ],
              [
                138.96335093,
                -8.346289933
              ],
              [
                138.96321513,
                -8.346429034
              ],
              [
                138.962851431,
                -8.347345336
              ],
              [
                138.962390831,
                -8.348189738
              ],
              [
                138.961930131,
                -8.34904844
              ],
              [
                138.961842834,
                -8.350003142
              ],
              [
                138.961644036,
                -8.350967443
              ],
              [
                138.961692538,
                -8.351523943
              ],
              [
                138.961983443,
                -8.352584244
              ],
              [
                138.962167747,
                -8.353529244
              ],
              [
                138.962434451,
                -8.354536744
              ],
              [
                138.962798156,
                -8.355505844
              ],
              [
                138.963239361,
                -8.356383743
              ],
              [
                138.963700067,
                -8.357295243
              ],
              [
                138.963876969,
                -8.357715442
              ],
              [
                138.964354574,
                -8.358572942
              ],
              [
                138.96487828,
                -8.359446141
              ],
              [
                138.965416486,
                -8.36033364
              ],
              [
                138.965804391,
                -8.36125474
              ],
              [
                138.966269896,
                -8.362113439
              ],
              [
                138.967142703,
                -8.362597937
              ],
              [
                138.967996209,
                -8.363236035
              ],
              [
                138.967761209,
                -8.363568836
              ],
              [
                138.967790309,
                -8.363592836
              ],
              [
                138.968425515,
                -8.364317134
              ],
              [
                138.969084921,
                -8.365051133
              ],
              [
                138.969671727,
                -8.365813932
              ],
              [
                138.970287532,
                -8.366595931
              ],
              [
                138.970612437,
                -8.367502531
              ],
              [
                138.970767541,
                -8.368462031
              ],
              [
                138.970476642,
                -8.369416633
              ],
              [
                138.969972342,
                -8.370260935
              ],
              [
                138.969749344,
                -8.371206037
              ],
              [
                138.969080143,
                -8.371930439
              ],
              [
                138.968100638,
                -8.372141543
              ],
              [
                138.967557537,
                -8.372976245
              ],
              [
                138.966665334,
                -8.373475148
              ],
              [
                138.965617928,
                -8.373475152
              ],
              [
                138.964691824,
                -8.373844555
              ],
              [
                138.963760821,
                -8.374333858
              ],
              [
                138.96368082,
                -8.374304158
              ],
              [
                138.962684014,
                -8.374097461
              ],
              [
                138.961660908,
                -8.374097465
              ],
              [
                138.960681403,
                -8.374298968
              ],
              [
                138.959697099,
                -8.374572371
              ],
              [
                138.958712693,
                -8.374543674
              ],
              [
                138.957665287,
                -8.374495677
              ],
              [
                138.956690682,
                -8.37442368
              ],
              [
                138.955667576,
                -8.374428484
              ],
              [
                138.954678371,
                -8.374442887
              ],
              [
                138.953810366,
                -8.374346989
              ],
              [
                138.952864859,
                -8.374035192
              ],
              [
                138.951991953,
                -8.373478694
              ],
              [
                138.951177347,
                -8.372955796
              ],
              [
                138.95028034,
                -8.372533698
              ],
              [
                138.949693436,
                -8.3720714
              ],
              [
                138.948768229,
                -8.371484802
              ],
              [
                138.947939022,
                -8.370918704
              ],
              [
                138.947027416,
                -8.370510907
              ],
              [
                138.94601401,
                -8.37026631
              ],
              [
                138.945019903,
                -8.370012012
              ],
              [
                138.944753201,
                -8.369882513
              ],
              [
                138.943972495,
                -8.369148515
              ],
              [
                138.943138489,
                -8.368649617
              ],
              [
                138.942226882,
                -8.368102719
              ],
              [
                138.941882579,
                -8.36793962
              ],
              [
                138.940951573,
                -8.367642223
              ],
              [
                138.939933267,
                -8.367435926
              ],
              [
                138.938939261,
                -8.367191229
              ],
              [
                138.938200855,
                -8.36661283
              ],
              [
                138.937298948,
                -8.366085133
              ],
              [
                138.936304841,
                -8.365514235
              ],
              [
                138.935378734,
                -8.364962638
              ],
              [
                138.934971431,
                -8.364818639
              ],
              [
                138.933957925,
                -8.364482842
              ],
              [
                138.933002718,
                -8.364204644
              ],
              [
                138.932052313,
                -8.363979147
              ],
              [
                138.931281308,
                -8.363830449
              ],
              [
                138.930311502,
                -8.363667352
              ],
              [
                138.929336896,
                -8.363576155
              ],
              [
                138.92833829,
                -8.363478758
              ],
              [
                138.927402484,
                -8.363205361
              ],
              [
                138.926413278,
                -8.362922363
              ],
              [
                138.925453171,
                -8.362519366
              ],
              [
                138.924410565,
                -8.362255469
              ],
              [
                138.923426258,
                -8.361852572
              ],
              [
                138.922470951,
                -8.361343974
              ],
              [
                138.921680645,
                -8.360768376
              ],
              [
                138.920880538,
                -8.360082278
              ],
              [
                138.920511435,
                -8.359612878
              ],
              [
                138.919942829,
                -8.358795779
              ],
              [
                138.919603424,
                -8.35786508
              ],
              [
                138.91934642,
                -8.356895979
              ],
              [
                138.919026415,
                -8.355835779
              ],
              [
                138.91862881,
                -8.35484748
              ],
              [
                138.918231204,
                -8.35387838
              ],
              [
                138.917852899,
                -8.35284698
              ],
              [
                138.917726897,
                -8.35231718
              ],
              [
                138.917536892,
                -8.35123248
              ],
              [
                138.917517489,
                -8.350172279
              ],
              [
                138.917541686,
                -8.349164778
              ],
              [
                138.917488383,
                -8.348205277
              ],
              [
                138.917236178,
                -8.347231377
              ],
              [
                138.917095574,
                -8.346209476
              ],
              [
                138.917051971,
                -8.345245175
              ],
              [
                138.916950067,
                -8.344208975
              ],
              [
                138.916887666,
                -8.343745875
              ],
              [
                138.916920962,
                -8.342692273
              ],
              [
                138.91707606,
                -8.341665572
              ],
              [
                138.917017857,
                -8.340672471
              ],
              [
                138.916993653,
                -8.33963617
              ],
              [
                138.917114851,
                -8.338503969
              ],
              [
                138.917362149,
                -8.337525267
              ],
              [
                138.917346648,
                -8.337237667
              ],
              [
                138.917357545,
                -8.336157166
              ],
              [
                138.917536942,
                -8.335106464
              ],
              [
                138.917900641,
                -8.334146962
              ],
              [
                138.918424341,
                -8.33321136
              ],
              [
                138.91876374,
                -8.332232658
              ],
              [
                138.91927774,
                -8.331349855
              ],
              [
                138.919869341,
                -8.330543853
              ],
              [
                138.920106941,
                -8.330073652
              ],
              [
                138.92050934,
                -8.32919565
              ],
              [
                138.920810039,
                -8.328216948
              ],
              [
                138.921096138,
                -8.327223846
              ],
              [
                138.921420937,
                -8.326321844
              ],
              [
                138.922065938,
                -8.325568541
              ],
              [
                138.922086937,
                -8.325399641
              ],
              [
                138.922210335,
                -8.32441174
              ],
              [
                138.922413533,
                -8.323279138
              ],
              [
                138.922811132,
                -8.322199536
              ],
              [
                138.92313123,
                -8.321201634
              ],
              [
                138.923456029,
                -8.320227632
              ],
              [
                138.923916729,
                -8.31936883
              ],
              [
                138.924134927,
                -8.318337328
              ],
              [
                138.924615027,
                -8.317464126
              ],
              [
                138.925298728,
                -8.316595723
              ],
              [
                138.926089031,
                -8.31603912
              ],
              [
                138.92610453,
                -8.31575032
              ],
              [
                138.926163027,
                -8.314724218
              ],
              [
                138.926327824,
                -8.313601517
              ],
              [
                138.926516923,
                -8.312651515
              ],
              [
                138.926449019,
                -8.311634315
              ],
              [
                138.926463616,
                -8.310650714
              ],
              [
                138.926458713,
                -8.309604813
              ],
              [
                138.92655091,
                -8.308582811
              ],
              [
                138.926909709,
                -8.307656809
              ],
              [
                138.926937609,
                -8.307472509
              ],
              [
                138.927094407,
                -8.306438108
              ],
              [
                138.927089604,
                -8.305454507
              ],
              [
                138.926842298,
                -8.304226206
              ],
              [
                138.926396193,
                -8.303372207
              ],
              [
                138.925954888,
                -8.302479807
              ],
              [
                138.925533083,
                -8.301596908
              ],
              [
                138.925222678,
                -8.300670908
              ],
              [
                138.924923475,
                -8.300025108
              ],
              [
                138.924466369,
                -8.299041009
              ],
              [
                138.923942764,
                -8.298139009
              ],
              [
                138.923452958,
                -8.29718421
              ],
              [
                138.922861352,
                -8.296296511
              ],
              [
                138.922226146,
                -8.295576812
              ],
              [
                138.92163944,
                -8.294737113
              ],
              [
                138.92158494,
                -8.294654213
              ],
              [
                138.921038934,
                -8.293790414
              ],
              [
                138.920423128,
                -8.292873915
              ],
              [
                138.919589121,
                -8.292005517
              ],
              [
                138.919220616,
                -8.291108217
              ],
              [
                138.918813311,
                -8.290186918
              ],
              [
                138.918318705,
                -8.289318518
              ],
              [
                138.917874501,
                -8.288771119
              ],
              [
                138.917168895,
                -8.28790162
              ],
              [
                138.916693689,
                -8.286922821
              ],
              [
                138.916053583,
                -8.286131122
              ],
              [
                138.915632079,
                -8.285490523
              ],
              [
                138.915065873,
                -8.284504024
              ],
              [
                138.914469467,
                -8.283597225
              ],
              [
                138.913926361,
                -8.282771925
              ],
              [
                138.913334755,
                -8.281994526
              ],
              [
                138.91266075,
                -8.281265228
              ],
              [
                138.912093444,
                -8.280425529
              ],
              [
                138.911458238,
                -8.27966733
              ],
              [
                138.911118733,
                -8.27876533
              ],
              [
                138.910633828,
                -8.277935131
              ],
              [
                138.910003522,
                -8.277085832
              ],
              [
                138.909314916,
                -8.276198133
              ],
              [
                138.90866521,
                -8.275406434
              ],
              [
                138.907933002,
                -8.274384336
              ],
              [
                138.907632298,
                -8.273487036
              ],
              [
                138.907331694,
                -8.272565736
              ],
              [
                138.906803188,
                -8.271644536
              ],
              [
                138.906226082,
                -8.270843137
              ],
              [
                138.905809077,
                -8.269849838
              ],
              [
                138.905663573,
                -8.268866237
              ],
              [
                138.905232069,
                -8.268165638
              ],
              [
                138.904790763,
                -8.267186738
              ],
              [
                138.904330158,
                -8.266260639
              ],
              [
                138.903724051,
                -8.26525294
              ],
              [
                138.903229446,
                -8.26434604
              ],
              [
                138.902662039,
                -8.263285541
              ],
              [
                138.902197934,
                -8.262464341
              ],
              [
                138.901780929,
                -8.261375042
              ],
              [
                138.901373623,
                -8.260367342
              ],
              [
                138.901029319,
                -8.259354842
              ],
              [
                138.900728714,
                -8.258414342
              ],
              [
                138.900335908,
                -8.257238742
              ],
              [
                138.900049804,
                -8.256216642
              ],
              [
                138.899548798,
                -8.255307543
              ],
              [
                138.899024692,
                -8.254357343
              ],
              [
                138.898646387,
                -8.253402344
              ],
              [
                138.898350583,
                -8.252423443
              ],
              [
                138.898127578,
                -8.251334143
              ],
              [
                138.897972374,
                -8.250235242
              ],
              [
                138.89775907,
                -8.249280342
              ],
              [
                138.897544368,
                -8.248924443
              ],
              [
                138.896986262,
                -8.247999343
              ],
              [
                138.896436156,
                -8.247087444
              ],
              [
                138.895726148,
                -8.245832645
              ],
              [
                138.895338243,
                -8.244916045
              ],
              [
                138.894935738,
                -8.243826745
              ],
              [
                138.894557533,
                -8.242814146
              ],
              [
                138.894189028,
                -8.241907246
              ],
              [
                138.893757422,
                -8.240889846
              ],
              [
                138.893647121,
                -8.240742046
              ],
              [
                138.893065216,
                -8.239962747
              ],
              [
                138.89248711,
                -8.239180448
              ],
              [
                138.891832504,
                -8.23846065
              ],
              [
                138.891270099,
                -8.23756325
              ],
              [
                138.890794793,
                -8.236646751
              ],
              [
                138.890256588,
                -8.235816452
              ],
              [
                138.889572881,
                -8.234789553
              ],
              [
                138.88951088,
                -8.234739153
              ],
              [
                138.888743774,
                -8.234115955
              ],
              [
                138.887844867,
                -8.233374357
              ],
              [
                138.887199961,
                -8.232548958
              ],
              [
                138.886341654,
                -8.23178596
              ],
              [
                138.885415547,
                -8.231258062
              ],
              [
                138.885300946,
                -8.231102862
              ],
              [
                138.88468544,
                -8.230269163
              ],
              [
                138.883996934,
                -8.229395864
              ],
              [
                138.883390828,
                -8.228570365
              ],
              [
                138.882731322,
                -8.227706567
              ],
              [
                138.881974915,
                -8.226842768
              ],
              [
                138.881252409,
                -8.226060569
              ],
              [
                138.880481403,
                -8.225422271
              ],
              [
                138.879724996,
                -8.224702473
              ],
              [
                138.879543195,
                -8.224502873
              ],
              [
                138.878864089,
                -8.223757374
              ],
              [
                138.878057282,
                -8.222923476
              ],
              [
                138.877320175,
                -8.222121977
              ],
              [
                138.876617069,
                -8.221450179
              ],
              [
                138.875860663,
                -8.22081668
              ],
              [
                138.875021757,
                -8.220163982
              ],
              [
                138.874241051,
                -8.219554584
              ],
              [
                138.873397344,
                -8.218949886
              ],
              [
                138.873119342,
                -8.218674686
              ],
              [
                138.872385136,
                -8.217948088
              ],
              [
                138.871594728,
                -8.217060189
              ],
              [
                138.870945023,
                -8.216335591
              ],
              [
                138.870241916,
                -8.215510092
              ],
              [
                138.86959211,
                -8.214564693
              ],
              [
                138.868869604,
                -8.213911995
              ],
              [
                138.867943397,
                -8.213235297
              ],
              [
                138.867773695,
                -8.213028997
              ],
              [
                138.86731309,
                -8.212107497
              ],
              [
                138.866639084,
                -8.211171698
              ],
              [
                138.865882577,
                -8.2103942
              ],
              [
                138.865305571,
                -8.209583201
              ],
              [
                138.864413364,
                -8.208671303
              ],
              [
                138.863574456,
                -8.207749904
              ],
              [
                138.863413555,
                -8.207514205
              ],
              [
                138.862848549,
                -8.206686405
              ],
              [
                138.862175043,
                -8.205886907
              ],
              [
                138.861549537,
                -8.205027808
              ],
              [
                138.861093732,
                -8.204173608
              ],
              [
                138.860589427,
                -8.203324109
              ],
              [
                138.860065721,
                -8.202277909
              ],
              [
                138.859639015,
                -8.20124601
              ],
              [
                138.859003809,
                -8.200305411
              ],
              [
                138.858378303,
                -8.199379111
              ],
              [
                138.857927297,
                -8.198299212
              ],
              [
                138.857558792,
                -8.197406612
              ],
              [
                138.857098087,
                -8.196417912
              ],
              [
                138.856865383,
                -8.195597212
              ],
              [
                138.856501678,
                -8.194579812
              ],
              [
                138.856128373,
                -8.193667913
              ],
              [
                138.855682168,
                -8.192736813
              ],
              [
                138.855139163,
                -8.191887314
              ],
              [
                138.854591157,
                -8.191013814
              ],
              [
                138.85380075,
                -8.190058716
              ],
              [
                138.853556147,
                -8.189553316
              ],
              [
                138.853144942,
                -8.188588316
              ],
              [
                138.852873437,
                -8.187614016
              ],
              [
                138.852509732,
                -8.186615716
              ],
              [
                138.851995727,
                -8.185627017
              ],
              [
                138.85139932,
                -8.184648018
              ],
              [
                138.850778615,
                -8.183846419
              ],
              [
                138.850090108,
                -8.18301132
              ],
              [
                138.849740704,
                -8.18226742
              ],
              [
                138.849244398,
                -8.181230021
              ],
              [
                138.848841894,
                -8.180342021
              ],
              [
                138.848361788,
                -8.179444522
              ],
              [
                138.847852683,
                -8.178489422
              ],
              [
                138.847246577,
                -8.177567923
              ],
              [
                138.84664047,
                -8.176574424
              ],
              [
                138.846520567,
                -8.175783623
              ],
              [
                138.846368563,
                -8.174670523
              ],
              [
                138.846126158,
                -8.173475422
              ],
              [
                138.845864254,
                -8.172453022
              ],
              [
                138.845403649,
                -8.171584322
              ],
              [
                138.844879943,
                -8.170696423
              ],
              [
                138.844094436,
                -8.169616424
              ],
              [
                138.843507629,
                -8.168555725
              ],
              [
                138.843376627,
                -8.167957025
              ],
              [
                138.843092922,
                -8.167002325
              ],
              [
                138.842772818,
                -8.166037625
              ],
              [
                138.842472213,
                -8.165044125
              ],
              [
                138.842001808,
                -8.164180125
              ],
              [
                138.841444203,
                -8.163354626
              ],
              [
                138.8409287,
                -8.162538147
              ],
              [
                138.840789596,
                -8.162317827
              ],
              [
                138.840648692,
                -8.161303526
              ],
              [
                138.840328587,
                -8.160343626
              ],
              [
                138.839809782,
                -8.159340427
              ],
              [
                138.839227876,
                -8.158486028
              ],
              [
                138.838389069,
                -8.157578929
              ],
              [
                138.837540461,
                -8.156522931
              ],
              [
                138.837225258,
                -8.155966131
              ],
              [
                138.836817953,
                -8.155054231
              ],
              [
                138.836410648,
                -8.154161432
              ],
              [
                138.836032443,
                -8.153254232
              ],
              [
                138.835363237,
                -8.152428633
              ],
              [
                138.834902732,
                -8.151695334
              ],
              [
                138.834323027,
                -8.150887234
              ],
              [
                138.83427355,
                -8.150807594
              ],
              [
                138.833804221,
                -8.150052135
              ],
              [
                138.833222316,
                -8.149212136
              ],
              [
                138.83277621,
                -8.148290536
              ],
              [
                138.832427106,
                -8.147340136
              ],
              [
                138.8319034,
                -8.146528937
              ],
              [
                138.831137294,
                -8.145765739
              ],
              [
                138.830492288,
                -8.14500254
              ],
              [
                138.830466087,
                -8.144598239
              ],
              [
                138.830366384,
                -8.143639839
              ],
              [
                138.830123979,
                -8.142497438
              ],
              [
                138.829842674,
                -8.141518238
              ],
              [
                138.82948387,
                -8.140548638
              ],
              [
                138.829212365,
                -8.139526238
              ],
              [
                138.829105661,
                -8.138484637
              ],
              [
                138.829260859,
                -8.137462236
              ],
              [
                138.829062055,
                -8.136425435
              ],
              [
                138.82866925,
                -8.135479836
              ],
              [
                138.828402546,
                -8.134462235
              ],
              [
                138.828385145,
                -8.134370835
              ],
              [
                138.828193241,
                -8.133363135
              ],
              [
                138.828009438,
                -8.132397734
              ],
              [
                138.827703932,
                -8.131183334
              ],
              [
                138.827471228,
                -8.130093734
              ],
              [
                138.827296624,
                -8.128984833
              ],
              [
                138.82716572,
                -8.127866432
              ],
              [
                138.827165716,
                -8.126805631
              ],
              [
                138.827175413,
                -8.12576873
              ],
              [
                138.82703481,
                -8.12480393
              ],
              [
                138.826729305,
                -8.123685429
              ],
              [
                138.826729305,
                -8.123613429
              ],
              [
                138.826739002,
                -8.122615028
              ],
              [
                138.826835999,
                -8.121510927
              ],
              [
                138.826840796,
                -8.120445326
              ],
              [
                138.826704992,
                -8.119379625
              ],
              [
                138.82675839,
                -8.118424424
              ],
              [
                138.826952288,
                -8.117435523
              ],
              [
                138.827146286,
                -8.116485021
              ],
              [
                138.827433585,
                -8.115681719
              ],
              [
                138.827775584,
                -8.114774718
              ],
              [
                138.828095584,
                -8.113857816
              ],
              [
                138.828633883,
                -8.112816113
              ],
              [
                138.828963582,
                -8.111856111
              ],
              [
                138.829395182,
                -8.110963209
              ],
              [
                138.829918782,
                -8.110079907
              ],
              [
                138.830389182,
                -8.109177504
              ],
              [
                138.830844982,
                -8.108217402
              ],
              [
                138.831043782,
                -8.108006201
              ],
              [
                138.831712983,
                -8.107084498
              ],
              [
                138.832265784,
                -8.106268396
              ],
              [
                138.832818484,
                -8.105370693
              ],
              [
                138.833487686,
                -8.104593091
              ],
              [
                138.834118086,
                -8.103637788
              ],
              [
                138.834850288,
                -8.102764085
              ],
              [
                138.835270488,
                -8.101867983
              ],
              [
                138.835722687,
                -8.100903881
              ],
              [
                138.836303287,
                -8.099856578
              ],
              [
                138.83715679,
                -8.099290175
              ],
              [
                138.838029594,
                -8.098790872
              ],
              [
                138.838882997,
                -8.098301169
              ],
              [
                138.8397025,
                -8.097734766
              ],
              [
                138.840672303,
                -8.097173062
              ],
              [
                138.841482006,
                -8.096587459
              ],
              [
                138.842243308,
                -8.095987357
              ],
              [
                138.843130711,
                -8.095315253
              ],
              [
                138.844071414,
                -8.09445115
              ],
              [
                138.844837516,
                -8.093678247
              ],
              [
                138.845758819,
                -8.093049344
              ],
              [
                138.84616122,
                -8.092699242
              ],
              [
                138.846944222,
                -8.092036239
              ],
              [
                138.847724925,
                -8.091340136
              ],
              [
                138.848622027,
                -8.090672933
              ],
              [
                138.849611232,
                -8.09021683
              ],
              [
                138.850571335,
                -8.089784726
              ],
              [
                138.851642939,
                -8.089112722
              ],
              [
                138.852564243,
                -8.088512619
              ],
              [
                138.853388545,
                -8.087960516
              ],
              [
                138.854275949,
                -8.087461213
              ],
              [
                138.855095452,
                -8.08687561
              ],
              [
                138.856060355,
                -8.086289907
              ],
              [
                138.856904058,
                -8.085742604
              ],
              [
                138.857854461,
                -8.0851329
              ],
              [
                138.858678864,
                -8.084547197
              ],
              [
                138.859478867,
                -8.083995195
              ],
              [
                138.860438972,
                -8.083812692
              ],
              [
                138.861471877,
                -8.083587088
              ],
              [
                138.862625882,
                -8.083231885
              ],
              [
                138.863023483,
                -8.083001383
              ],
              [
                138.863969088,
                -8.08277098
              ],
              [
                138.865011593,
                -8.082593377
              ],
              [
                138.866005699,
                -8.082742174
              ],
              [
                138.867019104,
                -8.082588571
              ],
              [
                138.86812951,
                -8.082612568
              ],
              [
                138.869133315,
                -8.082362865
              ],
              [
                138.870316421,
                -8.082396461
              ],
              [
                138.871310526,
                -8.082372459
              ],
              [
                138.872357831,
                -8.082050855
              ],
              [
                138.873434336,
                -8.081633152
              ],
              [
                138.874324842,
                -8.082149949
              ],
              [
                138.875280048,
                -8.082462047
              ],
              [
                138.876351754,
                -8.082495644
              ],
              [
                138.87743306,
                -8.082658841
              ],
              [
                138.878436766,
                -8.082630038
              ],
              [
                138.879493872,
                -8.082778835
              ],
              [
                138.880633378,
                -8.082846032
              ],
              [
                138.881753484,
                -8.082836428
              ],
              [
                138.88282999,
                -8.082793225
              ],
              [
                138.883920996,
                -8.082687622
              ],
              [
                138.885167203,
                -8.082913219
              ],
              [
                138.885569706,
                -8.083076518
              ],
              [
                138.886558911,
                -8.083052515
              ],
              [
                138.887543216,
                -8.082889212
              ],
              [
                138.888629422,
                -8.082990108
              ],
              [
                138.889599228,
                -8.083066906
              ],
              [
                138.890559333,
                -8.083186903
              ],
              [
                138.891514539,
                -8.083551701
              ],
              [
                138.892518346,
                -8.083906998
              ],
              [
                138.893492951,
                -8.083983795
              ],
              [
                138.894564557,
                -8.083878192
              ],
              [
                138.895655563,
                -8.083815789
              ],
              [
                138.896654468,
                -8.083916586
              ],
              [
                138.897886175,
                -8.084012582
              ],
              [
                138.89867038,
                -8.08416288
              ],
              [
                138.899746886,
                -8.084292477
              ],
              [
                138.900692392,
                -8.084575675
              ],
              [
                138.901720397,
                -8.084436471
              ],
              [
                138.902792003,
                -8.084546868
              ],
              [
                138.903844309,
                -8.084546865
              ],
              [
                138.904911115,
                -8.084585262
              ],
              [
                138.905968121,
                -8.084585259
              ],
              [
                138.907054327,
                -8.084647756
              ],
              [
                138.908092033,
                -8.084849353
              ],
              [
                138.90918784,
                -8.08525255
              ],
              [
                138.909604942,
                -8.085094149
              ],
              [
                138.910574746,
                -8.084916546
              ],
              [
                138.911559051,
                -8.084796543
              ],
              [
                138.912509456,
                -8.08450364
              ],
              [
                138.91347436,
                -8.084047637
              ],
              [
                138.914255062,
                -8.083481134
              ],
              [
                138.915006664,
                -8.082799431
              ],
              [
                138.915724366,
                -8.082074528
              ],
              [
                138.916422567,
                -8.081301625
              ],
              [
                138.917106269,
                -8.080595923
              ],
              [
                138.917877271,
                -8.07996222
              ],
              [
                138.918735574,
                -8.079400517
              ],
              [
                138.919433775,
                -8.078565114
              ],
              [
                138.919976876,
                -8.077768211
              ],
              [
                138.920675178,
                -8.076985709
              ],
              [
                138.921038777,
                -8.076068707
              ],
              [
                138.921315175,
                -8.075123005
              ],
              [
                138.921562474,
                -8.074143603
              ],
              [
                138.921824372,
                -8.073183502
              ],
              [
                138.922095871,
                -8.0721753
              ],
              [
                138.922129869,
                -8.071383199
              ],
              [
                138.921964965,
                -8.070413399
              ],
              [
                138.92165466,
                -8.069453199
              ],
              [
                138.921591557,
                -8.068444998
              ],
              [
                138.921625554,
                -8.067436897
              ],
              [
                138.921543051,
                -8.066356596
              ],
              [
                138.921363647,
                -8.065377295
              ],
              [
                138.921358846,
                -8.065242795
              ],
              [
                138.921067842,
                -8.064258695
              ],
              [
                138.920660537,
                -8.063312896
              ],
              [
                138.920330833,
                -8.062410296
              ],
              [
                138.920165929,
                -8.061354095
              ],
              [
                138.919884724,
                -8.060350695
              ],
              [
                138.919826523,
                -8.060110595
              ],
              [
                138.919288317,
                -8.059145596
              ],
              [
                138.918774311,
                -8.058122996
              ],
              [
                138.918124506,
                -8.057402897
              ],
              [
                138.9174699,
                -8.056697099
              ],
              [
                138.916727994,
                -8.0559482
              ],
              [
                138.915821287,
                -8.055237602
              ],
              [
                138.915171481,
                -8.054517503
              ],
              [
                138.914463476,
                -8.053806905
              ],
              [
                138.91381377,
                -8.053005106
              ],
              [
                138.913343364,
                -8.052107306
              ],
              [
                138.912552958,
                -8.051401608
              ],
              [
                138.911777152,
                -8.05079181
              ],
              [
                138.911714151,
                -8.05065741
              ],
              [
                138.910918845,
                -8.050028511
              ],
              [
                138.910220639,
                -8.049327513
              ],
              [
                138.909541734,
                -8.048626614
              ],
              [
                138.908741627,
                -8.047872816
              ],
              [
                138.90774762,
                -8.047147818
              ],
              [
                138.907296616,
                -8.046634119
              ],
              [
                138.90669541,
                -8.04577472
              ],
              [
                138.905871004,
                -8.045174521
              ],
              [
                138.905206698,
                -8.044473623
              ],
              [
                138.904794593,
                -8.043489323
              ],
              [
                138.904290288,
                -8.042663524
              ],
              [
                138.903616282,
                -8.041957825
              ],
              [
                138.902670675,
                -8.041228027
              ],
              [
                138.902515573,
                -8.040930327
              ],
              [
                138.902054868,
                -8.040022928
              ],
              [
                138.901434162,
                -8.039235529
              ],
              [
                138.900939557,
                -8.038376129
              ],
              [
                138.900386852,
                -8.03748783
              ],
              [
                138.899790346,
                -8.036585231
              ],
              [
                138.899494541,
                -8.035538531
              ],
              [
                138.899242437,
                -8.034563931
              ],
              [
                138.898999932,
                -8.03346923
              ],
              [
                138.898442327,
                -8.032619331
              ],
              [
                138.898615125,
                -8.03169693
              ],
              [
                138.898683023,
                -8.030736729
              ],
              [
                138.898828421,
                -8.029718827
              ],
              [
                138.898964218,
                -8.028681726
              ],
              [
                138.899061216,
                -8.027683024
              ],
              [
                138.899264914,
                -8.026693923
              ],
              [
                138.899657614,
                -8.025796121
              ],
              [
                138.899861312,
                -8.024826219
              ],
              [
                138.90011831,
                -8.023750718
              ],
              [
                138.90058861,
                -8.022876815
              ],
              [
                138.900903809,
                -8.021834913
              ],
              [
                138.901073507,
                -8.020850612
              ],
              [
                138.901427505,
                -8.01976071
              ],
              [
                138.901718404,
                -8.018738008
              ],
              [
                138.901784103,
                -8.018369208
              ],
              [
                138.901967601,
                -8.017361006
              ],
              [
                138.9023264,
                -8.016410304
              ],
              [
                138.902544599,
                -8.015478903
              ],
              [
                138.902869498,
                -8.014576201
              ],
              [
                138.903233197,
                -8.013663899
              ],
              [
                138.903475596,
                -8.012631597
              ],
              [
                138.903926595,
                -8.011632795
              ],
              [
                138.904382395,
                -8.010734893
              ],
              [
                138.904813895,
                -8.010024291
              ],
              [
                138.905289095,
                -8.009131188
              ],
              [
                138.905783695,
                -8.008252486
              ],
              [
                138.906268595,
                -8.007340184
              ],
              [
                138.906797195,
                -8.006389481
              ],
              [
                138.907553597,
                -8.005453178
              ],
              [
                138.907674796,
                -8.004931178
              ],
              [
                138.907895994,
                -8.003977876
              ],
              [
                138.908298393,
                -8.002964674
              ],
              [
                138.908511792,
                -8.002023572
              ],
              [
                138.909069392,
                -8.00120727
              ],
              [
                138.909462192,
                -8.000328568
              ],
              [
                138.90962709,
                -7.999382667
              ],
              [
                138.909854988,
                -7.998403065
              ],
              [
                138.910204087,
                -7.997274663
              ],
              [
                138.910245685,
                -7.996656062
              ],
              [
                138.910316983,
                -7.995597561
              ],
              [
                138.91040918,
                -7.99446726
              ],
              [
                138.910506177,
                -7.993497358
              ],
              [
                138.910758376,
                -7.992474557
              ],
              [
                138.911092875,
                -7.991547855
              ],
              [
                138.911311073,
                -7.990448153
              ],
              [
                138.911456571,
                -7.989425452
              ],
              [
                138.911674769,
                -7.98848905
              ],
              [
                138.911904569,
                -7.988004949
              ],
              [
                138.912214068,
                -7.986935047
              ],
              [
                138.912349865,
                -7.985845046
              ],
              [
                138.912378962,
                -7.984764544
              ],
              [
                138.912388659,
                -7.983669743
              ],
              [
                138.912446856,
                -7.982675742
              ],
              [
                138.912737755,
                -7.981700941
              ],
              [
                138.912936553,
                -7.980625339
              ],
              [
                138.913091751,
                -7.979602537
              ],
              [
                138.91327115,
                -7.978872636
              ],
              [
                138.913368147,
                -7.977878635
              ],
              [
                138.913421445,
                -7.976879834
              ],
              [
                138.913368141,
                -7.975688933
              ],
              [
                138.913416638,
                -7.974594132
              ],
              [
                138.913532935,
                -7.97341763
              ],
              [
                138.913591133,
                -7.972433229
              ],
              [
                138.913581431,
                -7.971991429
              ],
              [
                138.913518428,
                -7.970992628
              ],
              [
                138.913372924,
                -7.969907327
              ],
              [
                138.913329321,
                -7.968807626
              ],
              [
                138.913339018,
                -7.967780025
              ],
              [
                138.913242014,
                -7.966762025
              ],
              [
                138.913082011,
                -7.965801624
              ],
              [
                138.912907406,
                -7.964644324
              ],
              [
                138.912587401,
                -7.963352523
              ],
              [
                138.912437098,
                -7.962579423
              ],
              [
                138.912083093,
                -7.961585323
              ],
              [
                138.911845489,
                -7.960610523
              ],
              [
                138.911598185,
                -7.959606823
              ],
              [
                138.911457581,
                -7.958507122
              ],
              [
                138.911215076,
                -7.957345022
              ],
              [
                138.91079327,
                -7.956110822
              ],
              [
                138.910691369,
                -7.955952422
              ],
              [
                138.910235564,
                -7.955064022
              ],
              [
                138.909808859,
                -7.954113122
              ],
              [
                138.909450055,
                -7.953224723
              ],
              [
                138.90896995,
                -7.952288323
              ],
              [
                138.908509344,
                -7.951356624
              ],
              [
                138.907932339,
                -7.950511424
              ],
              [
                138.907820737,
                -7.949992824
              ],
              [
                138.907428032,
                -7.949104424
              ],
              [
                138.906938227,
                -7.948240025
              ],
              [
                138.906564922,
                -7.947188325
              ],
              [
                138.906298218,
                -7.946261425
              ],
              [
                138.905706612,
                -7.945310626
              ],
              [
                138.905697812,
                -7.945226526
              ],
              [
                138.905611408,
                -7.944245325
              ],
              [
                138.905427104,
                -7.943174425
              ],
              [
                138.905315601,
                -7.942151524
              ],
              [
                138.905213698,
                -7.941186223
              ],
              [
                138.905014893,
                -7.940052823
              ],
              [
                138.904719089,
                -7.939097223
              ],
              [
                138.904408784,
                -7.938117523
              ],
              [
                138.90422458,
                -7.937046522
              ],
              [
                138.904151777,
                -7.936081221
              ],
              [
                138.903909373,
                -7.935154421
              ],
              [
                138.903332267,
                -7.934237122
              ],
              [
                138.902755262,
                -7.933382323
              ],
              [
                138.902750461,
                -7.932978922
              ],
              [
                138.902808658,
                -7.931826321
              ],
              [
                138.902886155,
                -7.93081292
              ],
              [
                138.902886152,
                -7.929847619
              ],
              [
                138.902905549,
                -7.928699818
              ],
              [
                138.902992847,
                -7.927624116
              ],
              [
                138.903084944,
                -7.926543515
              ],
              [
                138.903046241,
                -7.925530214
              ],
              [
                138.903007437,
                -7.924416013
              ],
              [
                138.903264436,
                -7.923465112
              ],
              [
                138.903332233,
                -7.92242291
              ],
              [
                138.903550833,
                -7.921849009
              ],
              [
                138.904011533,
                -7.920955707
              ],
              [
                138.904477033,
                -7.920081705
              ],
              [
                138.905044333,
                -7.919183602
              ],
              [
                138.905233431,
                -7.918093401
              ],
              [
                138.905320729,
                -7.9170896
              ],
              [
                138.905892929,
                -7.916081097
              ],
              [
                138.906416629,
                -7.915216595
              ],
              [
                138.907076031,
                -7.914467392
              ],
              [
                138.907667631,
                -7.91359809
              ],
              [
                138.908225232,
                -7.912738387
              ],
              [
                138.908768332,
                -7.911931585
              ],
              [
                138.909267832,
                -7.911052683
              ],
              [
                138.909490833,
                -7.910846082
              ],
              [
                138.910019433,
                -7.909996079
              ],
              [
                138.910586734,
                -7.909102677
              ],
              [
                138.911158934,
                -7.908233374
              ],
              [
                138.911808635,
                -7.907426572
              ],
              [
                138.912395436,
                -7.906542869
              ],
              [
                138.912870636,
                -7.905707167
              ],
              [
                138.913408836,
                -7.904674565
              ],
              [
                138.913801635,
                -7.903718763
              ],
              [
                138.913995535,
                -7.903401762
              ],
              [
                138.914330135,
                -7.90250366
              ],
              [
                138.914567733,
                -7.901571958
              ],
              [
                138.914698631,
                -7.900611357
              ],
              [
                138.914892629,
                -7.899593155
              ],
              [
                138.914936227,
                -7.898637354
              ],
              [
                138.915202926,
                -7.897715253
              ],
              [
                138.915416324,
                -7.896764251
              ],
              [
                138.915954525,
                -7.895952549
              ],
              [
                138.916541225,
                -7.895155247
              ],
              [
                138.917249227,
                -7.894439644
              ],
              [
                138.91813173,
                -7.893882541
              ],
              [
                138.918849332,
                -7.893171638
              ],
              [
                138.919659134,
                -7.892532835
              ],
              [
                138.920517437,
                -7.891994932
              ],
              [
                138.921404841,
                -7.891466629
              ],
              [
                138.922209743,
                -7.890871026
              ],
              [
                138.923145546,
                -7.890275523
              ],
              [
                138.92411055,
                -7.88977592
              ],
              [
                138.924896053,
                -7.889214017
              ],
              [
                138.925633155,
                -7.888580014
              ],
              [
                138.926438057,
                -7.887946011
              ],
              [
                138.927209059,
                -7.887307209
              ],
              [
                138.927592061,
                -7.887105507
              ],
              [
                138.928469764,
                -7.886682804
              ],
              [
                138.929473569,
                -7.886409001
              ],
              [
                138.930472373,
                -7.886188098
              ],
              [
                138.931432478,
                -7.885909495
              ],
              [
                138.932382882,
                -7.885630992
              ],
              [
                138.933333286,
                -7.885390789
              ],
              [
                138.93428859,
                -7.885030586
              ],
              [
                138.935277795,
                -7.884799983
              ],
              [
                138.936203899,
                -7.88448298
              ],
              [
                138.937212504,
                -7.884367777
              ],
              [
                138.938211409,
                -7.884199674
              ],
              [
                138.939239413,
                -7.883949871
              ],
              [
                138.940165517,
                -7.883551168
              ],
              [
                138.941203222,
                -7.883556065
              ],
              [
                138.942240928,
                -7.883397562
              ],
              [
                138.942299128,
                -7.883421562
              ],
              [
                138.943307734,
                -7.883546359
              ],
              [
                138.944262939,
                -7.883700056
              ],
              [
                138.945276445,
                -7.883791354
              ],
              [
                138.94626565,
                -7.883666451
              ],
              [
                138.947274155,
                -7.883676048
              ],
              [
                138.94824396,
                -7.883632845
              ],
              [
                138.949281665,
                -7.883488742
              ],
              [
                138.95029997,
                -7.883301439
              ],
              [
                138.951279474,
                -7.883147736
              ],
              [
                138.95233658,
                -7.883114133
              ],
              [
                138.953291784,
                -7.88292683
              ],
              [
                138.954280989,
                -7.882667427
              ],
              [
                138.955241094,
                -7.882556924
              ],
              [
                138.956278799,
                -7.882518521
              ],
              [
                138.957258304,
                -7.882364818
              ],
              [
                138.958339609,
                -7.882139115
              ],
              [
                138.959299713,
                -7.881855712
              ],
              [
                138.960385919,
                -7.881769209
              ],
              [
                138.960870821,
                -7.881668407
              ],
              [
                138.961767824,
                -7.881264904
              ],
              [
                138.962703728,
                -7.880866201
              ],
              [
                138.963736532,
                -7.880433998
              ],
              [
                138.964623936,
                -7.880011295
              ],
              [
                138.96569554,
                -7.879689491
              ],
              [
                138.966718645,
                -7.879309988
              ],
              [
                138.967635148,
                -7.878872985
              ],
              [
                138.968609752,
                -7.878349382
              ],
              [
                138.969560156,
                -7.877941179
              ],
              [
                138.970408759,
                -7.877422376
              ],
              [
                138.971257362,
                -7.876870073
              ],
              [
                138.972256266,
                -7.876471369
              ],
              [
                138.973158169,
                -7.876019866
              ],
              [
                138.974205573,
                -7.875549163
              ],
              [
                138.975121978,
                -7.87552516
              ],
              [
                138.976159682,
                -7.875150457
              ],
              [
                138.977080986,
                -7.874804654
              ],
              [
                138.97803629,
                -7.874425251
              ],
              [
                138.978918793,
                -7.873892048
              ],
              [
                138.979728596,
                -7.873354145
              ],
              [
                138.980625599,
                -7.872883442
              ],
              [
                138.981580903,
                -7.872340639
              ],
              [
                138.982579806,
                -7.871764235
              ],
              [
                138.983607711,
                -7.871514432
              ],
              [
                138.984514515,
                -7.871087029
              ],
              [
                138.985508518,
                -7.870553826
              ],
              [
                138.986439522,
                -7.870073523
              ],
              [
                138.987365725,
                -7.86959802
              ],
              [
                138.988282129,
                -7.869084017
              ],
              [
                138.989111331,
                -7.868478814
              ],
              [
                138.989930834,
                -7.867964911
              ],
              [
                138.990611837,
                -7.867740009
              ],
              [
                138.99148464,
                -7.867307706
              ],
              [
                138.992250742,
                -7.866668903
              ],
              [
                138.993128445,
                -7.8660589
              ],
              [
                138.994107948,
                -7.865367196
              ],
              [
                138.995121352,
                -7.864819693
              ],
              [
                138.996052355,
                -7.86420479
              ],
              [
                138.996862157,
                -7.863460287
              ],
              [
                138.99771556,
                -7.862931984
              ],
              [
                138.998544763,
                -7.862273881
              ],
              [
                138.999378765,
                -7.861659078
              ],
              [
                139.000028566,
                -7.860789675
              ],
              [
                139.000765567,
                -7.859857872
              ],
              [
                139.001420268,
                -7.85905087
              ],
              [
                139.002191171,
                -7.858464867
              ],
              [
                139.002962173,
                -7.857725164
              ],
              [
                139.003815675,
                -7.856999861
              ],
              [
                139.004138376,
                -7.85672716
              ],
              [
                139.004799977,
                -7.855922957
              ],
              [
                139.005425478,
                -7.855192854
              ],
              [
                139.00616258,
                -7.854371452
              ],
              [
                139.007078983,
                -7.853876749
              ],
              [
                139.007874186,
                -7.853319546
              ],
              [
                139.008567687,
                -7.852623043
              ],
              [
                139.009275589,
                -7.85187364
              ],
              [
                139.009823489,
                -7.850937038
              ],
              [
                139.01055569,
                -7.850163635
              ],
              [
                139.01072279,
                -7.849698734
              ],
              [
                139.011047889,
                -7.848793932
              ],
              [
                139.011446988,
                -7.84777663
              ],
              [
                139.011747687,
                -7.846844729
              ],
              [
                139.012130787,
                -7.845960827
              ],
              [
                139.012601087,
                -7.845125025
              ],
              [
                139.012867785,
                -7.844049123
              ],
              [
                139.013250884,
                -7.843122021
              ],
              [
                139.013629083,
                -7.842185319
              ],
              [
                139.013735781,
                -7.841224618
              ],
              [
                139.013774579,
                -7.840215817
              ],
              [
                139.013924877,
                -7.839250315
              ],
              [
                139.014128475,
                -7.838241614
              ],
              [
                139.014106373,
                -7.837878314
              ],
              [
                139.014128572,
                -7.837373113
              ],
              [
                139.014177071,
                -7.836859113
              ],
              [
                139.014157669,
                -7.836328312
              ],
              [
                139.014191668,
                -7.835795112
              ],
              [
                139.014257066,
                -7.835086611
              ],
              [
                139.014227465,
                -7.83465451
              ],
              [
                139.014192763,
                -7.83414701
              ],
              [
                139.014186361,
                -7.83356481
              ],
              [
                139.01419606,
                -7.833062809
              ],
              [
                139.014200859,
                -7.832560909
              ],
              [
                139.014229957,
                -7.831982008
              ],
              [
                139.014186355,
                -7.831400808
              ],
              [
                139.014164554,
                -7.830903607
              ],
              [
                139.014128152,
                -7.830394407
              ],
              [
                139.01407235,
                -7.829851606
              ],
              [
                139.01408935,
                -7.829767506
              ],
              [
                139.014072348,
                -7.829267906
              ],
              [
                139.014057847,
                -7.828787606
              ],
              [
                139.014031145,
                -7.828235205
              ],
              [
                139.013958443,
                -7.827704405
              ],
              [
                139.013854141,
                -7.827173505
              ],
              [
                139.013774139,
                -7.826693204
              ],
              [
                139.013667437,
                -7.826179204
              ],
              [
                139.013585036,
                -7.825686804
              ],
              [
                139.013572935,
                -7.825600304
              ],
              [
                139.013456533,
                -7.825115204
              ],
              [
                139.013393531,
                -7.824493104
              ],
              [
                139.013352329,
                -7.823991103
              ],
              [
                139.013265027,
                -7.823465103
              ],
              [
                139.013211626,
                -7.822898203
              ],
              [
                139.013090423,
                -7.822384202
              ],
              [
                139.013088022,
                -7.821822202
              ],
              [
                139.01306402,
                -7.821371102
              ],
              [
                139.013034619,
                -7.820818101
              ],
              [
                139.012978917,
                -7.820287201
              ],
              [
                139.012896415,
                -7.819710801
              ],
              [
                139.012855213,
                -7.8191608
              ],
              [
                139.012908612,
                -7.8186636
              ],
              [
                139.01286011,
                -7.818132699
              ],
              [
                139.012821308,
                -7.817585099
              ],
              [
                139.012826107,
                -7.817008698
              ],
              [
                139.012746104,
                -7.816376998
              ],
              [
                139.012634602,
                -7.815889398
              ],
              [
                139.012634602,
                -7.815870198
              ],
              [
                139.012654001,
                -7.815387397
              ],
              [
                139.012603099,
                -7.814899797
              ],
              [
                139.012547298,
                -7.814424197
              ],
              [
                139.012455196,
                -7.813934197
              ],
              [
                139.012336394,
                -7.813357696
              ],
              [
                139.012215191,
                -7.812843696
              ],
              [
                139.01216419,
                -7.812262496
              ],
              [
                139.012067288,
                -7.811782096
              ],
              [
                139.012022287,
                -7.811620096
              ],
              [
                139.011875985,
                -7.811104296
              ],
              [
                139.011725682,
                -7.810558996
              ],
              [
                139.01163588,
                -7.810076195
              ],
              [
                139.011458978,
                -7.809554995
              ],
              [
                139.011388576,
                -7.809045795
              ],
              [
                139.011078273,
                -7.808380495
              ],
              [
                139.01085037,
                -7.807770396
              ],
              [
                139.010850369,
                -7.807678195
              ],
              [
                139.010850368,
                -7.807170795
              ],
              [
                139.010726766,
                -7.806659195
              ],
              [
                139.010620064,
                -7.806106795
              ],
              [
                139.010523062,
                -7.805626395
              ],
              [
                139.01042606,
                -7.805138794
              ],
              [
                139.010377558,
                -7.804636794
              ],
              [
                139.010256356,
                -7.804115494
              ],
              [
                139.010159354,
                -7.803620694
              ],
              [
                139.010069652,
                -7.803123494
              ],
              [
                139.009999351,
                -7.802643093
              ],
              [
                139.009899948,
                -7.802085893
              ],
              [
                139.009742346,
                -7.801603093
              ],
              [
                139.009645344,
                -7.801086593
              ],
              [
                139.009548442,
                -7.800594193
              ],
              [
                139.00943444,
                -7.800092193
              ],
              [
                139.00940384,
                -7.799885192
              ],
              [
                139.009322938,
                -7.799410892
              ],
              [
                139.009158135,
                -7.798877592
              ],
              [
                139.008990833,
                -7.798399592
              ],
              [
                139.008838031,
                -7.797856792
              ],
              [
                139.008648928,
                -7.797251492
              ],
              [
                139.008479226,
                -7.796734992
              ],
              [
                139.008345924,
                -7.796230592
              ],
              [
                139.008101021,
                -7.795735792
              ],
              [
                139.007972519,
                -7.795233692
              ],
              [
                139.007918418,
                -7.794946692
              ],
              [
                139.007819016,
                -7.794459592
              ],
              [
                139.007712314,
                -7.793969592
              ],
              [
                139.007576512,
                -7.793467592
              ],
              [
                139.00744801,
                -7.792965592
              ],
              [
                139.007305007,
                -7.792453892
              ],
              [
                139.007140105,
                -7.791865392
              ],
              [
                139.006997103,
                -7.791336992
              ],
              [
                139.006870901,
                -7.790990192
              ],
              [
                139.006688698,
                -7.790447392
              ],
              [
                139.006514196,
                -7.789942892
              ],
              [
                139.006308093,
                -7.789402492
              ],
              [
                139.006138391,
                -7.788926892
              ],
              [
                139.005963789,
                -7.788427192
              ],
              [
                139.005716486,
                -7.787975592
              ],
              [
                139.005532184,
                -7.787523992
              ],
              [
                139.005476883,
                -7.787244592
              ],
              [
                139.005371181,
                -7.786702692
              ],
              [
                139.005230579,
                -7.786133392
              ],
              [
                139.005114176,
                -7.785628892
              ],
              [
                139.005007574,
                -7.785105291
              ],
              [
                139.004975973,
                -7.784543191
              ],
              [
                139.004927571,
                -7.784009891
              ],
              [
                139.004925069,
                -7.78350069
              ],
              [
                139.004852368,
                -7.78302029
              ],
              [
                139.004823266,
                -7.78251579
              ],
              [
                139.004738364,
                -7.781999389
              ],
              [
                139.004675362,
                -7.781523689
              ],
              [
                139.00454926,
                -7.781002489
              ],
              [
                139.00452016,
                -7.780805489
              ],
              [
                139.004457158,
                -7.780308289
              ],
              [
                139.004556557,
                -7.779827888
              ],
              [
                139.004680256,
                -7.779248887
              ],
              [
                139.004733555,
                -7.778754086
              ],
              [
                139.004757753,
                -7.778220786
              ],
              [
                139.004682652,
                -7.777699586
              ],
              [
                139.00459045,
                -7.777211885
              ],
              [
                139.004520148,
                -7.776721885
              ],
              [
                139.004525047,
                -7.776205385
              ],
              [
                139.004534745,
                -7.775710584
              ],
              [
                139.004525044,
                -7.775206184
              ],
              [
                139.004372241,
                -7.774651284
              ],
              [
                139.004168639,
                -7.774108384
              ],
              [
                139.003957736,
                -7.773577484
              ],
              [
                139.003963836,
                -7.773531884
              ],
              [
                139.004034235,
                -7.773008883
              ],
              [
                139.004090134,
                -7.772533183
              ],
              [
                139.004182333,
                -7.772019182
              ],
              [
                139.004313232,
                -7.771533881
              ],
              [
                139.004417431,
                -7.77102228
              ],
              [
                139.00451443,
                -7.77051058
              ],
              [
                139.004579929,
                -7.769982079
              ],
              [
                139.004589628,
                -7.769489678
              ],
              [
                139.004601726,
                -7.768994778
              ],
              [
                139.004587125,
                -7.768492777
              ],
              [
                139.004531423,
                -7.768007477
              ],
              [
                139.004516821,
                -7.767428577
              ],
              [
                139.004701522,
                -7.767235376
              ],
              [
                139.005067323,
                -7.766834875
              ],
              [
                139.005273422,
                -7.766361674
              ],
              [
                139.005426122,
                -7.765905273
              ],
              [
                139.005610421,
                -7.765302272
              ],
              [
                139.00575832,
                -7.764742571
              ],
              [
                139.00590862,
                -7.76427177
              ],
              [
                139.006056519,
                -7.763793669
              ],
              [
                139.006235919,
                -7.763315668
              ],
              [
                139.006408118,
                -7.762796767
              ],
              [
                139.006500217,
                -7.762191466
              ],
              [
                139.006604416,
                -7.761694166
              ],
              [
                139.006633514,
                -7.761127265
              ],
              [
                139.006611713,
                -7.760485864
              ],
              [
                139.006580211,
                -7.759995764
              ],
              [
                139.006548709,
                -7.759239063
              ],
              [
                139.006776609,
                -7.758825862
              ],
              [
                139.006919608,
                -7.758299862
              ],
              [
                139.007050507,
                -7.757766561
              ],
              [
                139.007276007,
                -7.75727166
              ],
              [
                139.007411806,
                -7.756810459
              ],
              [
                139.007550006,
                -7.756351558
              ],
              [
                139.007734305,
                -7.755866357
              ],
              [
                139.007848204,
                -7.755361856
              ],
              [
                139.007952503,
                -7.754703655
              ],
              [
                139.008039702,
                -7.754165555
              ],
              [
                139.008153701,
                -7.753697054
              ],
              [
                139.008267001,
                -7.753515353
              ],
              [
                139.008530301,
                -7.753047852
              ],
              [
                139.008760701,
                -7.752593751
              ],
              [
                139.009032201,
                -7.75219015
              ],
              [
                139.009330402,
                -7.751798649
              ],
              [
                139.009565602,
                -7.751325348
              ],
              [
                139.009778902,
                -7.750871347
              ],
              [
                139.009987501,
                -7.750424546
              ],
              [
                139.010176601,
                -7.749982445
              ],
              [
                139.010445701,
                -7.749542844
              ],
              [
                139.010690601,
                -7.749072042
              ],
              [
                139.0108287,
                -7.748519441
              ],
              [
                139.0109548,
                -7.748029441
              ],
              [
                139.011044499,
                -7.74754174
              ],
              [
                139.011158498,
                -7.747015639
              ],
              [
                139.011221497,
                -7.746527939
              ],
              [
                139.011299097,
                -7.746359838
              ],
              [
                139.011473696,
                -7.745886537
              ],
              [
                139.011650695,
                -7.745324436
              ],
              [
                139.011861595,
                -7.744791135
              ],
              [
                139.012094295,
                -7.744305834
              ],
              [
                139.012295595,
                -7.743822933
              ],
              [
                139.012525894,
                -7.743325632
              ],
              [
                139.012659194,
                -7.742845231
              ],
              [
                139.012748892,
                -7.74226623
              ],
              [
                139.012865292,
                -7.74177133
              ],
              [
                139.012957791,
                -7.741417529
              ],
              [
                139.013156591,
                -7.740905828
              ],
              [
                139.013486291,
                -7.740470927
              ],
              [
                139.013864492,
                -7.740141825
              ],
              [
                139.014194193,
                -7.739743024
              ],
              [
                139.014531193,
                -7.739252923
              ],
              [
                139.014848893,
                -7.738791721
              ],
              [
                139.015163994,
                -7.73831842
              ],
              [
                139.015425894,
                -7.737770719
              ],
              [
                139.015641693,
                -7.737263818
              ],
              [
                139.015947093,
                -7.736627216
              ],
              [
                139.016187193,
                -7.736158715
              ],
              [
                139.016223493,
                -7.736125115
              ],
              [
                139.016533893,
                -7.735707114
              ],
              [
                139.016817494,
                -7.735291412
              ],
              [
                139.017072094,
                -7.734827811
              ],
              [
                139.017404294,
                -7.73434971
              ],
              [
                139.017712195,
                -7.733977309
              ],
              [
                139.017995795,
                -7.733588208
              ],
              [
                139.018335295,
                -7.733148506
              ],
              [
                139.018664996,
                -7.732776205
              ],
              [
                139.018917096,
                -7.732365304
              ],
              [
                139.019111096,
                -7.731791203
              ],
              [
                139.019280795,
                -7.731341902
              ],
              [
                139.019308295,
                -7.731306902
              ],
              [
                139.019621796,
                -7.730935901
              ],
              [
                139.019944296,
                -7.730570699
              ],
              [
                139.020276497,
                -7.730131098
              ],
              [
                139.020560097,
                -7.729700997
              ],
              [
                139.020797697,
                -7.729227796
              ],
              [
                139.020996497,
                -7.728737695
              ],
              [
                139.021219596,
                -7.728218794
              ],
              [
                139.021546897,
                -7.727776692
              ],
              [
                139.021966298,
                -7.727351491
              ],
              [
                139.022356698,
                -7.726928689
              ],
              [
                139.022606398,
                -7.726416888
              ],
              [
                139.022819698,
                -7.725835587
              ],
              [
                139.023035498,
                -7.725347886
              ],
              [
                139.023133898,
                -7.725243986
              ],
              [
                139.023469598,
                -7.724889584
              ],
              [
                139.023816299,
                -7.724502883
              ],
              [
                139.024124199,
                -7.724048782
              ],
              [
                139.0244491,
                -7.72368358
              ],
              [
                139.024749801,
                -7.723296779
              ],
              [
                139.025154702,
                -7.722926878
              ],
              [
                139.025557102,
                -7.722508776
              ],
              [
                139.025937803,
                -7.722136475
              ],
              [
                139.026333004,
                -7.721809673
              ],
              [
                139.026648105,
                -7.721379672
              ],
              [
                139.026997305,
                -7.720836671
              ],
              [
                139.027256705,
                -7.72041387
              ],
              [
                139.027567006,
                -7.719957368
              ],
              [
                139.027862806,
                -7.719464867
              ],
              [
                139.027924206,
                -7.719386667
              ],
              [
                139.028222806,
                -7.719006265
              ],
              [
                139.028582207,
                -7.718607664
              ],
              [
                139.028970108,
                -7.718271363
              ],
              [
                139.029336209,
                -7.717846161
              ],
              [
                139.02976051,
                -7.71752176
              ],
              [
                139.03014801,
                -7.716999558
              ],
              [
                139.030472911,
                -7.716547857
              ],
              [
                139.030715411,
                -7.716101056
              ],
              [
                139.031001511,
                -7.715646955
              ],
              [
                139.031143711,
                -7.715508454
              ],
              [
                139.031496312,
                -7.715164953
              ],
              [
                139.031838213,
                -7.714816652
              ],
              [
                139.032121813,
                -7.71437215
              ],
              [
                139.032415213,
                -7.713906049
              ],
              [
                139.032728014,
                -7.713521648
              ],
              [
                139.033072215,
                -7.713170847
              ],
              [
                139.033472316,
                -7.712776845
              ],
              [
                139.033860216,
                -7.712404544
              ],
              [
                139.034296618,
                -7.712044142
              ],
              [
                139.034679718,
                -7.711618841
              ],
              [
                139.034901819,
                -7.71122904
              ],
              [
                139.035147019,
                -7.710798639
              ],
              [
                139.035496119,
                -7.710354137
              ],
              [
                139.03589612,
                -7.710015336
              ],
              [
                139.036206521,
                -7.709640535
              ],
              [
                139.036555621,
                -7.709179333
              ],
              [
                139.036861121,
                -7.708672332
              ],
              [
                139.037139922,
                -7.708259131
              ],
              [
                139.037401721,
                -7.707708929
              ],
              [
                139.037624821,
                -7.707274128
              ],
              [
                139.037893921,
                -7.706699827
              ],
              [
                139.037981821,
                -7.706578127
              ],
              [
                139.038262321,
                -7.706179126
              ],
              [
                139.038594522,
                -7.705669824
              ],
              [
                139.038946022,
                -7.705234923
              ],
              [
                139.039188522,
                -7.704797722
              ],
              [
                139.039491522,
                -7.70429072
              ],
              [
                139.039724322,
                -7.703793419
              ],
              [
                139.039966722,
                -7.703341718
              ],
              [
                139.040083522,
                -7.703106418
              ],
              [
                139.040305822,
                -7.702658217
              ],
              [
                139.040565722,
                -7.702159215
              ],
              [
                139.040876022,
                -7.701683514
              ],
              [
                139.041106422,
                -7.701195813
              ],
              [
                139.041319722,
                -7.700696112
              ],
              [
                139.041520921,
                -7.700239611
              ],
              [
                139.041719721,
                -7.69972301
              ],
              [
                139.041971921,
                -7.699184809
              ],
              [
                139.042212921,
                -7.698935508
              ],
              [
                139.042341088,
                -7.698801772
              ],
              [
                139.042588122,
                -7.698544007
              ],
              [
                139.042830522,
                -7.698101905
              ],
              [
                139.043056022,
                -7.697607004
              ],
              [
                139.043247521,
                -7.697148103
              ],
              [
                139.043385721,
                -7.696684403
              ],
              [
                139.04355062,
                -7.696124602
              ],
              [
                139.04376152,
                -7.695555101
              ],
              [
                139.043914219,
                -7.6949449
              ],
              [
                139.044019418,
                -7.694521899
              ],
              [
                139.044214417,
                -7.693963298
              ],
              [
                139.044384117,
                -7.693485197
              ],
              [
                139.044510216,
                -7.692987896
              ],
              [
                139.044689616,
                -7.692502495
              ],
              [
                139.044840015,
                -7.692005194
              ],
              [
                139.044927214,
                -7.691517494
              ],
              [
                139.045021813,
                -7.690984093
              ],
              [
                139.045169013,
                -7.690664192
              ],
              [
                139.045402813,
                -7.690155891
              ],
              [
                139.045621212,
                -7.68970009
              ],
              [
                139.045754612,
                -7.689219589
              ],
              [
                139.04581761,
                -7.688558888
              ],
              [
                139.045907309,
                -7.688063888
              ],
              [
                139.045955808,
                -7.687528087
              ],
              [
                139.045902506,
                -7.687030787
              ],
              [
                139.045904905,
                -7.686456486
              ],
              [
                139.045927304,
                -7.686115786
              ],
              [
                139.045960603,
                -7.685609685
              ],
              [
                139.045993201,
                -7.685114485
              ],
              [
                139.0460482,
                -7.684530884
              ],
              [
                139.046072398,
                -7.683853383
              ],
              [
                139.046128197,
                -7.683276683
              ],
              [
                139.046099095,
                -7.682762582
              ],
              [
                139.046019094,
                -7.682281982
              ],
              [
                139.046009392,
                -7.681722182
              ],
              [
                139.046019091,
                -7.681207981
              ],
              [
                139.04604639,
                -7.680925981
              ],
              [
                139.046097189,
                -7.68039948
              ],
              [
                139.046162588,
                -7.67988778
              ],
              [
                139.046206286,
                -7.679392779
              ],
              [
                139.046356586,
                -7.678921878
              ],
              [
                139.046492385,
                -7.678448477
              ],
              [
                139.046611184,
                -7.677963177
              ],
              [
                139.046620084,
                -7.677878177
              ],
              [
                139.046674583,
                -7.677360276
              ],
              [
                139.046736282,
                -7.676774275
              ],
              [
                139.04677998,
                -7.676185575
              ],
              [
                139.046840579,
                -7.675553674
              ],
              [
                139.046847777,
                -7.674960173
              ],
              [
                139.046789675,
                -7.674405173
              ],
              [
                139.046724173,
                -7.673912573
              ],
              [
                139.046595671,
                -7.673350373
              ],
              [
                139.046486569,
                -7.672845772
              ],
              [
                139.046552068,
                -7.672386572
              ],
              [
                139.046620867,
                -7.671903971
              ],
              [
                139.046702866,
                -7.671349771
              ],
              [
                139.046727165,
                -7.67086927
              ],
              [
                139.046702863,
                -7.67026857
              ],
              [
                139.046644661,
                -7.669759169
              ],
              [
                139.04660836,
                -7.669268969
              ],
              [
                139.046603458,
                -7.668749968
              ],
              [
                139.046637457,
                -7.668168568
              ],
              [
                139.046771956,
                -7.667768667
              ],
              [
                139.046937656,
                -7.667278966
              ],
              [
                139.047097655,
                -7.666719065
              ],
              [
                139.047175254,
                -7.666185665
              ],
              [
                139.047294053,
                -7.665695564
              ],
              [
                139.047451553,
                -7.665205363
              ],
              [
                139.047609152,
                -7.664643162
              ],
              [
                139.047620752,
                -7.664510662
              ],
              [
                139.04766525,
                -7.663999661
              ],
              [
                139.047717349,
                -7.663414161
              ],
              [
                139.047756148,
                -7.66287116
              ],
              [
                139.047807047,
                -7.662380959
              ],
              [
                139.047845845,
                -7.661861959
              ],
              [
                139.047872544,
                -7.661383758
              ],
              [
                139.047908843,
                -7.660811958
              ],
              [
                139.047974342,
                -7.660336157
              ],
              [
                139.04800424,
                -7.659861857
              ],
              [
                139.048036439,
                -7.659351056
              ],
              [
                139.048078838,
                -7.658723355
              ],
              [
                139.048192737,
                -7.658175455
              ],
              [
                139.048299436,
                -7.657670854
              ],
              [
                139.048406135,
                -7.657190353
              ],
              [
                139.048541834,
                -7.656709752
              ],
              [
                139.048597533,
                -7.656332452
              ],
              [
                139.048700232,
                -7.655767851
              ],
              [
                139.048809332,
                -7.65527765
              ],
              [
                139.048894131,
                -7.654756249
              ],
              [
                139.048932929,
                -7.654208449
              ],
              [
                139.048976628,
                -7.653588448
              ],
              [
                139.049039627,
                -7.653098348
              ],
              [
                139.049109926,
                -7.652569647
              ],
              [
                139.049214425,
                -7.652233046
              ],
              [
                139.049359125,
                -7.651766946
              ],
              [
                139.049515824,
                -7.651262345
              ],
              [
                139.049660623,
                -7.650785744
              ],
              [
                139.049832723,
                -7.650201843
              ],
              [
                139.049968522,
                -7.649589142
              ],
              [
                139.050130921,
                -7.649115741
              ],
              [
                139.050295821,
                -7.64865924
              ],
              [
                139.05051402,
                -7.648130539
              ],
              [
                139.05067162,
                -7.647664438
              ],
              [
                139.050714619,
                -7.647407538
              ],
              [
                139.050802518,
                -7.646882437
              ],
              [
                139.050935817,
                -7.646336936
              ],
              [
                139.051078917,
                -7.645839535
              ],
              [
                139.051192816,
                -7.645351735
              ],
              [
                139.051340715,
                -7.644866334
              ],
              [
                139.051498315,
                -7.644371333
              ],
              [
                139.051619514,
                -7.643828332
              ],
              [
                139.051746614,
                -7.643520631
              ],
              [
                139.051942313,
                -7.64304663
              ],
              [
                139.052168313,
                -7.642499229
              ],
              [
                139.052384112,
                -7.641965728
              ],
              [
                139.052619312,
                -7.641465927
              ],
              [
                139.052810812,
                -7.641021426
              ],
              [
                139.053053312,
                -7.640555225
              ],
              [
                139.053247211,
                -7.640084324
              ],
              [
                139.053426611,
                -7.639485923
              ],
              [
                139.05359151,
                -7.639027022
              ],
              [
                139.05370911,
                -7.638798422
              ],
              [
                139.05394151,
                -7.638346521
              ],
              [
                139.05424581,
                -7.637775419
              ],
              [
                139.05444941,
                -7.637309218
              ],
              [
                139.054643409,
                -7.636840717
              ],
              [
                139.054900409,
                -7.636348116
              ],
              [
                139.05521311,
                -7.635932415
              ],
              [
                139.05557441,
                -7.635461414
              ],
              [
                139.05564341,
                -7.635320913
              ],
              [
                139.05585881,
                -7.634875812
              ],
              [
                139.05603331,
                -7.634421611
              ],
              [
                139.056190909,
                -7.63390981
              ],
              [
                139.056387309,
                -7.633402809
              ],
              [
                139.056532808,
                -7.632888609
              ],
              [
                139.056729208,
                -7.632451208
              ],
              [
                139.056920508,
                -7.632054407
              ],
              [
                139.057073207,
                -7.631547306
              ],
              [
                139.057327807,
                -7.631074005
              ],
              [
                139.057546007,
                -7.630554904
              ],
              [
                139.057749706,
                -7.629990203
              ],
              [
                139.057777106,
                -7.629956702
              ],
              [
                139.058093007,
                -7.629571401
              ],
              [
                139.058425207,
                -7.6291076
              ],
              [
                139.058730607,
                -7.628687099
              ],
              [
                139.059065208,
                -7.628254597
              ],
              [
                139.059365908,
                -7.627853296
              ],
              [
                139.059744109,
                -7.627382295
              ],
              [
                139.059841609,
                -7.627130894
              ],
              [
                139.060040308,
                -7.626618993
              ],
              [
                139.060231808,
                -7.626169692
              ],
              [
                139.060467008,
                -7.625689091
              ],
              [
                139.060770008,
                -7.62521329
              ],
              [
                139.061104608,
                -7.624761489
              ],
              [
                139.06151431,
                -7.624417887
              ],
              [
                139.06189501,
                -7.623999786
              ],
              [
                139.062022711,
                -7.623847885
              ],
              [
                139.062353611,
                -7.623471584
              ],
              [
                139.062637311,
                -7.623082283
              ],
              [
                139.062952512,
                -7.622661781
              ],
              [
                139.063241012,
                -7.62220278
              ],
              [
                139.063580413,
                -7.621767879
              ],
              [
                139.063890713,
                -7.621330478
              ],
              [
                139.063989213,
                -7.621217977
              ],
              [
                139.064318114,
                -7.620823376
              ],
              [
                139.064609114,
                -7.620434075
              ],
              [
                139.064982415,
                -7.620061674
              ],
              [
                139.065229715,
                -7.619636272
              ],
              [
                139.065460115,
                -7.619194171
              ],
              [
                139.065692815,
                -7.61873517
              ],
              [
                139.065911015,
                -7.618264169
              ],
              [
                139.066177715,
                -7.617793168
              ],
              [
                139.066383815,
                -7.617641767
              ],
              [
                139.066720816,
                -7.617254866
              ],
              [
                139.066936616,
                -7.616803165
              ],
              [
                139.067169316,
                -7.616370564
              ],
              [
                139.066846914,
                -7.616360965
              ],
              [
                139.066315911,
                -7.616363367
              ],
              [
                139.065736408,
                -7.616392168
              ],
              [
                139.065200606,
                -7.61635617
              ],
              [
                139.064674503,
                -7.616372971
              ],
              [
                139.0641023,
                -7.616445073
              ],
              [
                139.0640684,
                -7.616461873
              ],
              [
                139.063571398,
                -7.616531574
              ],
              [
                139.063093796,
                -7.616627676
              ],
              [
                139.062599193,
                -7.616678177
              ],
              [
                139.062114291,
                -7.616690179
              ],
              [
                139.061639089,
                -7.61684638
              ],
              [
                139.061173587,
                -7.616980981
              ],
              [
                139.060688685,
                -7.617074683
              ],
              [
                139.060201282,
                -7.617117984
              ],
              [
                139.05967518,
                -7.617170786
              ],
              [
                139.059195178,
                -7.617274187
              ],
              [
                139.058664175,
                -7.617348689
              ],
              [
                139.058155072,
                -7.61724289
              ],
              [
                139.05764837,
                -7.617161191
              ],
              [
                139.057524269,
                -7.617232492
              ],
              [
                139.057071367,
                -7.617440093
              ],
              [
                139.056545265,
                -7.617608295
              ],
              [
                139.056050663,
                -7.617694896
              ],
              [
                139.05552936,
                -7.617740498
              ],
              [
                139.055034758,
                -7.617771799
              ],
              [
                139.054537755,
                -7.617747701
              ],
              [
                139.054031053,
                -7.617771802
              ],
              [
                139.05348065,
                -7.617848704
              ],
              [
                139.052988548,
                -7.618031305
              ],
              [
                139.052486646,
                -7.618067307
              ],
              [
                139.051989644,
                -7.618151408
              ],
              [
                139.051495041,
                -7.618213909
              ],
              [
                139.050954339,
                -7.618295611
              ],
              [
                139.050493737,
                -7.618442212
              ],
              [
                139.049996735,
                -7.618598414
              ],
              [
                139.049489932,
                -7.618696915
              ],
              [
                139.049359031,
                -7.618459016
              ],
              [
                139.049034128,
                -7.618086616
              ],
              [
                139.048803826,
                -7.617654016
              ],
              [
                139.048510423,
                -7.617259917
              ],
              [
                139.048314122,
                -7.617007617
              ],
              [
                139.048052219,
                -7.616591918
              ],
              [
                139.047792817,
                -7.616178518
              ],
              [
                139.047552814,
                -7.615743618
              ],
              [
                139.047324912,
                -7.615313418
              ],
              [
                139.047070309,
                -7.614876119
              ],
              [
                139.046745584,
                -7.614568765
              ],
              [
                139.046694507,
                -7.61452042
              ],
              [
                139.046323604,
                -7.61420322
              ],
              [
                139.045901701,
                -7.613900421
              ],
              [
                139.045460398,
                -7.613648122
              ],
              [
                139.045011895,
                -7.613419823
              ],
              [
                139.044560992,
                -7.613177124
              ],
              [
                139.044148789,
                -7.612905625
              ],
              [
                139.043709986,
                -7.612694126
              ],
              [
                139.043302583,
                -7.612393727
              ],
              [
                139.042943781,
                -7.612239928
              ],
              [
                139.042490378,
                -7.612057329
              ],
              [
                139.041983676,
                -7.61201403
              ],
              [
                139.041506073,
                -7.611857832
              ],
              [
                139.04103677,
                -7.611618246
              ],
              [
                139.04102597,
                -7.611612733
              ],
              [
                139.040606567,
                -7.611358034
              ],
              [
                139.040116864,
                -7.611233035
              ],
              [
                139.039624661,
                -7.611237836
              ],
              [
                139.039127659,
                -7.611228238
              ],
              [
                139.038623356,
                -7.611185039
              ],
              [
                139.038119054,
                -7.61118024
              ],
              [
                139.037624451,
                -7.611136942
              ],
              [
                139.03751045,
                -7.611117742
              ],
              [
                139.036986848,
                -7.611120143
              ],
              [
                139.036523746,
                -7.611322045
              ],
              [
                139.036038844,
                -7.611502246
              ],
              [
                139.035858422,
                -7.611618261
              ],
              [
                139.035631543,
                -7.611764148
              ],
              [
                139.035231442,
                -7.612105449
              ],
              [
                139.03484354,
                -7.612410551
              ],
              [
                139.034411939,
                -7.612715752
              ],
              [
                139.034014338,
                -7.613025753
              ],
              [
                139.033512536,
                -7.613218055
              ],
              [
                139.032986334,
                -7.613431857
              ],
              [
                139.032656633,
                -7.613631358
              ],
              [
                139.032196031,
                -7.613797159
              ],
              [
                139.031708628,
                -7.61376356
              ],
              [
                139.031248025,
                -7.613590462
              ],
              [
                139.030738823,
                -7.613669763
              ],
              [
                139.030237021,
                -7.613739465
              ],
              [
                139.029771519,
                -7.613878866
              ],
              [
                139.029306017,
                -7.614051867
              ],
              [
                139.028925316,
                -7.614359469
              ],
              [
                139.028763668,
                -7.614568815
              ],
              [
                139.028624715,
                -7.61474877
              ],
              [
                139.028510716,
                -7.615236571
              ],
              [
                139.028593218,
                -7.615709971
              ],
              [
                139.02869982,
                -7.616200271
              ],
              [
                139.028799322,
                -7.616673671
              ],
              [
                139.028709522,
                -7.617156672
              ],
              [
                139.028384722,
                -7.617526673
              ],
              [
                139.028018621,
                -7.617887174
              ],
              [
                139.02765972,
                -7.618213976
              ],
              [
                139.027279119,
                -7.618552777
              ],
              [
                139.026891218,
                -7.618841178
              ],
              [
                139.026517817,
                -7.61914638
              ],
              [
                139.026069314,
                -7.618934881
              ],
              [
                139.025647411,
                -7.618634482
              ],
              [
                139.025349208,
                -7.618235582
              ],
              [
                139.024971006,
                -7.617932883
              ],
              [
                139.024556403,
                -7.617680484
              ],
              [
                139.0241297,
                -7.617447485
              ],
              [
                139.023671497,
                -7.617209586
              ],
              [
                139.023644797,
                -7.617106186
              ],
              [
                139.023339294,
                -7.616719286
              ],
              [
                139.023041091,
                -7.616337287
              ],
              [
                139.022764689,
                -7.615928687
              ],
              [
                139.022345286,
                -7.615671588
              ],
              [
                139.021838484,
                -7.61572929
              ],
              [
                139.021402082,
                -7.615950391
              ],
              [
                139.02092448,
                -7.616056092
              ],
              [
                139.020417777,
                -7.616101794
              ],
              [
                139.019920775,
                -7.616060895
              ],
              [
                139.019421272,
                -7.616048897
              ],
              [
                139.01892427,
                -7.616041698
              ],
              [
                139.018439367,
                -7.616008099
              ],
              [
                139.017944764,
                -7.615998501
              ],
              [
                139.017457462,
                -7.615890302
              ],
              [
                139.01713986,
                -7.615746103
              ],
              [
                139.016674357,
                -7.615551504
              ],
              [
                139.016237954,
                -7.615337605
              ],
              [
                139.015753051,
                -7.615174206
              ],
              [
                139.015292348,
                -7.614991607
              ],
              [
                139.014829245,
                -7.614792108
              ],
              [
                139.014349242,
                -7.614674409
              ],
              [
                139.01386924,
                -7.614585511
              ],
              [
                139.013816162,
                -7.614568856
              ],
              [
                139.013386737,
                -7.614434112
              ],
              [
                139.012906634,
                -7.614326013
              ],
              [
                139.012412031,
                -7.614244314
              ],
              [
                139.011907729,
                -7.614196216
              ],
              [
                139.011704127,
                -7.614145716
              ],
              [
                139.011209525,
                -7.614056817
              ],
              [
                139.010724622,
                -7.613970319
              ],
              [
                139.010232419,
                -7.61383332
              ],
              [
                139.009742716,
                -7.613746821
              ],
              [
                139.009238414,
                -7.613730023
              ],
              [
                139.008755911,
                -7.613756524
              ],
              [
                139.008263709,
                -7.613785325
              ],
              [
                139.007776407,
                -7.613833427
              ],
              [
                139.007279404,
                -7.613886228
              ],
              [
                139.006787202,
                -7.613867029
              ],
              [
                139.006668401,
                -7.61391993
              ],
              [
                139.006219899,
                -7.614104931
              ],
              [
                139.005768898,
                -7.614292333
              ],
              [
                139.005303396,
                -7.614441334
              ],
              [
                139.005094035,
                -7.61456888
              ],
              [
                139.004869394,
                -7.614705736
              ],
              [
                139.004389392,
                -7.614960437
              ],
              [
                139.003948091,
                -7.615186338
              ],
              [
                139.003521389,
                -7.61543864
              ],
              [
                139.003118988,
                -7.615734241
              ],
              [
                139.002682587,
                -7.616010543
              ],
              [
                139.002238885,
                -7.616224444
              ],
              [
                139.001768483,
                -7.616407046
              ],
              [
                139.001281181,
                -7.616664247
              ],
              [
                139.00083268,
                -7.616851649
              ],
              [
                139.000359878,
                -7.61701745
              ],
              [
                138.999865275,
                -7.617108752
              ],
              [
                138.999633074,
                -7.617244452
              ],
              [
                138.999195573,
                -7.617491654
              ],
              [
                138.998705771,
                -7.617727155
              ],
              [
                138.998237869,
                -7.617852157
              ],
              [
                138.997750567,
                -7.617965058
              ],
              [
                138.997248664,
                -7.61800116
              ],
              [
                138.996720162,
                -7.618068461
              ],
              [
                138.99624976,
                -7.618205362
              ],
              [
                138.995733358,
                -7.618337564
              ],
              [
                138.995238755,
                -7.618440865
              ],
              [
                138.995039955,
                -7.618500966
              ],
              [
                138.994530852,
                -7.618577868
              ],
              [
                138.99404105,
                -7.618623569
              ],
              [
                138.993490747,
                -7.618657171
              ],
              [
                138.992981544,
                -7.618671572
              ],
              [
                138.992448142,
                -7.618657173
              ],
              [
                138.991960839,
                -7.618556275
              ],
              [
                138.991480836,
                -7.618436076
              ],
              [
                138.991010433,
                -7.618299077
              ],
              [
                138.990636032,
                -7.618405178
              ],
              [
                138.99015663,
                -7.61850518
              ],
              [
                138.989669327,
                -7.618536481
              ],
              [
                138.989167425,
                -7.618565282
              ],
              [
                138.988646222,
                -7.618620584
              ],
              [
                138.98816372,
                -7.618666185
              ],
              [
                138.987649717,
                -7.618750287
              ],
              [
                138.987147815,
                -7.618889688
              ],
              [
                138.986679913,
                -7.61900989
              ],
              [
                138.986163511,
                -7.619053091
              ],
              [
                138.985647108,
                -7.619206893
              ],
              [
                138.985133106,
                -7.619298194
              ],
              [
                138.984645803,
                -7.619216495
              ],
              [
                138.984117201,
                -7.619163597
              ],
              [
                138.983523197,
                -7.619072298
              ],
              [
                138.983244396,
                -7.619137199
              ],
              [
                138.982761894,
                -7.619315001
              ],
              [
                138.982274592,
                -7.619435202
              ],
              [
                138.981770289,
                -7.619480804
              ],
              [
                138.981278087,
                -7.619440005
              ],
              [
                138.980761684,
                -7.619382306
              ],
              [
                138.980269581,
                -7.619255007
              ],
              [
                138.980236381,
                -7.619280408
              ],
              [
                138.97984268,
                -7.619581209
              ],
              [
                138.979323877,
                -7.61961491
              ],
              [
                138.978780774,
                -7.619626912
              ],
              [
                138.978300772,
                -7.619684613
              ],
              [
                138.97781827,
                -7.619715815
              ],
              [
                138.977311567,
                -7.619708616
              ],
              [
                138.976802364,
                -7.619605317
              ],
              [
                138.976222961,
                -7.619559619
              ],
              [
                138.976067761,
                -7.619626919
              ],
              [
                138.975578058,
                -7.619670221
              ],
              [
                138.975097956,
                -7.619795122
              ],
              [
                138.974615454,
                -7.619903224
              ],
              [
                138.974137852,
                -7.619980125
              ],
              [
                138.973645649,
                -7.619936926
              ],
              [
                138.973158346,
                -7.619874428
              ],
              [
                138.972656444,
                -7.619773529
              ],
              [
                138.972181241,
                -7.61961493
              ],
              [
                138.971672138,
                -7.619492331
              ],
              [
                138.971163035,
                -7.619425033
              ],
              [
                138.970881733,
                -7.619261633
              ],
              [
                138.97041863,
                -7.619062234
              ],
              [
                138.969943427,
                -7.618894035
              ],
              [
                138.969482824,
                -7.618718637
              ],
              [
                138.969005222,
                -7.618562438
              ],
              [
                138.968491219,
                -7.618504739
              ],
              [
                138.967916616,
                -7.618507141
              ],
              [
                138.967833815,
                -7.618466141
              ],
              [
                138.967346512,
                -7.618242642
              ],
              [
                138.967319834,
                -7.618230756
              ],
              [
                138.966866409,
                -7.618028743
              ],
              [
                138.966391206,
                -7.617824544
              ],
              [
                138.965901503,
                -7.617752445
              ],
              [
                138.965414101,
                -7.617701947
              ],
              [
                138.964829798,
                -7.617634648
              ],
              [
                138.964618896,
                -7.617540949
              ],
              [
                138.964177593,
                -7.61732705
              ],
              [
                138.96374609,
                -7.617060351
              ],
              [
                138.963512673,
                -7.616961756
              ],
              [
                138.963285388,
                -7.616865752
              ],
              [
                138.962788384,
                -7.616680653
              ],
              [
                138.962301081,
                -7.616466854
              ],
              [
                138.961806478,
                -7.616298555
              ],
              [
                138.961316776,
                -7.616221657
              ],
              [
                138.960819673,
                -7.616207258
              ],
              [
                138.960744573,
                -7.616139958
              ],
              [
                138.96031787,
                -7.615911759
              ],
              [
                138.959864467,
                -7.61567866
              ],
              [
                138.959379564,
                -7.615503161
              ],
              [
                138.958850961,
                -7.615371062
              ],
              [
                138.958353958,
                -7.615303764
              ],
              [
                138.957871555,
                -7.615246065
              ],
              [
                138.957372053,
                -7.615248466
              ],
              [
                138.95686045,
                -7.615286968
              ],
              [
                138.956365848,
                -7.615409469
              ],
              [
                138.956135547,
                -7.61529897
              ],
              [
                138.955699144,
                -7.615073071
              ],
              [
                138.955306341,
                -7.614791872
              ],
              [
                138.955133831,
                -7.614569017
              ],
              [
                138.955010638,
                -7.614409872
              ],
              [
                138.954765736,
                -7.613955672
              ],
              [
                138.954399633,
                -7.613626473
              ],
              [
                138.95405053,
                -7.613287574
              ],
              [
                138.953669828,
                -7.612967974
              ],
              [
                138.953286725,
                -7.612655575
              ],
              [
                138.952869722,
                -7.612372076
              ],
              [
                138.952435719,
                -7.612138977
              ],
              [
                138.952287918,
                -7.612006777
              ],
              [
                138.951887815,
                -7.611723178
              ],
              [
                138.951495012,
                -7.611437279
              ],
              [
                138.951082909,
                -7.61118488
              ],
              [
                138.950823507,
                -7.61082928
              ],
              [
                138.950464604,
                -7.610502481
              ],
              [
                138.950045201,
                -7.610199682
              ],
              [
                138.949681499,
                -7.609872882
              ],
              [
                138.949351796,
                -7.609495583
              ],
              [
                138.949082694,
                -7.609245683
              ],
              [
                138.948716591,
                -7.608926084
              ],
              [
                138.948398988,
                -7.608527085
              ],
              [
                138.948040186,
                -7.608169085
              ],
              [
                138.947642483,
                -7.607875886
              ],
              [
                138.94736608,
                -7.607462586
              ],
              [
                138.947024277,
                -7.607073287
              ],
              [
                138.946747875,
                -7.606657487
              ],
              [
                138.946403572,
                -7.606294688
              ],
              [
                138.94617327,
                -7.606011088
              ],
              [
                138.945763567,
                -7.605698689
              ],
              [
                138.945394964,
                -7.60534779
              ],
              [
                138.945089462,
                -7.60491289
              ],
              [
                138.944813159,
                -7.60446349
              ],
              [
                138.944575557,
                -7.604326491
              ],
              [
                138.944175454,
                -7.603997292
              ],
              [
                138.943882152,
                -7.603557492
              ],
              [
                138.943600849,
                -7.603141792
              ],
              [
                138.943319647,
                -7.602752493
              ],
              [
                138.942970444,
                -7.602418394
              ],
              [
                138.942681941,
                -7.601978694
              ],
              [
                138.942461339,
                -7.601572494
              ],
              [
                138.942155836,
                -7.601183195
              ],
              [
                138.941971634,
                -7.600733895
              ],
              [
                138.941717032,
                -7.600325295
              ],
              [
                138.941372729,
                -7.599928795
              ],
              [
                138.941064826,
                -7.599513096
              ],
              [
                138.940761724,
                -7.599308797
              ],
              [
                138.940378721,
                -7.598996397
              ],
              [
                138.940019818,
                -7.598643098
              ],
              [
                138.939651316,
                -7.598292299
              ],
              [
                138.939302213,
                -7.597883699
              ],
              [
                138.93892881,
                -7.597665
              ],
              [
                138.938509407,
                -7.597340601
              ],
              [
                138.938119004,
                -7.597009002
              ],
              [
                138.937782002,
                -7.596662902
              ],
              [
                138.937379598,
                -7.596252003
              ],
              [
                138.937289898,
                -7.596237603
              ],
              [
                138.936855895,
                -7.595992404
              ],
              [
                138.936426692,
                -7.595716105
              ],
              [
                138.936113989,
                -7.595322005
              ],
              [
                138.935759987,
                -7.594995106
              ],
              [
                138.935357484,
                -7.594629807
              ],
              [
                138.935282383,
                -7.594591407
              ],
              [
                138.93485328,
                -7.594360708
              ],
              [
                138.934421677,
                -7.594086709
              ],
              [
                138.934036174,
                -7.59376231
              ],
              [
                138.933653072,
                -7.59343071
              ],
              [
                138.933160969,
                -7.593255211
              ],
              [
                138.932901467,
                -7.593041312
              ],
              [
                138.932491764,
                -7.592757813
              ],
              [
                138.932004461,
                -7.592536714
              ],
              [
                138.931512258,
                -7.592346815
              ],
              [
                138.931114655,
                -7.592039216
              ],
              [
                138.931056454,
                -7.591979116
              ],
              [
                138.930673352,
                -7.591673917
              ],
              [
                138.930210349,
                -7.591428818
              ],
              [
                138.929720546,
                -7.591320719
              ],
              [
                138.929279343,
                -7.59104672
              ],
              [
                138.92904654,
                -7.59061412
              ],
              [
                138.928755638,
                -7.59020802
              ],
              [
                138.928423435,
                -7.589775421
              ],
              [
                138.927960332,
                -7.589453422
              ],
              [
                138.92778583,
                -7.589222722
              ],
              [
                138.927504528,
                -7.588821422
              ],
              [
                138.927252425,
                -7.588410423
              ],
              [
                138.927007523,
                -7.587927423
              ],
              [
                138.92681602,
                -7.587475623
              ],
              [
                138.926595318,
                -7.587035823
              ],
              [
                138.926360216,
                -7.586615223
              ],
              [
                138.926088613,
                -7.586204324
              ],
              [
                138.92568371,
                -7.585865425
              ],
              [
                138.925548009,
                -7.585740425
              ],
              [
                138.925114006,
                -7.585521726
              ],
              [
                138.924784304,
                -7.585168526
              ],
              [
                138.924522401,
                -7.584740727
              ],
              [
                138.924144198,
                -7.584341827
              ],
              [
                138.923831396,
                -7.583966928
              ],
              [
                138.923411992,
                -7.583572728
              ],
              [
                138.923273791,
                -7.583349229
              ],
              [
                138.922929488,
                -7.583008029
              ],
              [
                138.922517385,
                -7.58263553
              ],
              [
                138.922114882,
                -7.582351931
              ],
              [
                138.92182398,
                -7.581940931
              ],
              [
                138.921528177,
                -7.581496332
              ],
              [
                138.921275975,
                -7.581080632
              ],
              [
                138.920989872,
                -7.580624032
              ],
              [
                138.920679569,
                -7.580184233
              ],
              [
                138.920359566,
                -7.579701133
              ],
              [
                138.920063764,
                -7.579347833
              ],
              [
                138.919828561,
                -7.578924934
              ],
              [
                138.919622459,
                -7.578480334
              ],
              [
                138.919275756,
                -7.578100534
              ],
              [
                138.918977554,
                -7.577689635
              ],
              [
                138.918594451,
                -7.577319535
              ],
              [
                138.918405349,
                -7.577050336
              ],
              [
                138.918082946,
                -7.576677836
              ],
              [
                138.917779844,
                -7.576269337
              ],
              [
                138.917457441,
                -7.575831937
              ],
              [
                138.917178538,
                -7.575408937
              ],
              [
                138.916928836,
                -7.574937838
              ],
              [
                138.916620933,
                -7.574495638
              ],
              [
                138.916642733,
                -7.574437438
              ],
              [
                138.916677333,
                -7.574322638
              ],
              [
                138.916649432,
                -7.574204838
              ],
              [
                138.916636132,
                -7.574080538
              ],
              [
                138.916604531,
                -7.573961538
              ],
              [
                138.916537931,
                -7.573860638
              ],
              [
                138.91644573,
                -7.573780138
              ],
              [
                138.916353029,
                -7.573700238
              ],
              [
                138.916248129,
                -7.573628138
              ],
              [
                138.916128728,
                -7.573593838
              ],
              [
                138.916040227,
                -7.573495939
              ],
              [
                138.915979627,
                -7.573387739
              ],
              [
                138.915973026,
                -7.573258639
              ],
              [
                138.915939026,
                -7.573140839
              ],
              [
                138.915897225,
                -7.573013439
              ],
              [
                138.915892925,
                -7.572944938
              ],
              [
                138.915860225,
                -7.572829638
              ],
              [
                138.915779024,
                -7.572738839
              ],
              [
                138.915689923,
                -7.572653539
              ],
              [
                138.915604423,
                -7.572564639
              ],
              [
                138.915563222,
                -7.572444439
              ],
              [
                138.915544422,
                -7.572314139
              ],
              [
                138.915576621,
                -7.572192139
              ],
              [
                138.915646322,
                -7.572092438
              ],
              [
                138.915696621,
                -7.571975238
              ],
              [
                138.915776622,
                -7.571879138
              ],
              [
                138.915806321,
                -7.571760738
              ],
              [
                138.915786321,
                -7.571639938
              ],
              [
                138.915779621,
                -7.571519237
              ],
              [
                138.91577722,
                -7.571390637
              ],
              [
                138.91579052,
                -7.571266837
              ],
              [
                138.91580872,
                -7.571142537
              ],
              [
                138.915801419,
                -7.571019937
              ],
              [
                138.915769319,
                -7.570899137
              ],
              [
                138.915741418,
                -7.570780837
              ],
              [
                138.915657218,
                -7.570696037
              ],
              [
                138.915552917,
                -7.570634837
              ],
              [
                138.915437116,
                -7.570585537
              ],
              [
                138.915335916,
                -7.570515238
              ],
              [
                138.915246215,
                -7.570425738
              ],
              [
                138.915174714,
                -7.570328338
              ],
              [
                138.915100114,
                -7.570220238
              ],
              [
                138.915052313,
                -7.570179938
              ],
              [
                138.914945613,
                -7.570122938
              ],
              [
                138.914848612,
                -7.570049039
              ],
              [
                138.914769811,
                -7.569952839
              ],
              [
                138.914695311,
                -7.569854939
              ],
              [
                138.91462011,
                -7.569752139
              ],
              [
                138.914551009,
                -7.569638639
              ],
              [
                138.914481309,
                -7.569532239
              ],
              [
                138.914403708,
                -7.569434339
              ],
              [
                138.914297607,
                -7.569372439
              ],
              [
                138.914176407,
                -7.56934124
              ],
              [
                138.914073406,
                -7.56940854
              ],
              [
                138.913986706,
                -7.56950344
              ],
              [
                138.913959406,
                -7.56962724
              ],
              [
                138.913943706,
                -7.569746741
              ],
              [
                138.913952807,
                -7.569872941
              ],
              [
                138.913966107,
                -7.569991941
              ],
              [
                138.913995208,
                -7.570112041
              ],
              [
                138.914040008,
                -7.570223241
              ],
              [
                138.914099409,
                -7.570330741
              ],
              [
                138.914159409,
                -7.570435941
              ],
              [
                138.91424731,
                -7.570524241
              ],
              [
                138.914324911,
                -7.57061614
              ],
              [
                138.914403111,
                -7.57071234
              ],
              [
                138.914468612,
                -7.57081984
              ],
              [
                138.914506113,
                -7.57094304
              ],
              [
                138.914553413,
                -7.57106434
              ],
              [
                138.914557114,
                -7.57118934
              ],
              [
                138.914526114,
                -7.571311941
              ],
              [
                138.914471014,
                -7.571419441
              ],
              [
                138.914397614,
                -7.571517441
              ],
              [
                138.914342513,
                -7.571570241
              ],
              [
                138.914238213,
                -7.571642342
              ],
              [
                138.914123113,
                -7.571685042
              ],
              [
                138.914002512,
                -7.571701242
              ],
              [
                138.913881211,
                -7.571680243
              ],
              [
                138.913768511,
                -7.571630943
              ],
              [
                138.91367701,
                -7.571545643
              ],
              [
                138.913613909,
                -7.571435143
              ],
              [
                138.913566009,
                -7.571323943
              ],
              [
                138.913524208,
                -7.571206743
              ],
              [
                138.913476308,
                -7.571089643
              ],
              [
                138.913456907,
                -7.570967643
              ],
              [
                138.913406007,
                -7.570849343
              ],
              [
                138.913375106,
                -7.570718943
              ],
              [
                138.913347806,
                -7.570593343
              ],
              [
                138.913337706,
                -7.570555843
              ],
              [
                138.913300005,
                -7.570433143
              ],
              [
                138.913293405,
                -7.570313043
              ],
              [
                138.913254004,
                -7.570197043
              ],
              [
                138.913174603,
                -7.570094343
              ],
              [
                138.913129103,
                -7.569977143
              ],
              [
                138.913089702,
                -7.569861143
              ],
              [
                138.913094502,
                -7.569738643
              ],
              [
                138.913064202,
                -7.569620843
              ],
              [
                138.913057001,
                -7.569496443
              ],
              [
                138.912966001,
                -7.569411743
              ],
              [
                138.9128806,
                -7.569320443
              ],
              [
                138.9128685,
                -7.569274743
              ],
              [
                138.912842999,
                -7.569153443
              ],
              [
                138.912785999,
                -7.569046443
              ],
              [
                138.912708398,
                -7.568943143
              ],
              [
                138.912627797,
                -7.568847043
              ],
              [
                138.912520497,
                -7.568771244
              ],
              [
                138.912415696,
                -7.568694944
              ],
              [
                138.912311395,
                -7.568632544
              ],
              [
                138.912219894,
                -7.568543544
              ],
              [
                138.912127794,
                -7.568451644
              ],
              [
                138.912027793,
                -7.568382544
              ],
              [
                138.911911392,
                -7.568350145
              ],
              [
                138.911790792,
                -7.568330845
              ],
              [
                138.911668891,
                -7.568333845
              ],
              [
                138.911554991,
                -7.568375346
              ],
              [
                138.91145859,
                -7.568342946
              ],
              [
                138.911334389,
                -7.568331446
              ],
              [
                138.911210689,
                -7.568324847
              ],
              [
                138.911086488,
                -7.568342347
              ],
              [
                138.910968288,
                -7.568390947
              ],
              [
                138.910851887,
                -7.568431848
              ],
              [
                138.910733687,
                -7.568473248
              ],
              [
                138.910616086,
                -7.568518348
              ],
              [
                138.910522186,
                -7.568598249
              ],
              [
                138.910445786,
                -7.568698549
              ],
              [
                138.910366386,
                -7.568796549
              ],
              [
                138.910326386,
                -7.56891545
              ],
              [
                138.910276086,
                -7.56902965
              ],
              [
                138.910223886,
                -7.56914565
              ],
              [
                138.910163286,
                -7.56926995
              ],
              [
                138.910158486,
                -7.56934205
              ],
              [
                138.910145786,
                -7.569465851
              ],
              [
                138.910142687,
                -7.569587251
              ],
              [
                138.910158487,
                -7.569710951
              ],
              [
                138.910176687,
                -7.569832351
              ],
              [
                138.910179688,
                -7.569955551
              ],
              [
                138.910179088,
                -7.570082951
              ],
              [
                138.910187588,
                -7.570217451
              ],
              [
                138.910173589,
                -7.570337651
              ],
              [
                138.910140289,
                -7.570460252
              ],
              [
                138.910102689,
                -7.570583952
              ],
              [
                138.910061489,
                -7.570697552
              ],
              [
                138.910028189,
                -7.570816552
              ],
              [
                138.909958489,
                -7.570927652
              ],
              [
                138.909884489,
                -7.571037053
              ],
              [
                138.909825089,
                -7.571148153
              ],
              [
                138.909759089,
                -7.571251553
              ],
              [
                138.909677189,
                -7.571344054
              ],
              [
                138.909588089,
                -7.571443154
              ],
              [
                138.909480788,
                -7.571499054
              ],
              [
                138.909390488,
                -7.571595755
              ],
              [
                138.909303188,
                -7.571679255
              ],
              [
                138.909208688,
                -7.571769455
              ],
              [
                138.909086887,
                -7.571816256
              ],
              [
                138.908998387,
                -7.571902856
              ],
              [
                138.908895286,
                -7.571929856
              ],
              [
                138.908783186,
                -7.571976157
              ],
              [
                138.908661985,
                -7.571974257
              ],
              [
                138.908537085,
                -7.571950257
              ],
              [
                138.908416484,
                -7.571931058
              ],
              [
                138.908315283,
                -7.571863758
              ],
              [
                138.908205583,
                -7.571808458
              ],
              [
                138.908136482,
                -7.571709958
              ],
              [
                138.908040681,
                -7.571636058
              ],
              [
                138.908015781,
                -7.571577758
              ],
              [
                138.90796608,
                -7.571467258
              ],
              [
                138.90791518,
                -7.571356658
              ],
              [
                138.907884279,
                -7.571238858
              ],
              [
                138.907867979,
                -7.571118158
              ],
              [
                138.907876379,
                -7.570988358
              ],
              [
                138.907870378,
                -7.570865158
              ],
              [
                138.907916378,
                -7.570751058
              ],
              [
                138.907980678,
                -7.570642258
              ],
              [
                138.908034578,
                -7.570529357
              ],
              [
                138.908121879,
                -7.570441557
              ],
              [
                138.908109278,
                -7.570341257
              ],
              [
                138.908145578,
                -7.570203657
              ],
              [
                138.908205578,
                -7.570096756
              ],
              [
                138.908261378,
                -7.569981956
              ],
              [
                138.908290478,
                -7.569855156
              ],
              [
                138.908303178,
                -7.569730856
              ],
              [
                138.908284377,
                -7.569601656
              ],
              [
                138.908311677,
                -7.569473656
              ],
              [
                138.908363177,
                -7.569349255
              ],
              [
                138.908332276,
                -7.569222555
              ],
              [
                138.908286276,
                -7.569105355
              ],
              [
                138.908246175,
                -7.568983355
              ],
              [
                138.908215875,
                -7.568859655
              ],
              [
                138.908173474,
                -7.568734655
              ],
              [
                138.908094673,
                -7.568631955
              ],
              [
                138.908007373,
                -7.568544155
              ],
              [
                138.907915272,
                -7.568461256
              ],
              [
                138.907827371,
                -7.568368756
              ],
              [
                138.907773471,
                -7.568318256
              ],
              [
                138.90767037,
                -7.568231756
              ],
              [
                138.90756007,
                -7.568178256
              ],
              [
                138.907458869,
                -7.568109156
              ],
              [
                138.907359468,
                -7.568035857
              ],
              [
                138.907314568,
                -7.568016657
              ],
              [
                138.907193367,
                -7.567984257
              ],
              [
                138.907089766,
                -7.567907357
              ],
              [
                138.906969066,
                -7.567859258
              ],
              [
                138.906861865,
                -7.567783558
              ],
              [
                138.906758764,
                -7.567749858
              ],
              [
                138.906636364,
                -7.567724658
              ],
              [
                138.906518163,
                -7.567695859
              ],
              [
                138.906398762,
                -7.567665159
              ],
              [
                138.906354262,
                -7.567622559
              ],
              [
                138.906265061,
                -7.567537259
              ],
              [
                138.90617466,
                -7.567447559
              ],
              [
                138.90607826,
                -7.567362859
              ],
              [
                138.905988559,
                -7.56726966
              ],
              [
                138.905918258,
                -7.56716996
              ],
              [
                138.905820058,
                -7.56709606
              ],
              [
                138.905713357,
                -7.56703956
              ],
              [
                138.905657657,
                -7.56699746
              ],
              [
                138.905567256,
                -7.56691756
              ],
              [
                138.905472755,
                -7.566825061
              ],
              [
                138.905380654,
                -7.566742161
              ],
              [
                138.905297254,
                -7.566696261
              ],
              [
                138.905176653,
                -7.566631161
              ],
              [
                138.905077852,
                -7.566556661
              ],
              [
                138.904981452,
                -7.566474962
              ],
              [
                138.904872351,
                -7.566395062
              ],
              [
                138.90477475,
                -7.566297062
              ],
              [
                138.90468565,
                -7.566215362
              ],
              [
                138.904585049,
                -7.566145662
              ],
              [
                138.904537748,
                -7.566048962
              ],
              [
                138.904489948,
                -7.565932362
              ],
              [
                138.904440147,
                -7.565818262
              ],
              [
                138.904428647,
                -7.565697462
              ],
              [
                138.904414146,
                -7.565574262
              ],
              [
                138.904412946,
                -7.565438562
              ],
              [
                138.904463846,
                -7.565321362
              ],
              [
                138.904479546,
                -7.565202362
              ],
              [
                138.904534146,
                -7.565086461
              ],
              [
                138.904603246,
                -7.564981261
              ],
              [
                138.904665046,
                -7.564873761
              ],
              [
                138.904748146,
                -7.564770961
              ],
              [
                138.904808146,
                -7.56466226
              ],
              [
                138.904870546,
                -7.56455406
              ],
              [
                138.904941446,
                -7.56443876
              ],
              [
                138.905026946,
                -7.564346159
              ],
              [
                138.905111146,
                -7.564256659
              ],
              [
                138.905193647,
                -7.564145559
              ],
              [
                138.905260247,
                -7.564036158
              ],
              [
                138.905306347,
                -7.563914758
              ],
              [
                138.905406347,
                -7.563830658
              ],
              [
                138.905491247,
                -7.563733358
              ],
              [
                138.905543347,
                -7.563672657
              ],
              [
                138.905636647,
                -7.563589757
              ],
              [
                138.905714247,
                -7.563494857
              ],
              [
                138.905785148,
                -7.563389056
              ],
              [
                138.905857948,
                -7.563285756
              ],
              [
                138.905975548,
                -7.563248456
              ],
              [
                138.906089449,
                -7.563191955
              ],
              [
                138.906202149,
                -7.563125855
              ],
              [
                138.906323449,
                -7.563082055
              ],
              [
                138.90643005,
                -7.563006954
              ],
              [
                138.90651075,
                -7.562897554
              ],
              [
                138.90661255,
                -7.562816454
              ],
              [
                138.906716751,
                -7.562729353
              ],
              [
                138.906793151,
                -7.562662053
              ],
              [
                138.906877451,
                -7.562568353
              ],
              [
                138.906977451,
                -7.562494452
              ],
              [
                138.907065951,
                -7.562409052
              ],
              [
                138.907131952,
                -7.562295552
              ],
              [
                138.907184151,
                -7.562180751
              ],
              [
                138.907263552,
                -7.562085851
              ],
              [
                138.907296251,
                -7.561966251
              ],
              [
                138.907311351,
                -7.561836451
              ],
              [
                138.907297451,
                -7.561716351
              ],
              [
                138.90724415,
                -7.561582951
              ],
              [
                138.90719325,
                -7.561463951
              ],
              [
                138.907119249,
                -7.561356451
              ],
              [
                138.907056248,
                -7.561251251
              ],
              [
                138.906965948,
                -7.561156351
              ],
              [
                138.906876247,
                -7.561062651
              ],
              [
                138.906790746,
                -7.560971251
              ],
              [
                138.906711346,
                -7.560879951
              ],
              [
                138.906619245,
                -7.560789252
              ],
              [
                138.906505244,
                -7.560715352
              ],
              [
                138.906473744,
                -7.560679252
              ],
              [
                138.906385243,
                -7.560596352
              ],
              [
                138.906297942,
                -7.560509252
              ],
              [
                138.906203442,
                -7.560419152
              ],
              [
                138.906109441,
                -7.560331353
              ],
              [
                138.906060341,
                -7.560279153
              ],
              [
                138.90597484,
                -7.560182353
              ],
              [
                138.905903339,
                -7.560083253
              ],
              [
                138.905814839,
                -7.559996753
              ],
              [
                138.905711838,
                -7.559925253
              ],
              [
                138.905683138,
                -7.559877153
              ],
              [
                138.905610037,
                -7.559779453
              ],
              [
                138.905531236,
                -7.559682653
              ],
              [
                138.905467036,
                -7.559581154
              ],
              [
                138.905399135,
                -7.559482054
              ],
              [
                138.905320334,
                -7.559386454
              ],
              [
                138.905236634,
                -7.559283754
              ],
              [
                138.905146333,
                -7.559182154
              ],
              [
                138.905095433,
                -7.559115554
              ],
              [
                138.905011232,
                -7.559019354
              ],
              [
                138.904959631,
                -7.558907054
              ],
              [
                138.904952387,
                -7.558889712
              ],
              [
                138.904912431,
                -7.558794054
              ],
              [
                138.90484573,
                -7.558690154
              ],
              [
                138.904762129,
                -7.558592154
              ],
              [
                138.904683929,
                -7.558486455
              ],
              [
                138.904589928,
                -7.558392055
              ],
              [
                138.904508727,
                -7.558292955
              ],
              [
                138.904445727,
                -7.558190255
              ],
              [
                138.904391537,
                -7.558128285
              ],
              [
                138.904366326,
                -7.558099455
              ],
              [
                138.904363826,
                -7.558090455
              ],
              [
                138.904291125,
                -7.557994955
              ],
              [
                138.904191125,
                -7.557927655
              ],
              [
                138.904074724,
                -7.557878356
              ],
              [
                138.903954723,
                -7.557827256
              ],
              [
                138.903834123,
                -7.557817656
              ],
              [
                138.903708022,
                -7.557787657
              ],
              [
                138.903577721,
                -7.557776257
              ],
              [
                138.90343462,
                -7.557758157
              ],
              [
                138.90332492,
                -7.557764258
              ],
              [
                138.903199519,
                -7.557781058
              ],
              [
                138.903077619,
                -7.557802058
              ],
              [
                138.902951018,
                -7.557814059
              ],
              [
                138.902827317,
                -7.557836359
              ],
              [
                138.902703117,
                -7.557842959
              ],
              [
                138.902566116,
                -7.55785616
              ],
              [
                138.902434515,
                -7.55784536
              ],
              [
                138.902294515,
                -7.55783576
              ],
              [
                138.902250615,
                -7.55787036
              ],
              [
                138.902140914,
                -7.557923761
              ],
              [
                138.902017914,
                -7.557957461
              ],
              [
                138.901889413,
                -7.557977262
              ],
              [
                138.901772413,
                -7.558007262
              ],
              [
                138.901642112,
                -7.558004262
              ],
              [
                138.901516011,
                -7.558018763
              ],
              [
                138.901376611,
                -7.558024163
              ],
              [
                138.90127151,
                -7.558087963
              ],
              [
                138.901185088,
                -7.558128294
              ],
              [
                138.90115451,
                -7.558142564
              ],
              [
                138.901022409,
                -7.558161264
              ],
              [
                138.900892709,
                -7.558188864
              ],
              [
                138.900772108,
                -7.558220065
              ],
              [
                138.900649607,
                -7.558227365
              ],
              [
                138.900532007,
                -7.558270565
              ],
              [
                138.900405406,
                -7.558297666
              ],
              [
                138.900275006,
                -7.558326466
              ],
              [
                138.900137505,
                -7.558330067
              ],
              [
                138.900015604,
                -7.558322867
              ],
              [
                138.899925304,
                -7.558331867
              ],
              [
                138.899804103,
                -7.558350467
              ],
              [
                138.899682903,
                -7.558333668
              ],
              [
                138.899568902,
                -7.558282568
              ],
              [
                138.899445901,
                -7.558242968
              ],
              [
                138.899324001,
                -7.558208669
              ],
              [
                138.8992204,
                -7.558134169
              ],
              [
                138.899213821,
                -7.558128299
              ],
              [
                138.899129499,
                -7.558053069
              ],
              [
                138.899077804,
                -7.55793948
              ],
              [
                138.899192998,
                -7.557682568
              ],
              [
                138.899525099,
                -7.557324467
              ],
              [
                138.899932401,
                -7.557067266
              ],
              [
                138.900187001,
                -7.556649165
              ],
              [
                138.900468201,
                -7.556235764
              ],
              [
                138.900645201,
                -7.555745463
              ],
              [
                138.900948301,
                -7.555363262
              ],
              [
                138.901190701,
                -7.55494756
              ],
              [
                138.901610203,
                -7.554661559
              ],
              [
                138.901850203,
                -7.554204858
              ],
              [
                138.902310805,
                -7.554022257
              ],
              [
                138.902701206,
                -7.553692955
              ],
              [
                138.903074607,
                -7.553382854
              ],
              [
                138.903518209,
                -7.553183453
              ],
              [
                138.903831009,
                -7.552895051
              ],
              [
                138.904272311,
                -7.55265225
              ],
              [
                138.904686812,
                -7.552375849
              ],
              [
                138.905067513,
                -7.552051447
              ],
              [
                138.905428714,
                -7.551717346
              ],
              [
                138.905678515,
                -7.551306345
              ],
              [
                138.905928215,
                -7.550895344
              ],
              [
                138.906316116,
                -7.550573343
              ],
              [
                138.906471315,
                -7.550095042
              ],
              [
                138.906805816,
                -7.54968884
              ],
              [
                138.906864015,
                -7.54920814
              ],
              [
                138.906975614,
                -7.548727439
              ],
              [
                138.906878612,
                -7.548256439
              ],
              [
                138.90663371,
                -7.547806939
              ],
              [
                138.906374308,
                -7.547379139
              ],
              [
                138.906051805,
                -7.54701624
              ],
              [
                138.905705102,
                -7.54666294
              ],
              [
                138.9053899,
                -7.546297641
              ],
              [
                138.905069897,
                -7.545927441
              ],
              [
                138.904720794,
                -7.545595842
              ],
              [
                138.904400792,
                -7.545192042
              ],
              [
                138.904085589,
                -7.544805043
              ],
              [
                138.903884287,
                -7.544329243
              ],
              [
                138.903683084,
                -7.543877343
              ],
              [
                138.903476982,
                -7.543430343
              ],
              [
                138.90334128,
                -7.542968843
              ],
              [
                138.903149678,
                -7.542514543
              ],
              [
                138.903030876,
                -7.542045943
              ],
              [
                138.903127875,
                -7.541565242
              ],
              [
                138.903098774,
                -7.541050842
              ],
              [
                138.903059972,
                -7.540558142
              ],
              [
                138.903152072,
                -7.540087041
              ],
              [
                138.90318117,
                -7.53960884
              ],
              [
                138.903205469,
                -7.53911364
              ],
              [
                138.903253968,
                -7.538558439
              ],
              [
                138.903297567,
                -7.538022538
              ],
              [
                138.903331566,
                -7.537539438
              ],
              [
                138.903273365,
                -7.537344738
              ],
              [
                138.903319364,
                -7.536849637
              ],
              [
                138.903421263,
                -7.536337636
              ],
              [
                138.903455162,
                -7.535840136
              ],
              [
                138.903469761,
                -7.535354635
              ],
              [
                138.903447859,
                -7.534861935
              ],
              [
                138.903416358,
                -7.534378835
              ],
              [
                138.903438156,
                -7.533859634
              ],
              [
                138.903319355,
                -7.533390934
              ],
              [
                138.903299953,
                -7.532905433
              ],
              [
                138.903316952,
                -7.532405533
              ],
              [
                138.90316665,
                -7.532129133
              ],
              [
                138.903130249,
                -7.531621933
              ],
              [
                138.903062347,
                -7.531143632
              ],
              [
                138.902972645,
                -7.530655732
              ],
              [
                138.903006644,
                -7.530163032
              ],
              [
                138.902977543,
                -7.529679931
              ],
              [
                138.902781141,
                -7.529225631
              ],
              [
                138.902752281,
                -7.529134529
              ],
              [
                138.902623538,
                -7.528728131
              ],
              [
                138.902693838,
                -7.528237831
              ],
              [
                138.902640536,
                -7.52775713
              ],
              [
                138.902909636,
                -7.527353329
              ],
              [
                138.903333938,
                -7.527081728
              ],
              [
                138.90379704,
                -7.526894226
              ],
              [
                138.904177642,
                -7.527197026
              ],
              [
                138.904548645,
                -7.527521525
              ],
              [
                138.904875948,
                -7.527889324
              ],
              [
                138.90504805,
                -7.528348324
              ],
              [
                138.905183852,
                -7.528838724
              ],
              [
                138.905282262,
                -7.529134522
              ],
              [
                138.905338954,
                -7.529304925
              ],
              [
                138.905482056,
                -7.529766425
              ],
              [
                138.905726958,
                -7.530187024
              ],
              [
                138.905937861,
                -7.530665324
              ],
              [
                138.906131763,
                -7.531124424
              ],
              [
                138.906379065,
                -7.531552224
              ],
              [
                138.906587567,
                -7.531984924
              ],
              [
                138.90682277,
                -7.532443924
              ],
              [
                138.907159773,
                -7.532811723
              ],
              [
                138.907426475,
                -7.533213123
              ],
              [
                138.907671377,
                -7.533648123
              ],
              [
                138.90797688,
                -7.534030322
              ],
              [
                138.908185382,
                -7.534462922
              ],
              [
                138.908425384,
                -7.534739322
              ],
              [
                138.908597486,
                -7.535188722
              ],
              [
                138.908861789,
                -7.535602221
              ],
              [
                138.909181791,
                -7.535989121
              ],
              [
                138.909603694,
                -7.53622232
              ],
              [
                138.910040097,
                -7.536462619
              ],
              [
                138.9104499,
                -7.536767818
              ],
              [
                138.910818403,
                -7.537092317
              ],
              [
                138.911230506,
                -7.537354317
              ],
              [
                138.911713008,
                -7.537481715
              ],
              [
                138.912193111,
                -7.537563414
              ],
              [
                138.912690114,
                -7.537599513
              ],
              [
                138.913162916,
                -7.537407212
              ],
              [
                138.913538717,
                -7.53706591
              ],
              [
                138.913953218,
                -7.536760609
              ],
              [
                138.914295119,
                -7.536407308
              ],
              [
                138.91473392,
                -7.536198206
              ],
              [
                138.915233422,
                -7.536042005
              ],
              [
                138.915500123,
                -7.535734304
              ],
              [
                138.915844324,
                -7.535371402
              ],
              [
                138.916193525,
                -7.535013301
              ],
              [
                138.916598426,
                -7.5347153
              ],
              [
                138.917054228,
                -7.534494098
              ],
              [
                138.91753183,
                -7.534321097
              ],
              [
                138.918016732,
                -7.534316296
              ],
              [
                138.918504035,
                -7.534361994
              ],
              [
                138.918996237,
                -7.534436493
              ],
              [
                138.91951504,
                -7.534491692
              ],
              [
                138.919982943,
                -7.534614291
              ],
              [
                138.920453346,
                -7.53478019
              ],
              [
                138.920921248,
                -7.534941188
              ],
              [
                138.921408551,
                -7.535094987
              ],
              [
                138.921876554,
                -7.535277686
              ],
              [
                138.922325057,
                -7.535539685
              ],
              [
                138.92275416,
                -7.535767984
              ],
              [
                138.923195463,
                -7.535981883
              ],
              [
                138.923639166,
                -7.536219882
              ],
              [
                138.924077969,
                -7.536431381
              ],
              [
                138.924531372,
                -7.53668128
              ],
              [
                138.924999275,
                -7.536924079
              ],
              [
                138.925438078,
                -7.537181279
              ],
              [
                138.92587938,
                -7.537423978
              ],
              [
                138.926347283,
                -7.537623476
              ],
              [
                138.926815286,
                -7.537806175
              ],
              [
                138.927283189,
                -7.538051274
              ],
              [
                138.927729292,
                -7.538084973
              ],
              [
                138.928214194,
                -7.538063272
              ],
              [
                138.928560895,
                -7.537697971
              ],
              [
                138.928800895,
                -7.53727497
              ],
              [
                138.929203396,
                -7.536926468
              ],
              [
                138.929557397,
                -7.536549067
              ],
              [
                138.929794997,
                -7.536106866
              ],
              [
                138.930088297,
                -7.535712665
              ],
              [
                138.930371998,
                -7.535296863
              ],
              [
                138.930679898,
                -7.534924362
              ],
              [
                138.930978099,
                -7.534486861
              ],
              [
                138.931298099,
                -7.53412636
              ],
              [
                138.9316424,
                -7.533777859
              ],
              [
                138.931991501,
                -7.533407757
              ],
              [
                138.932200001,
                -7.532967856
              ],
              [
                138.9323479,
                -7.532434255
              ],
              [
                138.935373709,
                -7.529953945
              ],
              [
                138.936051028,
                -7.52913444
              ],
              [
                138.937837013,
                -7.526973536
              ],
              [
                138.940028715,
                -7.523473926
              ],
              [
                138.939020105,
                -7.521493427
              ],
              [
                138.937196886,
                -7.518109129
              ],
              [
                138.935218466,
                -7.514494131
              ],
              [
                138.933550448,
                -7.510840632
              ],
              [
                138.932890941,
                -7.509456132
              ],
              [
                138.932161848,
                -7.508064303
              ],
              [
                138.931067723,
                -7.505975634
              ],
              [
                138.928817802,
                -7.502687436
              ],
              [
                138.926897583,
                -7.498937638
              ],
              [
                138.926548479,
                -7.498303138
              ],
              [
                138.924511859,
                -7.49478404
              ],
              [
                138.922455839,
                -7.490957342
              ],
              [
                138.921233922,
                -7.487130542
              ],
              [
                138.919701605,
                -7.483457642
              ],
              [
                138.918014188,
                -7.480476844
              ],
              [
                138.916947372,
                -7.476515443
              ],
              [
                138.915531454,
                -7.472073142
              ],
              [
                138.913727632,
                -7.467380742
              ],
              [
                138.912195314,
                -7.463496143
              ],
              [
                138.910255692,
                -7.458957543
              ],
              [
                138.909421681,
                -7.456438243
              ],
              [
                138.907889364,
                -7.452861144
              ],
              [
                138.906628548,
                -7.449168643
              ],
              [
                138.905969134,
                -7.445014541
              ],
              [
                138.904126515,
                -7.441437442
              ],
              [
                138.902632998,
                -7.437725643
              ],
              [
                138.900964882,
                -7.435090745
              ],
              [
                138.899234965,
                -7.432820803
              ],
              [
                138.89838526,
                -7.431705848
              ],
              [
                138.895514637,
                -7.428243952
              ],
              [
                138.894137524,
                -7.426128354
              ],
              [
                138.891577204,
                -7.423108757
              ],
              [
                138.888415681,
                -7.420435463
              ],
              [
                138.885603258,
                -7.417185067
              ],
              [
                138.884228445,
                -7.414905568
              ],
              [
                138.882055225,
                -7.41130197
              ],
              [
                138.879631202,
                -7.407282773
              ],
              [
                138.877548783,
                -7.403829775
              ],
              [
                138.874689256,
                -7.399088277
              ],
              [
                138.872529635,
                -7.395345479
              ],
              [
                138.870234713,
                -7.391159681
              ],
              [
                138.868004291,
                -7.387091583
              ],
              [
                138.867649788,
                -7.386658483
              ],
              [
                138.864890966,
                -7.383271287
              ],
              [
                138.860972934,
                -7.378808793
              ],
              [
                138.857833612,
                -7.376214398
              ],
              [
                138.855704996,
                -7.374326802
              ],
              [
                138.852746475,
                -7.371703107
              ],
              [
                138.849775453,
                -7.369068412
              ],
              [
                138.844708716,
                -7.36464752
              ],
              [
                138.841375592,
                -7.361989026
              ],
              [
                138.83816897,
                -7.359431331
              ],
              [
                138.833408736,
                -7.35563344
              ],
              [
                138.830339114,
                -7.352952345
              ],
              [
                138.827449092,
                -7.350240049
              ],
              [
                138.82716119,
                -7.34993725
              ],
              [
                138.824376668,
                -7.347008254
              ],
              [
                138.823908865,
                -7.346643555
              ],
              [
                138.820798043,
                -7.34421756
              ],
              [
                138.816979416,
                -7.341065366
              ],
              [
                138.815744607,
                -7.339797568
              ],
              [
                138.812990385,
                -7.336885872
              ],
              [
                138.810081064,
                -7.334308177
              ],
              [
                138.806788245,
                -7.333264184
              ],
              [
                138.802752921,
                -7.331984893
              ],
              [
                138.797604591,
                -7.330289604
              ],
              [
                138.792891364,
                -7.328923814
              ],
              [
                138.791675154,
                -7.327569216
              ],
              [
                138.788823332,
                -7.32439302
              ],
              [
                138.786572211,
                -7.321895465
              ],
              [
                138.786163511,
                -7.321442024
              ],
              [
                138.782361885,
                -7.31867183
              ],
              [
                138.780972276,
                -7.317787433
              ],
              [
                138.777185951,
                -7.31537794
              ],
              [
                138.773966228,
                -7.312761545
              ],
              [
                138.769931802,
                -7.310626153
              ],
              [
                138.768665994,
                -7.309844455
              ],
              [
                138.764781068,
                -7.307445262
              ],
              [
                138.761119844,
                -7.305184169
              ],
              [
                138.760108038,
                -7.304602671
              ],
              [
                138.756290313,
                -7.302408478
              ],
              [
                138.752148486,
                -7.300027986
              ],
              [
                138.748426962,
                -7.297775392
              ],
              [
                138.744489536,
                -7.2956592
              ],
              [
                138.741473715,
                -7.293249505
              ],
              [
                138.737742089,
                -7.290267911
              ],
              [
                138.734635767,
                -7.287727116
              ],
              [
                138.731513046,
                -7.285418421
              ],
              [
                138.728060523,
                -7.283456027
              ],
              [
                138.72622961,
                -7.28173943
              ],
              [
                138.722944686,
                -7.278633834
              ],
              [
                138.718231454,
                -7.275382342
              ],
              [
                138.714856531,
                -7.272996748
              ],
              [
                138.714533129,
                -7.272683949
              ],
              [
                138.711479907,
                -7.270122653
              ],
              [
                138.708298983,
                -7.267044258
              ],
              [
                138.705176261,
                -7.264216062
              ],
              [
                138.701917737,
                -7.261137667
              ],
              [
                138.700384325,
                -7.259406869
              ],
              [
                138.697656803,
                -7.256028872
              ],
              [
                138.695135282,
                -7.252796474
              ],
              [
                138.692225859,
                -7.249448678
              ],
              [
                138.689510438,
                -7.246447181
              ],
              [
                138.686930817,
                -7.242906883
              ],
              [
                138.686469913,
                -7.242249684
              ],
              [
                138.684054593,
                -7.239123086
              ],
              [
                138.681106471,
                -7.23596759
              ],
              [
                138.678623751,
                -7.232869792
              ],
              [
                138.676606532,
                -7.229367893
              ],
              [
                138.673832911,
                -7.226520097
              ],
              [
                138.671912694,
                -7.223191398
              ],
              [
                138.669740375,
                -7.219862599
              ],
              [
                138.667858957,
                -7.2164376
              ],
              [
                138.666675742,
                -7.212512198
              ],
              [
                138.66658114,
                -7.212033598
              ],
              [
                138.666649039,
                -7.211504397
              ],
              [
                138.666714538,
                -7.210999297
              ],
              [
                138.666816337,
                -7.210412396
              ],
              [
                138.666952138,
                -7.210268095
              ],
              [
                138.667095136,
                -7.209450294
              ],
              [
                138.667257636,
                -7.208942793
              ],
              [
                138.667534036,
                -7.208317392
              ],
              [
                138.667807935,
                -7.20749239
              ],
              [
                138.668125535,
                -7.206751589
              ],
              [
                138.668418935,
                -7.206176687
              ],
              [
                138.668593535,
                -7.205724586
              ],
              [
                138.668748635,
                -7.205214586
              ],
              [
                138.668860235,
                -7.205055885
              ],
              [
                138.669080835,
                -7.204615684
              ],
              [
                138.669337835,
                -7.204204383
              ],
              [
                138.669575435,
                -7.203720882
              ],
              [
                138.669827535,
                -7.203218181
              ],
              [
                138.670021535,
                -7.20275638
              ],
              [
                138.670251835,
                -7.202222379
              ],
              [
                138.670596136,
                -7.201712477
              ],
              [
                138.670933137,
                -7.201325276
              ],
              [
                138.671243437,
                -7.200897075
              ],
              [
                138.671563538,
                -7.200514674
              ],
              [
                138.671859338,
                -7.200112973
              ],
              [
                138.671968438,
                -7.199636672
              ],
              [
                138.672072637,
                -7.199129171
              ],
              [
                138.673236439,
                -7.197541667
              ],
              [
                138.674080139,
                -7.195732863
              ],
              [
                138.675224541,
                -7.194154958
              ],
              [
                138.676388243,
                -7.192605854
              ],
              [
                138.677610245,
                -7.190681549
              ],
              [
                138.678308446,
                -7.189459646
              ],
              [
                138.679297646,
                -7.187602741
              ],
              [
                138.681256653,
                -7.186342235
              ],
              [
                138.683021659,
                -7.18498563
              ],
              [
                138.684922464,
                -7.183369223
              ],
              [
                138.686881473,
                -7.183042018
              ],
              [
                138.688811383,
                -7.182830414
              ],
              [
                138.691041892,
                -7.182099108
              ],
              [
                138.693573103,
                -7.181521801
              ],
              [
                138.695997615,
                -7.181165795
              ],
              [
                138.698325127,
                -7.181204289
              ],
              [
                138.700914439,
                -7.181050383
              ],
              [
                138.703145048,
                -7.180011177
              ],
              [
                138.705210657,
                -7.179318471
              ],
              [
                138.70580846,
                -7.17946307
              ],
              [
                138.707758671,
                -7.180020066
              ],
              [
                138.710600187,
                -7.180578159
              ],
              [
                138.712724,
                -7.181626956
              ],
              [
                138.716748723,
                -7.182781547
              ],
              [
                138.71983264,
                -7.183724441
              ],
              [
                138.72573877,
                -7.183907227
              ],
              [
                138.729404589,
                -7.183974518
              ],
              [
                138.731838802,
                -7.184157313
              ],
              [
                138.734302115,
                -7.184609607
              ],
              [
                138.736212626,
                -7.185350403
              ],
              [
                138.738559539,
                -7.185648698
              ],
              [
                138.738972941,
                -7.185587897
              ],
              [
                138.741139051,
                -7.185434892
              ],
              [
                138.743330762,
                -7.185463786
              ],
              [
                138.745716474,
                -7.18526168
              ],
              [
                138.747733684,
                -7.185184776
              ],
              [
                138.749750794,
                -7.185454171
              ],
              [
                138.752029906,
                -7.185598466
              ],
              [
                138.755559924,
                -7.185569557
              ],
              [
                138.757732334,
                -7.185223152
              ],
              [
                138.761039351,
                -7.185704244
              ],
              [
                138.765713774,
                -7.185569533
              ],
              [
                138.769786895,
                -7.185636923
              ],
              [
                138.771930206,
                -7.185742718
              ],
              [
                138.773976415,
                -7.185290512
              ],
              [
                138.776730727,
                -7.184819005
              ],
              [
                138.777359531,
                -7.184833504
              ],
              [
                138.779568141,
                -7.184717298
              ],
              [
                138.781498051,
                -7.184890494
              ],
              [
                138.783418262,
                -7.185188789
              ],
              [
                138.785396672,
                -7.185217685
              ],
              [
                138.788121784,
                -7.184938578
              ],
              [
                138.790672394,
                -7.18379367
              ],
              [
                138.793019304,
                -7.183100864
              ],
              [
                138.796219618,
                -7.182119455
              ],
              [
                138.799468433,
                -7.181724947
              ],
              [
                138.803027651,
                -7.181898138
              ],
              [
                138.805752764,
                -7.181773032
              ],
              [
                138.808167576,
                -7.181696126
              ],
              [
                138.810368986,
                -7.18123422
              ],
              [
                138.812589796,
                -7.180907114
              ],
              [
                138.814636106,
                -7.180839709
              ],
              [
                138.816633916,
                -7.180859004
              ],
              [
                138.818670526,
                -7.180830099
              ],
              [
                138.822539945,
                -7.18066649
              ],
              [
                138.825080858,
                -7.180685783
              ],
              [
                138.827020468,
                -7.180926279
              ],
              [
                138.828872778,
                -7.181493975
              ],
              [
                138.83102569,
                -7.18204237
              ],
              [
                138.831956794,
                -7.181753768
              ],
              [
                138.834701307,
                -7.181522861
              ],
              [
                138.836786317,
                -7.181340056
              ],
              [
                138.838803528,
                -7.181484351
              ],
              [
                138.84138324,
                -7.181551644
              ],
              [
                138.843730152,
                -7.181378439
              ],
              [
                138.845844261,
                -7.181118733
              ],
              [
                138.847861471,
                -7.181022428
              ],
              [
                138.849975682,
                -7.181272623
              ],
              [
                138.852060693,
                -7.181561218
              ],
              [
                138.854242806,
                -7.182321414
              ],
              [
                138.856415119,
                -7.183196909
              ],
              [
                138.857190921,
                -7.182379106
              ],
              [
                138.859101429,
                -7.181744101
              ],
              [
                138.861865343,
                -7.181897994
              ],
              [
                138.865366358,
                -7.181224485
              ],
              [
                138.868411574,
                -7.181378378
              ],
              [
                138.871243386,
                -7.18088767
              ],
              [
                138.873270195,
                -7.180464365
              ],
              [
                138.875859607,
                -7.180060258
              ],
              [
                138.877178513,
                -7.179906255
              ],
              [
                138.879186024,
                -7.18041625
              ],
              [
                138.881503836,
                -7.180695245
              ],
              [
                138.884665351,
                -7.180368137
              ],
              [
                138.88862217,
                -7.179935126
              ],
              [
                138.893597192,
                -7.179078713
              ],
              [
                138.89757341,
                -7.178318603
              ],
              [
                138.901064726,
                -7.178058794
              ],
              [
                138.903498938,
                -7.178212788
              ],
              [
                138.905777951,
                -7.178578383
              ],
              [
                138.908376964,
                -7.178982476
              ],
              [
                138.910510576,
                -7.179376972
              ],
              [
                138.912149484,
                -7.179490368
              ],
              [
                138.914641897,
                -7.179702062
              ],
              [
                138.917434911,
                -7.180000355
              ],
              [
                138.920809828,
                -7.180106147
              ],
              [
                138.923156741,
                -7.180442941
              ],
              [
                138.92683226,
                -7.181049032
              ],
              [
                138.929285874,
                -7.181751427
              ],
              [
                138.931710389,
                -7.182877222
              ],
              [
                138.9332911,
                -7.184204919
              ],
              [
                138.935007711,
                -7.185446116
              ],
              [
                138.936986123,
                -7.186273612
              ],
              [
                138.938838435,
                -7.187476309
              ],
              [
                138.94140835,
                -7.188553903
              ],
              [
                138.943241261,
                -7.189246599
              ],
              [
                138.945219672,
                -7.189881595
              ],
              [
                138.946819884,
                -7.191170892
              ],
              [
                138.948575195,
                -7.192152289
              ],
              [
                138.950388706,
                -7.193075985
              ],
              [
                138.952561118,
                -7.19372058
              ],
              [
                138.954626729,
                -7.194191975
              ],
              [
                138.95656634,
                -7.194538371
              ],
              [
                138.95704605,
                -7.194731721
              ],
              [
                138.958428351,
                -7.195288867
              ],
              [
                138.959378757,
                -7.196058565
              ],
              [
                138.961124468,
                -7.196991862
              ],
              [
                138.962967079,
                -7.197713458
              ],
              [
                138.96493579,
                -7.198300353
              ],
              [
                138.966797802,
                -7.199272049
              ],
              [
                138.968630713,
                -7.200003245
              ],
              [
                138.970715724,
                -7.200503541
              ],
              [
                138.973072338,
                -7.201292535
              ],
              [
                138.974837449,
                -7.202216132
              ],
              [
                138.976427859,
                -7.203341829
              ],
              [
                138.97828017,
                -7.204053825
              ],
              [
                138.980258581,
                -7.20448672
              ],
              [
                138.982159391,
                -7.204842716
              ],
              [
                138.984021402,
                -7.205400711
              ],
              [
                138.986048314,
                -7.206411007
              ],
              [
                138.986387357,
                -7.206567512
              ],
              [
                138.988007326,
                -7.207315303
              ],
              [
                138.99032514,
                -7.208392898
              ],
              [
                138.992458754,
                -7.209614794
              ],
              [
                138.994437065,
                -7.21037479
              ],
              [
                138.996386378,
                -7.211664086
              ],
              [
                138.99828719,
                -7.212799282
              ],
              [
                138.999819501,
                -7.213982679
              ],
              [
                139.001022107,
                -7.214271276
              ],
              [
                139.003359321,
                -7.215012171
              ],
              [
                139.005366732,
                -7.215733667
              ],
              [
                139.007257843,
                -7.216243562
              ],
              [
                139.009207154,
                -7.216734258
              ],
              [
                139.011088564,
                -7.217292253
              ],
              [
                139.012989376,
                -7.218129249
              ],
              [
                139.015171489,
                -7.219081745
              ],
              [
                139.0169559,
                -7.220053441
              ],
              [
                139.018992512,
                -7.220938537
              ],
              [
                139.021077524,
                -7.221448432
              ],
              [
                139.022997735,
                -7.222083427
              ],
              [
                139.024976147,
                -7.222910823
              ],
              [
                139.027022458,
                -7.223372618
              ],
              [
                139.029049269,
                -7.224017213
              ],
              [
                139.029592372,
                -7.223993112
              ],
              [
                139.030581576,
                -7.223882509
              ],
              [
                139.031658082,
                -7.223858407
              ],
              [
                139.032938189,
                -7.224132604
              ],
              [
                139.033883794,
                -7.224334701
              ],
              [
                139.035241501,
                -7.224565598
              ],
              [
                139.036337408,
                -7.225085096
              ],
              [
                139.037297514,
                -7.225609394
              ],
              [
                139.037568654,
                -7.225696121
              ],
              [
                139.03848552,
                -7.225989391
              ],
              [
                139.038727921,
                -7.22596059
              ],
              [
                139.039707426,
                -7.225989388
              ],
              [
                139.039966753,
                -7.226026328
              ],
              [
                139.040754832,
                -7.226138585
              ],
              [
                139.041666437,
                -7.226455983
              ],
              [
                139.042878644,
                -7.22680238
              ],
              [
                139.04392605,
                -7.227013978
              ],
              [
                139.044987955,
                -7.227167975
              ],
              [
                139.046132361,
                -7.227360372
              ],
              [
                139.047155467,
                -7.22749987
              ],
              [
                139.047286367,
                -7.22749027
              ],
              [
                139.048265872,
                -7.227644167
              ],
              [
                139.049250278,
                -7.227855765
              ],
              [
                139.050384884,
                -7.228115562
              ],
              [
                139.051427489,
                -7.228149259
              ],
              [
                139.052431194,
                -7.228182857
              ],
              [
                139.053648301,
                -7.228433054
              ],
              [
                139.055233909,
                -7.22865435
              ],
              [
                139.056339514,
                -7.228740847
              ],
              [
                139.056661736,
                -7.228784297
              ],
              [
                139.05733842,
                -7.228875545
              ],
              [
                139.058613726,
                -7.229048742
              ],
              [
                139.05902824,
                -7.2291974
              ],
              [
                139.059646532,
                -7.229419139
              ],
              [
                139.060708439,
                -7.229856837
              ],
              [
                139.061649144,
                -7.230337935
              ],
              [
                139.062071746,
                -7.230322934
              ],
              [
                139.062605149,
                -7.230193032
              ],
              [
                139.063102151,
                -7.230072831
              ],
              [
                139.063701053,
                -7.229899629
              ],
              [
                139.064265956,
                -7.229810628
              ],
              [
                139.064889059,
                -7.229832326
              ],
              [
                139.065412762,
                -7.229878025
              ],
              [
                139.065919464,
                -7.229935723
              ],
              [
                139.066799568,
                -7.229923721
              ],
              [
                139.067400871,
                -7.229801019
              ],
              [
                139.067871173,
                -7.229591718
              ],
              [
                139.068346374,
                -7.229295917
              ],
              [
                139.068838576,
                -7.229214115
              ],
              [
                139.069374379,
                -7.229190114
              ],
              [
                139.06958778,
                -7.229134813
              ],
              [
                139.070184182,
                -7.229000112
              ],
              [
                139.070787885,
                -7.22884371
              ],
              [
                139.071372188,
                -7.228822108
              ],
              [
                139.071946791,
                -7.228870207
              ],
              [
                139.072451093,
                -7.228855806
              ],
              [
                139.072977196,
                -7.228855804
              ],
              [
                139.073527499,
                -7.228949603
              ],
              [
                139.074162802,
                -7.229021701
              ],
              [
                139.074326103,
                -7.229037901
              ],
              [
                139.074878305,
                -7.229091999
              ],
              [
                139.075399608,
                -7.229099198
              ],
              [
                139.07589421,
                -7.229091997
              ],
              [
                139.076410613,
                -7.229048695
              ],
              [
                139.076946415,
                -7.229036694
              ],
              [
                139.077199881,
                -7.229012863
              ],
              [
                139.077458018,
                -7.228988593
              ],
              [
                139.07798652,
                -7.229000591
              ],
              [
                139.078578123,
                -7.22894769
              ],
              [
                139.079249726,
                -7.228933188
              ],
              [
                139.079795229,
                -7.228882686
              ],
              [
                139.080355331,
                -7.228757685
              ],
              [
                139.080729029,
                -7.22867378
              ],
              [
                139.080891133,
                -7.228637383
              ],
              [
                139.081354235,
                -7.228490682
              ],
              [
                139.081368735,
                -7.228485882
              ],
              [
                139.081856038,
                -7.228411281
              ],
              [
                139.08236764,
                -7.228411279
              ],
              [
                139.082876742,
                -7.228399278
              ],
              [
                139.083412545,
                -7.228382477
              ],
              [
                139.084021148,
                -7.228416075
              ],
              [
                139.084583651,
                -7.228327073
              ],
              [
                139.085061252,
                -7.228153972
              ],
              [
                139.085698855,
                -7.22792787
              ],
              [
                139.086169257,
                -7.227793169
              ],
              [
                139.086683259,
                -7.227754667
              ],
              [
                139.087279662,
                -7.227644066
              ],
              [
                139.087876065,
                -7.227641664
              ],
              [
                139.088351267,
                -7.227514163
              ],
              [
                139.088489467,
                -7.227441962
              ],
              [
                139.08912227,
                -7.227369861
              ],
              [
                139.089728373,
                -7.227367459
              ],
              [
                139.090266675,
                -7.227309758
              ],
              [
                139.090947979,
                -7.227276056
              ],
              [
                139.091488581,
                -7.227182254
              ],
              [
                139.092143184,
                -7.227155753
              ],
              [
                139.092686286,
                -7.227025851
              ],
              [
                139.093253589,
                -7.22685755
              ],
              [
                139.093733691,
                -7.226742048
              ],
              [
                139.094342194,
                -7.226665147
              ],
              [
                139.094458692,
                -7.226654947
              ],
              [
                139.094836796,
                -7.226621845
              ],
              [
                139.095326598,
                -7.226503944
              ],
              [
                139.095668257,
                -7.226396765
              ],
              [
                139.095818484,
                -7.226349639
              ],
              [
                139.095853937,
                -7.226344665
              ],
              [
                139.095855065,
                -7.226344214
              ],
              [
                139.095942439,
                -7.226309257
              ],
              [
                139.095950056,
                -7.226306209
              ],
              [
                139.096279402,
                -7.226174441
              ],
              [
                139.096786104,
                -7.22606144
              ],
              [
                139.097343806,
                -7.225984438
              ],
              [
                139.097470039,
                -7.22597654
              ],
              [
                139.097920809,
                -7.225948337
              ],
              [
                139.098400811,
                -7.225844935
              ],
              [
                139.098885713,
                -7.225780034
              ],
              [
                139.099421515,
                -7.225662132
              ],
              [
                139.099967118,
                -7.225520231
              ],
              [
                139.10047622,
                -7.225412029
              ],
              [
                139.101026622,
                -7.225169128
              ],
              [
                139.101101112,
                -7.225147231
              ],
              [
                139.101526024,
                -7.225022326
              ],
              [
                139.102052126,
                -7.224964625
              ],
              [
                139.102546729,
                -7.224943024
              ],
              [
                139.103041331,
                -7.224943022
              ],
              [
                139.103548033,
                -7.224798721
              ],
              [
                139.103594133,
                -7.224798721
              ],
              [
                139.104059635,
                -7.224611019
              ],
              [
                139.104590637,
                -7.224440318
              ],
              [
                139.10510704,
                -7.224416216
              ],
              [
                139.105674342,
                -7.224368115
              ],
              [
                139.106181045,
                -7.224308014
              ],
              [
                139.106719347,
                -7.224103612
              ],
              [
                139.107213949,
                -7.22390871
              ],
              [
                139.107696351,
                -7.223757209
              ],
              [
                139.108183652,
                -7.223586408
              ],
              [
                139.108668554,
                -7.223434906
              ],
              [
                139.109211657,
                -7.223307405
              ],
              [
                139.109706259,
                -7.223331503
              ],
              [
                139.110188762,
                -7.223377202
              ],
              [
                139.110729464,
                -7.223466201
              ],
              [
                139.111214367,
                -7.2235191
              ],
              [
                139.111728269,
                -7.223408498
              ],
              [
                139.112278671,
                -7.223203997
              ],
              [
                139.112751473,
                -7.222985095
              ],
              [
                139.113272675,
                -7.222912994
              ],
              [
                139.113755177,
                -7.222864892
              ],
              [
                139.114021641,
                -7.222761527
              ],
              [
                139.114244979,
                -7.222674891
              ],
              [
                139.114715281,
                -7.22247279
              ],
              [
                139.115231683,
                -7.222429488
              ],
              [
                139.115748186,
                -7.222407887
              ],
              [
                139.116303389,
                -7.222393485
              ],
              [
                139.116785791,
                -7.222285184
              ],
              [
                139.117336193,
                -7.222265983
              ],
              [
                139.117884096,
                -7.222268381
              ],
              [
                139.118419898,
                -7.22220098
              ],
              [
                139.1188951,
                -7.222073578
              ],
              [
                139.119416402,
                -7.221919577
              ],
              [
                139.119918305,
                -7.221871475
              ],
              [
                139.120475907,
                -7.221840274
              ],
              [
                139.120711108,
                -7.221683873
              ],
              [
                139.12118391,
                -7.221558872
              ],
              [
                139.121705112,
                -7.22137127
              ],
              [
                139.122190014,
                -7.221327969
              ],
              [
                139.122679816,
                -7.221214868
              ],
              [
                139.123225319,
                -7.221111466
              ],
              [
                139.12373682,
                -7.220887765
              ],
              [
                139.124270223,
                -7.220784363
              ],
              [
                139.124784225,
                -7.220789162
              ],
              [
                139.125298228,
                -7.22082286
              ],
              [
                139.125836431,
                -7.220906959
              ],
              [
                139.126338333,
                -7.221051358
              ],
              [
                139.126896036,
                -7.221051356
              ],
              [
                139.127414839,
                -7.221003255
              ],
              [
                139.12778574,
                -7.220940654
              ],
              [
                139.128270642,
                -7.220854053
              ],
              [
                139.128779845,
                -7.220779551
              ],
              [
                139.129255047,
                -7.22089735
              ],
              [
                139.12970845,
                -7.221097049
              ],
              [
                139.130198152,
                -7.221058548
              ],
              [
                139.130714555,
                -7.221048946
              ],
              [
                139.131182457,
                -7.221169145
              ],
              [
                139.13167956,
                -7.221294244
              ],
              [
                139.132195962,
                -7.221217243
              ],
              [
                139.132685664,
                -7.221147541
              ],
              [
                139.133219067,
                -7.22127254
              ],
              [
                139.13375737,
                -7.221445739
              ],
              [
                139.134283473,
                -7.221635737
              ],
              [
                139.134780476,
                -7.221688636
              ],
              [
                139.135311479,
                -7.221770435
              ],
              [
                139.135627249,
                -7.221863937
              ],
              [
                139.135774481,
                -7.221907534
              ],
              [
                139.136266684,
                -7.222138433
              ],
              [
                139.136749187,
                -7.222270732
              ],
              [
                139.13729229,
                -7.22234293
              ],
              [
                139.137786892,
                -7.222472729
              ],
              [
                139.137798993,
                -7.222540129
              ],
              [
                139.138228095,
                -7.222763828
              ],
              [
                139.138671798,
                -7.222980227
              ],
              [
                139.139164001,
                -7.223165426
              ],
              [
                139.139670704,
                -7.223333825
              ],
              [
                139.140211306,
                -7.223372323
              ],
              [
                139.14072291,
                -7.223622422
              ],
              [
                139.141135112,
                -7.223944721
              ],
              [
                139.141561815,
                -7.22418282
              ],
              [
                139.142058818,
                -7.224375219
              ],
              [
                139.142548621,
                -7.224719218
              ],
              [
                139.142890424,
                -7.225075118
              ],
              [
                139.143392326,
                -7.225137716
              ],
              [
                139.143869929,
                -7.225318115
              ],
              [
                139.144422733,
                -7.225541814
              ],
              [
                139.144953636,
                -7.225803913
              ],
              [
                139.145591339,
                -7.225948211
              ],
              [
                139.146051942,
                -7.22625371
              ],
              [
                139.146505346,
                -7.22667221
              ],
              [
                139.147016949,
                -7.226984908
              ],
              [
                139.147455752,
                -7.227208507
              ],
              [
                139.148001254,
                -7.227242206
              ],
              [
                139.148423156,
                -7.227220605
              ],
              [
                139.148939559,
                -7.227201304
              ],
              [
                139.149516562,
                -7.227295102
              ],
              [
                139.150023265,
                -7.227468301
              ],
              [
                139.150493667,
                -7.2275813
              ],
              [
                139.15100527,
                -7.227740099
              ],
              [
                139.151516773,
                -7.227831497
              ],
              [
                139.152132676,
                -7.227975796
              ],
              [
                139.152741179,
                -7.228122494
              ],
              [
                139.153204282,
                -7.228266793
              ],
              [
                139.153769185,
                -7.228415892
              ],
              [
                139.154319488,
                -7.228555391
              ],
              [
                139.154816591,
                -7.228613189
              ],
              [
                139.155386293,
                -7.228615588
              ],
              [
                139.155832396,
                -7.228639587
              ],
              [
                139.156309998,
                -7.228791085
              ],
              [
                139.156790101,
                -7.228920984
              ],
              [
                139.157287104,
                -7.229048483
              ],
              [
                139.157786606,
                -7.229094182
              ],
              [
                139.158387809,
                -7.22906048
              ],
              [
                139.158957612,
                -7.229125479
              ],
              [
                139.159546715,
                -7.229118177
              ],
              [
                139.160283818,
                -7.229086975
              ],
              [
                139.160800221,
                -7.229082174
              ],
              [
                139.161304523,
                -7.229113372
              ],
              [
                139.161825826,
                -7.229168771
              ],
              [
                139.162322829,
                -7.22925287
              ],
              [
                139.162841631,
                -7.229329869
              ],
              [
                139.163360534,
                -7.229442867
              ],
              [
                139.163876937,
                -7.229536666
              ],
              [
                139.164420039,
                -7.229570365
              ],
              [
                139.164948542,
                -7.229671363
              ],
              [
                139.165443145,
                -7.229779662
              ],
              [
                139.165930448,
                -7.229931161
              ],
              [
                139.16643965,
                -7.22998886
              ],
              [
                139.166922052,
                -7.229861358
              ],
              [
                139.167106253,
                -7.229890258
              ],
              [
                139.167614156,
                -7.229940256
              ],
              [
                139.168159658,
                -7.229909055
              ],
              [
                139.168748761,
                -7.229851253
              ],
              [
                139.169255463,
                -7.229762352
              ],
              [
                139.169737965,
                -7.229685351
              ],
              [
                139.170293168,
                -7.229572249
              ],
              [
                139.17079747,
                -7.229543448
              ],
              [
                139.171294472,
                -7.229509746
              ],
              [
                139.171813375,
                -7.229521745
              ],
              [
                139.172450978,
                -7.229497743
              ],
              [
                139.17303288,
                -7.229396742
              ],
              [
                139.173500782,
                -7.22920674
              ],
              [
                139.174036584,
                -7.229093639
              ],
              [
                139.174586987,
                -7.228973437
              ],
              [
                139.175108289,
                -7.228879636
              ],
              [
                139.175660991,
                -7.228805034
              ],
              [
                139.176072093,
                -7.228728933
              ],
              [
                139.176620296,
                -7.228633731
              ],
              [
                139.177270098,
                -7.22851353
              ],
              [
                139.177825301,
                -7.228378828
              ],
              [
                139.178288402,
                -7.228200827
              ],
              [
                139.178459194,
                -7.228138345
              ],
              [
                139.178768404,
                -7.228025225
              ],
              [
                139.179311507,
                -7.227878524
              ],
              [
                139.179895809,
                -7.227662122
              ],
              [
                139.18036131,
                -7.227462421
              ],
              [
                139.180797712,
                -7.227229119
              ],
              [
                139.181239013,
                -7.226921318
              ],
              [
                139.181660814,
                -7.226567716
              ],
              [
                139.182179716,
                -7.226252615
              ],
              [
                139.182722718,
                -7.225968813
              ],
              [
                139.183166419,
                -7.225749912
              ],
              [
                139.183682822,
                -7.22567541
              ],
              [
                139.184167724,
                -7.225581609
              ],
              [
                139.184676926,
                -7.225446907
              ],
              [
                139.184664826,
                -7.225418007
              ],
              [
                139.185026026,
                -7.225076506
              ],
              [
                139.185433327,
                -7.224633905
              ],
              [
                139.185814028,
                -7.224249103
              ],
              [
                139.185930328,
                -7.224049503
              ],
              [
                139.186369229,
                -7.223775301
              ],
              [
                139.186754731,
                -7.2234843
              ],
              [
                139.187203232,
                -7.223147499
              ],
              [
                139.187692934,
                -7.222957497
              ],
              [
                139.188124535,
                -7.222688096
              ],
              [
                139.188539136,
                -7.222348995
              ],
              [
                139.188907636,
                -7.221827093
              ],
              [
                139.189276137,
                -7.221406192
              ],
              [
                139.189608338,
                -7.221028491
              ],
              [
                139.189877638,
                -7.22074739
              ],
              [
                139.190234439,
                -7.220325988
              ],
              [
                139.190501139,
                -7.219856987
              ],
              [
                139.190767839,
                -7.219397586
              ],
              [
                139.191073239,
                -7.218938185
              ],
              [
                139.191342439,
                -7.218519684
              ],
              [
                139.19164304,
                -7.218110783
              ],
              [
                139.19198004,
                -7.217675481
              ],
              [
                139.19233404,
                -7.21710538
              ],
              [
                139.19262014,
                -7.216556979
              ],
              [
                139.19266864,
                -7.216417479
              ],
              [
                139.19297164,
                -7.215989377
              ],
              [
                139.19324074,
                -7.215561276
              ],
              [
                139.193548641,
                -7.215058575
              ],
              [
                139.193912341,
                -7.214630374
              ],
              [
                139.194261442,
                -7.214187873
              ],
              [
                139.194615442,
                -7.213795771
              ],
              [
                139.194903942,
                -7.21329067
              ],
              [
                139.195240942,
                -7.212665269
              ],
              [
                139.195645842,
                -7.211734467
              ],
              [
                139.195839842,
                -7.211275066
              ],
              [
                139.196043441,
                -7.210714665
              ],
              [
                139.19625924,
                -7.210007464
              ],
              [
                139.19625924,
                -7.210002664
              ],
              [
                139.196387739,
                -7.209538463
              ],
              [
                139.196521139,
                -7.209045362
              ],
              [
                139.196753839,
                -7.208578761
              ],
              [
                139.197032639,
                -7.20806166
              ],
              [
                139.197328439,
                -7.207563759
              ],
              [
                139.197658239,
                -7.207135558
              ],
              [
                139.197883639,
                -7.206632857
              ],
              [
                139.198191539,
                -7.206113355
              ],
              [
                139.198431639,
                -7.205627454
              ],
              [
                139.198654639,
                -7.205163253
              ],
              [
                139.198943139,
                -7.204641352
              ],
              [
                139.198974739,
                -7.204573952
              ],
              [
                139.199251039,
                -7.204124151
              ],
              [
                139.199469338,
                -7.20354935
              ],
              [
                139.199694738,
                -7.203111549
              ],
              [
                139.199985738,
                -7.202680948
              ],
              [
                139.200271839,
                -7.202284147
              ],
              [
                139.200550639,
                -7.201822346
              ],
              [
                139.200863339,
                -7.201309944
              ],
              [
                139.201047639,
                -7.201026144
              ],
              [
                139.201251339,
                -7.200509043
              ],
              [
                139.201508239,
                -7.200013542
              ],
              [
                139.201731338,
                -7.19950114
              ],
              [
                139.201981038,
                -7.198914239
              ],
              [
                139.202175038,
                -7.198425938
              ],
              [
                139.202342337,
                -7.197894438
              ],
              [
                139.202453836,
                -7.197348437
              ],
              [
                139.202507135,
                -7.196872136
              ],
              [
                139.202594435,
                -7.196723036
              ],
              [
                139.202807835,
                -7.196270835
              ],
              [
                139.202962934,
                -7.195739234
              ],
              [
                139.203098734,
                -7.195260533
              ],
              [
                139.203222433,
                -7.194762633
              ],
              [
                139.203430933,
                -7.194329732
              ],
              [
                139.203593332,
                -7.193829331
              ],
              [
                139.203777632,
                -7.19332663
              ],
              [
                139.203964331,
                -7.192860029
              ],
              [
                139.204262531,
                -7.192403028
              ],
              [
                139.204255231,
                -7.192311628
              ],
              [
                139.20434253,
                -7.191811327
              ],
              [
                139.20452673,
                -7.191356626
              ],
              [
                139.20477653,
                -7.190914125
              ],
              [
                139.20502133,
                -7.190473924
              ],
              [
                139.20523953,
                -7.189961523
              ],
              [
                139.205465029,
                -7.189454022
              ],
              [
                139.205528028,
                -7.188968122
              ],
              [
                139.205685628,
                -7.188479821
              ],
              [
                139.205867527,
                -7.18799872
              ],
              [
                139.206054227,
                -7.187539319
              ],
              [
                139.206131727,
                -7.187401719
              ],
              [
                139.206383827,
                -7.186962218
              ],
              [
                139.206667427,
                -7.186512417
              ],
              [
                139.206892927,
                -7.186031416
              ],
              [
                139.207108727,
                -7.185480515
              ],
              [
                139.207356027,
                -7.185004314
              ],
              [
                139.207617826,
                -7.184511113
              ],
              [
                139.207867626,
                -7.184063711
              ],
              [
                139.208110026,
                -7.18353461
              ],
              [
                139.208199725,
                -7.18296211
              ],
              [
                139.208224024,
                -7.182456909
              ],
              [
                139.208170622,
                -7.181942209
              ],
              [
                139.208136721,
                -7.181398509
              ],
              [
                139.208088219,
                -7.180676908
              ],
              [
                139.208085817,
                -7.180116508
              ],
              [
                139.208136717,
                -7.180008207
              ],
              [
                139.208155525,
                -7.179910736
              ],
              [
                139.208233716,
                -7.179505507
              ],
              [
                139.208316115,
                -7.178985906
              ],
              [
                139.208391314,
                -7.178451905
              ],
              [
                139.208420413,
                -7.177946805
              ],
              [
                139.208468812,
                -7.177451204
              ],
              [
                139.208570711,
                -7.176941304
              ],
              [
                139.20870641,
                -7.176412103
              ],
              [
                139.20887131,
                -7.175921402
              ],
              [
                139.209004709,
                -7.175416201
              ],
              [
                139.209067708,
                -7.174925501
              ],
              [
                139.209140407,
                -7.174442
              ],
              [
                139.209271307,
                -7.1741426
              ],
              [
                139.209473806,
                -7.173526799
              ],
              [
                139.209544106,
                -7.173272998
              ],
              [
                139.209675006,
                -7.172977098
              ],
              [
                139.209835005,
                -7.172500797
              ],
              [
                139.210012005,
                -7.172029396
              ],
              [
                139.210140504,
                -7.171553095
              ],
              [
                139.210249603,
                -7.170973394
              ],
              [
                139.210346603,
                -7.170665494
              ],
              [
                139.210509002,
                -7.170191593
              ],
              [
                139.210695702,
                -7.169705692
              ],
              [
                139.210838801,
                -7.169169291
              ],
              [
                139.211064301,
                -7.16863039
              ],
              [
                139.211110301,
                -7.16856549
              ],
              [
                139.2112728,
                -7.168074789
              ],
              [
                139.2114958,
                -7.167600888
              ],
              [
                139.211668,
                -7.167124588
              ],
              [
                139.211903099,
                -7.166669887
              ],
              [
                139.2120753,
                -7.166458286
              ],
              [
                139.212208599,
                -7.165974785
              ],
              [
                139.212436499,
                -7.165539384
              ],
              [
                139.212729899,
                -7.165147283
              ],
              [
                139.2130451,
                -7.164747982
              ],
              [
                139.213401501,
                -7.164408781
              ],
              [
                139.213772401,
                -7.164007079
              ],
              [
                139.213818502,
                -7.164071979
              ],
              [
                139.214092402,
                -7.163677478
              ],
              [
                139.214267002,
                -7.163208377
              ],
              [
                139.214446401,
                -7.162748977
              ],
              [
                139.214640401,
                -7.162287076
              ],
              [
                139.214870701,
                -7.161863675
              ],
              [
                139.2150453,
                -7.161404274
              ],
              [
                139.2152223,
                -7.160949673
              ],
              [
                139.2155156,
                -7.160531072
              ],
              [
                139.215913201,
                -7.160239971
              ],
              [
                139.216344803,
                -7.159977769
              ],
              [
                139.216783604,
                -7.159754068
              ],
              [
                139.217237006,
                -7.159556767
              ],
              [
                139.217726808,
                -7.159477465
              ],
              [
                139.218146209,
                -7.159239264
              ],
              [
                139.218594711,
                -7.159049263
              ],
              [
                139.219069913,
                -7.158803861
              ],
              [
                139.219547514,
                -7.15857536
              ],
              [
                139.219945215,
                -7.158245758
              ],
              [
                139.220299116,
                -7.157894557
              ],
              [
                139.220691917,
                -7.157577056
              ],
              [
                139.220856817,
                -7.157430355
              ],
              [
                139.221283519,
                -7.157098354
              ],
              [
                139.221593819,
                -7.156723053
              ],
              [
                139.22194542,
                -7.156362252
              ],
              [
                139.222420621,
                -7.15601825
              ],
              [
                139.222844822,
                -7.155638149
              ],
              [
                139.223157923,
                -7.155448348
              ],
              [
                139.223589525,
                -7.155188546
              ],
              [
                139.224086526,
                -7.154991245
              ],
              [
                139.224549628,
                -7.154851743
              ],
              [
                139.22501273,
                -7.154671342
              ],
              [
                139.225393331,
                -7.154361041
              ],
              [
                139.225817632,
                -7.154009839
              ],
              [
                139.226217633,
                -7.153701838
              ],
              [
                139.226634734,
                -7.153317037
              ],
              [
                139.227051735,
                -7.152989835
              ],
              [
                139.227286835,
                -7.152602534
              ],
              [
                139.227594835,
                -7.152145433
              ],
              [
                139.227863935,
                -7.151664332
              ],
              [
                139.228103935,
                -7.151207331
              ],
              [
                139.228387636,
                -7.15077673
              ],
              [
                139.228870037,
                -7.150543328
              ],
              [
                139.229367139,
                -7.150307627
              ],
              [
                139.22980834,
                -7.150050226
              ],
              [
                139.230225342,
                -7.149783224
              ],
              [
                139.230446042,
                -7.149658124
              ],
              [
                139.231020645,
                -7.149470422
              ],
              [
                139.231585547,
                -7.14936222
              ],
              [
                139.232099549,
                -7.149244319
              ],
              [
                139.232596551,
                -7.149164917
              ],
              [
                139.233168753,
                -7.148999016
              ],
              [
                139.233624555,
                -7.148823314
              ],
              [
                139.234206357,
                -7.148657413
              ],
              [
                139.234700959,
                -7.148508211
              ],
              [
                139.235231962,
                -7.14836391
              ],
              [
                139.235307162,
                -7.14826521
              ],
              [
                139.235799264,
                -7.148118508
              ],
              [
                139.236308466,
                -7.148075207
              ],
              [
                139.236829668,
                -7.148005405
              ],
              [
                139.23733157,
                -7.147911604
              ],
              [
                139.237879473,
                -7.147827402
              ],
              [
                139.238391075,
                -7.147726401
              ],
              [
                139.238880777,
                -7.1476638
              ],
              [
                139.23948448,
                -7.147654198
              ],
              [
                139.239988782,
                -7.147656597
              ],
              [
                139.240505284,
                -7.147589295
              ],
              [
                139.241053187,
                -7.147495494
              ],
              [
                139.241545389,
                -7.147541192
              ],
              [
                139.242064192,
                -7.147538791
              ],
              [
                139.242592694,
                -7.14759889
              ],
              [
                139.243147897,
                -7.147596488
              ],
              [
                139.243647399,
                -7.147642187
              ],
              [
                139.244166202,
                -7.147711986
              ],
              [
                139.244643905,
                -7.147877884
              ],
              [
                139.245148208,
                -7.148046283
              ],
              [
                139.24559911,
                -7.148236382
              ],
              [
                139.246101013,
                -7.148385481
              ],
              [
                139.246624716,
                -7.14844328
              ],
              [
                139.247131418,
                -7.148407178
              ],
              [
                139.247616321,
                -7.148573177
              ],
              [
                139.248064823,
                -7.148849776
              ],
              [
                139.248520626,
                -7.149104775
              ],
              [
                139.248765527,
                -7.149068675
              ],
              [
                139.24922373,
                -7.149270773
              ],
              [
                139.249604433,
                -7.149581073
              ],
              [
                139.250035936,
                -7.149949172
              ],
              [
                139.250377838,
                -7.150336471
              ],
              [
                139.250729341,
                -7.150769471
              ],
              [
                139.251085744,
                -7.15111587
              ],
              [
                139.251570647,
                -7.151469469
              ],
              [
                139.25194165,
                -7.151784568
              ],
              [
                139.252201052,
                -7.152210368
              ],
              [
                139.252421654,
                -7.152677068
              ],
              [
                139.252666557,
                -7.153237567
              ],
              [
                139.25291866,
                -7.153776367
              ],
              [
                139.253236262,
                -7.154238267
              ],
              [
                139.253490865,
                -7.154702566
              ],
              [
                139.253747867,
                -7.155145166
              ],
              [
                139.25402917,
                -7.155720066
              ],
              [
                139.254157672,
                -7.156355166
              ],
              [
                139.254247374,
                -7.156903566
              ],
              [
                139.254300975,
                -7.157052266
              ],
              [
                139.254442177,
                -7.157514866
              ],
              [
                139.254786481,
                -7.158339966
              ],
              [
                139.255007084,
                -7.159179466
              ],
              [
                139.255147786,
                -7.159905966
              ],
              [
                139.255230189,
                -7.160596267
              ],
              [
                139.255368391,
                -7.161409367
              ],
              [
                139.255525994,
                -7.162234467
              ],
              [
                139.255715098,
                -7.163208667
              ],
              [
                139.255933301,
                -7.164000167
              ],
              [
                139.256471507,
                -7.165099467
              ],
              [
                139.256740709,
                -7.165708067
              ],
              [
                139.256995212,
                -7.166184266
              ],
              [
                139.257266815,
                -7.166862666
              ],
              [
                139.257275915,
                -7.166951366
              ],
              [
                139.257330717,
                -7.167507466
              ],
              [
                139.25743262,
                -7.168455267
              ],
              [
                139.257505323,
                -7.169222567
              ],
              [
                139.257655627,
                -7.170475868
              ],
              [
                139.25771383,
                -7.171594369
              ],
              [
                139.257830233,
                -7.172693669
              ],
              [
                139.257927235,
                -7.173323869
              ],
              [
                139.258046037,
                -7.17383387
              ],
              [
                139.25818424,
                -7.17447617
              ],
              [
                139.258276342,
                -7.17503897
              ],
              [
                139.258327243,
                -7.17556577
              ],
              [
                139.258411745,
                -7.17586077
              ],
              [
                139.258558947,
                -7.17637467
              ],
              [
                139.258726249,
                -7.17695197
              ],
              [
                139.259077754,
                -7.17818597
              ],
              [
                139.259477859,
                -7.17944637
              ],
              [
                139.259780864,
                -7.18069717
              ],
              [
                139.259967568,
                -7.181955271
              ],
              [
                139.260115471,
                -7.182850071
              ],
              [
                139.260214874,
                -7.183605372
              ],
              [
                139.260222176,
                -7.184209072
              ],
              [
                139.260270677,
                -7.184738272
              ],
              [
                139.260321579,
                -7.185221773
              ],
              [
                139.26036158,
                -7.185653073
              ],
              [
                139.260403882,
                -7.186146473
              ],
              [
                139.260648786,
                -7.187296173
              ],
              [
                139.260721488,
                -7.187928874
              ],
              [
                139.26091789,
                -7.188501274
              ],
              [
                139.261046392,
                -7.189028074
              ],
              [
                139.261111894,
                -7.189550074
              ],
              [
                139.261233097,
                -7.190406374
              ],
              [
                139.2613252,
                -7.191238575
              ],
              [
                139.261378602,
                -7.192032375
              ],
              [
                139.261524105,
                -7.192775675
              ],
              [
                139.261616207,
                -7.193319276
              ],
              [
                139.261730408,
                -7.193784176
              ],
              [
                139.26184271,
                -7.194279476
              ],
              [
                139.262075414,
                -7.195227176
              ],
              [
                139.262334818,
                -7.196295176
              ],
              [
                139.262502121,
                -7.197187476
              ],
              [
                139.262616125,
                -7.198366177
              ],
              [
                139.262839129,
                -7.199604877
              ],
              [
                139.263057334,
                -7.200874878
              ],
              [
                139.263076736,
                -7.201769678
              ],
              [
                139.263076738,
                -7.202397479
              ],
              [
                139.263130539,
                -7.202703379
              ],
              [
                139.263228141,
                -7.203230179
              ],
              [
                139.263380944,
                -7.204141779
              ],
              [
                139.263397946,
                -7.20492108
              ],
              [
                139.26355305,
                -7.20588798
              ],
              [
                139.263582152,
                -7.206592781
              ],
              [
                139.263616154,
                -7.207316681
              ],
              [
                139.263688856,
                -7.207927682
              ],
              [
                139.263713057,
                -7.208435182
              ],
              [
                139.263715559,
                -7.209175982
              ],
              [
                139.263771261,
                -7.209661883
              ],
              [
                139.263813662,
                -7.209849483
              ],
              [
                139.263928764,
                -7.210359183
              ],
              [
                139.264069766,
                -7.210823583
              ],
              [
                139.26428307,
                -7.211980483
              ],
              [
                139.264452873,
                -7.212872883
              ],
              [
                139.264692877,
                -7.213955184
              ],
              [
                139.264775279,
                -7.214739384
              ],
              [
                139.264901381,
                -7.215225184
              ],
              [
                139.265020184,
                -7.215932384
              ],
              [
                139.265088086,
                -7.216427785
              ],
              [
                139.265153487,
                -7.216923285
              ],
              [
                139.265352289,
                -7.217406785
              ],
              [
                139.265628692,
                -7.217943084
              ],
              [
                139.265926995,
                -7.218371284
              ],
              [
                139.266215497,
                -7.218854683
              ],
              [
                139.2664846,
                -7.219328483
              ],
              [
                139.266705202,
                -7.219804783
              ],
              [
                139.266964605,
                -7.220314683
              ],
              [
                139.267202207,
                -7.220754782
              ],
              [
                139.26737441,
                -7.221274282
              ],
              [
                139.267532012,
                -7.221779382
              ],
              [
                139.267934414,
                -7.222072881
              ],
              [
                139.268370817,
                -7.22233738
              ],
              [
                139.26889212,
                -7.222351879
              ],
              [
                139.26889942,
                -7.222399979
              ],
              [
                139.269384323,
                -7.222539478
              ],
              [
                139.269828025,
                -7.222734277
              ],
              [
                139.270303228,
                -7.222986776
              ],
              [
                139.270708031,
                -7.223325975
              ],
              [
                139.271258434,
                -7.223638674
              ],
              [
                139.271806337,
                -7.223766072
              ],
              [
                139.27233734,
                -7.223823871
              ],
              [
                139.272887743,
                -7.223874369
              ],
              [
                139.273610246,
                -7.223907967
              ],
              [
                139.274099949,
                -7.224059566
              ],
              [
                139.274572752,
                -7.224263965
              ],
              [
                139.275052754,
                -7.224384264
              ],
              [
                139.275559457,
                -7.224506863
              ],
              [
                139.27610016,
                -7.224523761
              ],
              [
                139.276631163,
                -7.22459826
              ],
              [
                139.277181465,
                -7.224605458
              ],
              [
                139.277409866,
                -7.224605458
              ],
              [
                139.277915369,
                -7.224627156
              ],
              [
                139.278392971,
                -7.224711355
              ],
              [
                139.278943374,
                -7.224776254
              ],
              [
                139.279440376,
                -7.224783452
              ],
              [
                139.28013138,
                -7.22485805
              ],
              [
                139.280633282,
                -7.224723349
              ],
              [
                139.281154484,
                -7.224600648
              ],
              [
                139.281680586,
                -7.224422646
              ],
              [
                139.282449189,
                -7.224208644
              ],
              [
                139.283006791,
                -7.224105242
              ],
              [
                139.283889295,
                -7.22394404
              ],
              [
                139.284386397,
                -7.223850238
              ],
              [
                139.2850822,
                -7.223715536
              ],
              [
                139.285571902,
                -7.223568835
              ],
              [
                139.286022904,
                -7.223393233
              ],
              [
                139.286573305,
                -7.223010832
              ],
              [
                139.286949006,
                -7.22262843
              ],
              [
                139.287383007,
                -7.222330129
              ],
              [
                139.287923709,
                -7.222142527
              ],
              [
                139.288403711,
                -7.221947726
              ],
              [
                139.288854713,
                -7.221767324
              ],
              [
                139.289509316,
                -7.221649523
              ],
              [
                139.290139718,
                -7.221495521
              ],
              [
                139.29061972,
                -7.221324819
              ],
              [
                139.291170122,
                -7.221137118
              ],
              [
                139.291628324,
                -7.220918316
              ],
              [
                139.292159326,
                -7.220682615
              ],
              [
                139.292736328,
                -7.220569513
              ],
              [
                139.29324543,
                -7.220393911
              ],
              [
                139.294096433,
                -7.220018709
              ],
              [
                139.294530434,
                -7.219783007
              ],
              [
                139.295049336,
                -7.219487206
              ],
              [
                139.295541438,
                -7.219302004
              ],
              [
                139.29600694,
                -7.219162503
              ],
              [
                139.296511242,
                -7.219006101
              ],
              [
                139.297088344,
                -7.2187079
              ],
              [
                139.297544145,
                -7.218565998
              ],
              [
                139.298050847,
                -7.218438497
              ],
              [
                139.298557549,
                -7.218310995
              ],
              [
                139.298993951,
                -7.218075294
              ],
              [
                139.299558853,
                -7.217700092
              ],
              [
                139.300043754,
                -7.217433091
              ],
              [
                139.300511656,
                -7.217245489
              ],
              [
                139.301035358,
                -7.217089188
              ],
              [
                139.301779661,
                -7.216927986
              ],
              [
                139.302252463,
                -7.216711584
              ],
              [
                139.302751964,
                -7.216526283
              ],
              [
                139.303164065,
                -7.216191981
              ],
              [
                139.303646067,
                -7.21600338
              ],
              [
                139.30448737,
                -7.215731577
              ],
              [
                139.305045072,
                -7.215495876
              ],
              [
                139.305653575,
                -7.215411674
              ],
              [
                139.306140877,
                -7.215423672
              ],
              [
                139.30665728,
                -7.215305771
              ],
              [
                139.307173782,
                -7.215166269
              ],
              [
                139.307670784,
                -7.215005168
              ],
              [
                139.308158085,
                -7.214858467
              ],
              [
                139.308761788,
                -7.214721365
              ],
              [
                139.309043176,
                -7.214702965
              ],
              [
                139.309387291,
                -7.214680463
              ],
              [
                139.309889193,
                -7.214694862
              ],
              [
                139.310439496,
                -7.21469966
              ],
              [
                139.311023799,
                -7.214718959
              ],
              [
                139.311474901,
                -7.214708857
              ],
              [
                139.312084504,
                -7.214746556
              ],
              [
                139.312731907,
                -7.214732154
              ],
              [
                139.31335501,
                -7.214684052
              ],
              [
                139.314298114,
                -7.21459265
              ],
              [
                139.315139417,
                -7.214436247
              ],
              [
                139.316065522,
                -7.214426645
              ],
              [
                139.317188128,
                -7.214645542
              ],
              [
                139.318068232,
                -7.214717639
              ],
              [
                139.318950737,
                -7.215039937
              ],
              [
                139.31945744,
                -7.215229936
              ],
              [
                139.320078143,
                -7.215333434
              ],
              [
                139.320589646,
                -7.215371833
              ],
              [
                139.321195849,
                -7.215412731
              ],
              [
                139.32149405,
                -7.215559531
              ],
              [
                139.322032253,
                -7.215665329
              ],
              [
                139.322575356,
                -7.215706228
              ],
              [
                139.323183859,
                -7.215751926
              ],
              [
                139.323891863,
                -7.215855324
              ],
              [
                139.324437366,
                -7.216062223
              ],
              [
                139.32513077,
                -7.216418121
              ],
              [
                139.325751474,
                -7.21685592
              ],
              [
                139.326447278,
                -7.217260019
              ],
              [
                139.327135883,
                -7.217611117
              ],
              [
                139.328042587,
                -7.217762615
              ],
              [
                139.328711791,
                -7.217842013
              ],
              [
                139.329688896,
                -7.21802481
              ],
              [
                139.330309499,
                -7.218217209
              ],
              [
                139.331068404,
                -7.218691107
              ],
              [
                139.331473307,
                -7.219011006
              ],
              [
                139.33194851,
                -7.219184105
              ],
              [
                139.332423712,
                -7.219347704
              ],
              [
                139.332923115,
                -7.219542503
              ],
              [
                139.333163117,
                -7.219595402
              ],
              [
                139.333667419,
                -7.219756601
              ],
              [
                139.334227523,
                -7.219929699
              ],
              [
                139.334736626,
                -7.220189498
              ],
              [
                139.335257929,
                -7.220403597
              ],
              [
                139.335849532,
                -7.220752295
              ],
              [
                139.336341736,
                -7.221062594
              ],
              [
                139.336790239,
                -7.221404093
              ],
              [
                139.337306642,
                -7.221651892
              ],
              [
                139.337803645,
                -7.221887591
              ],
              [
                139.338334648,
                -7.22203909
              ],
              [
                139.338824351,
                -7.222303688
              ],
              [
                139.339272953,
                -7.222512887
              ],
              [
                139.339704456,
                -7.222772686
              ],
              [
                139.340179659,
                -7.223063685
              ],
              [
                139.340533662,
                -7.223436485
              ],
              [
                139.340732763,
                -7.223469484
              ],
              [
                139.341211366,
                -7.223591083
              ],
              [
                139.341647768,
                -7.223807482
              ],
              [
                139.342144771,
                -7.224014381
              ],
              [
                139.342695174,
                -7.224153879
              ],
              [
                139.343235777,
                -7.224428078
              ],
              [
                139.343769181,
                -7.224738277
              ],
              [
                139.344195884,
                -7.225087076
              ],
              [
                139.344569287,
                -7.225536875
              ],
              [
                139.34492329,
                -7.226092475
              ],
              [
                139.345216593,
                -7.226753874
              ],
              [
                139.345783998,
                -7.227576473
              ],
              [
                139.346247002,
                -7.228105572
              ],
              [
                139.346906506,
                -7.228665971
              ],
              [
                139.347340509,
                -7.22894017
              ],
              [
                139.347975713,
                -7.229272069
              ],
              [
                139.348407316,
                -7.229546268
              ],
              [
                139.348846119,
                -7.229882967
              ],
              [
                139.349321322,
                -7.230104266
              ],
              [
                139.349774725,
                -7.230342364
              ],
              [
                139.350206227,
                -7.230659864
              ],
              [
                139.35062083,
                -7.230974863
              ],
              [
                139.350909732,
                -7.231177062
              ],
              [
                139.351443135,
                -7.231453661
              ],
              [
                139.351884338,
                -7.23166046
              ],
              [
                139.352357141,
                -7.231898559
              ],
              [
                139.352815344,
                -7.232093357
              ],
              [
                139.353206229,
                -7.232235825
              ],
              [
                139.353290546,
                -7.232266556
              ],
              [
                139.353746349,
                -7.232439755
              ],
              [
                139.354318552,
                -7.232670654
              ],
              [
                139.354847156,
                -7.232949652
              ],
              [
                139.355341759,
                -7.233197351
              ],
              [
                139.355824161,
                -7.23337055
              ],
              [
                139.356330964,
                -7.233519649
              ],
              [
                139.356903068,
                -7.233757747
              ],
              [
                139.35739767,
                -7.233930846
              ],
              [
                139.358095974,
                -7.234152144
              ],
              [
                139.358554177,
                -7.234327743
              ],
              [
                139.358796678,
                -7.234385443
              ],
              [
                139.359320281,
                -7.234354241
              ],
              [
                139.359892483,
                -7.23438064
              ],
              [
                139.360539886,
                -7.234383038
              ],
              [
                139.361085389,
                -7.234325336
              ],
              [
                139.361596891,
                -7.234166635
              ],
              [
                139.362103693,
                -7.234005433
              ],
              [
                139.362653995,
                -7.233909232
              ],
              [
                139.363192297,
                -7.23385153
              ],
              [
                139.3638105,
                -7.233832228
              ],
              [
                139.364491803,
                -7.233793826
              ],
              [
                139.365061506,
                -7.233772125
              ],
              [
                139.365544008,
                -7.233678323
              ],
              [
                139.36613561,
                -7.233529222
              ],
              [
                139.366724713,
                -7.23345702
              ],
              [
                139.366891314,
                -7.23343202
              ],
              [
                139.367366316,
                -7.233333918
              ],
              [
                139.368149519,
                -7.233143916
              ],
              [
                139.368908322,
                -7.232913014
              ],
              [
                139.369732625,
                -7.232761511
              ],
              [
                139.370287927,
                -7.23258591
              ],
              [
                139.37092063,
                -7.232331008
              ],
              [
                139.371410431,
                -7.232148206
              ],
              [
                139.371868633,
                -7.231941305
              ],
              [
                139.372612936,
                -7.231751302
              ],
              [
                139.373093038,
                -7.231633501
              ],
              [
                139.37358524,
                -7.2315277
              ],
              [
                139.374152542,
                -7.231426598
              ],
              [
                139.374707745,
                -7.231311196
              ],
              [
                139.375241147,
                -7.231195695
              ],
              [
                139.375667849,
                -7.231164494
              ],
              [
                139.376484953,
                -7.231133191
              ],
              [
                139.377221956,
                -7.231109189
              ],
              [
                139.377958959,
                -7.231094687
              ],
              [
                139.378628162,
                -7.230899885
              ],
              [
                139.379459766,
                -7.230794083
              ],
              [
                139.380296169,
                -7.23063778
              ],
              [
                139.381178773,
                -7.230469378
              ],
              [
                139.381925476,
                -7.230313076
              ],
              [
                139.382417678,
                -7.230264974
              ],
              [
                139.38291708,
                -7.230190373
              ],
              [
                139.383394682,
                -7.230115771
              ],
              [
                139.383785084,
                -7.23004847
              ],
              [
                139.384543887,
                -7.229971468
              ],
              [
                139.38513069,
                -7.229884866
              ],
              [
                139.385841093,
                -7.229819964
              ],
              [
                139.386347795,
                -7.229769463
              ],
              [
                139.386987798,
                -7.229747761
              ],
              [
                139.387705502,
                -7.229781459
              ],
              [
                139.388321304,
                -7.229762258
              ],
              [
                139.388898307,
                -7.229742956
              ],
              [
                139.388985607,
                -7.229752656
              ],
              [
                139.38948511,
                -7.229764654
              ],
              [
                139.390079113,
                -7.229783853
              ],
              [
                139.390668215,
                -7.229690051
              ],
              [
                139.391458619,
                -7.229682849
              ],
              [
                139.391987121,
                -7.229634747
              ],
              [
                139.392704825,
                -7.229759845
              ],
              [
                139.393197027,
                -7.229807944
              ],
              [
                139.39379103,
                -7.229904142
              ],
              [
                139.394370433,
                -7.229875241
              ],
              [
                139.394872335,
                -7.229824739
              ],
              [
                139.395534238,
                -7.229824738
              ],
              [
                139.396064941,
                -7.229756236
              ],
              [
                139.396559543,
                -7.229722535
              ],
              [
                139.397376647,
                -7.229672032
              ],
              [
                139.397924549,
                -7.229732131
              ],
              [
                139.398654353,
                -7.229734529
              ],
              [
                139.399248356,
                -7.229813927
              ],
              [
                139.399927159,
                -7.229775425
              ],
              [
                139.400620562,
                -7.229893323
              ],
              [
                139.401200065,
                -7.230003922
              ],
              [
                139.401684968,
                -7.230133821
              ],
              [
                139.402179571,
                -7.230222819
              ],
              [
                139.402708073,
                -7.230282918
              ],
              [
                139.402995075,
                -7.230283517
              ],
              [
                139.403550277,
                -7.230284716
              ],
              [
                139.40405288,
                -7.230278214
              ],
              [
                139.405209385,
                -7.230280611
              ],
              [
                139.405895588,
                -7.230321509
              ],
              [
                139.406402291,
                -7.230386508
              ],
              [
                139.406928393,
                -7.230410506
              ],
              [
                139.407466596,
                -7.230391305
              ],
              [
                139.408016999,
                -7.230386503
              ],
              [
                139.408720102,
                -7.230396101
              ],
              [
                139.409209804,
                -7.2304755
              ],
              [
                139.409660807,
                -7.230670299
              ],
              [
                139.410380911,
                -7.230908397
              ],
              [
                139.410943314,
                -7.231045496
              ],
              [
                139.411544617,
                -7.231136894
              ],
              [
                139.411587817,
                -7.231135294
              ],
              [
                139.41209882,
                -7.231116192
              ],
              [
                139.412663622,
                -7.231097491
              ],
              [
                139.413694027,
                -7.231049388
              ],
              [
                139.414215329,
                -7.231049386
              ],
              [
                139.414816632,
                -7.231010885
              ],
              [
                139.415400935,
                -7.230967583
              ],
              [
                139.416024038,
                -7.230965181
              ],
              [
                139.41655734,
                -7.23084488
              ],
              [
                139.417100442,
                -7.230816078
              ],
              [
                139.417692045,
                -7.230770377
              ],
              [
                139.418477548,
                -7.230724674
              ],
              [
                139.419006151,
                -7.230635673
              ],
              [
                139.419505553,
                -7.230558671
              ],
              [
                139.420002555,
                -7.23046967
              ],
              [
                139.420514157,
                -7.230354268
              ],
              [
                139.421079059,
                -7.230270067
              ],
              [
                139.421719162,
                -7.230096865
              ],
              [
                139.422376165,
                -7.229988663
              ],
              [
                139.422972567,
                -7.229998261
              ],
              [
                139.42348177,
                -7.23004876
              ],
              [
                139.423724171,
                -7.229865959
              ],
              [
                139.424209072,
                -7.229716858
              ],
              [
                139.424696474,
                -7.229555756
              ],
              [
                139.425164376,
                -7.229406655
              ],
              [
                139.425632278,
                -7.229190153
              ],
              [
                139.426119579,
                -7.229026552
              ],
              [
                139.426611781,
                -7.22886305
              ],
              [
                139.427198484,
                -7.228764449
              ],
              [
                139.427702786,
                -7.228622547
              ],
              [
                139.428228888,
                -7.228389245
              ],
              [
                139.428716289,
                -7.228247344
              ],
              [
                139.429293292,
                -7.228028442
              ],
              [
                139.429744193,
                -7.227833641
              ],
              [
                139.430081194,
                -7.22747524
              ],
              [
                139.430396394,
                -7.227112039
              ],
              [
                139.430777095,
                -7.226753737
              ],
              [
                139.431317695,
                -7.226036935
              ],
              [
                139.431841396,
                -7.225423633
              ],
              [
                139.432234197,
                -7.225024332
              ],
              [
                139.432653598,
                -7.22462753
              ],
              [
                139.433022098,
                -7.224264329
              ],
              [
                139.433320399,
                -7.223843428
              ],
              [
                139.433657399,
                -7.223314227
              ],
              [
                139.434047699,
                -7.222770725
              ],
              [
                139.4344114,
                -7.222450824
              ],
              [
                139.434598099,
                -7.222003423
              ],
              [
                139.434711999,
                -7.221522422
              ],
              [
                139.434806598,
                -7.221048522
              ],
              [
                139.434927797,
                -7.220543521
              ],
              [
                139.435046596,
                -7.21999512
              ],
              [
                139.435143595,
                -7.21941302
              ],
              [
                139.435172693,
                -7.218900719
              ],
              [
                139.435124192,
                -7.218301819
              ],
              [
                139.43507329,
                -7.217801519
              ],
              [
                139.435051388,
                -7.217306019
              ],
              [
                139.435073287,
                -7.216825018
              ],
              [
                139.435034486,
                -7.216339118
              ],
              [
                139.434915684,
                -7.215858118
              ],
              [
                139.434772582,
                -7.215353018
              ],
              [
                139.43471688,
                -7.214867118
              ],
              [
                139.434658678,
                -7.214378918
              ],
              [
                139.434488976,
                -7.213878618
              ],
              [
                139.434290174,
                -7.213354218
              ],
              [
                139.434151972,
                -7.212892418
              ],
              [
                139.433919169,
                -7.212351218
              ],
              [
                139.433696167,
                -7.211824518
              ],
              [
                139.433361564,
                -7.211442119
              ],
              [
                139.433111861,
                -7.210857619
              ],
              [
                139.432823259,
                -7.21039582
              ],
              [
                139.432820859,
                -7.21035252
              ],
              [
                139.432520256,
                -7.20996282
              ],
              [
                139.432093553,
                -7.209710321
              ],
              [
                139.43166685,
                -7.209286922
              ],
              [
                139.431373448,
                -7.208842023
              ],
              [
                139.431002545,
                -7.208524524
              ],
              [
                139.430570942,
                -7.208190125
              ],
              [
                139.430168439,
                -7.207747625
              ],
              [
                139.429848436,
                -7.207353126
              ],
              [
                139.429460533,
                -7.206937027
              ],
              [
                139.42903133,
                -7.206489628
              ],
              [
                139.428616827,
                -7.206160129
              ],
              [
                139.428199724,
                -7.20584503
              ],
              [
                139.427773021,
                -7.20551313
              ],
              [
                139.427242118,
                -7.205212432
              ],
              [
                139.426803215,
                -7.204866033
              ],
              [
                139.426308612,
                -7.204652034
              ],
              [
                139.42584561,
                -7.204500435
              ],
              [
                139.425467307,
                -7.204060336
              ],
              [
                139.425191004,
                -7.203615336
              ],
              [
                139.424975203,
                -7.203533537
              ],
              [
                139.4245145,
                -7.203283438
              ],
              [
                139.423973897,
                -7.203201639
              ],
              [
                139.423532595,
                -7.20296594
              ],
              [
                139.423105892,
                -7.202706141
              ],
              [
                139.422700989,
                -7.202280442
              ],
              [
                139.422363986,
                -7.201926843
              ],
              [
                139.421828183,
                -7.201633344
              ],
              [
                139.42131178,
                -7.201455346
              ],
              [
                139.420526176,
                -7.201484248
              ],
              [
                139.419941874,
                -7.201474649
              ],
              [
                139.41908367,
                -7.201479452
              ],
              [
                139.418538167,
                -7.201361553
              ],
              [
                139.417990164,
                -7.201299055
              ],
              [
                139.417449561,
                -7.201185956
              ],
              [
                139.416884659,
                -7.201238958
              ],
              [
                139.416392456,
                -7.201176359
              ],
              [
                139.415892954,
                -7.20103686
              ],
              [
                139.415420251,
                -7.200846861
              ],
              [
                139.414915948,
                -7.200820363
              ],
              [
                139.414528047,
                -7.200882964
              ],
              [
                139.413997045,
                -7.201020066
              ],
              [
                139.413487843,
                -7.201130667
              ],
              [
                139.41291084,
                -7.201253369
              ],
              [
                139.412416238,
                -7.20136157
              ],
              [
                139.411856236,
                -7.201469872
              ],
              [
                139.411361634,
                -7.201614173
              ],
              [
                139.410876732,
                -7.201758475
              ],
              [
                139.410418431,
                -7.201958076
              ],
              [
                139.409877828,
                -7.202116878
              ],
              [
                139.409392927,
                -7.202232279
              ],
              [
                139.408888624,
                -7.202340581
              ],
              [
                139.408369722,
                -7.202448782
              ],
              [
                139.40787272,
                -7.202537784
              ],
              [
                139.40781852,
                -7.202561184
              ],
              [
                139.407337618,
                -7.202768985
              ],
              [
                139.406610316,
                -7.203117687
              ],
              [
                139.405972614,
                -7.203363089
              ],
              [
                139.405301111,
                -7.203608391
              ],
              [
                139.404474308,
                -7.203906694
              ],
              [
                139.403873006,
                -7.203990896
              ],
              [
                139.403400304,
                -7.204099097
              ],
              [
                139.402832901,
                -7.204204899
              ],
              [
                139.402347999,
                -7.2043228
              ],
              [
                139.401773397,
                -7.204423802
              ],
              [
                139.401150294,
                -7.204534504
              ],
              [
                139.400868394,
                -7.204766005
              ],
              [
                139.400496493,
                -7.205079306
              ],
              [
                139.399851591,
                -7.205408808
              ],
              [
                139.399230889,
                -7.20566381
              ],
              [
                139.398729087,
                -7.205993311
              ],
              [
                139.398278086,
                -7.206224213
              ],
              [
                139.397802884,
                -7.206409414
              ],
              [
                139.397288882,
                -7.206621116
              ],
              [
                139.39677008,
                -7.206799117
              ],
              [
                139.396273078,
                -7.207020419
              ],
              [
                139.395860877,
                -7.20734512
              ],
              [
                139.395446276,
                -7.207604822
              ],
              [
                139.395305676,
                -7.207713122
              ],
              [
                139.394711673,
                -7.207840624
              ],
              [
                139.394095871,
                -7.207917526
              ],
              [
                139.393421868,
                -7.208018628
              ],
              [
                139.392871465,
                -7.208064329
              ],
              [
                139.392369563,
                -7.208114831
              ],
              [
                139.391799861,
                -7.208097932
              ],
              [
                139.391142757,
                -7.208042634
              ],
              [
                139.390553654,
                -7.207871835
              ],
              [
                139.390020251,
                -7.207799737
              ],
              [
                139.389435949,
                -7.207751638
              ],
              [
                139.388914646,
                -7.20774194
              ],
              [
                139.388347343,
                -7.207744441
              ],
              [
                139.387857641,
                -7.207701143
              ],
              [
                139.387363038,
                -7.207588044
              ],
              [
                139.387098737,
                -7.207595245
              ],
              [
                139.386618735,
                -7.207691446
              ],
              [
                139.386111933,
                -7.207662647
              ],
              [
                139.38559073,
                -7.207551949
              ],
              [
                139.385103327,
                -7.20726335
              ],
              [
                139.384637824,
                -7.207123851
              ],
              [
                139.384092322,
                -7.207073353
              ],
              [
                139.383568619,
                -7.206938654
              ],
              [
                139.383229216,
                -7.206592255
              ],
              [
                139.382855814,
                -7.206248355
              ],
              [
                139.382562511,
                -7.205822556
              ],
              [
                139.382101808,
                -7.205615757
              ],
              [
                139.381583005,
                -7.205505058
              ],
              [
                139.381018102,
                -7.20520446
              ],
              [
                139.380569599,
                -7.204985561
              ],
              [
                139.380101596,
                -7.204713762
              ],
              [
                139.379735494,
                -7.204362563
              ],
              [
                139.379393691,
                -7.203980163
              ],
              [
                139.378981488,
                -7.203638564
              ],
              [
                139.378581485,
                -7.203318665
              ],
              [
                139.377999582,
                -7.203155167
              ],
              [
                139.37750008,
                -7.203140668
              ],
              [
                139.377005577,
                -7.203039669
              ],
              [
                139.376923577,
                -7.202983769
              ],
              [
                139.376504974,
                -7.20269827
              ],
              [
                139.376078171,
                -7.202402071
              ],
              [
                139.375590768,
                -7.202264973
              ],
              [
                139.375188366,
                -7.201952273
              ],
              [
                139.374703462,
                -7.201569774
              ],
              [
                139.374230659,
                -7.201331676
              ],
              [
                139.373816057,
                -7.201052676
              ],
              [
                139.373331154,
                -7.200819378
              ],
              [
                139.373015951,
                -7.200434478
              ],
              [
                139.372567449,
                -7.200201179
              ],
              [
                139.372009846,
                -7.200107381
              ],
              [
                139.371718844,
                -7.199821181
              ],
              [
                139.37126794,
                -7.199429082
              ],
              [
                139.370930938,
                -7.199068283
              ],
              [
                139.370555135,
                -7.198719484
              ],
              [
                139.370082331,
                -7.198221585
              ],
              [
                139.369658028,
                -7.197836786
              ],
              [
                139.369071324,
                -7.197232987
              ],
              [
                139.368693121,
                -7.196874587
              ],
              [
                139.368280918,
                -7.196523488
              ],
              [
                139.368268818,
                -7.196487388
              ],
              [
                139.367900315,
                -7.196124189
              ],
              [
                139.367577813,
                -7.19576579
              ],
              [
                139.36716081,
                -7.195455491
              ],
              [
                139.366690407,
                -7.195169292
              ],
              [
                139.366295204,
                -7.194842093
              ],
              [
                139.365827301,
                -7.194539094
              ],
              [
                139.365410299,
                -7.194238395
              ],
              [
                139.365165397,
                -7.193985795
              ],
              [
                139.364896294,
                -7.193555295
              ],
              [
                139.364571392,
                -7.193179996
              ],
              [
                139.364171389,
                -7.192744697
              ],
              [
                139.363713185,
                -7.192234698
              ],
              [
                139.363356782,
                -7.191835398
              ],
              [
                139.362966379,
                -7.191404899
              ],
              [
                139.362725878,
                -7.1911744
              ],
              [
                139.362358275,
                -7.1908397
              ],
              [
                139.361875772,
                -7.190567901
              ],
              [
                139.361524169,
                -7.190238302
              ],
              [
                139.361058666,
                -7.189822203
              ],
              [
                139.360505962,
                -7.189401304
              ],
              [
                139.360011359,
                -7.189107805
              ],
              [
                139.359697857,
                -7.188699606
              ],
              [
                139.359374854,
                -7.188306007
              ],
              [
                139.359035451,
                -7.187827307
              ],
              [
                139.358662048,
                -7.187346308
              ],
              [
                139.358283845,
                -7.186920509
              ],
              [
                139.357908042,
                -7.186441809
              ],
              [
                139.357510439,
                -7.18589101
              ],
              [
                139.357471638,
                -7.18583091
              ],
              [
                139.357447335,
                -7.185811402
              ],
              [
                139.357091036,
                -7.185525411
              ],
              [
                139.356693333,
                -7.185224712
              ],
              [
                139.35632243,
                -7.184859112
              ],
              [
                139.355888427,
                -7.184368413
              ],
              [
                139.355452023,
                -7.183860814
              ],
              [
                139.355144121,
                -7.183451915
              ],
              [
                139.354899218,
                -7.182966015
              ],
              [
                139.354625216,
                -7.182501815
              ],
              [
                139.354329513,
                -7.182121716
              ],
              [
                139.354057911,
                -7.181708016
              ],
              [
                139.353643308,
                -7.181169217
              ],
              [
                139.353379105,
                -7.180707317
              ],
              [
                139.353202103,
                -7.180247917
              ],
              [
                139.353000801,
                -7.179774018
              ],
              [
                139.352891699,
                -7.179492618
              ],
              [
                139.352748697,
                -7.178985118
              ],
              [
                139.352651696,
                -7.178484718
              ],
              [
                139.352423793,
                -7.177970018
              ],
              [
                139.352220191,
                -7.177527418
              ],
              [
                139.351926788,
                -7.177130519
              ],
              [
                139.351628586,
                -7.176817819
              ],
              [
                139.351296384,
                -7.17643292
              ],
              [
                139.351022481,
                -7.17602642
              ],
              [
                139.350726679,
                -7.175617421
              ],
              [
                139.350484176,
                -7.175186921
              ],
              [
                139.350219974,
                -7.174785222
              ],
              [
                139.350168974,
                -7.174684122
              ],
              [
                139.349962971,
                -7.174229522
              ],
              [
                139.349795669,
                -7.173767722
              ],
              [
                139.349638067,
                -7.173195222
              ],
              [
                139.349577465,
                -7.172666022
              ],
              [
                139.349478063,
                -7.172038121
              ],
              [
                139.349439261,
                -7.171494521
              ],
              [
                139.349351959,
                -7.170888321
              ],
              [
                139.349276758,
                -7.170373521
              ],
              [
                139.349213756,
                -7.169827521
              ],
              [
                139.349051254,
                -7.169279121
              ],
              [
                139.349051253,
                -7.169235821
              ],
              [
                139.348978552,
                -7.16874502
              ],
              [
                139.34882585,
                -7.16827842
              ],
              [
                139.348774948,
                -7.16778522
              ],
              [
                139.348857347,
                -7.16730172
              ],
              [
                139.348854946,
                -7.166815819
              ],
              [
                139.348903345,
                -7.166337119
              ],
              [
                139.349162845,
                -7.165783918
              ],
              [
                139.349359244,
                -7.165271517
              ],
              [
                139.349439243,
                -7.164672516
              ],
              [
                139.349567742,
                -7.164201115
              ],
              [
                139.349856242,
                -7.163669414
              ],
              [
                139.350168942,
                -7.163241313
              ],
              [
                139.350537543,
                -7.162702412
              ],
              [
                139.350697542,
                -7.162190111
              ],
              [
                139.350835741,
                -7.16154061
              ],
              [
                139.35102484,
                -7.161021009
              ],
              [
                139.35132304,
                -7.160503808
              ],
              [
                139.35143454,
                -7.160029907
              ],
              [
                139.351417538,
                -7.159467007
              ],
              [
                139.351369136,
                -7.158961806
              ],
              [
                139.351446636,
                -7.158786206
              ],
              [
                139.351727936,
                -7.158384505
              ],
              [
                139.352052837,
                -7.157985204
              ],
              [
                139.352309837,
                -7.157547403
              ],
              [
                139.352549837,
                -7.157102402
              ],
              [
                139.352828637,
                -7.156556301
              ],
              [
                139.353148637,
                -7.1561449
              ],
              [
                139.353500237,
                -7.155697498
              ],
              [
                139.353890538,
                -7.155274097
              ],
              [
                139.354290639,
                -7.154821895
              ],
              [
                139.35474154,
                -7.154436994
              ],
              [
                139.355265241,
                -7.154013592
              ],
              [
                139.355745342,
                -7.153705691
              ],
              [
                139.356213244,
                -7.153508489
              ],
              [
                139.356647245,
                -7.153181288
              ],
              [
                139.357032746,
                -7.152984087
              ],
              [
                139.357461848,
                -7.152719385
              ],
              [
                139.357934649,
                -7.152507784
              ],
              [
                139.358368651,
                -7.152286382
              ],
              [
                139.358805052,
                -7.152043481
              ],
              [
                139.359275354,
                -7.15176198
              ],
              [
                139.359699655,
                -7.151506978
              ],
              [
                139.360092456,
                -7.151170277
              ],
              [
                139.360402756,
                -7.150703576
              ],
              [
                139.360715556,
                -7.150236875
              ],
              [
                139.361088857,
                -7.149811073
              ],
              [
                139.361445257,
                -7.149440672
              ],
              [
                139.361971359,
                -7.14901007
              ],
              [
                139.362264759,
                -7.148608269
              ],
              [
                139.362584759,
                -7.148220968
              ],
              [
                139.36296786,
                -7.147860167
              ],
              [
                139.363489162,
                -7.147573865
              ],
              [
                139.364073464,
                -7.147333363
              ],
              [
                139.364536566,
                -7.147181762
              ],
              [
                139.365014168,
                -7.147075961
              ],
              [
                139.365566969,
                -7.146674159
              ],
              [
                139.36600337,
                -7.146332557
              ],
              [
                139.366444571,
                -7.146027056
              ],
              [
                139.366859172,
                -7.145678254
              ],
              [
                139.367108873,
                -7.145331854
              ],
              [
                139.367387773,
                -7.144872352
              ],
              [
                139.367610773,
                -7.144434552
              ],
              [
                139.367935673,
                -7.14403045
              ],
              [
                139.368289673,
                -7.143570949
              ],
              [
                139.368696974,
                -7.143171648
              ],
              [
                139.369024275,
                -7.142817946
              ],
              [
                139.369346675,
                -7.142452345
              ],
              [
                139.369678876,
                -7.142043344
              ],
              [
                139.370001276,
                -7.141653643
              ],
              [
                139.370396477,
                -7.141215842
              ],
              [
                139.370723777,
                -7.14063844
              ],
              [
                139.370903276,
                -7.140169339
              ],
              [
                139.371024475,
                -7.139640139
              ],
              [
                139.371131175,
                -7.139127738
              ],
              [
                139.371363874,
                -7.138608137
              ],
              [
                139.371686374,
                -7.138141436
              ],
              [
                139.371926374,
                -7.137650635
              ],
              [
                139.372113074,
                -7.137200834
              ],
              [
                139.372268173,
                -7.136719633
              ],
              [
                139.372491273,
                -7.136279432
              ],
              [
                139.372680373,
                -7.135779031
              ],
              [
                139.372840372,
                -7.135319631
              ],
              [
                139.373082872,
                -7.13486733
              ],
              [
                139.373291372,
                -7.134407829
              ],
              [
                139.373521672,
                -7.133948328
              ],
              [
                139.373839272,
                -7.133529726
              ],
              [
                139.374205372,
                -7.133077525
              ],
              [
                139.374520573,
                -7.132642024
              ],
              [
                139.374908473,
                -7.132180223
              ],
              [
                139.375310974,
                -7.131795321
              ],
              [
                139.375623674,
                -7.13142242
              ],
              [
                139.376040776,
                -7.131116919
              ],
              [
                139.376317076,
                -7.130768018
              ],
              [
                139.376804478,
                -7.130611716
              ],
              [
                139.37730628,
                -7.130426415
              ],
              [
                139.377764581,
                -7.130178613
              ],
              [
                139.378140382,
                -7.129736012
              ],
              [
                139.378540383,
                -7.129435311
              ],
              [
                139.378959783,
                -7.129055209
              ],
              [
                139.379451985,
                -7.128797808
              ],
              [
                139.379990187,
                -7.128646206
              ],
              [
                139.380509089,
                -7.128492205
              ],
              [
                139.38092119,
                -7.128186703
              ],
              [
                139.381377092,
                -7.127893202
              ],
              [
                139.381852293,
                -7.1276671
              ],
              [
                139.382349295,
                -7.127534799
              ],
              [
                139.382858397,
                -7.127479398
              ],
              [
                139.3833966,
                -7.127594896
              ],
              [
                139.383728801,
                -7.127525195
              ],
              [
                139.384257304,
                -7.127380794
              ],
              [
                139.384844106,
                -7.127159492
              ],
              [
                139.385331408,
                -7.127084891
              ],
              [
                139.38588421,
                -7.126971789
              ],
              [
                139.386441812,
                -7.126940587
              ],
              [
                139.387031015,
                -7.126851586
              ],
              [
                139.387544917,
                -7.126711984
              ],
              [
                139.38819232,
                -7.126704782
              ],
              [
                139.388679622,
                -7.126745681
              ],
              [
                139.389208125,
                -7.12673608
              ],
              [
                139.389722127,
                -7.126714378
              ],
              [
                139.390250729,
                -7.126702377
              ],
              [
                139.390798632,
                -7.126810675
              ],
              [
                139.391351435,
                -7.126733674
              ],
              [
                139.391863037,
                -7.126736072
              ],
              [
                139.391972137,
                -7.126702372
              ],
              [
                139.39251524,
                -7.126562871
              ],
              [
                139.393177043,
                -7.126512369
              ],
              [
                139.393712845,
                -7.126444967
              ],
              [
                139.394214747,
                -7.126456966
              ],
              [
                139.39476995,
                -7.126512364
              ],
              [
                139.395283953,
                -7.126627763
              ],
              [
                139.395851256,
                -7.126716762
              ],
              [
                139.396430758,
                -7.12679376
              ],
              [
                139.396920461,
                -7.126740859
              ],
              [
                139.397577563,
                -7.126613357
              ],
              [
                139.398169166,
                -7.126647055
              ],
              [
                139.398782569,
                -7.126697554
              ],
              [
                139.399475972,
                -7.126704752
              ],
              [
                139.400067475,
                -7.12675045
              ],
              [
                139.400668778,
                -7.126846649
              ],
              [
                139.401165781,
                -7.126849147
              ],
              [
                139.401274881,
                -7.126755247
              ],
              [
                139.401800983,
                -7.126721645
              ],
              [
                139.402268985,
                -7.126444944
              ],
              [
                139.402734486,
                -7.126312643
              ],
              [
                139.403275089,
                -7.126266941
              ],
              [
                139.403915192,
                -7.126288539
              ],
              [
                139.404441295,
                -7.126425638
              ],
              [
                139.405083798,
                -7.126490636
              ],
              [
                139.406024502,
                -7.126656634
              ],
              [
                139.406715506,
                -7.126721632
              ],
              [
                139.40744041,
                -7.12687553
              ],
              [
                139.407988312,
                -7.126856329
              ],
              [
                139.408512014,
                -7.126815427
              ],
              [
                139.409127817,
                -7.126796125
              ],
              [
                139.40969032,
                -7.126808224
              ],
              [
                139.410269823,
                -7.126952522
              ],
              [
                139.410842026,
                -7.127113721
              ],
              [
                139.411331729,
                -7.12739272
              ],
              [
                139.411775432,
                -7.127611719
              ],
              [
                139.412296734,
                -7.127638117
              ],
              [
                139.412490635,
                -7.127508217
              ],
              [
                139.412965837,
                -7.127681416
              ],
              [
                139.41347014,
                -7.127756014
              ],
              [
                139.414022943,
                -7.127804113
              ],
              [
                139.414711446,
                -7.127888311
              ],
              [
                139.415317649,
                -7.127970109
              ],
              [
                139.416088653,
                -7.128076007
              ],
              [
                139.416658356,
                -7.128201106
              ],
              [
                139.41732506,
                -7.128407904
              ],
              [
                139.417989463,
                -7.128525802
              ],
              [
                139.418515566,
                -7.128684601
              ],
              [
                139.419102269,
                -7.1287183
              ],
              [
                139.419642971,
                -7.128773598
              ],
              [
                139.420142374,
                -7.128874697
              ],
              [
                139.420770278,
                -7.129213895
              ],
              [
                139.421308581,
                -7.129391894
              ],
              [
                139.421366781,
                -7.129435194
              ],
              [
                139.421866184,
                -7.129488093
              ],
              [
                139.422418987,
                -7.129646891
              ],
              [
                139.423012989,
                -7.129627589
              ],
              [
                139.423505192,
                -7.129810488
              ],
              [
                139.423943995,
                -7.130055787
              ],
              [
                139.424559798,
                -7.130327686
              ],
              [
                139.425052001,
                -7.130392584
              ],
              [
                139.425655704,
                -7.130546583
              ],
              [
                139.426184207,
                -7.130729382
              ],
              [
                139.42670551,
                -7.13096518
              ],
              [
                139.427192813,
                -7.131109479
              ],
              [
                139.427733516,
                -7.131323578
              ],
              [
                139.428232918,
                -7.131386176
              ],
              [
                139.428822121,
                -7.131479975
              ],
              [
                139.429471825,
                -7.131734973
              ],
              [
                139.430065828,
                -7.131980372
              ],
              [
                139.430596831,
                -7.13210307
              ],
              [
                139.431096234,
                -7.132165569
              ],
              [
                139.431556936,
                -7.132319568
              ],
              [
                139.43212424,
                -7.132584167
              ],
              [
                139.432643143,
                -7.132819965
              ],
              [
                139.433183746,
                -7.133046064
              ],
              [
                139.433593548,
                -7.133322763
              ],
              [
                139.434105051,
                -7.133582562
              ],
              [
                139.434609355,
                -7.133863961
              ],
              [
                139.435196158,
                -7.134256159
              ],
              [
                139.435693161,
                -7.134434158
              ],
              [
                139.436306565,
                -7.134669857
              ],
              [
                139.436725967,
                -7.134956156
              ],
              [
                139.43718177,
                -7.135172654
              ],
              [
                139.437637573,
                -7.135425253
              ],
              [
                139.438081276,
                -7.135704352
              ],
              [
                139.438573479,
                -7.135961751
              ],
              [
                139.439065582,
                -7.13625035
              ],
              [
                139.439516584,
                -7.136490949
              ],
              [
                139.440079088,
                -7.136762748
              ],
              [
                139.440103288,
                -7.136741148
              ],
              [
                139.44057119,
                -7.136883046
              ],
              [
                139.441053693,
                -7.137051445
              ],
              [
                139.441519196,
                -7.137260744
              ],
              [
                139.442018699,
                -7.137640843
              ],
              [
                139.442399302,
                -7.137948742
              ],
              [
                139.442869705,
                -7.138405841
              ],
              [
                139.443226108,
                -7.13873544
              ],
              [
                139.443435554,
                -7.13889553
              ],
              [
                139.443732811,
                -7.139122739
              ],
              [
                139.444234614,
                -7.139423438
              ],
              [
                139.444705017,
                -7.139613437
              ],
              [
                139.44519722,
                -7.139772236
              ],
              [
                139.445694223,
                -7.140032034
              ],
              [
                139.446205826,
                -7.140349633
              ],
              [
                139.446637329,
                -7.140645432
              ],
              [
                139.447129532,
                -7.141078531
              ],
              [
                139.447573235,
                -7.14143453
              ],
              [
                139.447902938,
                -7.14180503
              ],
              [
                139.448361141,
                -7.142151429
              ],
              [
                139.448814544,
                -7.142396728
              ],
              [
                139.449238847,
                -7.142786527
              ],
              [
                139.44981105,
                -7.143089625
              ],
              [
                139.450431654,
                -7.143347024
              ],
              [
                139.450919057,
                -7.143645323
              ],
              [
                139.45144276,
                -7.143707821
              ],
              [
                139.45148146,
                -7.143707821
              ],
              [
                139.451971262,
                -7.14388102
              ],
              [
                139.452468265,
                -7.144013319
              ],
              [
                139.452984668,
                -7.144075917
              ],
              [
                139.45350357,
                -7.144210616
              ],
              [
                139.453981173,
                -7.144400615
              ],
              [
                139.454434576,
                -7.144607514
              ],
              [
                139.454950979,
                -7.144790312
              ],
              [
                139.455324381,
                -7.145095811
              ],
              [
                139.455765584,
                -7.14540861
              ],
              [
                139.456235987,
                -7.145552909
              ],
              [
                139.45685179,
                -7.145723708
              ],
              [
                139.457365793,
                -7.145925806
              ],
              [
                139.457806996,
                -7.146200005
              ],
              [
                139.458255599,
                -7.146440604
              ],
              [
                139.458789001,
                -7.146568103
              ],
              [
                139.459220504,
                -7.146815802
              ],
              [
                139.459598707,
                -7.147227201
              ],
              [
                139.46003031,
                -7.1474437
              ],
              [
                139.460047309,
                -7.1474052
              ],
              [
                139.460546712,
                -7.147472599
              ],
              [
                139.460954015,
                -7.147729998
              ],
              [
                139.461295917,
                -7.148105197
              ],
              [
                139.46167892,
                -7.148461296
              ],
              [
                139.462030523,
                -7.148824495
              ],
              [
                139.462493626,
                -7.149199794
              ],
              [
                139.462939728,
                -7.149421093
              ],
              [
                139.463444031,
                -7.149623192
              ],
              [
                139.463979834,
                -7.149858891
              ],
              [
                139.464428337,
                -7.15010429
              ],
              [
                139.46481144,
                -7.150404989
              ],
              [
                139.465131442,
                -7.150804288
              ],
              [
                139.465492745,
                -7.151203587
              ],
              [
                139.465844248,
                -7.151583687
              ],
              [
                139.466227351,
                -7.151987886
              ],
              [
                139.466617654,
                -7.152377585
              ],
              [
                139.467121957,
                -7.152776884
              ],
              [
                139.46753416,
                -7.153154583
              ],
              [
                139.467846863,
                -7.153556283
              ],
              [
                139.468094165,
                -7.153972382
              ],
              [
                139.468409368,
                -7.154607482
              ],
              [
                139.46864217,
                -7.155069381
              ],
              [
                139.468954873,
                -7.155483081
              ],
              [
                139.469325876,
                -7.15581988
              ],
              [
                139.469716179,
                -7.156175879
              ],
              [
                139.470065281,
                -7.156608879
              ],
              [
                139.470458084,
                -7.156967378
              ],
              [
                139.470831487,
                -7.157347377
              ],
              [
                139.471243689,
                -7.157580776
              ],
              [
                139.471602492,
                -7.157917475
              ],
              [
                139.471893395,
                -7.158336075
              ],
              [
                139.472181897,
                -7.158740174
              ],
              [
                139.4724801,
                -7.159216474
              ],
              [
                139.472819603,
                -7.159659173
              ],
              [
                139.473205106,
                -7.160166672
              ],
              [
                139.473462108,
                -7.160650172
              ],
              [
                139.473687511,
                -7.161210672
              ],
              [
                139.473947013,
                -7.161660471
              ],
              [
                139.474199116,
                -7.162074271
              ],
              [
                139.474538518,
                -7.16243747
              ],
              [
                139.474948321,
                -7.162721369
              ],
              [
                139.475307124,
                -7.163079768
              ],
              [
                139.475615026,
                -7.163479068
              ],
              [
                139.475898729,
                -7.163907267
              ],
              [
                139.476226031,
                -7.164270467
              ],
              [
                139.476478134,
                -7.164693866
              ],
              [
                139.476740036,
                -7.165141266
              ],
              [
                139.476975138,
                -7.165574265
              ],
              [
                139.477210341,
                -7.166007265
              ],
              [
                139.477513443,
                -7.166392165
              ],
              [
                139.477806746,
                -7.166853964
              ],
              [
                139.478083148,
                -7.167313464
              ],
              [
                139.47828445,
                -7.167768063
              ],
              [
                139.478442052,
                -7.168225163
              ],
              [
                139.478633554,
                -7.168641263
              ],
              [
                139.478791157,
                -7.169134363
              ],
              [
                139.478926959,
                -7.169601063
              ],
              [
                139.479091761,
                -7.170086963
              ],
              [
                139.479256663,
                -7.170565663
              ],
              [
                139.479428765,
                -7.171068362
              ],
              [
                139.479523367,
                -7.171590362
              ],
              [
                139.479605769,
                -7.172078663
              ],
              [
                139.47967127,
                -7.172581463
              ],
              [
                139.479671272,
                -7.173129863
              ],
              [
                139.479656673,
                -7.173637464
              ],
              [
                139.479668775,
                -7.174164264
              ],
              [
                139.479678476,
                -7.174647764
              ],
              [
                139.479676078,
                -7.175186565
              ],
              [
                139.479617879,
                -7.175703765
              ],
              [
                139.47953788,
                -7.176223266
              ],
              [
                139.47936578,
                -7.176699566
              ],
              [
                139.479249381,
                -7.177228767
              ],
              [
                139.479069982,
                -7.177700268
              ],
              [
                139.478827582,
                -7.178138069
              ],
              [
                139.478684483,
                -7.17864317
              ],
              [
                139.478507483,
                -7.17910017
              ],
              [
                139.478209283,
                -7.179545172
              ],
              [
                139.478000783,
                -7.179985373
              ],
              [
                139.477753483,
                -7.180399173
              ],
              [
                139.477506183,
                -7.180824874
              ],
              [
                139.477474685,
                -7.181330075
              ],
              [
                139.477317085,
                -7.181813476
              ],
              [
                139.477130386,
                -7.182296977
              ],
              [
                139.476815185,
                -7.182681878
              ],
              [
                139.476533985,
                -7.183085979
              ],
              [
                139.476339986,
                -7.18358628
              ],
              [
                139.476136386,
                -7.184057781
              ],
              [
                139.476010287,
                -7.184531681
              ],
              [
                139.475801787,
                -7.185043982
              ],
              [
                139.475636887,
                -7.185359083
              ],
              [
                139.475411388,
                -7.185890684
              ],
              [
                139.475156888,
                -7.186347685
              ],
              [
                139.474890188,
                -7.186763886
              ],
              [
                139.474650188,
                -7.187208887
              ],
              [
                139.474436788,
                -7.187641788
              ],
              [
                139.474194389,
                -7.188127689
              ],
              [
                139.474043989,
                -7.18858949
              ],
              [
                139.473840389,
                -7.18903929
              ],
              [
                139.47360759,
                -7.189489191
              ],
              [
                139.47342089,
                -7.190073692
              ],
              [
                139.47333599,
                -7.190217793
              ],
              [
                139.47305109,
                -7.190689794
              ],
              [
                139.47274559,
                -7.191120395
              ],
              [
                139.47244009,
                -7.191536496
              ],
              [
                139.47225099,
                -7.192022397
              ],
              [
                139.472090991,
                -7.192484198
              ],
              [
                139.471938192,
                -7.192950898
              ],
              [
                139.471698192,
                -7.193448799
              ],
              [
                139.471426592,
                -7.1938938
              ],
              [
                139.471179292,
                -7.194353201
              ],
              [
                139.470980492,
                -7.194793402
              ],
              [
                139.470747793,
                -7.195238403
              ],
              [
                139.470614393,
                -7.195724204
              ],
              [
                139.470321094,
                -7.196366505
              ],
              [
                139.470134394,
                -7.196859606
              ],
              [
                139.470066494,
                -7.197056806
              ],
              [
                139.469967096,
                -7.197624507
              ],
              [
                139.469870097,
                -7.198136808
              ],
              [
                139.469719797,
                -7.198596209
              ],
              [
                139.469540398,
                -7.199058009
              ],
              [
                139.469436099,
                -7.19955111
              ],
              [
                139.469276099,
                -7.200046611
              ],
              [
                139.46915,
                -7.200518111
              ],
              [
                139.469014301,
                -7.201167512
              ],
              [
                139.469001465,
                -7.201253806
              ],
              [
                139.468927002,
                -7.201754413
              ],
              [
                139.468808203,
                -7.202290814
              ],
              [
                139.468793704,
                -7.202663614
              ],
              [
                139.468706405,
                -7.203175915
              ],
              [
                139.468560906,
                -7.203779715
              ],
              [
                139.468442107,
                -7.204253516
              ],
              [
                139.468296608,
                -7.204785117
              ],
              [
                139.468190009,
                -7.205323917
              ],
              [
                139.468173011,
                -7.205881918
              ],
              [
                139.468083311,
                -7.206375018
              ],
              [
                139.468051813,
                -7.206884919
              ],
              [
                139.467942714,
                -7.20739962
              ],
              [
                139.467862614,
                -7.20776762
              ],
              [
                139.467855416,
                -7.20826552
              ],
              [
                139.467884517,
                -7.208770621
              ],
              [
                139.467937819,
                -7.209307021
              ],
              [
                139.467940221,
                -7.209833721
              ],
              [
                139.467869922,
                -7.210437522
              ],
              [
                139.467719623,
                -7.210942623
              ],
              [
                139.467639624,
                -7.211510223
              ],
              [
                139.467678425,
                -7.211991324
              ],
              [
                139.467702627,
                -7.212508424
              ],
              [
                139.467746329,
                -7.213015924
              ],
              [
                139.46776451,
                -7.213554659
              ],
              [
                139.46776573,
                -7.213590824
              ],
              [
                139.467763232,
                -7.214092025
              ],
              [
                139.467782633,
                -7.214585125
              ],
              [
                139.467780235,
                -7.215109425
              ],
              [
                139.467731736,
                -7.215592926
              ],
              [
                139.467722037,
                -7.216105226
              ],
              [
                139.467690539,
                -7.216631927
              ],
              [
                139.46757414,
                -7.217192427
              ],
              [
                139.467494141,
                -7.217793728
              ],
              [
                139.467385042,
                -7.218320429
              ],
              [
                139.467370543,
                -7.218844729
              ],
              [
                139.467322044,
                -7.21935713
              ],
              [
                139.467295346,
                -7.21985493
              ],
              [
                139.467297747,
                -7.22035283
              ],
              [
                139.467229248,
                -7.220828731
              ],
              [
                139.467162049,
                -7.221396631
              ],
              [
                139.467060251,
                -7.221947332
              ],
              [
                139.466987452,
                -7.222450033
              ],
              [
                139.466917153,
                -7.222935933
              ],
              [
                139.466825054,
                -7.223441034
              ],
              [
                139.466809743,
                -7.223501788
              ],
              [
                139.466706254,
                -7.223912434
              ],
              [
                139.466502655,
                -7.224453635
              ],
              [
                139.466345056,
                -7.224939436
              ],
              [
                139.466201956,
                -7.225442137
              ],
              [
                139.466114657,
                -7.225927938
              ],
              [
                139.466015258,
                -7.226461938
              ],
              [
                139.465881959,
                -7.227048739
              ],
              [
                139.465848027,
                -7.227189958
              ],
              [
                139.46575826,
                -7.22756354
              ],
              [
                139.465738861,
                -7.22777514
              ],
              [
                139.465654062,
                -7.22825374
              ],
              [
                139.465588563,
                -7.228766041
              ],
              [
                139.465506164,
                -7.229266342
              ],
              [
                139.465423765,
                -7.229819542
              ],
              [
                139.465360666,
                -7.230334243
              ],
              [
                139.465433368,
                -7.230836943
              ],
              [
                139.46552797,
                -7.231308343
              ],
              [
                139.465668572,
                -7.231796543
              ],
              [
                139.465763174,
                -7.232318443
              ],
              [
                139.465765575,
                -7.232809143
              ],
              [
                139.465738876,
                -7.233292544
              ],
              [
                139.465797078,
                -7.233771244
              ],
              [
                139.465782579,
                -7.234259444
              ],
              [
                139.465831081,
                -7.234781344
              ],
              [
                139.465961983,
                -7.235257544
              ],
              [
                139.465971684,
                -7.235745845
              ],
              [
                139.465932886,
                -7.236270145
              ],
              [
                139.466170488,
                -7.236715045
              ],
              [
                139.46621409,
                -7.237217745
              ],
              [
                139.466262591,
                -7.237732445
              ],
              [
                139.466364493,
                -7.238235145
              ],
              [
                139.466451695,
                -7.238718545
              ],
              [
                139.466602097,
                -7.239182745
              ],
              [
                139.466708699,
                -7.239553145
              ],
              [
                139.466825101,
                -7.240048545
              ],
              [
                139.467045703,
                -7.240486245
              ],
              [
                139.467251805,
                -7.240948045
              ],
              [
                139.467470008,
                -7.241436344
              ],
              [
                139.46759121,
                -7.241955844
              ],
              [
                139.467787612,
                -7.242412744
              ],
              [
                139.467954914,
                -7.242884144
              ],
              [
                139.468032516,
                -7.243415744
              ],
              [
                139.468197418,
                -7.243903944
              ],
              [
                139.46838892,
                -7.244353644
              ],
              [
                139.468565922,
                -7.244801044
              ],
              [
                139.468786525,
                -7.245286843
              ],
              [
                139.468999927,
                -7.245719743
              ],
              [
                139.469018076,
                -7.245749758
              ],
              [
                139.469254429,
                -7.246140643
              ],
              [
                139.469535732,
                -7.246575942
              ],
              [
                139.469877534,
                -7.246975241
              ],
              [
                139.470217037,
                -7.247415341
              ],
              [
                139.47059284,
                -7.24775684
              ],
              [
                139.470954043,
                -7.248165739
              ],
              [
                139.471392846,
                -7.248449538
              ],
              [
                139.471366246,
                -7.248459138
              ],
              [
                139.471628048,
                -7.248867938
              ],
              [
                139.472011151,
                -7.249228737
              ],
              [
                139.472399053,
                -7.249522136
              ],
              [
                139.472801556,
                -7.249861235
              ],
              [
                139.473201559,
                -7.250181134
              ],
              [
                139.473589462,
                -7.250479333
              ],
              [
                139.474079264,
                -7.250669332
              ],
              [
                139.474554467,
                -7.250905031
              ],
              [
                139.47498597,
                -7.25114073
              ],
              [
                139.475419973,
                -7.251414929
              ],
              [
                139.475904876,
                -7.251616928
              ],
              [
                139.476365578,
                -7.251806926
              ],
              [
                139.476797081,
                -7.252162925
              ],
              [
                139.477240784,
                -7.252470724
              ],
              [
                139.477689287,
                -7.252696823
              ],
              [
                139.47810389,
                -7.253019122
              ],
              [
                139.478554893,
                -7.253259621
              ],
              [
                139.479005796,
                -7.25352412
              ],
              [
                139.479471298,
                -7.253663619
              ],
              [
                139.479919901,
                -7.253945018
              ],
              [
                139.481684912,
                -7.254753113
              ],
              [
                139.482475482,
                -7.255788041
              ],
              [
                139.482868021,
                -7.256301911
              ],
              [
                139.484458532,
                -7.257417807
              ],
              [
                139.486126643,
                -7.258562603
              ],
              [
                139.487658854,
                -7.2597459
              ],
              [
                139.489036064,
                -7.261169597
              ],
              [
                139.490723475,
                -7.262189393
              ],
              [
                139.492304285,
                -7.263314889
              ],
              [
                139.494185697,
                -7.264113284
              ],
              [
                139.495184606,
                -7.265787183
              ],
              [
                139.4953046,
                -7.265927526
              ],
              [
                139.496484116,
                -7.26730708
              ],
              [
                139.498229727,
                -7.268269076
              ],
              [
                139.499186949,
                -7.268651949
              ],
              [
                139.500033538,
                -7.268990571
              ],
              [
                139.500434783,
                -7.269200255
              ],
              [
                139.501837449,
                -7.269933266
              ],
              [
                139.503728559,
                -7.270529761
              ],
              [
                139.505242712,
                -7.270912599
              ],
              [
                139.50570687,
                -7.271029956
              ],
              [
                139.50775318,
                -7.27129935
              ],
              [
                139.50977039,
                -7.271559045
              ],
              [
                139.5116712,
                -7.27191494
              ],
              [
                139.513678712,
                -7.272607534
              ],
              [
                139.515627923,
                -7.273300229
              ],
              [
                139.517732434,
                -7.273771524
              ],
              [
                139.519681744,
                -7.274156318
              ],
              [
                139.521708655,
                -7.274772013
              ],
              [
                139.523551266,
                -7.275435708
              ],
              [
                139.524924942,
                -7.275896404
              ],
              [
                139.525587777,
                -7.276118703
              ],
              [
                139.527566188,
                -7.276513097
              ],
              [
                139.529641598,
                -7.276811291
              ],
              [
                139.531678109,
                -7.277292286
              ],
              [
                139.531959411,
                -7.277412585
              ],
              [
                139.532473413,
                -7.277551984
              ],
              [
                139.532968016,
                -7.277660282
              ],
              [
                139.533494119,
                -7.277823781
              ],
              [
                139.533974122,
                -7.27800658
              ],
              [
                139.534456624,
                -7.278093078
              ],
              [
                139.534941527,
                -7.278275877
              ],
              [
                139.53544583,
                -7.278463476
              ],
              [
                139.535462029,
                -7.278471205
              ],
              [
                139.535894333,
                -7.278677475
              ],
              [
                139.536388935,
                -7.278850673
              ],
              [
                139.536854438,
                -7.279014172
              ],
              [
                139.537358741,
                -7.279220971
              ],
              [
                139.537880044,
                -7.279360469
              ],
              [
                139.538377046,
                -7.279509568
              ],
              [
                139.538915249,
                -7.279649067
              ],
              [
                139.539373552,
                -7.279817465
              ],
              [
                139.539748354,
                -7.279817464
              ],
              [
                139.540276457,
                -7.279944863
              ],
              [
                139.540761359,
                -7.279997761
              ],
              [
                139.541277761,
                -7.28000986
              ],
              [
                139.541769964,
                -7.280103559
              ],
              [
                139.542262166,
                -7.280081957
              ],
              [
                139.542759169,
                -7.280182956
              ],
              [
                139.543210071,
                -7.280401755
              ],
              [
                139.543270673,
                -7.280882755
              ],
              [
                139.543197974,
                -7.281363755
              ],
              [
                139.543086475,
                -7.281849556
              ],
              [
                139.542970076,
                -7.282352157
              ],
              [
                139.542831877,
                -7.282842757
              ],
              [
                139.542630677,
                -7.283309258
              ],
              [
                139.542434278,
                -7.283756659
              ],
              [
                139.542257278,
                -7.28422556
              ],
              [
                139.542031778,
                -7.284708961
              ],
              [
                139.541954279,
                -7.284968661
              ],
              [
                139.541755379,
                -7.285427962
              ],
              [
                139.541537179,
                -7.285858463
              ],
              [
                139.54128018,
                -7.286312964
              ],
              [
                139.540952879,
                -7.286721765
              ],
              [
                139.54083168,
                -7.287070566
              ],
              [
                139.54066438,
                -7.287582767
              ],
              [
                139.540463181,
                -7.288054068
              ],
              [
                139.540145581,
                -7.288455669
              ],
              [
                139.539907981,
                -7.28888377
              ],
              [
                139.539728581,
                -7.289338271
              ],
              [
                139.539541882,
                -7.289812071
              ],
              [
                139.539381882,
                -7.290264172
              ],
              [
                139.539207283,
                -7.290742673
              ],
              [
                139.539039983,
                -7.291209274
              ],
              [
                139.538807284,
                -7.291639675
              ],
              [
                139.538492083,
                -7.292014876
              ],
              [
                139.538215683,
                -7.292416477
              ],
              [
                139.537946583,
                -7.292827678
              ],
              [
                139.537670183,
                -7.293282179
              ],
              [
                139.537432583,
                -7.29375598
              ],
              [
                139.537177983,
                -7.294200881
              ],
              [
                139.536911284,
                -7.294701082
              ],
              [
                139.536874884,
                -7.294821282
              ],
              [
                139.536625184,
                -7.295302283
              ],
              [
                139.536363384,
                -7.295720684
              ],
              [
                139.536111184,
                -7.296148785
              ],
              [
                139.536027786,
                -7.296361863
              ],
              [
                139.535917285,
                -7.296644186
              ],
              [
                139.535691785,
                -7.297098687
              ],
              [
                139.535434785,
                -7.297557988
              ],
              [
                139.535189885,
                -7.297978789
              ],
              [
                139.534911085,
                -7.29841169
              ],
              [
                139.534632285,
                -7.298834891
              ],
              [
                139.534464985,
                -7.299279792
              ],
              [
                139.534304986,
                -7.299779993
              ],
              [
                139.534171587,
                -7.300289794
              ],
              [
                139.534099729,
                -7.30057239
              ],
              [
                139.534033388,
                -7.300833295
              ],
              [
                139.533892789,
                -7.301302195
              ],
              [
                139.533676989,
                -7.301807196
              ],
              [
                139.53348789,
                -7.302276197
              ],
              [
                139.53328669,
                -7.302764298
              ],
              [
                139.53308299,
                -7.303226099
              ],
              [
                139.532835791,
                -7.3037118
              ],
              [
                139.532571491,
                -7.304163901
              ],
              [
                139.532321791,
                -7.304601602
              ],
              [
                139.532013791,
                -7.305022403
              ],
              [
                139.531713191,
                -7.305501004
              ],
              [
                139.531702491,
                -7.305542504
              ],
              [
                139.531578291,
                -7.306022305
              ],
              [
                139.531374592,
                -7.306527306
              ],
              [
                139.531127292,
                -7.307017907
              ],
              [
                139.530933293,
                -7.307479608
              ],
              [
                139.530676293,
                -7.307991809
              ],
              [
                139.530455693,
                -7.30843911
              ],
              [
                139.530159893,
                -7.308941711
              ],
              [
                139.529851993,
                -7.309340912
              ],
              [
                139.529546493,
                -7.309720813
              ],
              [
                139.529255593,
                -7.310163314
              ],
              [
                139.529003493,
                -7.310610615
              ],
              [
                139.528753693,
                -7.311043417
              ],
              [
                139.528508793,
                -7.311509018
              ],
              [
                139.528278493,
                -7.311949018
              ],
              [
                139.528050593,
                -7.312393919
              ],
              [
                139.527805694,
                -7.31286522
              ],
              [
                139.527582694,
                -7.313298121
              ],
              [
                139.527403294,
                -7.313771822
              ],
              [
                139.527168095,
                -7.314223923
              ],
              [
                139.526940195,
                -7.314678424
              ],
              [
                139.526768302,
                -7.31507687
              ],
              [
                139.526731695,
                -7.315161725
              ],
              [
                139.526559496,
                -7.315625826
              ],
              [
                139.526421297,
                -7.316106827
              ],
              [
                139.526229797,
                -7.316580527
              ],
              [
                139.526086798,
                -7.317099928
              ],
              [
                139.526011159,
                -7.317419009
              ],
              [
                139.525972799,
                -7.317580829
              ],
              [
                139.5258783,
                -7.318076229
              ],
              [
                139.525769201,
                -7.31854993
              ],
              [
                139.525657602,
                -7.319074131
              ],
              [
                139.525519403,
                -7.319600832
              ],
              [
                139.525347303,
                -7.320067332
              ],
              [
                139.525143603,
                -7.320502533
              ],
              [
                139.524896304,
                -7.320966634
              ],
              [
                139.524636904,
                -7.321389835
              ],
              [
                139.524561804,
                -7.321639936
              ],
              [
                139.524542405,
                -7.322135336
              ],
              [
                139.524440506,
                -7.322633137
              ],
              [
                139.524324207,
                -7.323121237
              ],
              [
                139.524258708,
                -7.323638238
              ],
              [
                139.52425391,
                -7.324164838
              ],
              [
                139.524316912,
                -7.324708338
              ],
              [
                139.524365413,
                -7.325213339
              ],
              [
                139.524365415,
                -7.325742339
              ],
              [
                139.524336316,
                -7.326285739
              ],
              [
                139.524324218,
                -7.32676914
              ],
              [
                139.524246619,
                -7.32730774
              ],
              [
                139.52420052,
                -7.327788641
              ],
              [
                139.524142321,
                -7.328272041
              ],
              [
                139.524108423,
                -7.328810642
              ],
              [
                139.524072024,
                -7.329296342
              ],
              [
                139.524072025,
                -7.329779742
              ],
              [
                139.524042927,
                -7.330265443
              ],
              [
                139.523960528,
                -7.330743943
              ],
              [
                139.523851429,
                -7.331256144
              ],
              [
                139.523718029,
                -7.331773145
              ],
              [
                139.523638031,
                -7.332278045
              ],
              [
                139.523584732,
                -7.332761446
              ],
              [
                139.523571969,
                -7.332852752
              ],
              [
                139.523504733,
                -7.333333746
              ],
              [
                139.523470734,
                -7.333809847
              ],
              [
                139.523470736,
                -7.334305147
              ],
              [
                139.523490137,
                -7.334805347
              ],
              [
                139.523508774,
                -7.335264985
              ],
              [
                139.523509539,
                -7.335283848
              ],
              [
                139.52349014,
                -7.335803248
              ],
              [
                139.523504742,
                -7.336303348
              ],
              [
                139.523533843,
                -7.336830049
              ],
              [
                139.523596845,
                -7.337373449
              ],
              [
                139.523584747,
                -7.337900049
              ],
              [
                139.523577448,
                -7.33839295
              ],
              [
                139.52357015,
                -7.33893405
              ],
              [
                139.523565351,
                -7.33942455
              ],
              [
                139.523567753,
                -7.339936751
              ],
              [
                139.523579854,
                -7.340448851
              ],
              [
                139.523543555,
                -7.340939451
              ],
              [
                139.523504757,
                -7.341444352
              ],
              [
                139.523436858,
                -7.341942152
              ],
              [
                139.523351959,
                -7.342519253
              ],
              [
                139.52326226,
                -7.342992954
              ],
              [
                139.52326716,
                -7.342985654
              ],
              [
                139.523189561,
                -7.343461754
              ],
              [
                139.523148362,
                -7.343940354
              ],
              [
                139.523078063,
                -7.344418855
              ],
              [
                139.523029564,
                -7.344902155
              ],
              [
                139.523039266,
                -7.345404656
              ],
              [
                139.523027167,
                -7.345890356
              ],
              [
                139.522981069,
                -7.346392957
              ],
              [
                139.52293747,
                -7.346871457
              ],
              [
                139.522854971,
                -7.347373958
              ],
              [
                139.522648871,
                -7.347828459
              ],
              [
                139.522549472,
                -7.348338159
              ],
              [
                139.522481573,
                -7.34882876
              ],
              [
                139.522486475,
                -7.34933846
              ],
              [
                139.522481576,
                -7.34984106
              ],
              [
                139.522491278,
                -7.350394061
              ],
              [
                139.52250588,
                -7.350918261
              ],
              [
                139.522505881,
                -7.351454461
              ],
              [
                139.522510683,
                -7.351949762
              ],
              [
                139.522607684,
                -7.352423462
              ],
              [
                139.522651386,
                -7.352925962
              ],
              [
                139.522694988,
                -7.353440562
              ],
              [
                139.522690189,
                -7.353969562
              ],
              [
                139.52274589,
                -7.354243662
              ],
              [
                139.522622291,
                -7.354751063
              ],
              [
                139.522587752,
                -7.355062117
              ],
              [
                139.522568892,
                -7.355231964
              ],
              [
                139.522396793,
                -7.355722464
              ],
              [
                139.522253694,
                -7.356198565
              ],
              [
                139.522045194,
                -7.356660166
              ],
              [
                139.521725194,
                -7.357035267
              ],
              [
                139.521388193,
                -7.357379169
              ],
              [
                139.521024492,
                -7.35774697
              ],
              [
                139.520602691,
                -7.357992271
              ],
              [
                139.52015899,
                -7.358184573
              ],
              [
                139.519720188,
                -7.358391374
              ],
              [
                139.519223086,
                -7.358566976
              ],
              [
                139.518704284,
                -7.358703977
              ],
              [
                139.518209682,
                -7.358838679
              ],
              [
                139.51770058,
                -7.35898528
              ],
              [
                139.517210778,
                -7.359079082
              ],
              [
                139.516682276,
                -7.359093483
              ],
              [
                139.516180374,
                -7.359071885
              ],
              [
                139.515663971,
                -7.359170486
              ],
              [
                139.51520577,
                -7.359418088
              ],
              [
                139.514752368,
                -7.359610489
              ],
              [
                139.514291667,
                -7.359785991
              ],
              [
                139.513806765,
                -7.359954292
              ],
              [
                139.513312163,
                -7.360209194
              ],
              [
                139.512851562,
                -7.360353495
              ],
              [
                139.51238606,
                -7.360598697
              ],
              [
                139.511993259,
                -7.360908898
              ],
              [
                139.511585958,
                -7.3612311
              ],
              [
                139.511168957,
                -7.361507601
              ],
              [
                139.510841657,
                -7.361885102
              ],
              [
                139.510470656,
                -7.362226503
              ],
              [
                139.510022155,
                -7.362536705
              ],
              [
                139.509767555,
                -7.362952706
              ],
              [
                139.509449954,
                -7.363342207
              ],
              [
                139.509134754,
                -7.363724508
              ],
              [
                139.508814754,
                -7.36409721
              ],
              [
                139.508436553,
                -7.364419411
              ],
              [
                139.508077752,
                -7.364772812
              ],
              [
                139.507837652,
                -7.365215313
              ],
              [
                139.507777053,
                -7.365710614
              ],
              [
                139.507777055,
                -7.366210714
              ],
              [
                139.507927357,
                -7.366684414
              ],
              [
                139.507971059,
                -7.367210914
              ],
              [
                139.508077761,
                -7.367696614
              ],
              [
                139.508477763,
                -7.367975513
              ],
              [
                139.508885066,
                -7.368273712
              ],
              [
                139.509289969,
                -7.368619911
              ],
              [
                139.509782172,
                -7.36878821
              ],
              [
                139.510291274,
                -7.368860408
              ],
              [
                139.510754377,
                -7.369059907
              ],
              [
                139.51115928,
                -7.369324406
              ],
              [
                139.511348381,
                -7.369427806
              ],
              [
                139.511782384,
                -7.369673005
              ],
              [
                139.512155687,
                -7.369995204
              ],
              [
                139.512601889,
                -7.370233303
              ],
              [
                139.513086792,
                -7.370379901
              ],
              [
                139.513566795,
                -7.3705651
              ],
              [
                139.514049298,
                -7.370718999
              ],
              [
                139.5145245,
                -7.370875197
              ],
              [
                139.514912403,
                -7.371190197
              ],
              [
                139.515305206,
                -7.371485996
              ],
              [
                139.515668808,
                -7.371815395
              ],
              [
                139.516049511,
                -7.372139994
              ],
              [
                139.516512614,
                -7.372358793
              ],
              [
                139.516922317,
                -7.372620792
              ],
              [
                139.517341719,
                -7.372890091
              ],
              [
                139.517662513,
                -7.373098458
              ],
              [
                139.517756322,
                -7.37315939
              ],
              [
                139.518129725,
                -7.373481589
              ],
              [
                139.518086025,
                -7.373695789
              ],
              [
                139.518183527,
                -7.374201989
              ],
              [
                139.518333829,
                -7.374709289
              ],
              [
                139.518552032,
                -7.375139689
              ],
              [
                139.518794534,
                -7.375586888
              ],
              [
                139.518964236,
                -7.376062988
              ],
              [
                139.519119438,
                -7.376543888
              ],
              [
                139.51918734,
                -7.377019888
              ],
              [
                139.519221242,
                -7.377580088
              ],
              [
                139.519318244,
                -7.378077788
              ],
              [
                139.519426696,
                -7.37845428
              ],
              [
                139.519458846,
                -7.378565888
              ],
              [
                139.519558248,
                -7.379065988
              ],
              [
                139.51963095,
                -7.379578188
              ],
              [
                139.519660051,
                -7.380058989
              ],
              [
                139.519708553,
                -7.380563889
              ],
              [
                139.519771655,
                -7.381059189
              ],
              [
                139.519791056,
                -7.381559289
              ],
              [
                139.519798258,
                -7.38204499
              ],
              [
                139.519778859,
                -7.38255469
              ],
              [
                139.51967696,
                -7.38295299
              ],
              [
                139.519551861,
                -7.383533991
              ],
              [
                139.519514646,
                -7.383758445
              ],
              [
                139.519462162,
                -7.384074992
              ],
              [
                139.519406363,
                -7.384601492
              ],
              [
                139.519294864,
                -7.385132893
              ],
              [
                139.519190565,
                -7.385613694
              ],
              [
                139.519035466,
                -7.386116194
              ],
              [
                139.518865767,
                -7.386642795
              ],
              [
                139.518603867,
                -7.387085196
              ],
              [
                139.518400267,
                -7.387553997
              ],
              [
                139.518155368,
                -7.388030098
              ],
              [
                139.517878968,
                -7.388491699
              ],
              [
                139.517561367,
                -7.388910001
              ],
              [
                139.517253467,
                -7.389289902
              ],
              [
                139.516991567,
                -7.389701103
              ],
              [
                139.516734567,
                -7.390121804
              ],
              [
                139.516484867,
                -7.390552205
              ],
              [
                139.516247267,
                -7.391001806
              ],
              [
                139.515961167,
                -7.391412907
              ],
              [
                139.515689667,
                -7.391862508
              ],
              [
                139.515488368,
                -7.392321709
              ],
              [
                139.515427768,
                -7.392624709
              ],
              [
                139.51542057,
                -7.39311521
              ],
              [
                139.515536871,
                -7.39358401
              ],
              [
                139.515832674,
                -7.393992709
              ],
              [
                139.516002376,
                -7.394456709
              ],
              [
                139.516118778,
                -7.394932809
              ],
              [
                139.51609208,
                -7.395432909
              ],
              [
                139.516007281,
                -7.39593301
              ],
              [
                139.515818181,
                -7.396399411
              ],
              [
                139.515565981,
                -7.396834612
              ],
              [
                139.515345381,
                -7.397284213
              ],
              [
                139.515061681,
                -7.397719314
              ],
              [
                139.514719881,
                -7.398070315
              ],
              [
                139.51435378,
                -7.398392516
              ],
              [
                139.513943979,
                -7.398649818
              ],
              [
                139.513493077,
                -7.398875819
              ],
              [
                139.513071176,
                -7.399135421
              ],
              [
                139.512661475,
                -7.399390322
              ],
              [
                139.512188673,
                -7.399570623
              ],
              [
                139.511759572,
                -7.399794225
              ],
              [
                139.511374071,
                -7.400089926
              ],
              [
                139.51094487,
                -7.400352028
              ],
              [
                139.510498768,
                -7.400556329
              ],
              [
                139.510050267,
                -7.40080643
              ],
              [
                139.509592065,
                -7.401073232
              ],
              [
                139.509184764,
                -7.401361833
              ],
              [
                139.508840464,
                -7.401705635
              ],
              [
                139.508493763,
                -7.402056636
              ],
              [
                139.508091262,
                -7.402364337
              ],
              [
                139.508089652,
                -7.402365875
              ],
              [
                139.507693661,
                -7.402744239
              ],
              [
                139.507383361,
                -7.40317214
              ],
              [
                139.50701966,
                -7.403552041
              ],
              [
                139.506917861,
                -7.403857342
              ],
              [
                139.506806262,
                -7.404359842
              ],
              [
                139.506932364,
                -7.404826242
              ],
              [
                139.507165166,
                -7.405256642
              ],
              [
                139.507468169,
                -7.405672541
              ],
              [
                139.507720371,
                -7.406117341
              ],
              [
                139.508054974,
                -7.40649004
              ],
              [
                139.508054975,
                -7.40697084
              ],
              [
                139.507555473,
                -7.406968442
              ],
              [
                139.507138472,
                -7.407242543
              ],
              [
                139.506854772,
                -7.407636844
              ],
              [
                139.506360169,
                -7.407619946
              ],
              [
                139.505887467,
                -7.407735347
              ],
              [
                139.505404965,
                -7.407843549
              ],
              [
                139.505249766,
                -7.40830755
              ],
              [
                139.505092167,
                -7.40876675
              ],
              [
                139.505002468,
                -7.409252451
              ],
              [
                139.50513097,
                -7.409730851
              ],
              [
                139.505332272,
                -7.410187651
              ],
              [
                139.505625575,
                -7.41059635
              ],
              [
                139.505909277,
                -7.411012249
              ],
              [
                139.506006279,
                -7.411495549
              ],
              [
                139.506112881,
                -7.41198835
              ],
              [
                139.506234183,
                -7.412462049
              ],
              [
                139.506316585,
                -7.41295005
              ],
              [
                139.506292386,
                -7.41343325
              ],
              [
                139.506258387,
                -7.41392855
              ],
              [
                139.506214789,
                -7.414416651
              ],
              [
                139.50611049,
                -7.414907051
              ],
              [
                139.50599409,
                -7.415390252
              ],
              [
                139.505889891,
                -7.415866353
              ],
              [
                139.505768692,
                -7.416339953
              ],
              [
                139.505554414,
                -7.416785426
              ],
              [
                139.505543192,
                -7.416808754
              ],
              [
                139.505298293,
                -7.417224655
              ],
              [
                139.505739595,
                -7.417457854
              ],
              [
                139.506212298,
                -7.417573253
              ],
              [
                139.506673001,
                -7.417753552
              ],
              [
                139.507136103,
                -7.41789785
              ],
              [
                139.507618606,
                -7.417941049
              ],
              [
                139.508105908,
                -7.417974748
              ],
              [
                139.508598011,
                -7.418054046
              ],
              [
                139.509097513,
                -7.418058845
              ],
              [
                139.509555715,
                -7.417861743
              ],
              [
                139.509963016,
                -7.417561242
              ],
              [
                139.510307316,
                -7.417210241
              ],
              [
                139.510507401,
                -7.416785412
              ],
              [
                139.510513416,
                -7.41677264
              ],
              [
                139.510969217,
                -7.416568338
              ],
              [
                139.511388619,
                -7.416308637
              ],
              [
                139.51185662,
                -7.416152435
              ],
              [
                139.512326923,
                -7.416344734
              ],
              [
                139.512823926,
                -7.416431233
              ],
              [
                139.513296729,
                -7.416642832
              ],
              [
                139.513345155,
                -7.416785403
              ],
              [
                139.513454331,
                -7.417106831
              ],
              [
                139.513643433,
                -7.417566031
              ],
              [
                139.513704035,
                -7.418046831
              ],
              [
                139.513522235,
                -7.418494032
              ],
              [
                139.513364636,
                -7.418962833
              ],
              [
                139.512998535,
                -7.419275334
              ],
              [
                139.512508733,
                -7.419294636
              ],
              [
                139.51198993,
                -7.419287437
              ],
              [
                139.511534127,
                -7.419071038
              ],
              [
                139.511027425,
                -7.41891234
              ],
              [
                139.510501322,
                -7.418811341
              ],
              [
                139.509984919,
                -7.418775343
              ],
              [
                139.509485417,
                -7.418861844
              ],
              [
                139.509143617,
                -7.419256145
              ],
              [
                139.508908417,
                -7.419708146
              ],
              [
                139.508932619,
                -7.420229847
              ],
              [
                139.509257521,
                -7.420590446
              ],
              [
                139.509652724,
                -7.420943845
              ],
              [
                139.510038227,
                -7.421241944
              ],
              [
                139.510138127,
                -7.421423916
              ],
              [
                139.510275829,
                -7.421674744
              ],
              [
                139.510578832,
                -7.422054543
              ],
              [
                139.510974034,
                -7.422340642
              ],
              [
                139.511325637,
                -7.422696441
              ],
              [
                139.51166504,
                -7.423100341
              ],
              [
                139.512021443,
                -7.42344894
              ],
              [
                139.512467545,
                -7.423641239
              ],
              [
                139.512889448,
                -7.423884038
              ],
              [
                139.513267651,
                -7.424242337
              ],
              [
                139.513679854,
                -7.424533236
              ],
              [
                139.514070157,
                -7.424843335
              ],
              [
                139.514443559,
                -7.425148634
              ],
              [
                139.514763562,
                -7.425509233
              ],
              [
                139.514856663,
                -7.425693933
              ],
              [
                139.515103765,
                -7.426183833
              ],
              [
                139.515330268,
                -7.426633032
              ],
              [
                139.51556347,
                -7.427141332
              ],
              [
                139.515723573,
                -7.427634232
              ],
              [
                139.515805974,
                -7.428107832
              ],
              [
                139.515907776,
                -7.428612632
              ],
              [
                139.516033878,
                -7.429131932
              ],
              [
                139.51609688,
                -7.429627232
              ],
              [
                139.516072682,
                -7.430132032
              ],
              [
                139.516125983,
                -7.430615233
              ],
              [
                139.516193885,
                -7.431096133
              ],
              [
                139.516222987,
                -7.431639433
              ],
              [
                139.516252088,
                -7.432153833
              ],
              [
                139.51626179,
                -7.432668334
              ],
              [
                139.516273555,
                -7.432727794
              ],
              [
                139.516363592,
                -7.433182834
              ],
              [
                139.516460594,
                -7.433685234
              ],
              [
                139.516654596,
                -7.434158833
              ],
              [
                139.516848499,
                -7.434632433
              ],
              [
                139.517030401,
                -7.435103633
              ],
              [
                139.517202503,
                -7.435603733
              ],
              [
                139.517352805,
                -7.436079733
              ],
              [
                139.517512807,
                -7.436546132
              ],
              [
                139.517634109,
                -7.437024532
              ],
              [
                139.517682611,
                -7.437560633
              ],
              [
                139.517658313,
                -7.438103933
              ],
              [
                139.517609814,
                -7.438596733
              ],
              [
                139.517575914,
                -7.438577534
              ],
              [
                139.517648615,
                -7.439065534
              ],
              [
                139.517697623,
                -7.43942987
              ],
              [
                139.517716517,
                -7.439570334
              ],
              [
                139.517765019,
                -7.440051134
              ],
              [
                139.517837721,
                -7.440546434
              ],
              [
                139.518089923,
                -7.440974334
              ],
              [
                139.518376026,
                -7.441385433
              ],
              [
                139.518676629,
                -7.441813332
              ],
              [
                139.518902131,
                -7.442238832
              ],
              [
                139.519156633,
                -7.442666732
              ],
              [
                139.519457336,
                -7.443080231
              ],
              [
                139.519629438,
                -7.443544231
              ],
              [
                139.51975554,
                -7.444051431
              ],
              [
                139.519813742,
                -7.444599531
              ],
              [
                139.519871944,
                -7.445130831
              ],
              [
                139.519954346,
                -7.445623631
              ],
              [
                139.519954428,
                -7.44562447
              ],
              [
                139.520002848,
                -7.446116431
              ],
              [
                139.520036749,
                -7.446599632
              ],
              [
                139.520080451,
                -7.447078032
              ],
              [
                139.520061051,
                -7.447186232
              ],
              [
                139.520005252,
                -7.447676632
              ],
              [
                139.519973753,
                -7.448155033
              ],
              [
                139.520024655,
                -7.448638233
              ],
              [
                139.520000457,
                -7.449188733
              ],
              [
                139.519944658,
                -7.449739234
              ],
              [
                139.519888859,
                -7.450241734
              ],
              [
                139.519888861,
                -7.450799435
              ],
              [
                139.519879162,
                -7.451299435
              ],
              [
                139.519804064,
                -7.451842736
              ],
              [
                139.519714365,
                -7.452316336
              ],
              [
                139.519588265,
                -7.452782637
              ],
              [
                139.519391866,
                -7.453280338
              ],
              [
                139.519144566,
                -7.453715439
              ],
              [
                139.518795465,
                -7.45409764
              ],
              [
                139.518385764,
                -7.454402942
              ],
              [
                139.518002664,
                -7.454734743
              ],
              [
                139.517692363,
                -7.455198644
              ],
              [
                139.517386863,
                -7.455612145
              ],
              [
                139.517105563,
                -7.456042447
              ],
              [
                139.516979564,
                -7.456465547
              ],
              [
                139.516887365,
                -7.456992048
              ],
              [
                139.516822651,
                -7.45735523
              ],
              [
                139.516802566,
                -7.457467948
              ],
              [
                139.516763767,
                -7.457955949
              ],
              [
                139.516792869,
                -7.458441549
              ],
              [
                139.51680737,
                -7.458941549
              ],
              [
                139.516817072,
                -7.45942715
              ],
              [
                139.516841374,
                -7.45994645
              ],
              [
                139.516834075,
                -7.46044165
              ],
              [
                139.516834077,
                -7.460963251
              ],
              [
                139.516838878,
                -7.461480151
              ],
              [
                139.516821367,
                -7.461869765
              ],
              [
                139.51681468,
                -7.462018551
              ],
              [
                139.516812281,
                -7.462569052
              ],
              [
                139.516787983,
                -7.463064252
              ],
              [
                139.516729784,
                -7.463578753
              ],
              [
                139.516586785,
                -7.464066753
              ],
              [
                139.516467985,
                -7.464533054
              ],
              [
                139.516329786,
                -7.465035455
              ],
              [
                139.516075186,
                -7.465504256
              ],
              [
                139.515808486,
                -7.465958557
              ],
              [
                139.515553987,
                -7.466376858
              ],
              [
                139.515304187,
                -7.466799959
              ],
              [
                139.515078787,
                -7.46724946
              ],
              [
                139.514855687,
                -7.467706161
              ],
              [
                139.514644788,
                -7.468167762
              ],
              [
                139.514426588,
                -7.468646063
              ],
              [
                139.514281089,
                -7.469165364
              ],
              [
                139.514241903,
                -7.469335832
              ],
              [
                139.51416229,
                -7.469682164
              ],
              [
                139.51401679,
                -7.470160565
              ],
              [
                139.513774391,
                -7.470689366
              ],
              [
                139.514084693,
                -7.470997065
              ],
              [
                139.514516296,
                -7.471268764
              ],
              [
                139.514957499,
                -7.471468263
              ],
              [
                139.515410902,
                -7.471670162
              ],
              [
                139.515866704,
                -7.471869661
              ],
              [
                139.516300707,
                -7.47211966
              ],
              [
                139.51672011,
                -7.472388859
              ],
              [
                139.517202613,
                -7.472559557
              ],
              [
                139.517697216,
                -7.472766356
              ],
              [
                139.518140919,
                -7.472997055
              ],
              [
                139.518628222,
                -7.473230253
              ],
              [
                139.519091324,
                -7.473436952
              ],
              [
                139.519488927,
                -7.473761451
              ],
              [
                139.51984773,
                -7.47409085
              ],
              [
                139.520133833,
                -7.47451145
              ],
              [
                139.520172633,
                -7.47463405
              ],
              [
                139.520526636,
                -7.474965849
              ],
              [
                139.520931539,
                -7.475295148
              ],
              [
                139.521367942,
                -7.475598047
              ],
              [
                139.521847945,
                -7.475855246
              ],
              [
                139.522281948,
                -7.476114845
              ],
              [
                139.52270135,
                -7.476381643
              ],
              [
                139.523094153,
                -7.476691742
              ],
              [
                139.523499056,
                -7.477021042
              ],
              [
                139.523857859,
                -7.477348041
              ],
              [
                139.524199761,
                -7.47769894
              ],
              [
                139.524512464,
                -7.478141239
              ],
              [
                139.524815567,
                -7.478530639
              ],
              [
                139.525125869,
                -7.478900838
              ],
              [
                139.525402272,
                -7.479280637
              ],
              [
                139.525501091,
                -7.479423916
              ],
              [
                139.525690774,
                -7.479698937
              ],
              [
                139.526020577,
                -7.480088336
              ],
              [
                139.52631388,
                -7.480472935
              ],
              [
                139.526583082,
                -7.480903235
              ],
              [
                139.526958785,
                -7.481302234
              ],
              [
                139.527283688,
                -7.481684433
              ],
              [
                139.527737091,
                -7.481956032
              ],
              [
                139.528197794,
                -7.482143531
              ],
              [
                139.528588096,
                -7.48243683
              ],
              [
                139.528980899,
                -7.482773329
              ],
              [
                139.529347002,
                -7.483114728
              ],
              [
                139.529669405,
                -7.483475227
              ],
              [
                139.529982207,
                -7.483855027
              ],
              [
                139.53022711,
                -7.484297326
              ],
              [
                139.530418612,
                -7.484782926
              ],
              [
                139.530590714,
                -7.485237226
              ],
              [
                139.530701519,
                -7.485516129
              ],
              [
                139.530775017,
                -7.485701126
              ],
              [
                139.530985919,
                -7.486201125
              ],
              [
                139.531233222,
                -7.486657825
              ],
              [
                139.531478124,
                -7.487117024
              ],
              [
                139.531691527,
                -7.487607324
              ],
              [
                139.531921829,
                -7.488059224
              ],
              [
                139.532147331,
                -7.488489523
              ],
              [
                139.532236934,
                -7.488621323
              ],
              [
                139.532438234,
                -7.488917423
              ],
              [
                139.532709737,
                -7.489333222
              ],
              [
                139.532942539,
                -7.489758722
              ],
              [
                139.533160741,
                -7.490203421
              ],
              [
                139.533441944,
                -7.490621621
              ],
              [
                139.533715947,
                -7.49103512
              ],
              [
                139.533951149,
                -7.49147262
              ],
              [
                139.53379115,
                -7.492063921
              ],
              [
                139.533701456,
                -7.492321383
              ],
              [
                139.533466251,
                -7.492996522
              ],
              [
                139.533335354,
                -7.493953223
              ],
              [
                139.532947354,
                -7.494857025
              ],
              [
                139.532409154,
                -7.495679127
              ],
              [
                139.531895154,
                -7.496530029
              ],
              [
                139.531463655,
                -7.497390531
              ],
              [
                139.531061156,
                -7.498275133
              ]
            ]
          ]
        ]
      }
    }
  ]
}