{
  "type": "FeatureCollection",
  "features": [
    {
      "type": "Feature",
      "properties": {
        "idx": "3362",
        "nama_kewilayahan": "Solimo"
      },
      "geometry": {
        "type": "GeometryCollection",
        "geometries": [
          {
            "type": "Polygon",
            "coordinates": [
              [
                [
                  138.968661873,
                  -4.065976545
                ],
                [
                  138.968713101,
                  -4.065734469
                ],
                [
                  138.968692759,
                  -4.065534074
                ],
                [
                  138.968598921,
                  -4.065378823
                ],
                [
                  138.968553381,
                  -4.065303478
                ],
                [
                  138.96847397,
                  -4.065176035
                ],
                [
                  138.968387293,
                  -4.065036931
                ],
                [
                  138.968331158,
                  -4.064860369
                ],
                [
                  138.968280873,
                  -4.064725683
                ],
                [
                  138.968292979,
                  -4.064647969
                ],
                [
                  138.968337713,
                  -4.06462117
                ],
                [
                  138.968474711,
                  -4.064612545
                ],
                [
                  138.96872779,
                  -4.064625145
                ],
                [
                  138.968951053,
                  -4.06465262
                ],
                [
                  138.969171256,
                  -4.06471298
                ],
                [
                  138.969299135,
                  -4.064779087
                ],
                [
                  138.969409192,
                  -4.064827207
                ],
                [
                  138.969549198,
                  -4.06480663
                ],
                [
                  138.969603015,
                  -4.06472005
                ],
                [
                  138.969639085,
                  -4.064585582
                ],
                [
                  138.969716865,
                  -4.064442249
                ],
                [
                  138.969869291,
                  -4.064218369
                ],
                [
                  138.970081063,
                  -4.064078365
                ],
                [
                  138.970292871,
                  -4.063923409
                ],
                [
                  138.97049868,
                  -4.063786378
                ],
                [
                  138.970716363,
                  -4.063664329
                ],
                [
                  138.97095197,
                  -4.063518404
                ],
                [
                  138.971121866,
                  -4.063453048
                ],
                [
                  138.97129471,
                  -4.06339966
                ],
                [
                  138.971302377,
                  -4.063394949
                ],
                [
                  138.971411022,
                  -4.063328189
                ],
                [
                  138.971494683,
                  -4.063214772
                ],
                [
                  138.971587516,
                  -4.063005692
                ],
                [
                  138.971704208,
                  -4.062781722
                ],
                [
                  138.971817669,
                  -4.062659409
                ],
                [
                  138.971947938,
                  -4.062581367
                ],
                [
                  138.97196678,
                  -4.062570079
                ],
                [
                  138.972181394,
                  -4.062483904
                ],
                [
                  138.972366149,
                  -4.062430546
                ],
                [
                  138.972497274,
                  -4.062389013
                ],
                [
                  138.972601727,
                  -4.06229658
                ],
                [
                  138.972700426,
                  -4.062123397
                ],
                [
                  138.972775354,
                  -4.061929222
                ],
                [
                  138.972799669,
                  -4.061731931
                ],
                [
                  138.97273186,
                  -4.061459651
                ],
                [
                  138.97268133,
                  -4.061394835
                ],
                [
                  138.972678499,
                  -4.061391204
                ],
                [
                  138.972589384,
                  -4.061276891
                ],
                [
                  138.972467543,
                  -4.061177907
                ],
                [
                  138.972417656,
                  -4.061144906
                ],
                [
                  138.972381331,
                  -4.061120877
                ],
                [
                  138.972315753,
                  -4.061076565
                ],
                [
                  138.972527756,
                  -4.060592726
                ],
                [
                  138.97265849,
                  -4.060296386
                ],
                [
                  138.972963086,
                  -4.059338112
                ],
                [
                  138.972996734,
                  -4.059161793
                ],
                [
                  138.972996743,
                  -4.059161746
                ],
                [
                  138.972944526,
                  -4.05911388
                ],
                [
                  138.972943982,
                  -4.059113085
                ],
                [
                  138.972930384,
                  -4.059093211
                ],
                [
                  138.972923856,
                  -4.059082333
                ],
                [
                  138.972915154,
                  -4.059068191
                ],
                [
                  138.972898836,
                  -4.059056224
                ],
                [
                  138.972873815,
                  -4.059044258
                ],
                [
                  138.97285097,
                  -4.059025764
                ],
                [
                  138.972828125,
                  -4.059015974
                ],
                [
                  138.972805281,
                  -4.059010534
                ],
                [
                  138.972779172,
                  -4.059004007
                ],
                [
                  138.972735658,
                  -4.059010534
                ],
                [
                  138.972697583,
                  -4.059019237
                ],
                [
                  138.97266386,
                  -4.059039906
                ],
                [
                  138.972639927,
                  -4.059064927
                ],
                [
                  138.972623909,
                  -4.059080429
                ],
                [
                  138.972606204,
                  -4.059097563
                ],
                [
                  138.972581183,
                  -4.059116056
                ],
                [
                  138.972543108,
                  -4.059135637
                ],
                [
                  138.972509385,
                  -4.059138901
                ],
                [
                  138.972476749,
                  -4.059110617
                ],
                [
                  138.972465871,
                  -4.059089948
                ],
                [
                  138.97245608,
                  -4.059067103
                ],
                [
                  138.972448465,
                  -4.059052961
                ],
                [
                  138.972437587,
                  -4.059026852
                ],
                [
                  138.972432147,
                  -4.059008359
                ],
                [
                  138.972427796,
                  -4.058992041
                ],
                [
                  138.972418005,
                  -4.05897246
                ],
                [
                  138.972412566,
                  -4.05895179
                ],
                [
                  138.972392985,
                  -4.058931121
                ],
                [
                  138.972374491,
                  -4.058914803
                ],
                [
                  138.972353822,
                  -4.05889631
                ],
                [
                  138.972338592,
                  -4.058875641
                ],
                [
                  138.97232445,
                  -4.058843005
                ],
                [
                  138.972300517,
                  -4.058806018
                ],
                [
                  138.972279848,
                  -4.058773383
                ],
                [
                  138.972266794,
                  -4.058747274
                ],
                [
                  138.972255915,
                  -4.058720078
                ],
                [
                  138.972234158,
                  -4.058686355
                ],
                [
                  138.972225455,
                  -4.058675476
                ],
                [
                  138.972212401,
                  -4.058661334
                ],
                [
                  138.972186293,
                  -4.058621083
                ],
                [
                  138.972167799,
                  -4.05857213
                ],
                [
                  138.972139515,
                  -4.05850142
                ],
                [
                  138.972125373,
                  -4.058449203
                ],
                [
                  138.972103616,
                  -4.058389371
                ],
                [
                  138.97207642,
                  -4.058297991
                ],
                [
                  138.972025291,
                  -4.058224017
                ],
                [
                  138.97200027,
                  -4.058150043
                ],
                [
                  138.97196981,
                  -4.058086948
                ],
                [
                  138.971937175,
                  -4.058034731
                ],
                [
                  138.971911066,
                  -4.057991217
                ],
                [
                  138.971890397,
                  -4.057948791
                ],
                [
                  138.971880606,
                  -4.05789875
                ],
                [
                  138.971863201,
                  -4.057823688
                ],
                [
                  138.971850146,
                  -4.057788876
                ],
                [
                  138.971830565,
                  -4.057747538
                ],
                [
                  138.971809896,
                  -4.057710551
                ],
                [
                  138.971799017,
                  -4.057683355
                ],
                [
                  138.971793578,
                  -4.057652895
                ],
                [
                  138.971771821,
                  -4.057623523
                ],
                [
                  138.9717468,
                  -4.057588712
                ],
                [
                  138.971732658,
                  -4.057564779
                ],
                [
                  138.971722868,
                  -4.057551725
                ],
                [
                  138.971710901,
                  -4.057531055
                ],
                [
                  138.971703286,
                  -4.05749842
                ],
                [
                  138.971694583,
                  -4.057447291
                ],
                [
                  138.971697847,
                  -4.057396162
                ],
                [
                  138.971707638,
                  -4.057353736
                ],
                [
                  138.971640191,
                  -4.057255829
                ],
                [
                  138.97160538,
                  -4.057153571
                ],
                [
                  138.971595589,
                  -4.057101354
                ],
                [
                  138.97158471,
                  -4.057058928
                ],
                [
                  138.971583623,
                  -4.057032819
                ],
                [
                  138.971583623,
                  -4.057009974
                ],
                [
                  138.971583623,
                  -4.056917507
                ],
                [
                  138.971580359,
                  -4.056855499
                ],
                [
                  138.971571656,
                  -4.056793492
                ],
                [
                  138.971557514,
                  -4.05668797
                ],
                [
                  138.97154446,
                  -4.056584624
                ],
                [
                  138.971509649,
                  -4.056489981
                ],
                [
                  138.971415598,
                  -4.056501267
                ],
                [
                  138.971415598,
                  -4.056501267
                ],
                [
                  138.971400863,
                  -4.056503035
                ],
                [
                  138.971276848,
                  -4.056544374
                ],
                [
                  138.97122028,
                  -4.056533495
                ],
                [
                  138.971202874,
                  -4.056505211
                ],
                [
                  138.971170239,
                  -4.056479102
                ],
                [
                  138.970994007,
                  -4.056559603
                ],
                [
                  138.970891749,
                  -4.056600942
                ],
                [
                  138.970854762,
                  -4.056568306
                ],
                [
                  138.970824302,
                  -4.056524792
                ],
                [
                  138.970748152,
                  -4.056452994
                ],
                [
                  138.970689408,
                  -4.056370317
                ],
                [
                  138.970655929,
                  -4.056341456
                ],
                [
                  138.970626313,
                  -4.056315925
                ],
                [
                  138.970550163,
                  -4.056250653
                ],
                [
                  138.970423972,
                  -4.056139693
                ],
                [
                  138.970347822,
                  -4.056061367
                ],
                [
                  138.970319538,
                  -4.056002623
                ],
                [
                  138.970363052,
                  -4.055930825
                ],
                [
                  138.970397864,
                  -4.055876432
                ],
                [
                  138.970430499,
                  -4.055813337
                ],
                [
                  138.970373931,
                  -4.055763296
                ],
                [
                  138.970347822,
                  -4.05573066
                ],
                [
                  138.970339907,
                  -4.055717467
                ],
                [
                  138.970328241,
                  -4.055698025
                ],
                [
                  138.97031555,
                  -4.055657411
                ],
                [
                  138.970306484,
                  -4.055628402
                ],
                [
                  138.970295606,
                  -4.055591415
                ],
                [
                  138.970283367,
                  -4.055571834
                ],
                [
                  138.97026297,
                  -4.055539198
                ],
                [
                  138.970243933,
                  -4.055510642
                ],
                [
                  138.97023251,
                  -4.055493508
                ],
                [
                  138.970219456,
                  -4.055474743
                ],
                [
                  138.970197699,
                  -4.055443467
                ],
                [
                  138.970165063,
                  -4.055393426
                ],
                [
                  138.970146269,
                  -4.055359865
                ],
                [
                  138.970134603,
                  -4.055339033
                ],
                [
                  138.970129904,
                  -4.055334334
                ],
                [
                  138.970121549,
                  -4.055325979
                ],
                [
                  138.970041048,
                  -4.055164977
                ],
                [
                  138.970054973,
                  -4.055127381
                ],
                [
                  138.970062805,
                  -4.055106233
                ],
                [
                  138.970072987,
                  -4.055087435
                ],
                [
                  138.970091089,
                  -4.055054016
                ],
                [
                  138.970123116,
                  -4.055013635
                ],
                [
                  138.970141131,
                  -4.054990921
                ],
                [
                  138.970167239,
                  -4.054914771
                ],
                [
                  138.970167363,
                  -4.054914312
                ],
                [
                  138.970188996,
                  -4.05483427
                ],
                [
                  138.970188996,
                  -4.054668916
                ],
                [
                  138.97015772,
                  -4.054602285
                ],
                [
                  138.970138955,
                  -4.054562307
                ],
                [
                  138.969951844,
                  -4.054396953
                ],
                [
                  138.969658722,
                  -4.05418994
                ],
                [
                  138.96931773,
                  -4.053882511
                ],
                [
                  138.969264469,
                  -4.053837216
                ],
                [
                  138.969288127,
                  -4.053822028
                ],
                [
                  138.969347343,
                  -4.053766679
                ],
                [
                  138.969385558,
                  -4.053726586
                ],
                [
                  138.969450458,
                  -4.053684648
                ],
                [
                  138.969479178,
                  -4.053631136
                ],
                [
                  138.969465995,
                  -4.05356795
                ],
                [
                  138.969506183,
                  -4.053501071
                ],
                [
                  138.969647479,
                  -4.053392344
                ],
                [
                  138.96982123,
                  -4.053260734
                ],
                [
                  138.969962479,
                  -4.053171145
                ],
                [
                  138.970040633,
                  -4.053163686
                ],
                [
                  138.970091897,
                  -4.053240364
                ],
                [
                  138.970171846,
                  -4.053276926
                ],
                [
                  138.970288144,
                  -4.053258082
                ],
                [
                  138.970414046,
                  -4.053208641
                ],
                [
                  138.970614492,
                  -4.053071358
                ],
                [
                  138.970793827,
                  -4.052993345
                ],
                [
                  138.970935075,
                  -4.052903756
                ],
                [
                  138.971053221,
                  -4.05290788
                ],
                [
                  138.971131309,
                  -4.052927214
                ],
                [
                  138.971197895,
                  -4.05297331
                ],
                [
                  138.97128178,
                  -4.052960126
                ],
                [
                  138.971384675,
                  -4.052966125
                ],
                [
                  138.971481782,
                  -4.053000817
                ],
                [
                  138.97165495,
                  -4.053102679
                ],
                [
                  138.971810901,
                  -4.05323129
                ],
                [
                  138.971864172,
                  -4.053001056
                ],
                [
                  138.971790742,
                  -4.052688978
                ],
                [
                  138.97177783,
                  -4.052663154
                ],
                [
                  138.971634703,
                  -4.0523769
                ],
                [
                  138.971506201,
                  -4.052037287
                ],
                [
                  138.971533737,
                  -4.051816997
                ],
                [
                  138.971533737,
                  -4.051651779
                ],
                [
                  138.971469486,
                  -4.051532455
                ],
                [
                  138.971359341,
                  -4.051394774
                ],
                [
                  138.971258374,
                  -4.051192841
                ],
                [
                  138.971267553,
                  -4.051045981
                ],
                [
                  138.971240017,
                  -4.050880764
                ],
                [
                  138.971111514,
                  -4.050596222
                ],
                [
                  138.971203302,
                  -4.050440184
                ],
                [
                  138.971221659,
                  -4.050274966
                ],
                [
                  138.971093157,
                  -4.050054676
                ],
                [
                  138.971148229,
                  -4.04995371
                ],
                [
                  138.971836636,
                  -4.049329555
                ],
                [
                  138.972736154,
                  -4.048769651
                ],
                [
                  138.972671902,
                  -4.048595254
                ],
                [
                  138.972568376,
                  -4.048395596
                ],
                [
                  138.972561173,
                  -4.048381706
                ],
                [
                  138.972414897,
                  -4.048099602
                ],
                [
                  138.972222143,
                  -4.0476682
                ],
                [
                  138.972001853,
                  -4.047291871
                ],
                [
                  138.971717312,
                  -4.046961436
                ],
                [
                  138.971497022,
                  -4.046502499
                ],
                [
                  138.971313447,
                  -4.045740662
                ],
                [
                  138.971212481,
                  -4.045235831
                ],
                [
                  138.970863688,
                  -4.044804429
                ],
                [
                  138.970423108,
                  -4.044822787
                ],
                [
                  138.96952359,
                  -4.045208294
                ],
                [
                  138.96915644,
                  -4.044877859
                ],
                [
                  138.968895514,
                  -4.044652058
                ],
                [
                  138.968871966,
                  -4.04463168
                ],
                [
                  138.968679145,
                  -4.044464815
                ],
                [
                  138.968477212,
                  -4.044070129
                ],
                [
                  138.968399193,
                  -4.043955395
                ],
                [
                  138.968215618,
                  -4.044070129
                ],
                [
                  138.968142188,
                  -4.044088487
                ],
                [
                  138.968096294,
                  -4.04406095
                ],
                [
                  138.967912719,
                  -4.043872786
                ],
                [
                  138.96760982,
                  -4.043496457
                ],
                [
                  138.967201366,
                  -4.042987036
                ],
                [
                  138.966747017,
                  -4.042477615
                ],
                [
                  138.966389046,
                  -4.04207834
                ],
                [
                  138.966200882,
                  -4.041913122
                ],
                [
                  138.966145809,
                  -4.042009499
                ],
                [
                  138.966081558,
                  -4.042128823
                ],
                [
                  138.96592093,
                  -4.042059982
                ],
                [
                  138.965792427,
                  -4.041981963
                ],
                [
                  138.965654746,
                  -4.041880996
                ],
                [
                  138.965484939,
                  -4.041752494
                ],
                [
                  138.965397741,
                  -4.041642349
                ],
                [
                  138.965870446,
                  -4.041263725
                ],
                [
                  138.965797016,
                  -4.041204063
                ],
                [
                  138.965691461,
                  -4.041107687
                ],
                [
                  138.965558369,
                  -4.040850681
                ],
                [
                  138.965434456,
                  -4.040671696
                ],
                [
                  138.965250881,
                  -4.040524836
                ],
                [
                  138.96518204,
                  -4.040442227
                ],
                [
                  138.965126967,
                  -4.040281599
                ],
                [
                  138.965044359,
                  -4.040120971
                ],
                [
                  138.964912369,
                  -4.039912745
                ],
                [
                  138.965134291,
                  -4.03974304
                ],
                [
                  138.965306082,
                  -4.03961167
                ],
                [
                  138.965327478,
                  -4.039595309
                ],
                [
                  138.965522654,
                  -4.039446057
                ],
                [
                  138.966002397,
                  -4.039021794
                ],
                [
                  138.966364652,
                  -4.038679121
                ],
                [
                  138.966544147,
                  -4.038391928
                ],
                [
                  138.966687744,
                  -4.03813737
                ],
                [
                  138.966971673,
                  -4.037768588
                ],
                [
                  138.967144642,
                  -4.037572775
                ],
                [
                  138.96745468,
                  -4.0373019
                ],
                [
                  138.967595012,
                  -4.037442233
                ],
                [
                  138.967732082,
                  -4.037363907
                ],
                [
                  138.96775819,
                  -4.037363907
                ],
                [
                  138.967856097,
                  -4.037390016
                ],
                [
                  138.967954004,
                  -4.037354117
                ],
                [
                  138.968068228,
                  -4.03725621
                ],
                [
                  138.968113918,
                  -4.037207257
                ],
                [
                  138.968140026,
                  -4.037168094
                ],
                [
                  138.968149817,
                  -4.037083242
                ],
                [
                  138.968133499,
                  -4.037014707
                ],
                [
                  138.968029065,
                  -4.036858056
                ],
                [
                  138.967999693,
                  -4.036632871
                ],
                [
                  138.967957267,
                  -4.036166182
                ],
                [
                  138.967918105,
                  -4.035898571
                ],
                [
                  138.967878942,
                  -4.035800664
                ],
                [
                  138.967826725,
                  -4.035663594
                ],
                [
                  138.967792458,
                  -4.035226278
                ],
                [
                  138.967766349,
                  -4.034932558
                ],
                [
                  138.967642334,
                  -4.034873814
                ],
                [
                  138.967518319,
                  -4.034867287
                ],
                [
                  138.967237653,
                  -4.034834651
                ],
                [
                  138.966963514,
                  -4.034854232
                ],
                [
                  138.966676321,
                  -4.034847705
                ],
                [
                  138.966291222,
                  -4.034926031
                ],
                [
                  138.965945285,
                  -4.03501741
                ],
                [
                  138.965286046,
                  -4.035200169
                ],
                [
                  138.964829148,
                  -4.035343766
                ],
                [
                  138.964561537,
                  -4.0354482
                ],
                [
                  138.964378777,
                  -4.035513471
                ],
                [
                  138.964300452,
                  -4.035397615
                ],
                [
                  138.964174805,
                  -4.035276863
                ],
                [
                  138.964027945,
                  -4.035143057
                ],
                [
                  138.963928407,
                  -4.035032096
                ],
                [
                  138.963807655,
                  -4.03494398
                ],
                [
                  138.963402974,
                  -4.034666578
                ],
                [
                  138.963155118,
                  -4.034525505
                ],
                [
                  138.963115138,
                  -4.03450275
                ],
                [
                  138.962990134,
                  -4.034431602
                ],
                [
                  138.962882437,
                  -4.034379385
                ],
                [
                  138.963030929,
                  -4.034288005
                ],
                [
                  138.963021138,
                  -4.034271688
                ],
                [
                  138.962985239,
                  -4.034242316
                ],
                [
                  138.962933022,
                  -4.034219471
                ],
                [
                  138.96290365,
                  -4.034193362
                ],
                [
                  138.962864487,
                  -4.03416399
                ],
                [
                  138.962861224,
                  -4.034147672
                ],
                [
                  138.962848169,
                  -4.034026921
                ],
                [
                  138.962763317,
                  -4.033850689
                ],
                [
                  138.962688255,
                  -4.033638558
                ],
                [
                  138.962583821,
                  -4.033641821
                ],
                [
                  138.96246307,
                  -4.033654875
                ],
                [
                  138.962352109,
                  -4.033638558
                ],
                [
                  138.962293365,
                  -4.033586341
                ],
                [
                  138.96222483,
                  -4.033524333
                ],
                [
                  138.962159559,
                  -4.033413372
                ],
                [
                  138.962048598,
                  -4.033315466
                ],
                [
                  138.962025753,
                  -4.033295884
                ],
                [
                  138.961936005,
                  -4.033258353
                ],
                [
                  138.96190337,
                  -4.033235508
                ],
                [
                  138.961854416,
                  -4.033186555
                ],
                [
                  138.961818517,
                  -4.033098439
                ],
                [
                  138.961792409,
                  -4.032980951
                ],
                [
                  138.961789145,
                  -4.032909153
                ],
                [
                  138.961776091,
                  -4.032804719
                ],
                [
                  138.961771196,
                  -4.032772083
                ],
                [
                  138.9617663,
                  -4.032739448
                ],
                [
                  138.961766074,
                  -4.032738844
                ],
                [
                  138.961746719,
                  -4.032687231
                ],
                [
                  138.961727585,
                  -4.032636207
                ],
                [
                  138.961727138,
                  -4.032635014
                ],
                [
                  138.961583541,
                  -4.032683967
                ],
                [
                  138.961488898,
                  -4.032716603
                ],
                [
                  138.961430154,
                  -4.032731289
                ],
                [
                  138.96137141,
                  -4.032745975
                ],
                [
                  138.961286558,
                  -4.032785138
                ],
                [
                  138.961188651,
                  -4.0328243
                ],
                [
                  138.961087481,
                  -4.032840618
                ],
                [
                  138.960894931,
                  -4.032879781
                ],
                [
                  138.960836187,
                  -4.032863463
                ],
                [
                  138.960816605,
                  -4.032850409
                ],
                [
                  138.960780706,
                  -4.032759029
                ],
                [
                  138.960679536,
                  -4.032497945
                ],
                [
                  138.960620792,
                  -4.032393511
                ],
                [
                  138.960578366,
                  -4.032276023
                ],
                [
                  138.96053594,
                  -4.03219117
                ],
                [
                  138.960486986,
                  -4.032138953
                ],
                [
                  138.960428242,
                  -4.032076946
                ],
                [
                  138.960423968,
                  -4.032073346
                ],
                [
                  138.960366235,
                  -4.032024729
                ],
                [
                  138.960222638,
                  -4.031763644
                ],
                [
                  138.960085569,
                  -4.031489506
                ],
                [
                  138.960046406,
                  -4.031313274
                ],
                [
                  138.960020298,
                  -4.031195785
                ],
                [
                  138.96001377,
                  -4.031052189
                ],
                [
                  138.960033352,
                  -4.030973864
                ],
                [
                  138.960065987,
                  -4.03091512
                ],
                [
                  138.960092096,
                  -4.030856376
                ],
                [
                  138.960098623,
                  -4.030820476
                ],
                [
                  138.96010515,
                  -4.030784577
                ],
                [
                  138.960092096,
                  -4.030712779
                ],
                [
                  138.960056197,
                  -4.030582237
                ],
                [
                  138.95997624,
                  -4.030422323
                ],
                [
                  138.959914232,
                  -4.030322784
                ],
                [
                  138.959809798,
                  -4.030157974
                ],
                [
                  138.959749422,
                  -4.030004587
                ],
                [
                  138.959669465,
                  -4.029875677
                ],
                [
                  138.959594403,
                  -4.029725553
                ],
                [
                  138.959527501,
                  -4.029619488
                ],
                [
                  138.95950252,
                  -4.029594508
                ],
                [
                  138.959454071,
                  -4.029546058
                ],
                [
                  138.959378395,
                  -4.029504359
                ],
                [
                  138.959374113,
                  -4.029502
                ],
                [
                  138.959366573,
                  -4.029499081
                ],
                [
                  138.959323528,
                  -4.029482418
                ],
                [
                  138.95931129,
                  -4.029466916
                ],
                [
                  138.959272753,
                  -4.029369395
                ],
                [
                  138.959271311,
                  -4.029365746
                ],
                [
                  138.959200329,
                  -4.029138113
                ],
                [
                  138.959198822,
                  -4.029133277
                ],
                [
                  138.959122004,
                  -4.028886819
                ],
                [
                  138.95906326,
                  -4.028657554
                ],
                [
                  138.959011859,
                  -4.028518853
                ],
                [
                  138.958982487,
                  -4.028433185
                ],
                [
                  138.958948383,
                  -4.028386478
                ],
                [
                  138.958944956,
                  -4.028381784
                ],
                [
                  138.958907425,
                  -4.028342621
                ],
                [
                  138.958874557,
                  -4.028313761
                ],
                [
                  138.958873973,
                  -4.028313249
                ],
                [
                  138.95885072,
                  -4.028297339
                ],
                [
                  138.958827468,
                  -4.028281429
                ],
                [
                  138.958825836,
                  -4.028180259
                ],
                [
                  138.95881115,
                  -4.028039926
                ],
                [
                  138.958799727,
                  -4.027989341
                ],
                [
                  138.958770355,
                  -4.027930597
                ],
                [
                  138.958749142,
                  -4.027866958
                ],
                [
                  138.958723034,
                  -4.027796791
                ],
                [
                  138.958692233,
                  -4.027723841
                ],
                [
                  138.95869203,
                  -4.027723361
                ],
                [
                  138.958657763,
                  -4.027666249
                ],
                [
                  138.958621864,
                  -4.027581397
                ],
                [
                  138.95854517,
                  -4.027370897
                ],
                [
                  138.958501594,
                  -4.02712235
                ],
                [
                  138.958501112,
                  -4.027119603
                ],
                [
                  138.958468476,
                  -4.027039646
                ],
                [
                  138.958414628,
                  -4.026976007
                ],
                [
                  138.958407409,
                  -4.026966021
                ],
                [
                  138.958240027,
                  -4.026734504
                ],
                [
                  138.957982206,
                  -4.026365722
                ],
                [
                  138.957908776,
                  -4.026289028
                ],
                [
                  138.957898831,
                  -4.026284913
                ],
                [
                  138.957861455,
                  -4.026269447
                ],
                [
                  138.957766812,
                  -4.026308609
                ],
                [
                  138.957727649,
                  -4.026331454
                ],
                [
                  138.957705892,
                  -4.026331454
                ],
                [
                  138.957695014,
                  -4.026331454
                ],
                [
                  138.957693822,
                  -4.026329355
                ],
                [
                  138.957626479,
                  -4.026210703
                ],
                [
                  138.95759058,
                  -4.026148695
                ],
                [
                  138.957554681,
                  -4.026086688
                ],
                [
                  138.957505727,
                  -4.026011626
                ],
                [
                  138.957469828,
                  -4.025972463
                ],
                [
                  138.957424138,
                  -4.025939828
                ],
                [
                  138.957339286,
                  -4.025841921
                ],
                [
                  138.95715979,
                  -4.025646107
                ],
                [
                  138.957105942,
                  -4.025433976
                ],
                [
                  138.957105942,
                  -4.025386655
                ],
                [
                  138.957308341,
                  -4.025308112
                ],
                [
                  138.9573246,
                  -4.025301802
                ],
                [
                  138.957300939,
                  -4.02525652
                ],
                [
                  138.957229957,
                  -4.025120675
                ],
                [
                  138.957217718,
                  -4.025087631
                ],
                [
                  138.957213639,
                  -4.025076617
                ],
                [
                  138.957141841,
                  -4.025032559
                ],
                [
                  138.957068411,
                  -4.024988501
                ],
                [
                  138.956936656,
                  -4.024899606
                ],
                [
                  138.956937718,
                  -4.024898545
                ],
                [
                  138.956937785,
                  -4.024898479
                ],
                [
                  138.956903751,
                  -4.024875025
                ],
                [
                  138.956869717,
                  -4.02485157
                ],
                [
                  138.956869718,
                  -4.02485157
                ],
                [
                  138.95698543,
                  -4.024768048
                ],
                [
                  138.957216848,
                  -4.02460317
                ],
                [
                  138.957216848,
                  -4.02460317
                ],
                [
                  138.957216848,
                  -4.02460317
                ],
                [
                  138.957264816,
                  -4.024572133
                ],
                [
                  138.957283907,
                  -4.024559781
                ],
                [
                  138.957408338,
                  -4.024479272
                ],
                [
                  138.957630837,
                  -4.024452446
                ],
                [
                  138.957832822,
                  -4.02447296
                ],
                [
                  138.957987468,
                  -4.024474538
                ],
                [
                  138.958047093,
                  -4.024470582
                ],
                [
                  138.95814803,
                  -4.024463886
                ],
                [
                  138.958209573,
                  -4.024426014
                ],
                [
                  138.958252179,
                  -4.024384985
                ],
                [
                  138.958269537,
                  -4.02434238
                ],
                [
                  138.958286895,
                  -4.024299773
                ],
                [
                  138.958290051,
                  -4.024261901
                ],
                [
                  138.958275849,
                  -4.024220872
                ],
                [
                  138.958219041,
                  -4.02417511
                ],
                [
                  138.958126578,
                  -4.024136263
                ],
                [
                  138.958126578,
                  -4.024136263
                ],
                [
                  138.958040725,
                  -4.0241041
                ],
                [
                  138.95792866,
                  -4.024013423
                ],
                [
                  138.957841896,
                  -4.023914738
                ],
                [
                  138.957810336,
                  -4.023872131
                ],
                [
                  138.957808465,
                  -4.023870832
                ],
                [
                  138.957747644,
                  -4.023828566
                ],
                [
                  138.957717233,
                  -4.023807433
                ],
                [
                  138.957633599,
                  -4.023726955
                ],
                [
                  138.957609928,
                  -4.023700128
                ],
                [
                  138.957572056,
                  -4.023657522
                ],
                [
                  138.957545834,
                  -4.023622046
                ],
                [
                  138.957545229,
                  -4.023621228
                ],
                [
                  138.957518404,
                  -4.023584934
                ],
                [
                  138.957517758,
                  -4.023584097
                ],
                [
                  138.957491577,
                  -4.023550217
                ],
                [
                  138.957477625,
                  -4.023525412
                ],
                [
                  138.957477376,
                  -4.02352497
                ],
                [
                  138.957472641,
                  -4.023488675
                ],
                [
                  138.957485372,
                  -4.023433837
                ],
                [
                  138.957493155,
                  -4.023400307
                ],
                [
                  138.957519982,
                  -4.023345076
                ],
                [
                  138.957573634,
                  -4.023288268
                ],
                [
                  138.957630442,
                  -4.023228304
                ],
                [
                  138.957659383,
                  -4.023198048
                ],
                [
                  138.957697596,
                  -4.023158097
                ],
                [
                  138.957699875,
                  -4.023155714
                ],
                [
                  138.957743007,
                  -4.02311679
                ],
                [
                  138.957764573,
                  -4.023097328
                ],
                [
                  138.957775093,
                  -4.023090769
                ],
                [
                  138.957850186,
                  -4.023043939
                ],
                [
                  138.957850186,
                  -4.023043939
                ],
                [
                  138.957877898,
                  -4.023032095
                ],
                [
                  138.957877904,
                  -4.023032092
                ],
                [
                  138.957980302,
                  -4.022988328
                ],
                [
                  138.95808491,
                  -4.022974244
                ],
                [
                  138.958113314,
                  -4.022967931
                ],
                [
                  138.958171701,
                  -4.022926903
                ],
                [
                  138.958196948,
                  -4.022907967
                ],
                [
                  138.958223775,
                  -4.022876407
                ],
                [
                  138.958242711,
                  -4.022832222
                ],
                [
                  138.958247445,
                  -4.02276279
                ],
                [
                  138.958215884,
                  -4.022699669
                ],
                [
                  138.958181168,
                  -4.022664953
                ],
                [
                  138.958067551,
                  -4.02257974
                ],
                [
                  138.957919218,
                  -4.02248506
                ],
                [
                  138.957777198,
                  -4.022414049
                ],
                [
                  138.957603616,
                  -4.022355663
                ],
                [
                  138.957583029,
                  -4.022345633
                ],
                [
                  138.957480532,
                  -4.022295698
                ],
                [
                  138.957373227,
                  -4.022221532
                ],
                [
                  138.957218581,
                  -4.022123695
                ],
                [
                  138.957141259,
                  -4.022062153
                ],
                [
                  138.957066676,
                  -4.02201015
                ],
                [
                  138.957066675,
                  -4.022010149
                ],
                [
                  138.957030009,
                  -4.021974573
                ],
                [
                  138.957016596,
                  -4.021946958
                ],
                [
                  138.957017092,
                  -4.021943481
                ],
                [
                  138.957016806,
                  -4.021943039
                ],
                [
                  138.957017198,
                  -4.021942745
                ],
                [
                  138.957019752,
                  -4.021924865
                ],
                [
                  138.957027642,
                  -4.021909875
                ],
                [
                  138.957040819,
                  -4.021890803
                ],
                [
                  138.957040819,
                  -4.021890803
                ],
                [
                  138.957057625,
                  -4.021866479
                ],
                [
                  138.957128634,
                  -4.021835708
                ],
                [
                  138.957179132,
                  -4.021821416
                ],
                [
                  138.95721227,
                  -4.021812038
                ],
                [
                  138.957377171,
                  -4.021797047
                ],
                [
                  138.957437925,
                  -4.021786001
                ],
                [
                  138.957462585,
                  -4.021772515
                ],
                [
                  138.957488422,
                  -4.021758385
                ],
                [
                  138.957568,
                  -4.02174158
                ],
                [
                  138.957568747,
                  -4.021741422
                ],
                [
                  138.957615452,
                  -4.021731559
                ],
                [
                  138.957669104,
                  -4.021719724
                ],
                [
                  138.957722756,
                  -4.021707889
                ],
                [
                  138.957727637,
                  -4.021706339
                ],
                [
                  138.957822171,
                  -4.021676328
                ],
                [
                  138.957938944,
                  -4.021624254
                ],
                [
                  138.957974727,
                  -4.021615697
                ],
                [
                  138.957974971,
                  -4.021615514
                ],
                [
                  138.957975215,
                  -4.02161533
                ],
                [
                  138.957976617,
                  -4.021615246
                ],
                [
                  138.958011532,
                  -4.021606896
                ],
                [
                  138.958115681,
                  -4.021594272
                ],
                [
                  138.958221342,
                  -4.021582021
                ],
                [
                  138.958224564,
                  -4.021581648
                ],
                [
                  138.958330291,
                  -4.021589538
                ],
                [
                  138.958376826,
                  -4.021588626
                ],
                [
                  138.958410769,
                  -4.02158796
                ],
                [
                  138.958631691,
                  -4.021557978
                ],
                [
                  138.958718482,
                  -4.021542198
                ],
                [
                  138.958805272,
                  -4.021526418
                ],
                [
                  138.95881474,
                  -4.021522867
                ],
                [
                  138.958843145,
                  -4.021512216
                ],
                [
                  138.958885751,
                  -4.021491701
                ],
                [
                  138.958912577,
                  -4.021479077
                ],
                [
                  138.95898201,
                  -4.021449095
                ],
                [
                  138.959016726,
                  -4.021432526
                ],
                [
                  138.959051442,
                  -4.021415957
                ],
                [
                  138.959073534,
                  -4.021411223
                ],
                [
                  138.959117718,
                  -4.021401755
                ],
                [
                  138.959209243,
                  -4.021390708
                ],
                [
                  138.959286566,
                  -4.021400177
                ],
                [
                  138.959343374,
                  -4.021392287
                ],
                [
                  138.959400183,
                  -4.021384397
                ],
                [
                  138.959499597,
                  -4.021360727
                ],
                [
                  138.959591054,
                  -4.021327896
                ],
                [
                  138.959600692,
                  -4.021334729
                ],
                [
                  138.95961033,
                  -4.021341561
                ],
                [
                  138.959664659,
                  -4.021376505
                ],
                [
                  138.960074827,
                  -4.021640322
                ],
                [
                  138.960217312,
                  -4.021731967
                ],
                [
                  138.960782096,
                  -4.022095232
                ],
                [
                  138.961689512,
                  -4.022678875
                ],
                [
                  138.961690346,
                  -4.022678762
                ],
                [
                  138.969824779,
                  -4.021574493
                ],
                [
                  138.969824787,
                  -4.021574486
                ],
                [
                  138.986390074,
                  -4.007732715
                ],
                [
                  139.005120554,
                  -3.992081255
                ],
                [
                  139.005262105,
                  -3.992229265
                ],
                [
                  139.005471179,
                  -3.992447878
                ],
                [
                  139.006125601,
                  -3.992790505
                ],
                [
                  139.006624925,
                  -3.992835098
                ],
                [
                  139.007010241,
                  -3.992869509
                ],
                [
                  139.007010242,
                  -3.992869509
                ],
                [
                  139.007231362,
                  -3.992856523
                ],
                [
                  139.007952602,
                  -3.992814163
                ],
                [
                  139.008766997,
                  -3.992780197
                ],
                [
                  139.008823167,
                  -3.992777855
                ],
                [
                  139.010041622,
                  -3.992841769
                ],
                [
                  139.01007134,
                  -3.992843328
                ],
                [
                  139.010297122,
                  -3.992781842
                ],
                [
                  139.010297123,
                  -3.992781842
                ],
                [
                  139.010888304,
                  -3.99262085
                ],
                [
                  139.011827292,
                  -3.991937802
                ],
                [
                  139.013007698,
                  -3.990892975
                ],
                [
                  139.014095571,
                  -3.989729761
                ],
                [
                  139.0149762,
                  -3.988849628
                ],
                [
                  139.015904039,
                  -3.987906589
                ],
                [
                  139.016760776,
                  -3.987176067
                ],
                [
                  139.017546133,
                  -3.986772283
                ],
                [
                  139.019178582,
                  -3.986386296
                ],
                [
                  139.02015291,
                  -3.98568362
                ],
                [
                  139.0212266,
                  -3.985275006
                ],
                [
                  139.022835506,
                  -3.985419168
                ],
                [
                  139.023818472,
                  -3.985861813
                ],
                [
                  139.024771646,
                  -3.985883321
                ],
                [
                  139.025501659,
                  -3.984981478
                ],
                [
                  139.025906676,
                  -3.983816115
                ],
                [
                  139.026150283,
                  -3.982946246
                ],
                [
                  139.02664199,
                  -3.981730936
                ],
                [
                  139.027321208,
                  -3.981147716
                ],
                [
                  139.028615277,
                  -3.981218453
                ],
                [
                  139.029223367,
                  -3.981056604
                ],
                [
                  139.030017309,
                  -3.980699894
                ],
                [
                  139.031419497,
                  -3.980401936
                ],
                [
                  139.033007395,
                  -3.980446906
                ],
                [
                  139.034465724,
                  -3.980713425
                ],
                [
                  139.036766978,
                  -3.980864949
                ],
                [
                  139.037834068,
                  -3.98065154
                ],
                [
                  139.038906011,
                  -3.980285781
                ],
                [
                  139.039952971,
                  -3.980049265
                ],
                [
                  139.041768578,
                  -3.97987712
                ],
                [
                  139.04269331,
                  -3.97959208
                ],
                [
                  139.043097195,
                  -3.978692895
                ],
                [
                  139.043120729,
                  -3.9775143
                ],
                [
                  139.043032724,
                  -3.976583586
                ],
                [
                  139.042448221,
                  -3.975465131
                ],
                [
                  139.042124292,
                  -3.975071827
                ],
                [
                  139.041593702,
                  -3.974089912
                ],
                [
                  139.041545876,
                  -3.973362184
                ],
                [
                  139.04177524,
                  -3.972559418
                ],
                [
                  139.042247717,
                  -3.971736666
                ],
                [
                  139.043061135,
                  -3.970780238
                ],
                [
                  139.043878479,
                  -3.970108073
                ],
                [
                  139.045155043,
                  -3.96969187
                ],
                [
                  139.046016806,
                  -3.970143031
                ],
                [
                  139.046504351,
                  -3.970925692
                ],
                [
                  139.04705668,
                  -3.971655478
                ],
                [
                  139.048120377,
                  -3.971740143
                ],
                [
                  139.048945129,
                  -3.971332656
                ],
                [
                  139.049975854,
                  -3.970307269
                ],
                [
                  139.050641776,
                  -3.969048083
                ],
                [
                  139.051057183,
                  -3.967768453
                ],
                [
                  139.051426046,
                  -3.966295781
                ],
                [
                  139.051975442,
                  -3.965340694
                ],
                [
                  139.052823689,
                  -3.96429277
                ],
                [
                  139.054357007,
                  -3.963132335
                ],
                [
                  139.055507705,
                  -3.962334126
                ],
                [
                  139.057045547,
                  -3.961319618
                ],
                [
                  139.058563884,
                  -3.960467515
                ],
                [
                  139.059290793,
                  -3.959640447
                ],
                [
                  139.059592961,
                  -3.958739265
                ],
                [
                  139.06012041,
                  -3.957999816
                ],
                [
                  139.06099689,
                  -3.957640377
                ],
                [
                  139.061672214,
                  -3.957518705
                ],
                [
                  139.062897521,
                  -3.957376702
                ],
                [
                  139.064079804,
                  -3.956811706
                ],
                [
                  139.064718882,
                  -3.956154947
                ],
                [
                  139.065073376,
                  -3.95525182
                ],
                [
                  139.065208502,
                  -3.954069295
                ],
                [
                  139.065750398,
                  -3.953409413
                ],
                [
                  139.066812891,
                  -3.953104478
                ],
                [
                  139.069595097,
                  -3.95217168
                ],
                [
                  139.071895006,
                  -3.951198036
                ],
                [
                  139.074221323,
                  -3.950221053
                ],
                [
                  139.075903442,
                  -3.950013613
                ],
                [
                  139.078504792,
                  -3.949980848
                ],
                [
                  139.080512044,
                  -3.949766974
                ],
                [
                  139.081998942,
                  -3.949595893
                ],
                [
                  139.083208828,
                  -3.949362721
                ],
                [
                  139.083285472,
                  -3.94820077
                ],
                [
                  139.083287852,
                  -3.947163224
                ],
                [
                  139.083271794,
                  -3.945823019
                ],
                [
                  139.083240755,
                  -3.94475749
                ],
                [
                  139.083053124,
                  -3.943151303
                ],
                [
                  139.082298924,
                  -3.94181099
                ],
                [
                  139.081250692,
                  -3.940769415
                ],
                [
                  139.08043475,
                  -3.939936525
                ],
                [
                  139.079853103,
                  -3.939128197
                ],
                [
                  139.079224976,
                  -3.937733739
                ],
                [
                  139.079170469,
                  -3.936475106
                ],
                [
                  139.079226204,
                  -3.935736968
                ],
                [
                  139.083366071,
                  -3.93833987
                ],
                [
                  139.083951802,
                  -3.939690497
                ],
                [
                  139.08503458,
                  -3.941185807
                ],
                [
                  139.086975935,
                  -3.942223772
                ],
                [
                  139.089547855,
                  -3.942516779
                ],
                [
                  139.092291287,
                  -3.942810174
                ],
                [
                  139.094059849,
                  -3.944421892
                ],
                [
                  139.095314552,
                  -3.945745348
                ],
                [
                  139.097425617,
                  -3.947587517
                ],
                [
                  139.099022823,
                  -3.949141424
                ],
                [
                  139.102108266,
                  -3.949894915
                ],
                [
                  139.104623849,
                  -3.949843261
                ],
                [
                  139.10753832,
                  -3.950366678
                ],
                [
                  139.111139616,
                  -3.950547153
                ],
                [
                  139.113881298,
                  -3.951644323
                ],
                [
                  139.115878614,
                  -3.953256545
                ],
                [
                  139.117763542,
                  -3.954007256
                ],
                [
                  139.119535688,
                  -3.954068704
                ],
                [
                  139.120851767,
                  -3.953554943
                ],
                [
                  139.121711259,
                  -3.952695639
                ],
                [
                  139.121656803,
                  -3.951489758
                ],
                [
                  139.121487877,
                  -3.950341034
                ],
                [
                  139.121206806,
                  -3.948215966
                ],
                [
                  139.121210678,
                  -3.946493464
                ],
                [
                  139.121215194,
                  -3.944483878
                ],
                [
                  139.121849088,
                  -3.942246049
                ],
                [
                  139.123111195,
                  -3.940296725
                ],
                [
                  139.124617084,
                  -3.938719511
                ],
                [
                  139.125615501,
                  -3.942089494
                ],
                [
                  139.126434501,
                  -3.943347346
                ],
                [
                  139.128253734,
                  -3.944715114
                ],
                [
                  139.131572884,
                  -3.946445123
                ],
                [
                  139.136142014,
                  -3.948465026
                ],
                [
                  139.139783671,
                  -3.949800996
                ],
                [
                  139.141888083,
                  -3.951492366
                ],
                [
                  139.143846704,
                  -3.954475308
                ],
                [
                  139.145164474,
                  -3.956416116
                ],
                [
                  139.147768127,
                  -3.958575125
                ],
                [
                  139.150943511,
                  -3.960735413
                ],
                [
                  139.152547484,
                  -3.962533316
                ],
                [
                  139.155902279,
                  -3.964371022
                ],
                [
                  139.159673691,
                  -3.965860367
                ],
                [
                  139.161020279,
                  -3.968320847
                ],
                [
                  139.163480759,
                  -3.972047806
                ],
                [
                  139.165937423,
                  -3.974664688
                ],
                [
                  139.168443679,
                  -3.978034973
                ],
                [
                  139.170507431,
                  -3.978273392
                ],
                [
                  139.172094345,
                  -3.978986741
                ],
                [
                  139.173601151,
                  -3.980413437
                ],
                [
                  139.17486763,
                  -3.981920242
                ],
                [
                  139.176534653,
                  -3.983745575
                ],
                [
                  139.179231644,
                  -3.985807419
                ],
                [
                  139.182245255,
                  -3.988504409
                ],
                [
                  139.184545517,
                  -3.990091324
                ],
                [
                  139.187162399,
                  -3.991279602
                ],
                [
                  139.189669158,
                  -3.991385099
                ],
                [
                  139.188488689,
                  -3.993960007
                ],
                [
                  139.185979654,
                  -3.997423521
                ],
                [
                  139.183951798,
                  -3.998734874
                ],
                [
                  139.180970486,
                  -4.000283344
                ],
                [
                  139.178704389,
                  -4.001594146
                ],
                [
                  139.177034393,
                  -4.002667025
                ],
                [
                  139.176435374,
                  -4.004220779
                ],
                [
                  139.176430606,
                  -4.006373971
                ],
                [
                  139.177139737,
                  -4.008887625
                ],
                [
                  139.17737585,
                  -4.009845132
                ],
                [
                  139.177551874,
                  -4.01104175
                ],
                [
                  139.177845025,
                  -4.013135798
                ],
                [
                  139.177901268,
                  -4.014631204
                ],
                [
                  139.178374289,
                  -4.016187354
                ],
                [
                  139.179621973,
                  -4.017565804
                ],
                [
                  139.180631824,
                  -4.018764287
                ],
                [
                  139.181521497,
                  -4.020440993
                ],
                [
                  139.179984821,
                  -4.021588407
                ],
                [
                  139.183063675,
                  -4.023315385
                ],
                [
                  139.185503892,
                  -4.024098385
                ],
                [
                  139.188122267,
                  -4.025121022
                ],
                [
                  139.189548,
                  -4.026798925
                ],
                [
                  139.188831165,
                  -4.027754312
                ],
                [
                  139.187577891,
                  -4.028887935
                ],
                [
                  139.187694893,
                  -4.02984518
                ],
                [
                  139.18831332,
                  -4.030593811
                ],
                [
                  139.189594329,
                  -4.032780187
                ],
                [
                  139.191495499,
                  -4.034937648
                ],
                [
                  139.194886226,
                  -4.036859182
                ],
                [
                  139.1968483,
                  -4.038418658
                ],
                [
                  139.197855953,
                  -4.040633939
                ],
                [
                  139.19906044,
                  -4.042835235
                ],
                [
                  139.199493281,
                  -4.043874917
                ],
                [
                  139.202550749,
                  -4.045429338
                ],
                [
                  139.205644799,
                  -4.046871701
                ],
                [
                  139.207249812,
                  -4.048310754
                ],
                [
                  139.208613294,
                  -4.051244576
                ],
                [
                  139.208607895,
                  -4.053696863
                ],
                [
                  139.209140798,
                  -4.055133539
                ],
                [
                  139.209733659,
                  -4.056390912
                ],
                [
                  139.21044512,
                  -4.057887797
                ],
                [
                  139.212169549,
                  -4.059207493
                ],
                [
                  139.215145993,
                  -4.059991653
                ],
                [
                  139.217647516,
                  -4.060057003
                ],
                [
                  139.220445418,
                  -4.06078094
                ],
                [
                  139.2230649,
                  -4.061384849
                ],
                [
                  139.225029321,
                  -4.061927495
                ],
                [
                  139.22746908,
                  -4.063009499
                ],
                [
                  139.230146844,
                  -4.064211648
                ],
                [
                  139.232824748,
                  -4.065353979
                ],
                [
                  139.234072991,
                  -4.066552979
                ],
                [
                  139.235022504,
                  -4.068170015
                ],
                [
                  139.235850938,
                  -4.07068398
                ],
                [
                  139.235786162,
                  -4.073076359
                ],
                [
                  139.234874752,
                  -4.075837718
                ],
                [
                  139.236870921,
                  -4.078234628
                ],
                [
                  139.238869186,
                  -4.079674533
                ],
                [
                  139.240391978,
                  -4.080634887
                ],
                [
                  139.242295576,
                  -4.081787477
                ],
                [
                  139.245723858,
                  -4.083039107
                ],
                [
                  139.247150324,
                  -4.084477751
                ],
                [
                  139.248763875,
                  -4.087543728
                ],
                [
                  139.249711121,
                  -4.090225443
                ],
                [
                  139.251706744,
                  -4.092909454
                ],
                [
                  139.252940338,
                  -4.095400395
                ],
                [
                  139.253410644,
                  -4.098272474
                ],
                [
                  139.254831537,
                  -4.102295056
                ],
                [
                  139.25577818,
                  -4.105263883
                ],
                [
                  139.257201369,
                  -4.108233756
                ],
                [
                  139.257672096,
                  -4.110914438
                ],
                [
                  139.257475656,
                  -4.113593661
                ],
                [
                  139.256804119,
                  -4.115601927
                ],
                [
                  139.255656443,
                  -4.117417743
                ],
                [
                  139.254890418,
                  -4.119042989
                ],
                [
                  139.25279151,
                  -4.119995391
                ],
                [
                  139.251741008,
                  -4.120950094
                ],
                [
                  139.251641935,
                  -4.122672504
                ],
                [
                  139.25173327,
                  -4.124491035
                ],
                [
                  139.251062118,
                  -4.126307883
                ],
                [
                  139.250010347,
                  -4.127836786
                ],
                [
                  139.247431916,
                  -4.13012792
                ],
                [
                  139.24523724,
                  -4.131271475
                ],
                [
                  139.242759786,
                  -4.130978878
                ],
                [
                  139.240000835,
                  -4.128675927
                ],
                [
                  139.237811863,
                  -4.12723555
                ],
                [
                  139.234574279,
                  -4.125888536
                ],
                [
                  139.231718795,
                  -4.124159562
                ],
                [
                  139.229624741,
                  -4.122910786
                ],
                [
                  139.227148399,
                  -4.122139654
                ],
                [
                  139.224765251,
                  -4.122325727
                ],
                [
                  139.222857373,
                  -4.123087057
                ],
                [
                  139.220794509,
                  -4.123895884
                ],
                [
                  139.221360774,
                  -4.126409278
                ],
                [
                  139.221069892,
                  -4.128633649
                ],
                [
                  139.220281351,
                  -4.129636728
                ],
                [
                  139.218778304,
                  -4.130494648
                ],
                [
                  139.217347379,
                  -4.131065628
                ],
                [
                  139.215558401,
                  -4.131922895
                ],
                [
                  139.214411153,
                  -4.133499352
                ],
                [
                  139.213619221,
                  -4.136009678
                ],
                [
                  139.213327983,
                  -4.138377585
                ],
                [
                  139.213730488,
                  -4.139657729
                ],
                [
                  139.214321662,
                  -4.141537916
                ],
                [
                  139.214961308,
                  -4.143190181
                ],
                [
                  139.216387271,
                  -4.144844223
                ],
                [
                  139.218099015,
                  -4.146570686
                ],
                [
                  139.220167864,
                  -4.148441504
                ],
                [
                  139.221165265,
                  -4.149951028
                ],
                [
                  139.220376368,
                  -4.151097646
                ],
                [
                  139.219944569,
                  -4.152388619
                ],
                [
                  139.220228576,
                  -4.15325056
                ],
                [
                  139.220226484,
                  -4.154183629
                ],
                [
                  139.219366417,
                  -4.155186532
                ],
                [
                  139.218077926,
                  -4.15597314
                ],
                [
                  139.21707537,
                  -4.156760392
                ],
                [
                  139.216143651,
                  -4.157834902
                ],
                [
                  139.214353629,
                  -4.159122786
                ],
                [
                  139.212207636,
                  -4.159763882
                ],
                [
                  139.210919457,
                  -4.160406923
                ],
                [
                  139.210415987,
                  -4.161769493
                ],
                [
                  139.210626387,
                  -4.163564335
                ],
                [
                  139.210979758,
                  -4.165359503
                ],
                [
                  139.211689744,
                  -4.167514357
                ],
                [
                  139.212256598,
                  -4.169740659
                ],
                [
                  139.21220387,
                  -4.17199679
                ],
                [
                  139.212215485,
                  -4.172009591
                ],
                [
                  139.214148698,
                  -4.174140066
                ],
                [
                  139.215397914,
                  -4.176697986
                ],
                [
                  139.215695347,
                  -4.178423096
                ],
                [
                  139.215100483,
                  -4.180505124
                ],
                [
                  139.213553833,
                  -4.181813827
                ],
                [
                  139.212350444,
                  -4.185050291
                ],
                [
                  139.21030518,
                  -4.184106323
                ],
                [
                  139.208483819,
                  -4.183265695
                ],
                [
                  139.205360777,
                  -4.183563128
                ],
                [
                  139.203873615,
                  -4.184604142
                ],
                [
                  139.201196721,
                  -4.183563128
                ],
                [
                  139.198965976,
                  -4.181332383
                ],
                [
                  139.196140366,
                  -4.179547788
                ],
                [
                  139.19316604,
                  -4.179547788
                ],
                [
                  139.189745564,
                  -4.179993937
                ],
                [
                  139.185432792,
                  -4.179993937
                ],
                [
                  139.18022772,
                  -4.179250355
                ],
                [
                  139.177699543,
                  -4.179993937
                ],
                [
                  139.172643188,
                  -4.178952923
                ],
                [
                  139.167884266,
                  -4.17746576
                ],
                [
                  139.16044845,
                  -4.176870895
                ],
                [
                  139.155689529,
                  -4.176573462
                ],
                [
                  139.148997294,
                  -4.176573462
                ],
                [
                  139.142602493,
                  -4.176870895
                ],
                [
                  139.133530797,
                  -4.176870895
                ],
                [
                  139.1253514,
                  -4.17627603
                ],
                [
                  139.116279705,
                  -4.175383732
                ],
                [
                  139.109290039,
                  -4.175383732
                ],
                [
                  139.103638819,
                  -4.175532449
                ],
                [
                  139.098433747,
                  -4.17627603
                ],
                [
                  139.093674825,
                  -4.177168329
                ],
                [
                  139.091140983,
                  -4.177947975
                ],
                [
                  139.086148052,
                  -4.178091553
                ],
                [
                  139.083824483,
                  -4.178265294
                ],
                [
                  139.080846109,
                  -4.178257999
                ],
                [
                  139.078879222,
                  -4.178731636
                ],
                [
                  139.076850871,
                  -4.179982615
                ],
                [
                  139.075536887,
                  -4.181414765
                ],
                [
                  139.074580157,
                  -4.182907598
                ],
                [
                  139.074098648,
                  -4.184939867
                ],
                [
                  139.073915704,
                  -4.186673832
                ],
                [
                  139.073496535,
                  -4.18756991
                ],
                [
                  139.072481687,
                  -4.188464518
                ],
                [
                  139.070930871,
                  -4.189297992
                ],
                [
                  139.068784667,
                  -4.190010374
                ],
                [
                  139.06598395,
                  -4.190422092
                ],
                [
                  139.062409739,
                  -4.190473036
                ],
                [
                  139.05913588,
                  -4.189507992
                ],
                [
                  139.057290616,
                  -4.188965142
                ],
                [
                  139.055681855,
                  -4.189140559
                ],
                [
                  139.05383379,
                  -4.189734022
                ],
                [
                  139.052344608,
                  -4.189730309
                ],
                [
                  139.050854982,
                  -4.189906011
                ],
                [
                  139.048472147,
                  -4.189959866
                ],
                [
                  139.046685133,
                  -4.189955397
                ],
                [
                  139.045135944,
                  -4.190130939
                ],
                [
                  139.043823685,
                  -4.190845329
                ],
                [
                  139.041975173,
                  -4.191618177
                ],
                [
                  139.039293466,
                  -4.192089894
                ],
                [
                  139.036492776,
                  -4.192501494
                ],
                [
                  139.033693133,
                  -4.192494444
                ],
                [
                  139.031252093,
                  -4.192009841
                ],
                [
                  139.028574292,
                  -4.190926576
                ],
                [
                  139.025836636,
                  -4.189962765
                ],
                [
                  139.023514902,
                  -4.18941864
                ],
                [
                  139.021609235,
                  -4.189234397
                ],
                [
                  139.019642802,
                  -4.18952844
                ],
                [
                  139.01839071,
                  -4.190003708
                ],
                [
                  139.0168996,
                  -4.190777391
                ],
                [
                  139.01587344,
                  -4.191336282
                ],
                [
                  139.015784224,
                  -4.191342331
                ],
                [
                  139.015648481,
                  -4.191359693
                ],
                [
                  139.015185794,
                  -4.191418874
                ],
                [
                  139.014643033,
                  -4.191474542
                ],
                [
                  139.013954143,
                  -4.19139104
                ],
                [
                  139.013446174,
                  -4.191272745
                ],
                [
                  139.013299704,
                  -4.191196023
                ],
                [
                  139.012715533,
                  -4.190890029
                ],
                [
                  139.012235398,
                  -4.190535146
                ],
                [
                  139.011880516,
                  -4.190131555
                ],
                [
                  139.011282086,
                  -4.189254786
                ],
                [
                  139.010683657,
                  -4.188301474
                ],
                [
                  139.010433151,
                  -4.18781438
                ],
                [
                  139.010280064,
                  -4.187243784
                ],
                [
                  139.010207809,
                  -4.187087712
                ],
                [
                  139.010106103,
                  -4.186868026
                ],
                [
                  139.009925182,
                  -4.186680148
                ],
                [
                  139.009752771,
                  -4.186570954
                ],
                [
                  139.009716428,
                  -4.186547936
                ],
                [
                  139.009347628,
                  -4.186422684
                ],
                [
                  139.009220439,
                  -4.186346912
                ],
                [
                  139.00902058,
                  -4.186227846
                ],
                [
                  139.008797908,
                  -4.185886881
                ],
                [
                  139.008714406,
                  -4.185434579
                ],
                [
                  139.008756157,
                  -4.185030987
                ],
                [
                  139.008832701,
                  -4.184634353
                ],
                [
                  139.008825742,
                  -4.184356014
                ],
                [
                  139.008777032,
                  -4.184182053
                ],
                [
                  139.008589153,
                  -4.183834128
                ],
                [
                  139.008164686,
                  -4.183291367
                ],
                [
                  139.007608007,
                  -4.182623352
                ],
                [
                  139.007086122,
                  -4.181920546
                ],
                [
                  139.00640419,
                  -4.181106403
                ],
                [
                  139.006261431,
                  -4.18088498
                ],
                [
                  139.006111264,
                  -4.180652068
                ],
                [
                  139.006063225,
                  -4.180577558
                ],
                [
                  139.0057153,
                  -4.180041755
                ],
                [
                  139.005276916,
                  -4.179325032
                ],
                [
                  139.00521466,
                  -4.179206448
                ],
                [
                  139.00498466,
                  -4.178768353
                ],
                [
                  139.004588027,
                  -4.178135131
                ],
                [
                  139.00434448,
                  -4.177877667
                ],
                [
                  139.004249449,
                  -4.17775294
                ],
                [
                  139.004121808,
                  -4.177585412
                ],
                [
                  139.004010473,
                  -4.17722357
                ],
                [
                  139.003940887,
                  -4.176479013
                ],
                [
                  139.003794759,
                  -4.175553534
                ],
                [
                  139.003674748,
                  -4.174968482
                ],
                [
                  139.00365265,
                  -4.174860753
                ],
                [
                  139.003627755,
                  -4.174739392
                ],
                [
                  139.003523379,
                  -4.173723454
                ],
                [
                  139.003453794,
                  -4.173159817
                ],
                [
                  139.003272874,
                  -4.172512678
                ],
                [
                  139.003189372,
                  -4.172164753
                ],
                [
                  139.003272874,
                  -4.171733328
                ],
                [
                  139.003282359,
                  -4.171644795
                ],
                [
                  139.003293749,
                  -4.17153849
                ],
                [
                  139.003293748,
                  -4.171364528
                ],
                [
                  139.003245039,
                  -4.171190566
                ],
                [
                  139.00314814,
                  -4.171085915
                ],
                [
                  139.003071077,
                  -4.171002687
                ],
                [
                  139.002869281,
                  -4.170626929
                ],
                [
                  139.002583983,
                  -4.16988933
                ],
                [
                  139.002357028,
                  -4.169247369
                ],
                [
                  139.002340436,
                  -4.169200441
                ],
                [
                  139.002180687,
                  -4.168949853
                ],
                [
                  139.001985554,
                  -4.168643761
                ],
                [
                  139.001519336,
                  -4.168031415
                ],
                [
                  139.001046159,
                  -4.167412111
                ],
                [
                  139.000684318,
                  -4.166890224
                ],
                [
                  139.000412937,
                  -4.166284836
                ],
                [
                  139.00016939,
                  -4.165470693
                ],
                [
                  138.999960636,
                  -4.164760929
                ],
                [
                  138.999849553,
                  -4.164538764
                ],
                [
                  138.999786673,
                  -4.164413005
                ],
                [
                  138.999487459,
                  -4.164085956
                ],
                [
                  138.999062992,
                  -4.163786741
                ],
                [
                  138.998179264,
                  -4.163438817
                ],
                [
                  138.998032324,
                  -4.163394096
                ],
                [
                  138.997058948,
                  -4.163097851
                ],
                [
                  138.996189138,
                  -4.162937806
                ],
                [
                  138.995096657,
                  -4.162805596
                ],
                [
                  138.993899798,
                  -4.162673384
                ],
                [
                  138.993141323,
                  -4.162471588
                ],
                [
                  138.992396766,
                  -4.162165415
                ],
                [
                  138.992014049,
                  -4.162019287
                ],
                [
                  138.991742669,
                  -4.161970577
                ],
                [
                  138.991220782,
                  -4.161935785
                ],
                [
                  138.990114383,
                  -4.161657446
                ],
                [
                  138.989446369,
                  -4.161525235
                ],
                [
                  138.989063653,
                  -4.161260812
                ],
                [
                  138.98879923,
                  -4.160787635
                ],
                [
                  138.988639185,
                  -4.16026575
                ],
                [
                  138.98838868,
                  -4.159876074
                ],
                [
                  138.98792942,
                  -4.159507275
                ],
                [
                  138.987240531,
                  -4.159235893
                ],
                [
                  138.986544682,
                  -4.159061932
                ],
                [
                  138.986217633,
                  -4.159034098
                ],
                [
                  138.985765332,
                  -4.159103683
                ],
                [
                  138.985333906,
                  -4.159082807
                ],
                [
                  138.985013816,
                  -4.158950596
                ],
                [
                  138.984700685,
                  -4.158693132
                ],
                [
                  138.984394511,
                  -4.158254748
                ],
                [
                  138.983977002,
                  -4.157440605
                ],
                [
                  138.983734833,
                  -4.15707488
                ],
                [
                  138.983636037,
                  -4.156925678
                ],
                [
                  138.983475991,
                  -4.156480335
                ],
                [
                  138.983427282,
                  -4.156034992
                ],
                [
                  138.983441199,
                  -4.155144306
                ],
                [
                  138.983538618,
                  -4.154608503
                ],
                [
                  138.983775206,
                  -4.154149244
                ],
                [
                  138.983876582,
                  -4.154011477
                ],
                [
                  138.984046587,
                  -4.153780443
                ],
                [
                  138.98417184,
                  -4.153495146
                ],
                [
                  138.984157923,
                  -4.153216807
                ],
                [
                  138.983997878,
                  -4.152875841
                ],
                [
                  138.983629078,
                  -4.152507042
                ],
                [
                  138.9830724,
                  -4.1521452
                ],
                [
                  138.982181714,
                  -4.151790318
                ],
                [
                  138.981485865,
                  -4.151630273
                ],
                [
                  138.981230655,
                  -4.151607072
                ],
                [
                  138.980950063,
                  -4.151581563
                ],
                [
                  138.980567346,
                  -4.151630273
                ],
                [
                  138.980191587,
                  -4.151720733
                ],
                [
                  138.979899765,
                  -4.151824087
                ],
                [
                  138.979189567,
                  -4.152075616
                ],
                [
                  138.97756824,
                  -4.152604461
                ],
                [
                  138.976635803,
                  -4.152903675
                ],
                [
                  138.975988664,
                  -4.153001094
                ],
                [
                  138.97545982,
                  -4.153001094
                ],
                [
                  138.974868349,
                  -4.152931509
                ],
                [
                  138.974054207,
                  -4.152764505
                ],
                [
                  138.973608864,
                  -4.152681004
                ],
                [
                  138.973093936,
                  -4.15265317
                ],
                [
                  138.972634677,
                  -4.152597502
                ],
                [
                  138.972335462,
                  -4.152493125
                ],
                [
                  138.972084956,
                  -4.152340038
                ],
                [
                  138.971999469,
                  -4.152235553
                ],
                [
                  138.971834451,
                  -4.152033865
                ],
                [
                  138.971800673,
                  -4.151924086
                ],
                [
                  138.971736363,
                  -4.15171508
                ],
                [
                  138.971667447,
                  -4.151491104
                ],
                [
                  138.971625696,
                  -4.150990093
                ],
                [
                  138.971653531,
                  -4.150377746
                ],
                [
                  138.971848368,
                  -4.149320057
                ],
                [
                  138.972098873,
                  -4.14866596
                ],
                [
                  138.972544216,
                  -4.14792836
                ],
                [
                  138.972975642,
                  -4.147107259
                ],
                [
                  138.973128729,
                  -4.146648
                ],
                [
                  138.973142646,
                  -4.146327909
                ],
                [
                  138.973114811,
                  -4.146063487
                ],
                [
                  138.973064262,
                  -4.14592628
                ],
                [
                  138.973017393,
                  -4.145799064
                ],
                [
                  138.972836473,
                  -4.145618144
                ],
                [
                  138.97243288,
                  -4.145395473
                ],
                [
                  138.972084956,
                  -4.145200635
                ],
                [
                  138.971723115,
                  -4.144908379
                ],
                [
                  138.971526226,
                  -4.144676744
                ],
                [
                  138.971486527,
                  -4.14463004
                ],
                [
                  138.971110769,
                  -4.143920274
                ],
                [
                  138.971010271,
                  -4.143642233
                ],
                [
                  138.97069326,
                  -4.142765166
                ],
                [
                  138.970621928,
                  -4.142570625
                ],
                [
                  138.970234,
                  -4.141512639
                ],
                [
                  138.970202561,
                  -4.14135859
                ],
                [
                  138.97009483,
                  -4.140830709
                ],
                [
                  138.970016008,
                  -4.140492899
                ],
                [
                  138.969997412,
                  -4.1404132
                ],
                [
                  138.970010119,
                  -4.140293755
                ],
                [
                  138.970066996,
                  -4.139759102
                ],
                [
                  138.97011769,
                  -4.139483909
                ],
                [
                  138.970164415,
                  -4.139230257
                ],
                [
                  138.970373169,
                  -4.138520493
                ],
                [
                  138.970498422,
                  -4.137713309
                ],
                [
                  138.970508842,
                  -4.137605206
                ],
                [
                  138.970532907,
                  -4.137355531
                ],
                [
                  138.970609758,
                  -4.1365582
                ],
                [
                  138.970735011,
                  -4.135862353
                ],
                [
                  138.971082187,
                  -4.134273759
                ],
                [
                  138.971194271,
                  -4.13376089
                ],
                [
                  138.971305606,
                  -4.132438779
                ],
                [
                  138.971266778,
                  -4.131921068
                ],
                [
                  138.97126605,
                  -4.131911367
                ],
                [
                  138.971222105,
                  -4.131325422
                ],
                [
                  138.971195393,
                  -4.13114512
                ],
                [
                  138.971124445,
                  -4.130666221
                ],
                [
                  138.971113139,
                  -4.130589903
                ],
                [
                  138.971059922,
                  -4.130230689
                ],
                [
                  138.970999433,
                  -4.12982239
                ],
                [
                  138.970945365,
                  -4.129595304
                ],
                [
                  138.970860263,
                  -4.129237877
                ],
                [
                  138.97055409,
                  -4.12872295
                ],
                [
                  138.970514138,
                  -4.128679668
                ],
                [
                  138.969886076,
                  -4.127999268
                ],
                [
                  138.969423954,
                  -4.12756318
                ],
                [
                  138.96942055,
                  -4.127559969
                ],
                [
                  138.968897971,
                  -4.127066831
                ],
                [
                  138.96821604,
                  -4.126440568
                ],
                [
                  138.96757586,
                  -4.125730802
                ],
                [
                  138.967088766,
                  -4.125257625
                ],
                [
                  138.966782593,
                  -4.125104539
                ],
                [
                  138.966518171,
                  -4.125062788
                ],
                [
                  138.96601716,
                  -4.125062788
                ],
                [
                  138.96541873,
                  -4.124996682
                ],
                [
                  138.965418401,
                  -4.124997698
                ],
                [
                  138.965370557,
                  -4.12498219
                ],
                [
                  138.964977222,
                  -4.12478911
                ],
                [
                  138.964685155,
                  -4.124596289
                ],
                [
                  138.964404485,
                  -4.124347006
                ],
                [
                  138.964320076,
                  -4.124209308
                ],
                [
                  138.964258812,
                  -4.124109368
                ],
                [
                  138.964158205,
                  -4.123849249
                ],
                [
                  138.964091641,
                  -4.123476234
                ],
                [
                  138.964086603,
                  -4.123408198
                ],
                [
                  138.964069885,
                  -4.123182423
                ],
                [
                  138.964070575,
                  -4.122911265
                ],
                [
                  138.96412815,
                  -4.122609103
                ],
                [
                  138.964371602,
                  -4.121714581
                ],
                [
                  138.964484114,
                  -4.121301178
                ],
                [
                  138.964490114,
                  -4.121279132
                ],
                [
                  138.964626888,
                  -4.120776579
                ],
                [
                  138.964708022,
                  -4.120528058
                ],
                [
                  138.964653396,
                  -4.12007898
                ],
                [
                  138.964514863,
                  -4.119672618
                ],
                [
                  138.964330154,
                  -4.11905384
                ],
                [
                  138.964265505,
                  -4.1186013
                ],
                [
                  138.964302447,
                  -4.118176467
                ],
                [
                  138.964431743,
                  -4.117058972
                ],
                [
                  138.964588747,
                  -4.116200071
                ],
                [
                  138.964690338,
                  -4.115710589
                ],
                [
                  138.964681102,
                  -4.115054869
                ],
                [
                  138.964670241,
                  -4.115016516
                ],
                [
                  138.964442856,
                  -4.114213575
                ],
                [
                  138.964216762,
                  -4.113722415
                ],
                [
                  138.964216751,
                  -4.113722383
                ],
                [
                  138.964184129,
                  -4.11362924
                ],
                [
                  138.963940033,
                  -4.112932299
                ],
                [
                  138.963927176,
                  -4.112834069
                ],
                [
                  138.96384889,
                  -4.112235951
                ],
                [
                  138.963842529,
                  -4.112186437
                ],
                [
                  138.963835234,
                  -4.112129647
                ],
                [
                  138.963678529,
                  -4.111776224
                ],
                [
                  138.963678525,
                  -4.111776213
                ],
                [
                  138.963501108,
                  -4.111295038
                ],
                [
                  138.963501075,
                  -4.111294948
                ],
                [
                  138.963501786,
                  -4.11101507
                ],
                [
                  138.963588132,
                  -4.110785645
                ],
                [
                  138.96362444,
                  -4.110732768
                ],
                [
                  138.963642108,
                  -4.11058258
                ],
                [
                  138.963752935,
                  -4.110277808
                ],
                [
                  138.96394688,
                  -4.110139275
                ],
                [
                  138.964362477,
                  -4.109862211
                ],
                [
                  138.964997349,
                  -4.109597681
                ],
                [
                  138.965027433,
                  -4.109585146
                ],
                [
                  138.965451689,
                  -4.109261327
                ],
                [
                  138.965950406,
                  -4.108831875
                ],
                [
                  138.966255177,
                  -4.108305452
                ],
                [
                  138.96639371,
                  -4.107709763
                ],
                [
                  138.966282884,
                  -4.107127927
                ],
                [
                  138.966088938,
                  -4.106601503
                ],
                [
                  138.965922699,
                  -4.106338291
                ],
                [
                  138.965894993,
                  -4.106130493
                ],
                [
                  138.965991965,
                  -4.10599196
                ],
                [
                  138.966130498,
                  -4.105853428
                ],
                [
                  138.966269031,
                  -4.105714895
                ],
                [
                  138.966338297,
                  -4.105617923
                ],
                [
                  138.966379857,
                  -4.105465537
                ],
                [
                  138.96639371,
                  -4.105299298
                ],
                [
                  138.96635215,
                  -4.105188472
                ],
                [
                  138.966282883,
                  -4.105091499
                ],
                [
                  138.966130498,
                  -4.104897554
                ],
                [
                  138.965929048,
                  -4.104687639
                ],
                [
                  138.965855165,
                  -4.104562959
                ],
                [
                  138.965832076,
                  -4.104442898
                ],
                [
                  138.965841311,
                  -4.104373632
                ],
                [
                  138.965882871,
                  -4.10415198
                ],
                [
                  138.965894993,
                  -4.104114099
                ],
                [
                  138.965956755,
                  -4.103921092
                ],
                [
                  138.966136847,
                  -4.10347317
                ],
                [
                  138.966219967,
                  -4.103251519
                ],
                [
                  138.966303086,
                  -4.102840539
                ],
                [
                  138.966364566,
                  -4.102586936
                ],
                [
                  138.96637697,
                  -4.102535768
                ],
                [
                  138.966432383,
                  -4.102249467
                ],
                [
                  138.966497031,
                  -4.102166348
                ],
                [
                  138.966607857,
                  -4.102092464
                ],
                [
                  138.966755626,
                  -4.102073993
                ],
                [
                  138.966860132,
                  -4.102069638
                ],
                [
                  138.966920133,
                  -4.102057638
                ],
                [
                  138.96733573,
                  -4.102057638
                ],
                [
                  138.967751327,
                  -4.101974519
                ],
                [
                  138.968305458,
                  -4.101642041
                ],
                [
                  138.968859587,
                  -4.101087912
                ],
                [
                  138.969081239,
                  -4.100810846
                ],
                [
                  138.969663076,
                  -4.100256716
                ],
                [
                  138.970050966,
                  -4.099868826
                ],
                [
                  138.970389629,
                  -4.099674485
                ],
                [
                  138.970439448,
                  -4.09958502
                ],
                [
                  138.970472224,
                  -4.09952616
                ],
                [
                  138.970827551,
                  -4.099593822
                ],
                [
                  138.971030554,
                  -4.099538983
                ],
                [
                  138.9714281,
                  -4.099319626
                ],
                [
                  138.971774896,
                  -4.099070741
                ],
                [
                  138.972337381,
                  -4.098619372
                ],
                [
                  138.972608051,
                  -4.098252371
                ],
                [
                  138.972895602,
                  -4.09796323
                ],
                [
                  138.973119786,
                  -4.097763037
                ],
                [
                  138.973415831,
                  -4.09764914
                ],
                [
                  138.973796461,
                  -4.0975943
                ],
                [
                  138.974050214,
                  -4.0975943
                ],
                [
                  138.97430654,
                  -4.097638767
                ],
                [
                  138.97450084,
                  -4.097377022
                ],
                [
                  138.97474171,
                  -4.097136153
                ],
                [
                  138.975332643,
                  -4.096558066
                ],
                [
                  138.975820806,
                  -4.095992826
                ],
                [
                  138.976167657,
                  -4.095029348
                ],
                [
                  138.976296122,
                  -4.094322797
                ],
                [
                  138.976379623,
                  -4.093783249
                ],
                [
                  138.976334661,
                  -4.093301511
                ],
                [
                  138.97623189,
                  -4.092851887
                ],
                [
                  138.976084156,
                  -4.092440803
                ],
                [
                  138.975968538,
                  -4.091971911
                ],
                [
                  138.975846498,
                  -4.090892815
                ],
                [
                  138.975570301,
                  -4.090115609
                ],
                [
                  138.975494873,
                  -4.089907283
                ],
                [
                  138.975435414,
                  -4.089743064
                ],
                [
                  138.975268412,
                  -4.089454022
                ],
                [
                  138.975082139,
                  -4.089203517
                ],
                [
                  138.974876597,
                  -4.088683239
                ],
                [
                  138.974805942,
                  -4.088233616
                ],
                [
                  138.974564337,
                  -4.087983192
                ],
                [
                  138.974365954,
                  -4.087777569
                ],
                [
                  138.973903484,
                  -4.087199483
                ],
                [
                  138.973839252,
                  -4.08689117
                ],
                [
                  138.973839252,
                  -4.086325929
                ],
                [
                  138.973890638,
                  -4.086004769
                ],
                [
                  138.973916331,
                  -4.085221141
                ],
                [
                  138.973710789,
                  -4.084501744
                ],
                [
                  138.973441015,
                  -4.083499727
                ],
                [
                  138.973325398,
                  -4.082960179
                ],
                [
                  138.973325397,
                  -4.082844561
                ],
                [
                  138.97306847,
                  -4.081958161
                ],
                [
                  138.972824389,
                  -4.081277304
                ],
                [
                  138.972271995,
                  -4.079902742
                ],
                [
                  138.97189945,
                  -4.07927327
                ],
                [
                  138.971385595,
                  -4.077834476
                ],
                [
                  138.97115436,
                  -4.076999461
                ],
                [
                  138.971128667,
                  -4.076678302
                ],
                [
                  138.970516859,
                  -4.074471938
                ],
                [
                  138.970436595,
                  -4.074098942
                ],
                [
                  138.97029847,
                  -4.073457074
                ],
                [
                  138.970426935,
                  -4.073097375
                ],
                [
                  138.970542552,
                  -4.072737677
                ],
                [
                  138.970683862,
                  -4.072544981
                ],
                [
                  138.970890506,
                  -4.072327453
                ],
                [
                  138.971249102,
                  -4.07205983
                ],
                [
                  138.971300488,
                  -4.07173867
                ],
                [
                  138.971390412,
                  -4.07149459
                ],
                [
                  138.971390413,
                  -4.071070659
                ],
                [
                  138.971403259,
                  -4.070826578
                ],
                [
                  138.971403258,
                  -4.07067372
                ],
                [
                  138.971403258,
                  -4.070661823
                ],
                [
                  138.971403259,
                  -4.070556804
                ],
                [
                  138.971480337,
                  -4.070235645
                ],
                [
                  138.97136472,
                  -4.069978717
                ],
                [
                  138.971146331,
                  -4.069644711
                ],
                [
                  138.970992174,
                  -4.069362091
                ],
                [
                  138.970838018,
                  -4.068938161
                ],
                [
                  138.970683862,
                  -4.068655541
                ],
                [
                  138.970452627,
                  -4.068334381
                ],
                [
                  138.969034344,
                  -4.067004246
                ],
                [
                  138.968675631,
                  -4.066282308
                ],
                [
                  138.96853163,
                  -4.066115251
                ],
                [
                  138.968661873,
                  -4.065976545
                ]
              ]
            ]
          },
          {
            "type": "LineString",
            "coordinates": [
              [
                138.969034344,
                -4.067004246
              ],
              [
                138.968675613,
                -4.066282273
              ],
              [
                138.96853163,
                -4.066115251
              ]
            ]
          }
        ]
      }
    }
  ]
}