{
  "type": "FeatureCollection",
  "features": [
    {
      "type": "Feature",
      "properties": {
        "idx": "3381",
        "nama_kewilayahan": "Marga Aresi Kampung Waimon"
      },
      "geometry": {
        "type": "MultiPolygon",
        "coordinates": [
          [
            [
              [
                131.289110441,
                -1.408089955
              ],
              [
                131.289115062,
                -1.408087898
              ],
              [
                131.289140862,
                -1.408076417
              ],
              [
                131.289219651,
                -1.408075998
              ],
              [
                131.289294962,
                -1.408107729
              ],
              [
                131.289361892,
                -1.408135928
              ],
              [
                131.289720889,
                -1.408423344
              ],
              [
                131.289841839,
                -1.408553183
              ],
              [
                131.289857766,
                -1.408565919
              ],
              [
                131.289939489,
                -1.408621408
              ],
              [
                131.290019033,
                -1.408680165
              ],
              [
                131.290089944,
                -1.408745292
              ],
              [
                131.290168232,
                -1.408807822
              ],
              [
                131.290249368,
                -1.408872362
              ],
              [
                131.290326901,
                -1.408936652
              ],
              [
                131.290406445,
                -1.409000857
              ],
              [
                131.290477775,
                -1.409067912
              ],
              [
                131.290546255,
                -1.409136811
              ],
              [
                131.290614736,
                -1.409204285
              ],
              [
                131.290685897,
                -1.409276454
              ],
              [
                131.290748594,
                -1.409346778
              ],
              [
                131.290809782,
                -1.409418443
              ],
              [
                131.290880442,
                -1.409494383
              ],
              [
                131.290952693,
                -1.40957661
              ],
              [
                131.291029891,
                -1.409664284
              ],
              [
                131.291112034,
                -1.409755144
              ],
              [
                131.291196775,
                -1.409846256
              ],
              [
                131.291279001,
                -1.409938876
              ],
              [
                131.291362149,
                -1.410028227
              ],
              [
                131.291441694,
                -1.410121182
              ],
              [
                131.291524088,
                -1.410211623
              ],
              [
                131.291603968,
                -1.410305752
              ],
              [
                131.291684853,
                -1.410397869
              ],
              [
                131.291765486,
                -1.410490657
              ],
              [
                131.291843439,
                -1.410584283
              ],
              [
                131.29192424,
                -1.410676483
              ],
              [
                131.292006382,
                -1.410770025
              ],
              [
                131.292085508,
                -1.410865412
              ],
              [
                131.292166226,
                -1.410958702
              ],
              [
                131.292243339,
                -1.411051238
              ],
              [
                131.29232171,
                -1.41114654
              ],
              [
                131.292400919,
                -1.411241088
              ],
              [
                131.292477865,
                -1.411338486
              ],
              [
                131.292552547,
                -1.411435716
              ],
              [
                131.292586391,
                -1.411478428
              ],
              [
                131.29262899,
                -1.411532192
              ],
              [
                131.2927025,
                -1.41162565
              ],
              [
                131.29277911,
                -1.411722377
              ],
              [
                131.292851949,
                -1.411817344
              ],
              [
                131.292925207,
                -1.411914826
              ],
              [
                131.293001398,
                -1.412011133
              ],
              [
                131.293076417,
                -1.412104927
              ],
              [
                131.293149841,
                -1.412201738
              ],
              [
                131.293220418,
                -1.412302908
              ],
              [
                131.293289317,
                -1.412405251
              ],
              [
                131.293357629,
                -1.412502816
              ],
              [
                131.293426612,
                -1.412603232
              ],
              [
                131.293494506,
                -1.412702473
              ],
              [
                131.293558292,
                -1.412803978
              ],
              [
                131.29361881,
                -1.412909841
              ],
              [
                131.293677734,
                -1.41301713
              ],
              [
                131.293733725,
                -1.413123747
              ],
              [
                131.293792566,
                -1.413231623
              ],
              [
                131.293852329,
                -1.41334042
              ],
              [
                131.29391117,
                -1.413446618
              ],
              [
                131.293968167,
                -1.413554829
              ],
              [
                131.294028265,
                -1.413661028
              ],
              [
                131.294091129,
                -1.413763454
              ],
              [
                131.294152317,
                -1.413863869
              ],
              [
                131.294211159,
                -1.413970487
              ],
              [
                131.294273268,
                -1.41407459
              ],
              [
                131.294333618,
                -1.414183639
              ],
              [
                131.294388939,
                -1.414291598
              ],
              [
                131.294444343,
                -1.414399473
              ],
              [
                131.294495138,
                -1.41451179
              ],
              [
                131.294541825,
                -1.414627293
              ],
              [
                131.294582393,
                -1.414742963
              ],
              [
                131.29461919,
                -1.414859723
              ],
              [
                131.294651879,
                -1.414973801
              ],
              [
                131.294680964,
                -1.415091483
              ],
              [
                131.29470435,
                -1.415207321
              ],
              [
                131.294725389,
                -1.415326763
              ],
              [
                131.294739806,
                -1.415449726
              ],
              [
                131.294754222,
                -1.415581908
              ],
              [
                131.294775428,
                -1.415712246
              ],
              [
                131.294796215,
                -1.415842501
              ],
              [
                131.29481784,
                -1.415972672
              ],
              [
                131.294843992,
                -1.416100664
              ],
              [
                131.294863858,
                -1.416234188
              ],
              [
                131.294877604,
                -1.41636746
              ],
              [
                131.294883387,
                -1.416501487
              ],
              [
                131.294888165,
                -1.416634507
              ],
              [
                131.294895541,
                -1.4167656
              ],
              [
                131.294899564,
                -1.416897113
              ],
              [
                131.294902833,
                -1.417028876
              ],
              [
                131.294907359,
                -1.417162819
              ],
              [
                131.294911131,
                -1.417295253
              ],
              [
                131.294908868,
                -1.417429028
              ],
              [
                131.294901995,
                -1.417561797
              ],
              [
                131.294887997,
                -1.41769859
              ],
              [
                131.29487643,
                -1.417834377
              ],
              [
                131.294850195,
                -1.417976702
              ],
              [
                131.294824798,
                -1.418119613
              ],
              [
                131.294803675,
                -1.418261687
              ],
              [
                131.294782469,
                -1.418399485
              ],
              [
                131.294754893,
                -1.418539546
              ],
              [
                131.29472631,
                -1.418673489
              ],
              [
                131.294693034,
                -1.418808438
              ],
              [
                131.294663446,
                -1.41894699
              ],
              [
                131.294625811,
                -1.419084873
              ],
              [
                131.294580214,
                -1.419222504
              ],
              [
                131.294529754,
                -1.419359967
              ],
              [
                131.294479463,
                -1.419495418
              ],
              [
                131.294427747,
                -1.419626511
              ],
              [
                131.29437184,
                -1.419755174
              ],
              [
                131.294316268,
                -1.419884255
              ],
              [
                131.294261199,
                -1.420012582
              ],
              [
                131.294203866,
                -1.420140323
              ],
              [
                131.294146953,
                -1.420267643
              ],
              [
                131.294086519,
                -1.420394126
              ],
              [
                131.294032624,
                -1.42052304
              ],
              [
                131.293972023,
                -1.420654217
              ],
              [
                131.293915445,
                -1.420784974
              ],
              [
                131.293859538,
                -1.420915816
              ],
              [
                131.293804049,
                -1.421044981
              ],
              [
                131.293746717,
                -1.421175236
              ],
              [
                131.293689301,
                -1.421305909
              ],
              [
                131.293631466,
                -1.421435075
              ],
              [
                131.293576397,
                -1.421565078
              ],
              [
                131.293525016,
                -1.421697093
              ],
              [
                131.293475646,
                -1.421830533
              ],
              [
                131.293428372,
                -1.42196347
              ],
              [
                131.293383529,
                -1.422097497
              ],
              [
                131.293340614,
                -1.422230853
              ],
              [
                131.293295268,
                -1.422361108
              ],
              [
                131.29325118,
                -1.422493038
              ],
              [
                131.293207258,
                -1.422626646
              ],
              [
                131.293164595,
                -1.422758242
              ],
              [
                131.29311665,
                -1.422891347
              ],
              [
                131.293071387,
                -1.423023781
              ],
              [
                131.293027969,
                -1.423155209
              ],
              [
                131.293020296,
                -1.423178448
              ],
              [
                131.292946507,
                -1.423286581
              ],
              [
                131.29263404,
                -1.423744475
              ],
              [
                131.291737861,
                -1.425478517
              ],
              [
                131.291419611,
                -1.426022723
              ],
              [
                131.291250525,
                -1.426311858
              ],
              [
                131.290986599,
                -1.42714864
              ],
              [
                131.29083599,
                -1.427833215
              ],
              [
                131.290676191,
                -1.42847855
              ],
              [
                131.290672748,
                -1.428492453
              ],
              [
                131.290270846,
                -1.430236534
              ],
              [
                131.290195843,
                -1.43088301
              ],
              [
                131.290474086,
                -1.431769947
              ],
              [
                131.290739343,
                -1.43227666
              ],
              [
                131.290979335,
                -1.432732701
              ],
              [
                131.291156356,
                -1.433252177
              ],
              [
                131.291179191,
                -1.43335117
              ],
              [
                131.291209142,
                -1.433481011
              ],
              [
                131.291436083,
                -1.434464825
              ],
              [
                131.29158281,
                -1.435162027
              ],
              [
                131.291585276,
                -1.43519816
              ],
              [
                131.291595418,
                -1.435342832
              ],
              [
                131.291598771,
                -1.435490772
              ],
              [
                131.291609332,
                -1.435634605
              ],
              [
                131.291620144,
                -1.435780534
              ],
              [
                131.291633723,
                -1.435923697
              ],
              [
                131.291640764,
                -1.436069039
              ],
              [
                131.291648224,
                -1.436213544
              ],
              [
                131.291660378,
                -1.436357461
              ],
              [
                131.291669934,
                -1.436503641
              ],
              [
                131.291674543,
                -1.43664781
              ],
              [
                131.291682925,
                -1.436791643
              ],
              [
                131.291685356,
                -1.436933633
              ],
              [
                131.291685691,
                -1.437079479
              ],
              [
                131.291677645,
                -1.437226329
              ],
              [
                131.291666245,
                -1.437372091
              ],
              [
                131.291658534,
                -1.437517097
              ],
              [
                131.291650068,
                -1.437664451
              ],
              [
                131.291639004,
                -1.437811302
              ],
              [
                131.291622995,
                -1.437955555
              ],
              [
                131.291604554,
                -1.438100981
              ],
              [
                131.291585863,
                -1.43824976
              ],
              [
                131.291569015,
                -1.438396778
              ],
              [
                131.291551413,
                -1.438538851
              ],
              [
                131.29152962,
                -1.438682266
              ],
              [
                131.291510174,
                -1.438822746
              ],
              [
                131.291493075,
                -1.438963898
              ],
              [
                131.291470945,
                -1.43907576
              ],
              [
                131.29137773,
                -1.439428599
              ],
              [
                131.29132448,
                -1.439630165
              ],
              [
                131.291098115,
                -1.440200746
              ],
              [
                131.290796134,
                -1.440796754
              ],
              [
                131.290607353,
                -1.441126482
              ],
              [
                131.290242296,
                -1.44168453
              ],
              [
                131.289839265,
                -1.442090523
              ],
              [
                131.289499068,
                -1.44229366
              ],
              [
                131.288982354,
                -1.442484302
              ],
              [
                131.288553703,
                -1.442484736
              ],
              [
                131.288099811,
                -1.442459846
              ],
              [
                131.287507136,
                -1.4423337
              ],
              [
                131.287116079,
                -1.442105955
              ],
              [
                131.286649274,
                -1.441776888
              ],
              [
                131.286131966,
                -1.441371826
              ],
              [
                131.285803844,
                -1.441042619
              ],
              [
                131.285387306,
                -1.440548732
              ],
              [
                131.285156804,
                -1.440287306
              ],
              [
                131.285099192,
                -1.440250435
              ],
              [
                131.28497757,
                -1.440178687
              ],
              [
                131.284847483,
                -1.440108279
              ],
              [
                131.284711529,
                -1.440033428
              ],
              [
                131.28458228,
                -1.439957237
              ],
              [
                131.284452612,
                -1.439883476
              ],
              [
                131.284318418,
                -1.439815918
              ],
              [
                131.284190091,
                -1.439740061
              ],
              [
                131.284056399,
                -1.439682646
              ],
              [
                131.283915248,
                -1.439639143
              ],
              [
                131.283774851,
                -1.439622799
              ],
              [
                131.283636298,
                -1.439622129
              ],
              [
                131.283494812,
                -1.439651381
              ],
              [
                131.283361791,
                -1.43971215
              ],
              [
                131.283224914,
                -1.439794795
              ],
              [
                131.283089212,
                -1.439906694
              ],
              [
                131.282955101,
                -1.440033093
              ],
              [
                131.282841358,
                -1.440148679
              ],
              [
                131.282747481,
                -1.44026611
              ],
              [
                131.282706242,
                -1.440381613
              ],
              [
                131.282694675,
                -1.44049502
              ],
              [
                131.282662488,
                -1.440619994
              ],
              [
                131.282613622,
                -1.440756368
              ],
              [
                131.282565426,
                -1.440891987
              ],
              [
                131.282510022,
                -1.441017967
              ],
              [
                131.28245797,
                -1.441152832
              ],
              [
                131.282407595,
                -1.441290547
              ],
              [
                131.28235103,
                -1.441409987
              ],
              [
                131.282345233,
                -1.441422226
              ],
              [
                131.282276921,
                -1.441549212
              ],
              [
                131.28221238,
                -1.441677203
              ],
              [
                131.282139626,
                -1.441802429
              ],
              [
                131.282073911,
                -1.441927151
              ],
              [
                131.282000066,
                -1.442048187
              ],
              [
                131.281931587,
                -1.442173412
              ],
              [
                131.281867549,
                -1.442305176
              ],
              [
                131.281813737,
                -1.44244398
              ],
              [
                131.281760428,
                -1.442571636
              ],
              [
                131.281699324,
                -1.442697197
              ],
              [
                131.281624138,
                -1.442829213
              ],
              [
                131.281554065,
                -1.44296701
              ],
              [
                131.281486759,
                -1.443100953
              ],
              [
                131.281470414,
                -1.44313462
              ],
              [
                131.281422302,
                -1.443233723
              ],
              [
                131.281356924,
                -1.443365151
              ],
              [
                131.281299675,
                -1.443488868
              ],
              [
                131.281235973,
                -1.443608142
              ],
              [
                131.281181909,
                -1.443716185
              ],
              [
                131.281151231,
                -1.443790952
              ],
              [
                131.281119967,
                -1.443850799
              ],
              [
                131.281101359,
                -1.443888768
              ],
              [
                131.281085433,
                -1.443917938
              ],
              [
                131.281077638,
                -1.443938808
              ],
              [
                131.28106716,
                -1.44395398
              ],
              [
                131.281053656,
                -1.443967975
              ],
              [
                131.281046373,
                -1.443975521
              ],
              [
                131.281026425,
                -1.44399262
              ],
              [
                131.281003542,
                -1.444005026
              ],
              [
                131.280978648,
                -1.444008797
              ],
              [
                131.280961046,
                -1.444008713
              ],
              [
                131.280940762,
                -1.444007373
              ],
              [
                131.280922405,
                -1.444003433
              ],
              [
                131.280768942,
                -1.443849847
              ],
              [
                131.280765383,
                -1.443857243
              ],
              [
                131.280694431,
                -1.443815357
              ],
              [
                131.280563816,
                -1.444389523
              ],
              [
                131.280529106,
                -1.444522574
              ],
              [
                131.280460985,
                -1.444785627
              ],
              [
                131.280402654,
                -1.445065874
              ],
              [
                131.280383412,
                -1.445360825
              ],
              [
                131.280381258,
                -1.445650841
              ],
              [
                131.28038886,
                -1.445923644
              ],
              [
                131.280423322,
                -1.446198879
              ],
              [
                131.280531029,
                -1.446449459
              ],
              [
                131.280707067,
                -1.446655738
              ],
              [
                131.280966049,
                -1.446773449
              ],
              [
                131.281242025,
                -1.446800199
              ],
              [
                131.281522857,
                -1.446787629
              ],
              [
                131.281791456,
                -1.446757869
              ],
              [
                131.282060051,
                -1.446715814
              ],
              [
                131.282326192,
                -1.446671302
              ],
              [
                131.282599657,
                -1.446621865
              ],
              [
                131.282885327,
                -1.446569967
              ],
              [
                131.283158797,
                -1.446525448
              ],
              [
                131.283449353,
                -1.446473544
              ],
              [
                131.283732587,
                -1.446419188
              ],
              [
                131.28400848,
                -1.446355005
              ],
              [
                131.284279494,
                -1.446298203
              ],
              [
                131.284574956,
                -1.446265947
              ],
              [
                131.284870428,
                -1.446243536
              ],
              [
                131.28514881,
                -1.446233418
              ],
              [
                131.285436985,
                -1.446235585
              ],
              [
                131.285717832,
                -1.446247586
              ],
              [
                131.285993806,
                -1.446264509
              ],
              [
                131.286277132,
                -1.446303546
              ],
              [
                131.286543408,
                -1.446394218
              ],
              [
                131.286787739,
                -1.446511942
              ],
              [
                131.287024754,
                -1.446651795
              ],
              [
                131.287225194,
                -1.446838376
              ],
              [
                131.287359752,
                -1.44708156
              ],
              [
                131.287411312,
                -1.447351859
              ],
              [
                131.287416463,
                -1.447624663
              ],
              [
                131.287387438,
                -1.44789996
              ],
              [
                131.287309555,
                -1.448163022
              ],
              [
                131.287168149,
                -1.44839911
              ],
              [
                131.286977868,
                -1.448598383
              ],
              [
                131.286721553,
                -1.448704321
              ],
              [
                131.286450544,
                -1.448766041
              ],
              [
                131.28617704,
                -1.448776155
              ],
              [
                131.285896194,
                -1.448773981
              ],
              [
                131.285617788,
                -1.448759519
              ],
              [
                131.285353978,
                -1.448700801
              ],
              [
                131.285092575,
                -1.448605206
              ],
              [
                131.284838482,
                -1.448489951
              ],
              [
                131.284586832,
                -1.448374693
              ],
              [
                131.284325445,
                -1.448286483
              ],
              [
                131.28405918,
                -1.448215473
              ],
              [
                131.28379051,
                -1.448173962
              ],
              [
                131.283507175,
                -1.448117722
              ],
              [
                131.283238464,
                -1.448044264
              ],
              [
                131.282977094,
                -1.447973258
              ],
              [
                131.282708383,
                -1.447899791
              ],
              [
                131.282437238,
                -1.447826335
              ],
              [
                131.282171004,
                -1.447777454
              ],
              [
                131.281902341,
                -1.447743311
              ],
              [
                131.281616598,
                -1.447731315
              ],
              [
                131.281330896,
                -1.447751266
              ],
              [
                131.281077009,
                -1.447842457
              ],
              [
                131.280840259,
                -1.447977882
              ],
              [
                131.280625532,
                -1.448155059
              ],
              [
                131.280427912,
                -1.448346962
              ],
              [
                131.280264516,
                -1.44856587
              ],
              [
                131.280113345,
                -1.448811795
              ],
              [
                131.279976836,
                -1.449060173
              ],
              [
                131.279832988,
                -1.449291346
              ],
              [
                131.279679361,
                -1.449515153
              ],
              [
                131.279503751,
                -1.449736532
              ],
              [
                131.279308589,
                -1.449943187
              ],
              [
                131.279071844,
                -1.450083521
              ],
              [
                131.27880326,
                -1.450137862
              ],
              [
                131.27852485,
                -1.45012094
              ],
              [
                131.278258574,
                -1.450040103
              ],
              [
                131.278014243,
                -1.449915001
              ],
              [
                131.277786966,
                -1.449760393
              ],
              [
                131.277562133,
                -1.449595947
              ],
              [
                131.277342171,
                -1.449426587
              ],
              [
                131.277129525,
                -1.449242466
              ],
              [
                131.276929069,
                -1.449041138
              ],
              [
                131.276743269,
                -1.448837328
              ],
              [
                131.276591623,
                -1.448599076
              ],
              [
                131.276466829,
                -1.448355889
              ],
              [
                131.276356683,
                -1.448100392
              ],
              [
                131.276270931,
                -1.447825209
              ],
              [
                131.276199831,
                -1.447542633
              ],
              [
                131.276128737,
                -1.447274811
              ],
              [
                131.276040566,
                -1.447014374
              ],
              [
                131.275905999,
                -1.446761361
              ],
              [
                131.275720186,
                -1.446552632
              ],
              [
                131.275478287,
                -1.446425077
              ],
              [
                131.275212045,
                -1.446368818
              ],
              [
                131.274936127,
                -1.44641088
              ],
              [
                131.274809387,
                -1.446656781
              ],
              [
                131.274785238,
                -1.446932076
              ],
              [
                131.274780636,
                -1.447217187
              ],
              [
                131.274778467,
                -1.447492459
              ],
              [
                131.274734795,
                -1.447772683
              ],
              [
                131.274576283,
                -1.447998963
              ],
              [
                131.274327306,
                -1.448124555
              ],
              [
                131.274056267,
                -1.448159244
              ],
              [
                131.273782753,
                -1.44816198
              ],
              [
                131.27349947,
                -1.448159807
              ],
              [
                131.273213721,
                -1.448142892
              ],
              [
                131.272940182,
                -1.448121047
              ],
              [
                131.272656875,
                -1.448094294
              ],
              [
                131.272371131,
                -1.44807492
              ],
              [
                131.272095179,
                -1.448082576
              ],
              [
                131.271846192,
                -1.448198341
              ],
              [
                131.271648574,
                -1.448385327
              ],
              [
                131.271502276,
                -1.448618963
              ],
              [
                131.271402403,
                -1.448874673
              ],
              [
                131.271341613,
                -1.449140179
              ],
              [
                131.271315042,
                -1.449427762
              ],
              [
                131.27129578,
                -1.449703053
              ],
              [
                131.27127897,
                -1.449988177
              ],
              [
                131.271269477,
                -1.450268376
              ],
              [
                131.27126,
                -1.450555942
              ],
              [
                131.27125539,
                -1.450833677
              ],
              [
                131.27123369,
                -1.451113888
              ],
              [
                131.271080061,
                -1.451337696
              ],
              [
                131.270831075,
                -1.451446094
              ],
              [
                131.270557562,
                -1.45145128
              ],
              [
                131.270281572,
                -1.45142207
              ],
              [
                131.270012873,
                -1.451363354
              ],
              [
                131.269751504,
                -1.451294796
              ],
              [
                131.26949011,
                -1.451211502
              ],
              [
                131.269233583,
                -1.451108532
              ],
              [
                131.268989255,
                -1.450988347
              ],
              [
                131.268722992,
                -1.450922252
              ],
              [
                131.268451935,
                -1.450939738
              ],
              [
                131.268256756,
                -1.45113164
              ],
              [
                131.268195969,
                -1.451399596
              ],
              [
                131.268232879,
                -1.451669914
              ],
              [
                131.268404036,
                -1.451881117
              ],
              [
                131.268570319,
                -1.452104601
              ],
              [
                131.268736912,
                -1.452154218
              ],
              [
                131.268763505,
                -1.452133249
              ],
              [
                131.268943744,
                -1.452257093
              ],
              [
                131.269080452,
                -1.452333703
              ],
              [
                131.269198051,
                -1.452417774
              ],
              [
                131.269276925,
                -1.45244292
              ],
              [
                131.269464511,
                -1.452450966
              ],
              [
                131.269702809,
                -1.452580802
              ],
              [
                131.269851252,
                -1.452863858
              ],
              [
                131.269847816,
                -1.453124453
              ],
              [
                131.269769864,
                -1.453413041
              ],
              [
                131.269739103,
                -1.453483701
              ],
              [
                131.269668778,
                -1.453578751
              ],
              [
                131.269602284,
                -1.453681982
              ],
              [
                131.269625276,
                -1.453729207
              ],
              [
                131.269633826,
                -1.453790646
              ],
              [
                131.269579594,
                -1.453841859
              ],
              [
                131.269437271,
                -1.453818642
              ],
              [
                131.2692957,
                -1.45382761
              ],
              [
                131.269187573,
                -1.453797268
              ],
              [
                131.269123284,
                -1.453760388
              ],
              [
                131.269027563,
                -1.453721663
              ],
              [
                131.268947,
                -1.453652
              ],
              [
                131.268863599,
                -1.453786882
              ],
              [
                131.267135462,
                -1.456581795
              ],
              [
                131.26180095,
                -1.465209312
              ],
              [
                131.260207595,
                -1.467786255
              ],
              [
                131.25896,
                -1.469804
              ],
              [
                131.257713999,
                -1.469992
              ],
              [
                131.257238302,
                -1.469922711
              ],
              [
                131.257214666,
                -1.469919106
              ],
              [
                131.257144425,
                -1.469905276
              ],
              [
                131.257048871,
                -1.469879544
              ],
              [
                131.257015093,
                -1.469827995
              ],
              [
                131.256992126,
                -1.469821876
              ],
              [
                131.256939572,
                -1.46979363
              ],
              [
                131.25687193,
                -1.469841909
              ],
              [
                131.256856424,
                -1.469834785
              ],
              [
                131.256845694,
                -1.469802095
              ],
              [
                131.256848795,
                -1.469796563
              ],
              [
                131.256839288,
                -1.469794864
              ],
              [
                131.256843263,
                -1.469812489
              ],
              [
                131.256734634,
                -1.469807291
              ],
              [
                131.256680739,
                -1.469761946
              ],
              [
                131.25665903,
                -1.469730513
              ],
              [
                131.256620389,
                -1.469663542
              ],
              [
                131.256473286,
                -1.469606713
              ],
              [
                131.256358371,
                -1.469633116
              ],
              [
                131.256342109,
                -1.469660357
              ],
              [
                131.256283184,
                -1.469762029
              ],
              [
                131.256273629,
                -1.46977435
              ],
              [
                131.256189391,
                -1.469825146
              ],
              [
                131.256104986,
                -1.469895134
              ],
              [
                131.256103393,
                -1.469900415
              ],
              [
                131.256040947,
                -1.46999119
              ],
              [
                131.255989901,
                -1.47006537
              ],
              [
                131.255879345,
                -1.470133599
              ],
              [
                131.255849673,
                -1.470168803
              ],
              [
                131.255754119,
                -1.470262764
              ],
              [
                131.255702738,
                -1.470254046
              ],
              [
                131.255650351,
                -1.470258322
              ],
              [
                131.255597964,
                -1.470262764
              ],
              [
                131.255489837,
                -1.470198978
              ],
              [
                131.255407191,
                -1.470123625
              ],
              [
                131.255360337,
                -1.470011475
              ],
              [
                131.255358074,
                -1.469961435
              ],
              [
                131.255393949,
                -1.469789523
              ],
              [
                131.255393529,
                -1.469723808
              ],
              [
                131.255374586,
                -1.469717354
              ],
              [
                131.255241985,
                -1.469729675
              ],
              [
                131.255175096,
                -1.469702686
              ],
              [
                131.255155903,
                -1.469696819
              ],
              [
                131.255078538,
                -1.469676367
              ],
              [
                131.254997065,
                -1.469675109
              ],
              [
                131.254913498,
                -1.469697824
              ],
              [
                131.254789781,
                -1.46974669
              ],
              [
                131.254677296,
                -1.46981056
              ],
              [
                131.254582581,
                -1.469744679
              ],
              [
                131.254579647,
                -1.46974032
              ],
              [
                131.254301787,
                -1.469735207
              ],
              [
                131.25425929,
                -1.469712492
              ],
              [
                131.254182429,
                -1.469696315
              ],
              [
                131.254030883,
                -1.46969598
              ],
              [
                131.25388068,
                -1.469718778
              ],
              [
                131.25369611,
                -1.469645186
              ],
              [
                131.253673228,
                -1.469634792
              ],
              [
                131.253514055,
                -1.469569832
              ],
              [
                131.253494944,
                -1.469566899
              ],
              [
                131.253437528,
                -1.469574023
              ],
              [
                131.253375321,
                -1.469557158
              ],
              [
                131.253326384,
                -1.469560948
              ],
              [
                131.253297383,
                -1.469555165
              ],
              [
                131.253275674,
                -1.469564383
              ],
              [
                131.253205266,
                -1.4696104
              ],
              [
                131.255944585,
                -1.462362902
              ],
              [
                131.255936622,
                -1.462359633
              ],
              [
                131.255931594,
                -1.462362232
              ],
              [
                131.255922708,
                -1.462366674
              ],
              [
                131.255915165,
                -1.462371787
              ],
              [
                131.255905442,
                -1.462371452
              ],
              [
                131.255893204,
                -1.462376984
              ],
              [
                131.255887253,
                -1.462377235
              ],
              [
                131.255882979,
                -1.46237866
              ],
              [
                131.255879793,
                -1.462381929
              ],
              [
                131.255878787,
                -1.462383773
              ],
              [
                131.255878955,
                -1.462387881
              ],
              [
                131.255875603,
                -1.462391568
              ],
              [
                131.255870406,
                -1.462394586
              ],
              [
                131.255870154,
                -1.462396933
              ],
              [
                131.255865209,
                -1.462402548
              ],
              [
                131.25586303,
                -1.462405482
              ],
              [
                131.255865544,
                -1.462413194
              ],
              [
                131.255868562,
                -1.46242124
              ],
              [
                131.255871244,
                -1.462423587
              ],
              [
                131.255870489,
                -1.462429036
              ],
              [
                131.255867388,
                -1.462432221
              ],
              [
                131.255862862,
                -1.462450242
              ],
              [
                131.255859676,
                -1.462459881
              ],
              [
                131.255855905,
                -1.462464072
              ],
              [
                131.255853306,
                -1.462473543
              ],
              [
                131.255855821,
                -1.462476477
              ],
              [
                131.255855654,
                -1.462485027
              ],
              [
                131.255854648,
                -1.46249257
              ],
              [
                131.255853139,
                -1.46249651
              ],
              [
                131.255853893,
                -1.46250288
              ],
              [
                131.255849534,
                -1.462504976
              ],
              [
                131.255854564,
                -1.462511597
              ],
              [
                131.255855234,
                -1.462513777
              ],
              [
                131.255855486,
                -1.46251671
              ],
              [
                131.25585448,
                -1.46252199
              ],
              [
                131.255850372,
                -1.462529199
              ],
              [
                131.255843835,
                -1.462529869
              ],
              [
                131.255841572,
                -1.462525092
              ],
              [
                131.255839895,
                -1.462519309
              ],
              [
                131.255834029,
                -1.462513609
              ],
              [
                131.255834867,
                -1.46250397
              ],
              [
                131.255826316,
                -1.462491397
              ],
              [
                131.255822461,
                -1.462479913
              ],
              [
                131.255819611,
                -1.462464155
              ],
              [
                131.255804273,
                -1.462453678
              ],
              [
                131.255792454,
                -1.462443704
              ],
              [
                131.255778456,
                -1.462435573
              ],
              [
                131.255772338,
                -1.46242518
              ],
              [
                131.255763452,
                -1.462416127
              ],
              [
                131.255758004,
                -1.462411349
              ],
              [
                131.255751634,
                -1.462405063
              ],
              [
                131.255734368,
                -1.462396178
              ],
              [
                131.255717352,
                -1.46238855
              ],
              [
                131.255714544,
                -1.462385247
              ],
              [
                131.25571433,
                -1.462384996
              ],
              [
                131.255711807,
                -1.462382028
              ],
              [
                131.255710814,
                -1.462382349
              ],
              [
                131.255699667,
                -1.462395424
              ],
              [
                131.25569472,
                -1.462400537
              ],
              [
                131.255690949,
                -1.46240171
              ],
              [
                131.255689775,
                -1.462400034
              ],
              [
                131.255687764,
                -1.462395675
              ],
              [
                131.255680806,
                -1.462388719
              ],
              [
                131.255668235,
                -1.462387796
              ],
              [
                131.255658511,
                -1.462383271
              ],
              [
                131.255648621,
                -1.462377906
              ],
              [
                131.25563588,
                -1.462371954
              ],
              [
                131.255623391,
                -1.462368518
              ],
              [
                131.255612159,
                -1.462366926
              ],
              [
                131.255610818,
                -1.462357621
              ],
              [
                131.255606041,
                -1.462351168
              ],
              [
                131.255606292,
                -1.46234354
              ],
              [
                131.255605034,
                -1.462338762
              ],
              [
                131.255606124,
                -1.462329207
              ],
              [
                131.255604783,
                -1.462324011
              ],
              [
                131.255597072,
                -1.462319317
              ],
              [
                131.255589612,
                -1.462312024
              ],
              [
                131.255580643,
                -1.462305402
              ],
              [
                131.255571926,
                -1.462299367
              ],
              [
                131.25556103,
                -1.462298948
              ],
              [
                131.255556084,
                -1.462291991
              ],
              [
                131.25554854,
                -1.462286292
              ],
              [
                131.255540159,
                -1.462285034
              ],
              [
                131.255533285,
                -1.462281347
              ],
              [
                131.255528927,
                -1.462273719
              ],
              [
                131.255525742,
                -1.46226936
              ],
              [
                131.255522389,
                -1.462266427
              ],
              [
                131.255515935,
                -1.462259386
              ],
              [
                131.255509062,
                -1.462253854
              ],
              [
                131.255512163,
                -1.462246059
              ],
              [
                131.255509649,
                -1.462244299
              ],
              [
                131.255499255,
                -1.462237006
              ],
              [
                131.255495903,
                -1.462229546
              ],
              [
                131.255493304,
                -1.462226612
              ],
              [
                131.255482239,
                -1.462220326
              ],
              [
                131.255478635,
                -1.462212363
              ],
              [
                131.255470673,
                -1.462210016
              ],
              [
                131.255467236,
                -1.46220725
              ],
              [
                131.255462458,
                -1.462206664
              ],
              [
                131.255459944,
                -1.462207167
              ],
              [
                131.255455082,
                -1.462207334
              ],
              [
                131.255447623,
                -1.462208592
              ],
              [
                131.255441671,
                -1.462199288
              ],
              [
                131.255432786,
                -1.462193923
              ],
              [
                131.255423985,
                -1.462194091
              ],
              [
                131.255421136,
                -1.462190403
              ],
              [
                131.255414849,
                -1.46218772
              ],
              [
                131.255410909,
                -1.462180261
              ],
              [
                131.255404456,
                -1.462180092
              ],
              [
                131.255398756,
                -1.462175902
              ],
              [
                131.255397415,
                -1.462163748
              ],
              [
                131.255397918,
                -1.46216224
              ],
              [
                131.255399343,
                -1.462147236
              ],
              [
                131.255395739,
                -1.46213919
              ],
              [
                131.255393894,
                -1.46212603
              ],
              [
                131.255389284,
                -1.462118654
              ],
              [
                131.255383417,
                -1.462110859
              ],
              [
                131.255378471,
                -1.462110272
              ],
              [
                131.255375705,
                -1.462103901
              ],
              [
                131.255377466,
                -1.462093759
              ],
              [
                131.255372688,
                -1.462084204
              ],
              [
                131.255370006,
                -1.462081019
              ],
              [
                131.255368665,
                -1.462080516
              ],
              [
                131.255368329,
                -1.462075738
              ],
              [
                131.255366737,
                -1.462067692
              ],
              [
                131.255362965,
                -1.462064088
              ],
              [
                131.255356428,
                -1.462059309
              ],
              [
                131.255352655,
                -1.462057466
              ],
              [
                131.255340837,
                -1.462051012
              ],
              [
                131.25533388,
                -1.462054867
              ],
              [
                131.255329856,
                -1.462054951
              ],
              [
                131.255324659,
                -1.462053862
              ],
              [
                131.255315775,
                -1.462052855
              ],
              [
                131.25530798,
                -1.462050257
              ],
              [
                131.255304544,
                -1.462048161
              ],
              [
                131.255299682,
                -1.462043803
              ],
              [
                131.255296245,
                -1.462039612
              ],
              [
                131.25529415,
                -1.462032069
              ],
              [
                131.255290797,
                -1.46202838
              ],
              [
                131.255293982,
                -1.462007928
              ],
              [
                131.255288702,
                -1.462002061
              ],
              [
                131.25527244,
                -1.461992506
              ],
              [
                131.255265399,
                -1.461985549
              ],
              [
                131.255252995,
                -1.461976748
              ],
              [
                131.255243607,
                -1.461961074
              ],
              [
                131.25523028,
                -1.461948752
              ],
              [
                131.255220891,
                -1.461938526
              ],
              [
                131.255217204,
                -1.461929641
              ],
              [
                131.255205889,
                -1.461924277
              ],
              [
                131.255194992,
                -1.46191204
              ],
              [
                131.255188203,
                -1.461906926
              ],
              [
                131.255184849,
                -1.461901563
              ],
              [
                131.255175713,
                -1.461893264
              ],
              [
                131.255168254,
                -1.461884212
              ],
              [
                131.255162302,
                -1.461872394
              ],
              [
                131.255143108,
                -1.461864849
              ],
              [
                131.255129446,
                -1.461855043
              ],
              [
                131.255115447,
                -1.461841799
              ],
              [
                131.25510497,
                -1.461831154
              ],
              [
                131.255097678,
                -1.461817911
              ],
              [
                131.255093739,
                -1.461811876
              ],
              [
                131.255090805,
                -1.461811373
              ],
              [
                131.255091224,
                -1.461807936
              ],
              [
                131.255092649,
                -1.461803159
              ],
              [
                131.255090888,
                -1.46179771
              ],
              [
                131.255082255,
                -1.461788323
              ],
              [
                131.255075131,
                -1.461777594
              ],
              [
                131.255071275,
                -1.461766194
              ],
              [
                131.25507161,
                -1.46175513
              ],
              [
                131.255068508,
                -1.46174239
              ],
              [
                131.255072365,
                -1.461724621
              ],
              [
                131.255070604,
                -1.461712886
              ],
              [
                131.255066581,
                -1.461700397
              ],
              [
                131.255060714,
                -1.461691931
              ],
              [
                131.255053924,
                -1.461684806
              ],
              [
                131.255050572,
                -1.46167743
              ],
              [
                131.255047554,
                -1.461674413
              ],
              [
                131.25504462,
                -1.461666869
              ],
              [
                131.255050404,
                -1.461659828
              ],
              [
                131.255050069,
                -1.461651111
              ],
              [
                131.255046968,
                -1.461645914
              ],
              [
                131.25504571,
                -1.461637952
              ],
              [
                131.255041687,
                -1.461627642
              ],
              [
                131.255040094,
                -1.461614985
              ],
              [
                131.255033807,
                -1.461599813
              ],
              [
                131.255029952,
                -1.461589504
              ],
              [
                131.255032802,
                -1.46157056
              ],
              [
                131.255042441,
                -1.461550361
              ],
              [
                131.25504001,
                -1.461535859
              ],
              [
                131.2550354,
                -1.461523957
              ],
              [
                131.255033975,
                -1.461515073
              ],
              [
                131.255031628,
                -1.461512223
              ],
              [
                131.255031293,
                -1.461502667
              ],
              [
                131.25502618,
                -1.461496297
              ],
              [
                131.255024252,
                -1.461480791
              ],
              [
                131.255025258,
                -1.461465033
              ],
              [
                131.255017966,
                -1.461449275
              ],
              [
                131.2550095,
                -1.46143511
              ],
              [
                131.255000448,
                -1.461418346
              ],
              [
                131.255005141,
                -1.461394541
              ],
              [
                131.254998185,
                -1.461384818
              ],
              [
                131.254996089,
                -1.461370401
              ],
              [
                131.25499173,
                -1.461358079
              ],
              [
                131.254987288,
                -1.461336789
              ],
              [
                131.254984774,
                -1.461320697
              ],
              [
                131.254982427,
                -1.461309716
              ],
              [
                131.254988964,
                -1.46130125
              ],
              [
                131.254994245,
                -1.461289768
              ],
              [
                131.25499743,
                -1.461279122
              ],
              [
                131.254995335,
                -1.461270992
              ],
              [
                131.254997171,
                -1.461263649
              ],
              [
                131.255312792,
                -1.460918977
              ],
              [
                131.255581045,
                -1.460237325
              ],
              [
                131.255958991,
                -1.459685825
              ],
              [
                131.255918628,
                -1.459164809
              ],
              [
                131.255622836,
                -1.45885001
              ],
              [
                131.255323171,
                -1.458693383
              ],
              [
                131.25518569,
                -1.45861894
              ],
              [
                131.255045137,
                -1.458563141
              ],
              [
                131.254912255,
                -1.458452958
              ],
              [
                131.254776261,
                -1.458321026
              ],
              [
                131.254717541,
                -1.4582667
              ],
              [
                131.254567704,
                -1.458187613
              ],
              [
                131.254331419,
                -1.45811948
              ],
              [
                131.254115196,
                -1.458045116
              ],
              [
                131.253951414,
                -1.457908548
              ],
              [
                131.253857035,
                -1.457711313
              ],
              [
                131.253833623,
                -1.457454966
              ],
              [
                131.253844191,
                -1.457215669
              ],
              [
                131.253868735,
                -1.457057161
              ],
              [
                131.253893325,
                -1.456943708
              ],
              [
                131.253971938,
                -1.456814661
              ],
              [
                131.254314363,
                -1.456495793
              ],
              [
                131.254392987,
                -1.456377622
              ],
              [
                131.254431419,
                -1.456209779
              ],
              [
                131.25438184,
                -1.45603425
              ],
              [
                131.254264328,
                -1.455861899
              ],
              [
                131.25405872,
                -1.455585529
              ],
              [
                131.253904109,
                -1.455366604
              ],
              [
                131.253814374,
                -1.455178685
              ],
              [
                131.253806562,
                -1.455082351
              ],
              [
                131.253841909,
                -1.454919176
              ],
              [
                131.253857176,
                -1.454743582
              ],
              [
                131.253799827,
                -1.454513674
              ],
              [
                131.253707093,
                -1.454417435
              ],
              [
                131.253480067,
                -1.454346191
              ],
              [
                131.253277783,
                -1.454305994
              ],
              [
                131.253027608,
                -1.454242539
              ],
              [
                131.252751208,
                -1.454202416
              ],
              [
                131.252360577,
                -1.454171737
              ],
              [
                131.251911281,
                -1.454151983
              ],
              [
                131.251736743,
                -1.454065146
              ],
              [
                131.25156828,
                -1.453889745
              ],
              [
                131.25150639,
                -1.453754619
              ],
              [
                131.251349242,
                -1.453322853
              ],
              [
                131.25129206,
                -1.453206436
              ],
              [
                131.251214597,
                -1.453073396
              ],
              [
                131.251150495,
                -1.452972011
              ],
              [
                131.251041537,
                -1.452819141
              ],
              [
                131.250967317,
                -1.452732258
              ],
              [
                131.250896819,
                -1.452629812
              ],
              [
                131.250874865,
                -1.452547704
              ],
              [
                131.250863051,
                -1.452465061
              ],
              [
                131.250799876,
                -1.452219817
              ],
              [
                131.250746349,
                -1.452029321
              ],
              [
                131.250706706,
                -1.451845789
              ],
              [
                131.25068046,
                -1.451737387
              ],
              [
                131.250647812,
                -1.45162363
              ],
              [
                131.250612522,
                -1.451527044
              ],
              [
                131.250574024,
                -1.451428318
              ],
              [
                131.250550463,
                -1.451337631
              ],
              [
                131.250480365,
                -1.45110421
              ],
              [
                131.250462659,
                -1.45099419
              ],
              [
                131.250454052,
                -1.450920123
              ],
              [
                131.250462983,
                -1.450785388
              ],
              [
                131.250462912,
                -1.450713464
              ],
              [
                131.25046436,
                -1.450561016
              ],
              [
                131.250472217,
                -1.4504134
              ],
              [
                131.250470525,
                -1.450318397
              ],
              [
                131.250473093,
                -1.450227143
              ],
              [
                131.250476178,
                -1.450103144
              ],
              [
                131.250475952,
                -1.449874489
              ],
              [
                131.250450167,
                -1.449687716
              ],
              [
                131.250424394,
                -1.449513835
              ],
              [
                131.250432762,
                -1.449346356
              ],
              [
                131.250464099,
                -1.449214817
              ],
              [
                131.250548174,
                -1.449021497
              ],
              [
                131.250672787,
                -1.448827595
              ],
              [
                131.250764349,
                -1.448656815
              ],
              [
                131.25076739,
                -1.448488808
              ],
              [
                131.250675959,
                -1.44826453
              ],
              [
                131.250534388,
                -1.448023125
              ],
              [
                131.250329343,
                -1.447779108
              ],
              [
                131.250185677,
                -1.447580104
              ],
              [
                131.250068136,
                -1.447367667
              ],
              [
                131.250028522,
                -1.447221707
              ],
              [
                131.250030401,
                -1.446968352
              ],
              [
                131.250042449,
                -1.446742361
              ],
              [
                131.250112659,
                -1.446543686
              ],
              [
                131.250247408,
                -1.446362132
              ],
              [
                131.250288838,
                -1.446182271
              ],
              [
                131.250216606,
                -1.445951537
              ],
              [
                131.250129958,
                -1.445703632
              ],
              [
                131.250107706,
                -1.445616643
              ],
              [
                131.250296806,
                -1.445635184
              ],
              [
                131.250500542,
                -1.445637133
              ],
              [
                131.250812544,
                -1.445627691
              ],
              [
                131.251153289,
                -1.445571527
              ],
              [
                131.251349505,
                -1.445516584
              ],
              [
                131.25147051,
                -1.445453127
              ],
              [
                131.251633076,
                -1.445368771
              ],
              [
                131.251406566,
                -1.444985477
              ],
              [
                131.251419448,
                -1.444966933
              ],
              [
                131.251690015,
                -1.444776915
              ],
              [
                131.252074493,
                -1.444394114
              ],
              [
                131.252314215,
                -1.444087168
              ],
              [
                131.252328046,
                -1.443941742
              ],
              [
                131.252439273,
                -1.443770584
              ],
              [
                131.252580425,
                -1.443684837
              ],
              [
                131.252911761,
                -1.443545781
              ],
              [
                131.253020805,
                -1.443539372
              ],
              [
                131.253035813,
                -1.443535388
              ],
              [
                131.253038861,
                -1.44353831
              ],
              [
                131.253224071,
                -1.443527424
              ],
              [
                131.253280398,
                -1.443381077
              ],
              [
                131.253364468,
                -1.443190891
              ],
              [
                131.253386848,
                -1.443090811
              ],
              [
                131.253383746,
                -1.442978745
              ],
              [
                131.253352062,
                -1.442856956
              ],
              [
                131.253316775,
                -1.442756541
              ],
              [
                131.253387267,
                -1.442639698
              ],
              [
                131.253444432,
                -1.44252847
              ],
              [
                131.253647022,
                -1.442446746
              ],
              [
                131.253810889,
                -1.442349684
              ],
              [
                131.25392002,
                -1.442256561
              ],
              [
                131.25401482,
                -1.442262596
              ],
              [
                131.254229732,
                -1.442285395
              ],
              [
                131.254327297,
                -1.442214819
              ],
              [
                131.254631141,
                -1.442100908
              ],
              [
                131.254862733,
                -1.441950286
              ],
              [
                131.254928448,
                -1.441892367
              ],
              [
                131.255048393,
                -1.441726405
              ],
              [
                131.255142689,
                -1.441646022
              ],
              [
                131.255254419,
                -1.441545105
              ],
              [
                131.255318038,
                -1.441479977
              ],
              [
                131.255409233,
                -1.4413659
              ],
              [
                131.255598413,
                -1.441266155
              ],
              [
                131.255772253,
                -1.44125442
              ],
              [
                131.255981801,
                -1.441224496
              ],
              [
                131.256089005,
                -1.44117781
              ],
              [
                131.256233251,
                -1.441130595
              ],
              [
                131.256369967,
                -1.44115543
              ],
              [
                131.256508856,
                -1.441094326
              ],
              [
                131.256651683,
                -1.440970274
              ],
              [
                131.256654281,
                -1.440906152
              ],
              [
                131.256698537,
                -1.440787297
              ],
              [
                131.256710775,
                -1.440744297
              ],
              [
                131.256719325,
                -1.440697275
              ],
              [
                131.256714966,
                -1.440630472
              ],
              [
                131.256735418,
                -1.440535924
              ],
              [
                131.25676576,
                -1.440491583
              ],
              [
                131.256780009,
                -1.440427126
              ],
              [
                131.256945112,
                -1.440375926
              ],
              [
                131.257086474,
                -1.440280728
              ],
              [
                131.257196087,
                -1.44009579
              ],
              [
                131.257164907,
                -1.439994704
              ],
              [
                131.257100785,
                -1.43982254
              ],
              [
                131.257018559,
                -1.439651801
              ],
              [
                131.257066922,
                -1.439543758
              ],
              [
                131.257114113,
                -1.439447785
              ],
              [
                131.257191142,
                -1.439361619
              ],
              [
                131.25725694,
                -1.439280985
              ],
              [
                131.257305472,
                -1.439170763
              ],
              [
                131.257314691,
                -1.439107983
              ],
              [
                131.257413179,
                -1.438981499
              ],
              [
                131.257522898,
                -1.438931041
              ],
              [
                131.257641502,
                -1.438878989
              ],
              [
                131.257680478,
                -1.438871529
              ],
              [
                131.257756669,
                -1.438831463
              ],
              [
                131.257842835,
                -1.438725013
              ],
              [
                131.257929923,
                -1.438679332
              ],
              [
                131.258044001,
                -1.438564081
              ],
              [
                131.25802489,
                -1.438505072
              ],
              [
                131.257938389,
                -1.438374901
              ],
              [
                131.257992955,
                -1.43829586
              ],
              [
                131.258004103,
                -1.438115817
              ],
              [
                131.257976442,
                -1.437944071
              ],
              [
                131.257991279,
                -1.437918255
              ],
              [
                131.257969486,
                -1.437802417
              ],
              [
                131.258177608,
                -1.437824965
              ],
              [
                131.258183476,
                -1.437790934
              ],
              [
                131.258159336,
                -1.437594044
              ],
              [
                131.258127233,
                -1.437503099
              ],
              [
                131.258110469,
                -1.43724041
              ],
              [
                131.258072499,
                -1.437146449
              ],
              [
                131.258068392,
                -1.436996246
              ],
              [
                131.258035116,
                -1.436878732
              ],
              [
                131.258078869,
                -1.436608582
              ],
              [
                131.258100244,
                -1.436472628
              ],
              [
                131.258190601,
                -1.436329465
              ],
              [
                131.25827576,
                -1.436274061
              ],
              [
                131.2583631,
                -1.436205581
              ],
              [
                131.258573234,
                -1.436233744
              ],
              [
                131.258685887,
                -1.436244976
              ],
              [
                131.258856877,
                -1.436107512
              ],
              [
                131.259017433,
                -1.436025908
              ],
              [
                131.259015631,
                -1.435974492
              ],
              [
                131.259022421,
                -1.435786988
              ],
              [
                131.259009596,
                -1.435759831
              ],
              [
                131.259066677,
                -1.435694453
              ],
              [
                131.25904516,
                -1.435583798
              ],
              [
                131.25913105,
                -1.435507368
              ],
              [
                131.259149742,
                -1.435450036
              ],
              [
                131.259269938,
                -1.435370827
              ],
              [
                131.259242613,
                -1.435350627
              ],
              [
                131.25916902,
                -1.435224479
              ],
              [
                131.259235321,
                -1.435222551
              ],
              [
                131.259277649,
                -1.435189024
              ],
              [
                131.259346381,
                -1.435238058
              ],
              [
                131.259439336,
                -1.435177792
              ],
              [
                131.259573195,
                -1.434919043
              ],
              [
                131.259422573,
                -1.434897081
              ],
              [
                131.259417291,
                -1.434890377
              ],
              [
                131.259417017,
                -1.434890135
              ],
              [
                131.259414525,
                -1.434882833
              ],
              [
                131.25941,
                -1.434876966
              ],
              [
                131.25941008,
                -1.434875612
              ],
              [
                131.259381157,
                -1.434859792
              ],
              [
                131.25935032,
                -1.434842935
              ],
              [
                131.259292971,
                -1.43483391
              ],
              [
                131.25928536,
                -1.434826506
              ],
              [
                131.259273794,
                -1.434822986
              ],
              [
                131.25926977,
                -1.43481804
              ],
              [
                131.259266669,
                -1.434820304
              ],
              [
                131.259267424,
                -1.434819382
              ],
              [
                131.259260886,
                -1.434810161
              ],
              [
                131.259257868,
                -1.434808234
              ],
              [
                131.259249318,
                -1.434807815
              ],
              [
                131.25923926,
                -1.434811503
              ],
              [
                131.259228783,
                -1.434808905
              ],
              [
                131.259222161,
                -1.434808318
              ],
              [
                131.259217299,
                -1.434806222
              ],
              [
                131.259209169,
                -1.43480354
              ],
              [
                131.259201374,
                -1.434801948
              ],
              [
                131.259188382,
                -1.434794655
              ],
              [
                131.259177402,
                -1.434786189
              ],
              [
                131.259173801,
                -1.434781645
              ],
              [
                131.259176144,
                -1.434779233
              ],
              [
                131.259174301,
                -1.434775628
              ],
              [
                131.259175139,
                -1.434772024
              ],
              [
                131.259174301,
                -1.434772443
              ],
              [
                131.259169606,
                -1.434770767
              ],
              [
                131.25916617,
                -1.434772862
              ],
              [
                131.25916332,
                -1.434769509
              ],
              [
                131.259153178,
                -1.434770264
              ],
              [
                131.259146138,
                -1.434774957
              ],
              [
                131.259139348,
                -1.434779987
              ],
              [
                131.259137084,
                -1.434780406
              ],
              [
                131.25913457,
                -1.434780071
              ],
              [
                131.259128703,
                -1.434776383
              ],
              [
                131.259122835,
                -1.434765737
              ],
              [
                131.259121997,
                -1.434764983
              ],
              [
                131.259119063,
                -1.434767246
              ],
              [
                131.259120908,
                -1.434762217
              ],
              [
                131.259122752,
                -1.43475878
              ],
              [
                131.259113196,
                -1.434758445
              ],
              [
                131.259104311,
                -1.43476448
              ],
              [
                131.259092158,
                -1.434761379
              ],
              [
                131.259087548,
                -1.434761547
              ],
              [
                131.25907816,
                -1.43476272
              ],
              [
                131.259067515,
                -1.43476624
              ],
              [
                131.259058546,
                -1.434773952
              ],
              [
                131.259048153,
                -1.434779987
              ],
              [
                131.259041615,
                -1.434786274
              ],
              [
                131.259030383,
                -1.434783507
              ],
              [
                131.259025102,
                -1.434784765
              ],
              [
                131.259015798,
                -1.434779484
              ],
              [
                131.259010267,
                -1.434781998
              ],
              [
                131.259003561,
                -1.434784765
              ],
              [
                131.258994508,
                -1.434786105
              ],
              [
                131.258981349,
                -1.434781998
              ],
              [
                131.258972632,
                -1.434776634
              ],
              [
                131.258965088,
                -1.434772946
              ],
              [
                131.258959389,
                -1.434769845
              ],
              [
                131.258950671,
                -1.434770431
              ],
              [
                131.258931644,
                -1.434780155
              ],
              [
                131.258916222,
                -1.434781076
              ],
              [
                131.258902727,
                -1.434780406
              ],
              [
                131.258892668,
                -1.434780825
              ],
              [
                131.258882946,
                -1.434783591
              ],
              [
                131.258874312,
                -1.434783172
              ],
              [
                131.258866181,
                -1.434784932
              ],
              [
                131.258860398,
                -1.434784094
              ],
              [
                131.2588521,
                -1.434781998
              ],
              [
                131.258839192,
                -1.434784094
              ],
              [
                131.258827709,
                -1.434786692
              ],
              [
                131.258819327,
                -1.434795493
              ],
              [
                131.258818404,
                -1.434797085
              ],
              [
                131.258810861,
                -1.434802283
              ],
              [
                131.258804407,
                -1.434804713
              ],
              [
                131.258793092,
                -1.434808234
              ],
              [
                131.258786051,
                -1.434806725
              ],
              [
                131.258779513,
                -1.434812257
              ],
              [
                131.258773058,
                -1.434812425
              ],
              [
                131.258767946,
                -1.434807982
              ],
              [
                131.258756798,
                -1.434808485
              ],
              [
                131.258747159,
                -1.434806893
              ],
              [
                131.258738777,
                -1.434806055
              ],
              [
                131.258727545,
                -1.43480245
              ],
              [
                131.258716146,
                -1.434800523
              ],
              [
                131.258713212,
                -1.434793482
              ],
              [
                131.258709189,
                -1.434788704
              ],
              [
                131.258704494,
                -1.434787866
              ],
              [
                131.258697789,
                -1.434789459
              ],
              [
                131.258687311,
                -1.434793062
              ],
              [
                131.258676918,
                -1.434796583
              ],
              [
                131.258670129,
                -1.434798763
              ],
              [
                131.258663758,
                -1.434799349
              ],
              [
                131.258657556,
                -1.434805719
              ],
              [
                131.258649426,
                -1.434806389
              ],
              [
                131.258645486,
                -1.434804546
              ],
              [
                131.258642133,
                -1.43480924
              ],
              [
                131.25863811,
                -1.434816615
              ],
              [
                131.258622603,
                -1.434811083
              ],
              [
                131.258611791,
                -1.434798008
              ],
              [
                131.258606511,
                -1.434790883
              ],
              [
                131.25859796,
                -1.434785183
              ],
              [
                131.258594943,
                -1.434783004
              ],
              [
                131.258587483,
                -1.434780155
              ],
              [
                131.258575749,
                -1.434782082
              ],
              [
                131.25856854,
                -1.434780238
              ],
              [
                131.258564098,
                -1.434780071
              ],
              [
                131.258558314,
                -1.434777388
              ],
              [
                131.258555632,
                -1.434776131
              ],
              [
                131.258551525,
                -1.43477303
              ],
              [
                131.25854658,
                -1.434768252
              ],
              [
                131.25853979,
                -1.434768252
              ],
              [
                131.258530906,
                -1.434758362
              ],
              [
                131.258504419,
                -1.434720978
              ],
              [
                131.258491678,
                -1.434703041
              ],
              [
                131.258487372,
                -1.434693914
              ],
              [
                131.258488974,
                -1.4346776
              ],
              [
                131.258491595,
                -1.434675883
              ],
              [
                131.258571013,
                -1.434567221
              ],
              [
                131.258690413,
                -1.434405148
              ],
              [
                131.258699717,
                -1.434284784
              ],
              [
                131.258796779,
                -1.434143129
              ],
              [
                131.258798455,
                -1.434139526
              ],
              [
                131.258817566,
                -1.434125528
              ],
              [
                131.258832989,
                -1.434114715
              ],
              [
                131.258832403,
                -1.434103902
              ],
              [
                131.258833996,
                -1.434097029
              ],
              [
                131.258830056,
                -1.434086887
              ],
              [
                131.258828379,
                -1.434081355
              ],
              [
                131.2588262,
                -1.434077415
              ],
              [
                131.258821282,
                -1.43407151
              ],
              [
                131.258829637,
                -1.434056713
              ],
              [
                131.258861404,
                -1.434013797
              ],
              [
                131.258889735,
                -1.433948334
              ],
              [
                131.258902311,
                -1.433906962
              ],
              [
                131.258905409,
                -1.433903575
              ],
              [
                131.258907385,
                -1.433900491
              ],
              [
                131.258913036,
                -1.433891672
              ],
              [
                131.25891312,
                -1.433888487
              ],
              [
                131.258943379,
                -1.433883207
              ],
              [
                131.258952683,
                -1.433882704
              ],
              [
                131.258956798,
                -1.433882817
              ],
              [
                131.25895974,
                -1.43388161
              ],
              [
                131.258964227,
                -1.433879769
              ],
              [
                131.258971793,
                -1.43388019
              ],
              [
                131.258972967,
                -1.433885973
              ],
              [
                131.258976572,
                -1.433883207
              ],
              [
                131.258979123,
                -1.433873658
              ],
              [
                131.25897917,
                -1.433873484
              ],
              [
                131.258979791,
                -1.433873384
              ],
              [
                131.258987719,
                -1.433870131
              ],
              [
                131.259040258,
                -1.433864359
              ],
              [
                131.259084614,
                -1.433859486
              ],
              [
                131.259088805,
                -1.433840962
              ],
              [
                131.259120217,
                -1.433778711
              ],
              [
                131.25912426,
                -1.433777678
              ],
              [
                131.259135157,
                -1.433769883
              ],
              [
                131.259153932,
                -1.433765525
              ],
              [
                131.259160805,
                -1.43375027
              ],
              [
                131.259166087,
                -1.433738702
              ],
              [
                131.25917187,
                -1.433723448
              ],
              [
                131.259181677,
                -1.433692016
              ],
              [
                131.259195758,
                -1.433682376
              ],
              [
                131.259202464,
                -1.433674833
              ],
              [
                131.259208247,
                -1.433664188
              ],
              [
                131.259213192,
                -1.433652118
              ],
              [
                131.259212857,
                -1.433629654
              ],
              [
                131.259212019,
                -1.433616495
              ],
              [
                131.259221993,
                -1.433602497
              ],
              [
                131.259222413,
                -1.433587745
              ],
              [
                131.259223251,
                -1.433564862
              ],
              [
                131.259223837,
                -1.433551619
              ],
              [
                131.259224676,
                -1.433540722
              ],
              [
                131.259223418,
                -1.433530831
              ],
              [
                131.259222916,
                -1.43352984
              ],
              [
                131.25921445,
                -1.433513146
              ],
              [
                131.259218221,
                -1.433503339
              ],
              [
                131.259218892,
                -1.433494035
              ],
              [
                131.25922434,
                -1.433482384
              ],
              [
                131.259226185,
                -1.433458077
              ],
              [
                131.259220988,
                -1.433433602
              ],
              [
                131.259227861,
                -1.433411809
              ],
              [
                131.259229872,
                -1.433401247
              ],
              [
                131.259231297,
                -1.433383142
              ],
              [
                131.259235321,
                -1.433368726
              ],
              [
                131.259239847,
                -1.433355817
              ],
              [
                131.259245631,
                -1.433342994
              ],
              [
                131.259249821,
                -1.433327235
              ],
              [
                131.25925242,
                -1.433316171
              ],
              [
                131.259267339,
                -1.433304269
              ],
              [
                131.259270693,
                -1.433293959
              ],
              [
                131.259271866,
                -1.433273759
              ],
              [
                131.259267842,
                -1.433258504
              ],
              [
                131.259276476,
                -1.433248277
              ],
              [
                131.259278907,
                -1.433221959
              ],
              [
                131.259282846,
                -1.433211481
              ],
              [
                131.259280835,
                -1.433197652
              ],
              [
                131.259274297,
                -1.433186922
              ],
              [
                131.259265747,
                -1.433166889
              ],
              [
                131.259269435,
                -1.433147611
              ],
              [
                131.259273291,
                -1.433129255
              ],
              [
                131.259283768,
                -1.433108467
              ],
              [
                131.259284355,
                -1.433084579
              ],
              [
                131.259290138,
                -1.433067899
              ],
              [
                131.25929215,
                -1.43305608
              ],
              [
                131.259291228,
                -1.433041915
              ],
              [
                131.259290306,
                -1.433030432
              ],
              [
                131.259301202,
                -1.433013668
              ],
              [
                131.259301953,
                -1.433012076
              ],
              [
                131.259298101,
                -1.432994642
              ],
              [
                131.259279745,
                -1.432920546
              ],
              [
                131.259276268,
                -1.432886715
              ],
              [
                131.259275973,
                -1.432883833
              ],
              [
                131.259238841,
                -1.432837397
              ],
              [
                131.259214617,
                -1.432826165
              ],
              [
                131.259151921,
                -1.4328177
              ],
              [
                131.259045471,
                -1.432731114
              ],
              [
                131.258996688,
                -1.43271938
              ],
              [
                131.258898871,
                -1.43279708
              ],
              [
                131.258722348,
                -1.432950218
              ],
              [
                131.258716738,
                -1.432955428
              ],
              [
                131.258712141,
                -1.432959699
              ],
              [
                131.258709424,
                -1.432978881
              ],
              [
                131.25870938,
                -1.432979187
              ],
              [
                131.258697004,
                -1.432978247
              ],
              [
                131.258692538,
                -1.432977907
              ],
              [
                131.258685537,
                -1.43298441
              ],
              [
                131.258681735,
                -1.432986575
              ],
              [
                131.258679653,
                -1.432987761
              ],
              [
                131.2586703,
                -1.432975141
              ],
              [
                131.258661165,
                -1.432971276
              ],
              [
                131.258655545,
                -1.432973905
              ],
              [
                131.258647536,
                -1.432979398
              ],
              [
                131.258646911,
                -1.432978213
              ],
              [
                131.258636774,
                -1.432965752
              ],
              [
                131.258626672,
                -1.432969874
              ],
              [
                131.258621583,
                -1.432971951
              ],
              [
                131.2586084,
                -1.43297733
              ],
              [
                131.258606196,
                -1.432974666
              ],
              [
                131.258619005,
                -1.432967537
              ],
              [
                131.258622462,
                -1.432965613
              ],
              [
                131.258626059,
                -1.432963611
              ],
              [
                131.258632235,
                -1.432960173
              ],
              [
                131.258633401,
                -1.432959525
              ],
              [
                131.258637798,
                -1.432957078
              ],
              [
                131.258643687,
                -1.4329538
              ],
              [
                131.258608321,
                -1.4329513
              ],
              [
                131.258602487,
                -1.432950888
              ],
              [
                131.258596178,
                -1.432962145
              ],
              [
                131.258595195,
                -1.432961365
              ],
              [
                131.258596042,
                -1.432962389
              ],
              [
                131.25859014,
                -1.43297292
              ],
              [
                131.258520512,
                -1.432996066
              ],
              [
                131.258389503,
                -1.433055829
              ],
              [
                131.258352351,
                -1.433076667
              ],
              [
                131.258346755,
                -1.433076617
              ],
              [
                131.258334601,
                -1.433081478
              ],
              [
                131.258329572,
                -1.433088576
              ],
              [
                131.258327057,
                -1.433092123
              ],
              [
                131.258313981,
                -1.433104528
              ],
              [
                131.258302583,
                -1.43311291
              ],
              [
                131.258294117,
                -1.433122465
              ],
              [
                131.258288752,
                -1.43312674
              ],
              [
                131.258281963,
                -1.433133445
              ],
              [
                131.258272575,
                -1.43313529
              ],
              [
                131.258266205,
                -1.433143671
              ],
              [
                131.258254806,
                -1.433153562
              ],
              [
                131.258244496,
                -1.433162782
              ],
              [
                131.258238796,
                -1.433177367
              ],
              [
                131.258168891,
                -1.433279542
              ],
              [
                131.258156486,
                -1.43327862
              ],
              [
                131.258161515,
                -1.433281721
              ],
              [
                131.258162859,
                -1.433282757
              ],
              [
                131.258153636,
                -1.433287673
              ],
              [
                131.258137291,
                -1.433297395
              ],
              [
                131.258129496,
                -1.433304487
              ],
              [
                131.258092281,
                -1.433377694
              ],
              [
                131.258048192,
                -1.433394793
              ],
              [
                131.257977448,
                -1.433367385
              ],
              [
                131.257905112,
                -1.433390267
              ],
              [
                131.257883935,
                -1.433392564
              ],
              [
                131.257872926,
                -1.433401667
              ],
              [
                131.257861107,
                -1.433404684
              ],
              [
                131.257848367,
                -1.433408959
              ],
              [
                131.257837973,
                -1.433405606
              ],
              [
                131.257824647,
                -1.433396051
              ],
              [
                131.257811822,
                -1.433393368
              ],
              [
                131.257803357,
                -1.43339429
              ],
              [
                131.257796651,
                -1.433394039
              ],
              [
                131.257785503,
                -1.433397811
              ],
              [
                131.257774439,
                -1.433401499
              ],
              [
                131.25775516,
                -1.433393872
              ],
              [
                131.257745018,
                -1.433388507
              ],
              [
                131.257734541,
                -1.433379623
              ],
              [
                131.25772113,
                -1.433375598
              ],
              [
                131.257712255,
                -1.433372548
              ],
              [
                131.257707718,
                -1.433370989
              ],
              [
                131.257698163,
                -1.433362775
              ],
              [
                131.257687519,
                -1.433360428
              ],
              [
                131.257670586,
                -1.433344502
              ],
              [
                131.257665139,
                -1.43332514
              ],
              [
                131.257659523,
                -1.433316339
              ],
              [
                131.257652147,
                -1.433304939
              ],
              [
                131.2576441,
                -1.433294378
              ],
              [
                131.257641418,
                -1.433283146
              ],
              [
                131.257633456,
                -1.43327007
              ],
              [
                131.25762918,
                -1.433248864
              ],
              [
                131.257623984,
                -1.433242327
              ],
              [
                131.257611914,
                -1.433236962
              ],
              [
                131.257579643,
                -1.433229167
              ],
              [
                131.257562041,
                -1.433223551
              ],
              [
                131.257558018,
                -1.433224977
              ],
              [
                131.257545193,
                -1.433215673
              ],
              [
                131.25753019,
                -1.433217851
              ],
              [
                131.257517198,
                -1.43321936
              ],
              [
                131.257503284,
                -1.433220366
              ],
              [
                131.257488784,
                -1.433225479
              ],
              [
                131.257484928,
                -1.433225395
              ],
              [
                131.257459195,
                -1.433224306
              ],
              [
                131.257449976,
                -1.433230508
              ],
              [
                131.257445197,
                -1.433244841
              ],
              [
                131.257432206,
                -1.433252553
              ],
              [
                131.257423321,
                -1.433262946
              ],
              [
                131.25742089,
                -1.433278034
              ],
              [
                131.257413011,
                -1.433291109
              ],
              [
                131.257405551,
                -1.433294797
              ],
              [
                131.257396247,
                -1.433301671
              ],
              [
                131.257386357,
                -1.433304436
              ],
              [
                131.25737261,
                -1.433310807
              ],
              [
                131.257348135,
                -1.433304772
              ],
              [
                131.257319386,
                -1.433293624
              ],
              [
                131.257298011,
                -1.433289684
              ],
              [
                131.257284432,
                -1.433285493
              ],
              [
                131.257261885,
                -1.433276525
              ],
              [
                131.257243864,
                -1.433274933
              ],
              [
                131.257224922,
                -1.433275602
              ],
              [
                131.257206564,
                -1.433275016
              ],
              [
                131.257198183,
                -1.433273172
              ],
              [
                131.25718779,
                -1.433275016
              ],
              [
                131.25716499,
                -1.433276189
              ],
              [
                131.257155687,
                -1.433276693
              ],
              [
                131.257126434,
                -1.433277698
              ],
              [
                131.25710506,
                -1.43328893
              ],
              [
                131.257089218,
                -1.433289098
              ],
              [
                131.257070862,
                -1.433296893
              ],
              [
                131.257064911,
                -1.433301838
              ],
              [
                131.257048483,
                -1.433303263
              ],
              [
                131.257035574,
                -1.433303096
              ],
              [
                131.257020906,
                -1.433304856
              ],
              [
                131.257014787,
                -1.433306951
              ],
              [
                131.257005231,
                -1.433306365
              ],
              [
                131.257006069,
                -1.433321619
              ],
              [
                131.257001879,
                -1.433330252
              ],
              [
                131.256993245,
                -1.433331845
              ],
              [
                131.256989558,
                -1.433340814
              ],
              [
                131.256983271,
                -1.43334886
              ],
              [
                131.256980254,
                -1.433359002
              ],
              [
                131.256974889,
                -1.433376605
              ],
              [
                131.256968435,
                -1.433387249
              ],
              [
                131.25692728,
                -1.433423124
              ],
              [
                131.256880676,
                -1.433435781
              ],
              [
                131.256737429,
                -1.433373084
              ],
              [
                131.256728796,
                -1.433360344
              ],
              [
                131.25669594,
                -1.433317345
              ],
              [
                131.256652605,
                -1.433243165
              ],
              [
                131.25663517,
                -1.433193879
              ],
              [
                131.256621843,
                -1.433162615
              ],
              [
                131.25659938,
                -1.433135457
              ],
              [
                131.256576833,
                -1.433106289
              ],
              [
                131.256529643,
                -1.433109809
              ],
              [
                131.256465772,
                -1.433120538
              ],
              [
                131.256397543,
                -1.433095811
              ],
              [
                131.256263685,
                -1.433068067
              ],
              [
                131.256273995,
                -1.433063625
              ],
              [
                131.256346414,
                -1.433067061
              ],
              [
                131.25639285,
                -1.433038059
              ],
              [
                131.256407769,
                -1.433045771
              ],
              [
                131.25648614,
                -1.433016099
              ],
              [
                131.256516315,
                -1.432999838
              ],
              [
                131.256678086,
                -1.43295181
              ],
              [
                131.256808257,
                -1.432911242
              ],
              [
                131.256850753,
                -1.432818118
              ],
              [
                131.256859051,
                -1.432770845
              ],
              [
                131.256843209,
                -1.43277864
              ],
              [
                131.256829044,
                -1.432776544
              ],
              [
                131.256808843,
                -1.432782663
              ],
              [
                131.256793923,
                -1.432775287
              ],
              [
                131.256780261,
                -1.43276548
              ],
              [
                131.256767688,
                -1.432756176
              ],
              [
                131.256758804,
                -1.432745196
              ],
              [
                131.256757966,
                -1.432739999
              ],
              [
                131.256751447,
                -1.432734378
              ],
              [
                131.256748829,
                -1.43273212
              ],
              [
                131.256744722,
                -1.432717955
              ],
              [
                131.256742039,
                -1.432710663
              ],
              [
                131.2567438,
                -1.432707394
              ],
              [
                131.256746905,
                -1.432700263
              ],
              [
                131.256749165,
                -1.432695072
              ],
              [
                131.256752349,
                -1.432679985
              ],
              [
                131.256748242,
                -1.432661125
              ],
              [
                131.256749667,
                -1.432650983
              ],
              [
                131.256745644,
                -1.432648134
              ],
              [
                131.256724018,
                -1.432628688
              ],
              [
                131.256703316,
                -1.432599434
              ],
              [
                131.256686216,
                -1.432581246
              ],
              [
                131.256682612,
                -1.432564985
              ],
              [
                131.256678924,
                -1.432556939
              ],
              [
                131.25667247,
                -1.432541935
              ],
              [
                131.256667273,
                -1.432534307
              ],
              [
                131.256672134,
                -1.432513687
              ],
              [
                131.25667708,
                -1.432502707
              ],
              [
                131.256680181,
                -1.432485776
              ],
              [
                131.25667314,
                -1.432470772
              ],
              [
                131.256678924,
                -1.432448728
              ],
              [
                131.256688563,
                -1.432439927
              ],
              [
                131.256694682,
                -1.432421152
              ],
              [
                131.256698789,
                -1.432404807
              ],
              [
                131.256703316,
                -1.432389636
              ],
              [
                131.25669837,
                -1.432386199
              ],
              [
                131.256691329,
                -1.432375973
              ],
              [
                131.256689737,
                -1.43236734
              ],
              [
                131.25669091,
                -1.432348313
              ],
              [
                131.256697029,
                -1.432339512
              ],
              [
                131.256692419,
                -1.43233113
              ],
              [
                131.256690323,
                -1.432320988
              ],
              [
                131.256690658,
                -1.432313444
              ],
              [
                131.256692251,
                -1.432309253
              ],
              [
                131.256693341,
                -1.432307745
              ],
              [
                131.25669728,
                -1.432297099
              ],
              [
                131.256703231,
                -1.432280084
              ],
              [
                131.256710607,
                -1.432262734
              ],
              [
                131.256720666,
                -1.432238174
              ],
              [
                131.256709769,
                -1.432200707
              ],
              [
                131.25670231,
                -1.432188554
              ],
              [
                131.256701303,
                -1.432186542
              ],
              [
                131.256692335,
                -1.43218101
              ],
              [
                131.25669091,
                -1.432158966
              ],
              [
                131.256697867,
                -1.432143459
              ],
              [
                131.256707255,
                -1.432130216
              ],
              [
                131.256710021,
                -1.432118146
              ],
              [
                131.256716392,
                -1.432108842
              ],
              [
                131.256716978,
                -1.432101382
              ],
              [
                131.25672821,
                -1.432097359
              ],
              [
                131.25673573,
                -1.432091329
              ],
              [
                131.256735921,
                -1.432086882
              ],
              [
                131.256734328,
                -1.432073638
              ],
              [
                131.256734328,
                -1.432065507
              ],
              [
                131.256733322,
                -1.432059053
              ],
              [
                131.256732903,
                -1.432051593
              ],
              [
                131.256740866,
                -1.432041703
              ],
              [
                131.256745644,
                -1.432032315
              ],
              [
                131.256749248,
                -1.432023095
              ],
              [
                131.256754613,
                -1.432018988
              ],
              [
                131.256764922,
                -1.432016305
              ],
              [
                131.256777663,
                -1.432005828
              ],
              [
                131.256788643,
                -1.432000548
              ],
              [
                131.256804066,
                -1.431991998
              ],
              [
                131.256822925,
                -1.431985879
              ],
              [
                131.256831391,
                -1.431980012
              ],
              [
                131.256843796,
                -1.431965679
              ],
              [
                131.256849244,
                -1.431957967
              ],
              [
                131.256858465,
                -1.431951765
              ],
              [
                131.256866679,
                -1.431947993
              ],
              [
                131.256880593,
                -1.4319433
              ],
              [
                131.25688998,
                -1.431939862
              ],
              [
                131.256903811,
                -1.431931062
              ],
              [
                131.256917558,
                -1.431928719
              ],
              [
                131.256919023,
                -1.431928601
              ],
              [
                131.256927196,
                -1.431929553
              ],
              [
                131.257047979,
                -1.431918238
              ],
              [
                131.257146048,
                -1.431912705
              ],
              [
                131.257243361,
                -1.431890997
              ],
              [
                131.257277141,
                -1.431826372
              ],
              [
                131.257272195,
                -1.431770548
              ],
              [
                131.257320301,
                -1.431738287
              ],
              [
                131.257370179,
                -1.431707265
              ],
              [
                131.257428266,
                -1.43170693
              ],
              [
                131.257469588,
                -1.431715731
              ],
              [
                131.257560197,
                -1.431708019
              ],
              [
                131.257487274,
                -1.431680945
              ],
              [
                131.257420723,
                -1.431625793
              ],
              [
                131.257403875,
                -1.431600982
              ],
              [
                131.257382598,
                -1.431568618
              ],
              [
                131.257363726,
                -1.431500819
              ],
              [
                131.257355092,
                -1.431390345
              ],
              [
                131.257376298,
                -1.4312906
              ],
              [
                131.257397198,
                -1.431225863
              ],
              [
                131.257407866,
                -1.431147804
              ],
              [
                131.257401109,
                -1.431060015
              ],
              [
                131.257329043,
                -1.43098314
              ],
              [
                131.257277538,
                -1.430926768
              ],
              [
                131.257212851,
                -1.430860022
              ],
              [
                131.25712743,
                -1.430744105
              ],
              [
                131.257101288,
                -1.430675201
              ],
              [
                131.257080834,
                -1.430637263
              ],
              [
                131.257052224,
                -1.4305842
              ],
              [
                131.257011266,
                -1.430508233
              ],
              [
                131.256998364,
                -1.430454916
              ],
              [
                131.256979583,
                -1.430377308
              ],
              [
                131.256961849,
                -1.430347833
              ],
              [
                131.256889569,
                -1.430231275
              ],
              [
                131.256860141,
                -1.430150075
              ],
              [
                131.25684631,
                -1.430104478
              ],
              [
                131.256796942,
                -1.430072878
              ],
              [
                131.256695185,
                -1.430024849
              ],
              [
                131.256646653,
                -1.429977659
              ],
              [
                131.256619748,
                -1.42993818
              ],
              [
                131.256602817,
                -1.429909598
              ],
              [
                131.256503742,
                -1.429941281
              ],
              [
                131.256462252,
                -1.42994958
              ],
              [
                131.256416738,
                -1.429955615
              ],
              [
                131.256371978,
                -1.429914963
              ],
              [
                131.256370973,
                -1.429840028
              ],
              [
                131.256465521,
                -1.429773812
              ],
              [
                131.256419588,
                -1.429732404
              ],
              [
                131.256416989,
                -1.42963375
              ],
              [
                131.256335266,
                -1.429515481
              ],
              [
                131.256316072,
                -1.429445408
              ],
              [
                131.256240718,
                -1.429372737
              ],
              [
                131.256214399,
                -1.429235442
              ],
              [
                131.25615581,
                -1.429105271
              ],
              [
                131.256207694,
                -1.429004269
              ],
              [
                131.256502689,
                -1.428951177
              ],
              [
                131.256551016,
                -1.428762954
              ],
              [
                131.256596446,
                -1.428704112
              ],
              [
                131.256592172,
                -1.428667483
              ],
              [
                131.256627459,
                -1.428626413
              ],
              [
                131.256587813,
                -1.428591879
              ],
              [
                131.256607259,
                -1.428547958
              ],
              [
                131.256677667,
                -1.42846657
              ],
              [
                131.256713123,
                -1.428494817
              ],
              [
                131.256805647,
                -1.428509845
              ],
              [
                131.256975727,
                -1.428570254
              ],
              [
                131.2570515,
                -1.428545192
              ],
              [
                131.257069856,
                -1.4286876
              ],
              [
                131.257107322,
                -1.428753553
              ],
              [
                131.257193321,
                -1.428827495
              ],
              [
                131.257298934,
                -1.42885549
              ],
              [
                131.257414436,
                -1.428887257
              ],
              [
                131.257484677,
                -1.428856496
              ],
              [
                131.257486939,
                -1.428854568
              ],
              [
                131.257488699,
                -1.428852891
              ],
              [
                131.257490376,
                -1.428850712
              ],
              [
                131.257494567,
                -1.428846857
              ],
              [
                131.257499094,
                -1.428840402
              ],
              [
                131.257501105,
                -1.428838559
              ],
              [
                131.257503014,
                -1.428836904
              ],
              [
                131.257511357,
                -1.428837243
              ],
              [
                131.257516947,
                -1.428837469
              ],
              [
                131.257598838,
                -1.428830344
              ],
              [
                131.257602347,
                -1.428806849
              ],
              [
                131.257605124,
                -1.428788256
              ],
              [
                131.257605585,
                -1.428786991
              ],
              [
                131.257606466,
                -1.428784579
              ],
              [
                131.25762566,
                -1.428815508
              ],
              [
                131.257631863,
                -1.428796733
              ],
              [
                131.257639574,
                -1.428768151
              ],
              [
                131.257688859,
                -1.42875608
              ],
              [
                131.257763709,
                -1.428654576
              ],
              [
                131.257832693,
                -1.428596154
              ],
              [
                131.257887259,
                -1.428581653
              ],
              [
                131.257917853,
                -1.428564051
              ],
              [
                131.257936544,
                -1.428590119
              ],
              [
                131.257974263,
                -1.428581318
              ],
              [
                131.258013658,
                -1.428572265
              ],
              [
                131.257996476,
                -1.428593723
              ],
              [
                131.257911483,
                -1.428605542
              ],
              [
                131.257915254,
                -1.42864326
              ],
              [
                131.257918101,
                -1.428671475
              ],
              [
                131.257918105,
                -1.428671508
              ],
              [
                131.257957093,
                -1.428680517
              ],
              [
                131.257959092,
                -1.428680979
              ],
              [
                131.257961139,
                -1.428679698
              ],
              [
                131.257985411,
                -1.428699
              ],
              [
                131.258066379,
                -1.428776359
              ],
              [
                131.25806814,
                -1.428750548
              ],
              [
                131.258145757,
                -1.428678883
              ],
              [
                131.258190181,
                -1.428645943
              ],
              [
                131.25836662,
                -1.428514514
              ],
              [
                131.258432335,
                -1.428485513
              ],
              [
                131.258629644,
                -1.428479059
              ],
              [
                131.258778172,
                -1.428199019
              ],
              [
                131.258743374,
                -1.428114431
              ],
              [
                131.258716314,
                -1.428048648
              ],
              [
                131.25870944,
                -1.428043116
              ],
              [
                131.258643307,
                -1.427953262
              ],
              [
                131.258628974,
                -1.427775817
              ],
              [
                131.258685968,
                -1.427723264
              ],
              [
                131.258699969,
                -1.427710354
              ],
              [
                131.259244038,
                -1.427493263
              ],
              [
                131.259522401,
                -1.427244991
              ],
              [
                131.259541846,
                -1.427218672
              ],
              [
                131.259978041,
                -1.426853472
              ],
              [
                131.260062866,
                -1.426801337
              ],
              [
                131.260138303,
                -1.426778371
              ],
              [
                131.260294123,
                -1.426739813
              ],
              [
                131.260420773,
                -1.426795553
              ],
              [
                131.260509793,
                -1.426857551
              ],
              [
                131.260542368,
                -1.426818418
              ],
              [
                131.26078236,
                -1.426687071
              ],
              [
                131.26103514,
                -1.426581421
              ],
              [
                131.261303285,
                -1.426516889
              ],
              [
                131.261576571,
                -1.426483198
              ],
              [
                131.261829349,
                -1.426374972
              ],
              [
                131.262073884,
                -1.426269755
              ],
              [
                131.262184098,
                -1.426178339
              ],
              [
                131.262248307,
                -1.425901178
              ],
              [
                131.262295928,
                -1.425731902
              ],
              [
                131.262305325,
                -1.425704717
              ],
              [
                131.26231458,
                -1.425442295
              ],
              [
                131.262402255,
                -1.425373396
              ],
              [
                131.262443745,
                -1.425293097
              ],
              [
                131.262484649,
                -1.425292259
              ],
              [
                131.262577604,
                -1.425316064
              ],
              [
                131.262702914,
                -1.425440116
              ],
              [
                131.262771814,
                -1.425538603
              ],
              [
                131.262830486,
                -1.425599874
              ],
              [
                131.263237344,
                -1.42582275
              ],
              [
                131.263359871,
                -1.425824488
              ],
              [
                131.263597682,
                -1.425827862
              ],
              [
                131.263993727,
                -1.425672463
              ],
              [
                131.264179218,
                -1.425592918
              ],
              [
                131.26425013,
                -1.425211793
              ],
              [
                131.264133156,
                -1.424739404
              ],
              [
                131.26413228,
                -1.424735868
              ],
              [
                131.26411666,
                -1.424411004
              ],
              [
                131.264154777,
                -1.424366209
              ],
              [
                131.264262764,
                -1.424298554
              ],
              [
                131.264474764,
                -1.424165731
              ],
              [
                131.264530287,
                -1.424163319
              ],
              [
                131.264538927,
                -1.424132049
              ],
              [
                131.264797453,
                -1.423196354
              ],
              [
                131.264852891,
                -1.423047137
              ],
              [
                131.26502413,
                -1.422916455
              ],
              [
                131.265250953,
                -1.422795038
              ],
              [
                131.265519513,
                -1.422715527
              ],
              [
                131.265843648,
                -1.42264529
              ],
              [
                131.266255673,
                -1.422453765
              ],
              [
                131.266431538,
                -1.422313749
              ],
              [
                131.266760025,
                -1.421954504
              ],
              [
                131.266944147,
                -1.421263981
              ],
              [
                131.267433642,
                -1.418710074
              ],
              [
                131.268069131,
                -1.41754073
              ],
              [
                131.26824203,
                -1.417131204
              ],
              [
                131.268337977,
                -1.416380047
              ],
              [
                131.268377188,
                -1.41548716
              ],
              [
                131.268426852,
                -1.415035041
              ],
              [
                131.268547969,
                -1.414710408
              ],
              [
                131.268655045,
                -1.414494958
              ],
              [
                131.268745119,
                -1.414373244
              ],
              [
                131.2690508,
                -1.414115462
              ],
              [
                131.269436063,
                -1.413856427
              ],
              [
                131.269719366,
                -1.413624784
              ],
              [
                131.269828288,
                -1.413487032
              ],
              [
                131.269890075,
                -1.413373671
              ],
              [
                131.269928844,
                -1.413235997
              ],
              [
                131.269959163,
                -1.412897207
              ],
              [
                131.269936562,
                -1.412683069
              ],
              [
                131.269845585,
                -1.412485008
              ],
              [
                131.274039154,
                -1.411185959
              ],
              [
                131.274252866,
                -1.411006077
              ],
              [
                131.274474996,
                -1.410817707
              ],
              [
                131.274621302,
                -1.41058874
              ],
              [
                131.274782744,
                -1.410341109
              ],
              [
                131.274976191,
                -1.410105307
              ],
              [
                131.275176433,
                -1.409918658
              ],
              [
                131.275442402,
                -1.409782795
              ],
              [
                131.275698308,
                -1.409689322
              ],
              [
                131.275957599,
                -1.409614486
              ],
              [
                131.276228712,
                -1.409576929
              ],
              [
                131.276503196,
                -1.409532588
              ],
              [
                131.276772653,
                -1.409520453
              ],
              [
                131.277052193,
                -1.409484588
              ],
              [
                131.277326618,
                -1.409389397
              ],
              [
                131.277545402,
                -1.40922476
              ],
              [
                131.277774257,
                -1.409026223
              ],
              [
                131.277969423,
                -1.40882093
              ],
              [
                131.278203397,
                -1.408685098
              ],
              [
                131.278474529,
                -1.408667881
              ],
              [
                131.278752405,
                -1.408648967
              ],
              [
                131.279026907,
                -1.408633437
              ],
              [
                131.279314884,
                -1.408611123
              ],
              [
                131.279584313,
                -1.408570178
              ],
              [
                131.279850346,
                -1.408500416
              ],
              [
                131.280114701,
                -1.408442525
              ],
              [
                131.280377367,
                -1.408374466
              ],
              [
                131.280636648,
                -1.40828946
              ],
              [
                131.280796652,
                -1.408135911
              ],
              [
                131.280805102,
                -1.40781894
              ],
              [
                131.280847292,
                -1.407560922
              ],
              [
                131.280950171,
                -1.407362501
              ],
              [
                131.281092151,
                -1.40719286
              ],
              [
                131.281306901,
                -1.407038073
              ],
              [
                131.281522042,
                -1.406933105
              ],
              [
                131.282017666,
                -1.406730572
              ],
              [
                131.282228399,
                -1.406601209
              ],
              [
                131.282287947,
                -1.406531985
              ],
              [
                131.282317173,
                -1.406446184
              ],
              [
                131.282320147,
                -1.406391272
              ],
              [
                131.28232074,
                -1.40630889
              ],
              [
                131.282286457,
                -1.406033998
              ],
              [
                131.282211703,
                -1.405715744
              ],
              [
                131.282112889,
                -1.40524396
              ],
              [
                131.282062513,
                -1.405045698
              ],
              [
                131.282016566,
                -1.404905044
              ],
              [
                131.281914917,
                -1.404639719
              ],
              [
                131.281848072,
                -1.404482823
              ],
              [
                131.281807517,
                -1.404343872
              ],
              [
                131.281789728,
                -1.404061831
              ],
              [
                131.281817764,
                -1.40379637
              ],
              [
                131.281882867,
                -1.403546131
              ],
              [
                131.282006165,
                -1.403211077
              ],
              [
                131.282143448,
                -1.40271769
              ],
              [
                131.282205022,
                -1.402301326
              ],
              [
                131.282216757,
                -1.401898256
              ],
              [
                131.282187264,
                -1.401355195
              ],
              [
                131.28217948,
                -1.400970106
              ],
              [
                131.282199769,
                -1.400698532
              ],
              [
                131.282235941,
                -1.400485612
              ],
              [
                131.282337677,
                -1.400154991
              ],
              [
                131.282429362,
                -1.39987014
              ],
              [
                131.282527747,
                -1.399557484
              ],
              [
                131.282639542,
                -1.399169547
              ],
              [
                131.282763495,
                -1.398823644
              ],
              [
                131.282013645,
                -1.396441161
              ],
              [
                131.284942031,
                -1.399550848
              ],
              [
                131.286226823,
                -1.400934781
              ],
              [
                131.287793219,
                -1.402059384
              ],
              [
                131.28845198,
                -1.402733031
              ],
              [
                131.288743224,
                -1.403832743
              ],
              [
                131.288921851,
                -1.404648293
              ],
              [
                131.288997196,
                -1.404992296
              ],
              [
                131.289029027,
                -1.405639657
              ],
              [
                131.289015132,
                -1.405720097
              ],
              [
                131.288898254,
                -1.406596929
              ],
              [
                131.289097572,
                -1.408095682
              ],
              [
                131.289110441,
                -1.408089955
              ]
            ],
            [
              [
                131.259017559,
                -1.436029477
              ],
              [
                131.259044549,
                -1.436012126
              ],
              [
                131.259017433,
                -1.436025908
              ],
              [
                131.259017559,
                -1.436029477
              ]
            ],
            [
              [
                131.289095489,
                -1.408096609
              ],
              [
                131.289097097,
                -1.408101081
              ],
              [
                131.289098988,
                -1.408106337
              ],
              [
                131.289097572,
                -1.408095682
              ],
              [
                131.289095489,
                -1.408096609
              ]
            ],
            [
              [
                131.258657663,
                -1.432948927
              ],
              [
                131.258654731,
                -1.432942195
              ],
              [
                131.25865479,
                -1.432944434
              ],
              [
                131.258656293,
                -1.432946784
              ],
              [
                131.258657663,
                -1.432948927
              ]
            ]
          ]
        ]
      }
    }
  ]
}