{
  "type": "FeatureCollection",
  "features": [
    {
      "type": "Feature",
      "properties": {
        "idx": "379",
        "nama_kewilayahan": "Tampo Pekurehua Wanua Watutau"
      },
      "geometry": {
        "type": "MultiPolygon",
        "coordinates": [
          [
            [
              [
                120.243159481,
                -1.524979011
              ],
              [
                120.245055206,
                -1.521493022
              ],
              [
                120.245325234,
                -1.521027973
              ],
              [
                120.245610001,
                -1.520611777
              ],
              [
                120.245675716,
                -1.520458442
              ],
              [
                120.245872862,
                -1.520042245
              ],
              [
                120.245986769,
                -1.519849481
              ],
              [
                120.246179533,
                -1.519586619
              ],
              [
                120.246389822,
                -1.519253661
              ],
              [
                120.246512491,
                -1.518920703
              ],
              [
                120.246670208,
                -1.518535173
              ],
              [
                120.246740304,
                -1.518377456
              ],
              [
                120.24702069,
                -1.517694017
              ],
              [
                120.247318598,
                -1.516993054
              ],
              [
                120.247476316,
                -1.516695144
              ],
              [
                120.247686605,
                -1.516257041
              ],
              [
                120.247793642,
                -1.516060492
              ],
              [
                120.247833804,
                -1.515839595
              ],
              [
                120.248672319,
                -1.514904585
              ],
              [
                120.250005471,
                -1.514573222
              ],
              [
                120.268179982,
                -1.510055824
              ],
              [
                120.26998796,
                -1.509958976
              ],
              [
                120.270652914,
                -1.509923356
              ],
              [
                120.272281772,
                -1.509784789
              ],
              [
                120.27316401,
                -1.509835255
              ],
              [
                120.274612629,
                -1.510165931
              ],
              [
                120.275483069,
                -1.510414669
              ],
              [
                120.276765857,
                -1.51055975
              ],
              [
                120.277869518,
                -1.511457783
              ],
              [
                120.278814883,
                -1.511762448
              ],
              [
                120.279722652,
                -1.511495987
              ],
              [
                120.280044332,
                -1.510743213
              ],
              [
                120.280864678,
                -1.510206261
              ],
              [
                120.281720705,
                -1.509633488
              ],
              [
                120.282433646,
                -1.509490922
              ],
              [
                120.283756124,
                -1.509248699
              ],
              [
                120.284230966,
                -1.509518289
              ],
              [
                120.28524027,
                -1.509878217
              ],
              [
                120.286279384,
                -1.510148517
              ],
              [
                120.287021737,
                -1.510239115
              ],
              [
                120.287704693,
                -1.510329638
              ],
              [
                120.288655122,
                -1.510271056
              ],
              [
                120.289724272,
                -1.510272398
              ],
              [
                120.290585755,
                -1.51009415
              ],
              [
                120.29135792,
                -1.510095119
              ],
              [
                120.291862761,
                -1.510125641
              ],
              [
                120.292337422,
                -1.510544673
              ],
              [
                120.292841226,
                -1.511412068
              ],
              [
                120.293286003,
                -1.511980506
              ],
              [
                120.293731225,
                -1.512190284
              ],
              [
                120.294562605,
                -1.51234077
              ],
              [
                120.295334514,
                -1.512550957
              ],
              [
                120.296136271,
                -1.512641629
              ],
              [
                120.297027236,
                -1.512642746
              ],
              [
                120.297858545,
                -1.512853008
              ],
              [
                120.298897858,
                -1.512973866
              ],
              [
                120.299580933,
                -1.512974722
              ],
              [
                120.300382989,
                -1.512826284
              ],
              [
                120.301355483,
                -1.512851465
              ],
              [
                120.302105897,
                -1.512529556
              ],
              [
                120.302715827,
                -1.512546864
              ],
              [
                120.302697786,
                -1.512975656
              ],
              [
                120.302685837,
                -1.51319886
              ],
              [
                120.30266808,
                -1.513398557
              ],
              [
                120.30265043,
                -1.513510144
              ],
              [
                120.30262403,
                -1.513618783
              ],
              [
                120.302609362,
                -1.513680444
              ],
              [
                120.302591761,
                -1.51375385
              ],
              [
                120.302568307,
                -1.513838996
              ],
              [
                120.302539005,
                -1.513932945
              ],
              [
                120.302474619,
                -1.514079719
              ],
              [
                120.302442433,
                -1.51414723
              ],
              [
                120.302398547,
                -1.514235289
              ],
              [
                120.302366324,
                -1.514332173
              ],
              [
                120.30233992,
                -1.514443748
              ],
              [
                120.302310587,
                -1.514564132
              ],
              [
                120.302298793,
                -1.51466104
              ],
              [
                120.302295768,
                -1.514746212
              ],
              [
                120.302292694,
                -1.514872503
              ],
              [
                120.302292549,
                -1.514989986
              ],
              [
                120.302292367,
                -1.51513684
              ],
              [
                120.302295125,
                -1.515266073
              ],
              [
                120.302303699,
                -1.515412939
              ],
              [
                120.302312267,
                -1.515562741
              ],
              [
                120.302335307,
                -1.515812421
              ],
              [
                120.302349718,
                -1.515959294
              ],
              [
                120.302369988,
                -1.516088551
              ],
              [
                120.302404845,
                -1.516220762
              ],
              [
                120.302442729,
                -1.516264867
              ],
              [
                120.302579818,
                -1.516329655
              ],
              [
                120.302705255,
                -1.516373867
              ],
              [
                120.302856971,
                -1.516409303
              ],
              [
                120.302950347,
                -1.51642117
              ],
              [
                120.303069985,
                -1.516436005
              ],
              [
                120.303215878,
                -1.516459683
              ],
              [
                120.303355946,
                -1.516474545
              ],
              [
                120.303516461,
                -1.516474747
              ],
              [
                120.303641955,
                -1.516474903
              ],
              [
                120.303822896,
                -1.516478067
              ],
              [
                120.303960064,
                -1.51647824
              ],
              [
                120.30409136,
                -1.516504839
              ],
              [
                120.304199237,
                -1.516590149
              ],
              [
                120.304277817,
                -1.516766472
              ],
              [
                120.304321405,
                -1.516919256
              ],
              [
                120.304420436,
                -1.517077982
              ],
              [
                120.304580857,
                -1.517154548
              ],
              [
                120.304732627,
                -1.517145927
              ],
              [
                120.304919423,
                -1.517134413
              ],
              [
                120.305120789,
                -1.51714054
              ],
              [
                120.305272451,
                -1.517220031
              ],
              [
                120.305356908,
                -1.517364054
              ],
              [
                120.305444171,
                -1.517599131
              ],
              [
                120.305444087,
                -1.517666684
              ],
              [
                120.305446718,
                -1.517898717
              ],
              [
                120.30545226,
                -1.518136628
              ],
              [
                120.305475368,
                -1.518330505
              ],
              [
                120.305539326,
                -1.518530307
              ],
              [
                120.305644136,
                -1.518736035
              ],
              [
                120.305746104,
                -1.51888008
              ],
              [
                120.305842286,
                -1.518982999
              ],
              [
                120.305988045,
                -1.519115351
              ],
              [
                120.306084256,
                -1.519194773
              ],
              [
                120.306206711,
                -1.519291851
              ],
              [
                120.306317496,
                -1.519385977
              ],
              [
                120.306457415,
                -1.519521259
              ],
              [
                120.306606093,
                -1.519653615
              ],
              [
                120.306766463,
                -1.5197713
              ],
              [
                120.30693561,
                -1.519871373
              ],
              [
                120.307066886,
                -1.519915594
              ],
              [
                120.307224473,
                -1.519924603
              ],
              [
                120.307387907,
                -1.519924809
              ],
              [
                120.307641879,
                -1.51987226
              ],
              [
                120.307779083,
                -1.519843061
              ],
              [
                120.307919177,
                -1.519837363
              ],
              [
                120.308032954,
                -1.519872751
              ],
              [
                120.308178764,
                -1.519963983
              ],
              [
                120.308280783,
                -1.52006691
              ],
              [
                120.308373992,
                -1.520213882
              ],
              [
                120.308475906,
                -1.520401984
              ],
              [
                120.308534129,
                -1.52051954
              ],
              [
                120.308592339,
                -1.520648846
              ],
              [
                120.308638859,
                -1.520789885
              ],
              [
                120.308740467,
                -1.521224703
              ],
              [
                120.308845313,
                -1.52140106
              ],
              [
                120.30899691,
                -1.52153342
              ],
              [
                120.309145661,
                -1.521607034
              ],
              [
                120.309274067,
                -1.521613069
              ],
              [
                120.309408324,
                -1.521607364
              ],
              [
                120.309539691,
                -1.521578158
              ],
              [
                120.309671081,
                -1.521531329
              ],
              [
                120.309776161,
                -1.521519713
              ],
              [
                120.309887063,
                -1.521519852
              ],
              [
                120.309992055,
                -1.521578726
              ],
              [
                120.310073681,
                -1.521652256
              ],
              [
                120.3101757,
                -1.521755182
              ],
              [
                120.310385547,
                -1.52198454
              ],
              [
                120.310478811,
                -1.522087455
              ],
              [
                120.310569174,
                -1.522175682
              ],
              [
                120.310706233,
                -1.522263967
              ],
              [
                120.31086957,
                -1.522343474
              ],
              [
                120.310989165,
                -1.522393555
              ],
              [
                120.311129176,
                -1.52245541
              ],
              [
                120.311301268,
                -1.522534927
              ],
              [
                120.311438371,
                -1.522587967
              ],
              [
                120.311552159,
                -1.522614544
              ],
              [
                120.311718487,
                -1.522635313
              ],
              [
                120.311908162,
                -1.522656111
              ],
              [
                120.312094871,
                -1.522709213
              ],
              [
                120.312266934,
                -1.522812228
              ],
              [
                120.312412701,
                -1.522938706
              ],
              [
                120.312517614,
                -1.523062196
              ],
              [
                120.312602057,
                -1.523217969
              ],
              [
                120.313334574,
                -1.523407336
              ],
              [
                120.314416586,
                -1.523912441
              ],
              [
                120.314460302,
                -1.523889963
              ],
              [
                120.314670506,
                -1.523831484
              ],
              [
                120.315017851,
                -1.523796674
              ],
              [
                120.315301113,
                -1.523661923
              ],
              [
                120.315473542,
                -1.52346829
              ],
              [
                120.315672258,
                -1.523260005
              ],
              [
                120.315862101,
                -1.523145696
              ],
              [
                120.316095691,
                -1.523057874
              ],
              [
                120.316378811,
                -1.52303767
              ],
              [
                120.316647315,
                -1.52303507
              ],
              [
                120.316860379,
                -1.523023587
              ],
              [
                120.317067639,
                -1.522985666
              ],
              [
                120.317236963,
                -1.522944757
              ],
              [
                120.317429631,
                -1.522906818
              ],
              [
                120.31760477,
                -1.52288354
              ],
              [
                120.317794501,
                -1.522860281
              ],
              [
                120.317987139,
                -1.522845836
              ],
              [
                120.318337355,
                -1.522849212
              ],
              [
                120.318535814,
                -1.522849461
              ],
              [
                120.318757608,
                -1.522858549
              ],
              [
                120.319011467,
                -1.522899987
              ],
              [
                120.319230259,
                -1.522976627
              ],
              [
                120.319411113,
                -1.523053218
              ],
              [
                120.319603603,
                -1.523159196
              ],
              [
                120.319755256,
                -1.5232475
              ],
              [
                120.319898146,
                -1.523341666
              ],
              [
                120.320087689,
                -1.523471137
              ],
              [
                120.320227647,
                -1.523577049
              ],
              [
                120.320358867,
                -1.523668265
              ],
              [
                120.320484268,
                -1.523744786
              ],
              [
                120.320598042,
                -1.523783112
              ],
              [
                120.320682678,
                -1.523783218
              ],
              [
                120.32081694,
                -1.523774574
              ],
              [
                120.320884084,
                -1.523759973
              ],
              [
                120.321059271,
                -1.523698512
              ],
              [
                120.321149798,
                -1.523654569
              ],
              [
                120.321225742,
                -1.523604733
              ],
              [
                120.321330892,
                -1.523537311
              ],
              [
                120.321491503,
                -1.523461145
              ],
              [
                120.321675485,
                -1.523367388
              ],
              [
                120.321827343,
                -1.523291213
              ],
              [
                120.321947102,
                -1.523209124
              ],
              [
                120.322031866,
                -1.523106429
              ],
              [
                120.322122478,
                -1.522994932
              ],
              [
                120.322218926,
                -1.522883442
              ],
              [
                120.322303618,
                -1.522839492
              ],
              [
                120.322440799,
                -1.522830852
              ],
              [
                120.322572149,
                -1.522816331
              ],
              [
                120.322691888,
                -1.522751864
              ],
              [
                120.322817511,
                -1.52264922
              ],
              [
                120.322902299,
                -1.522525967
              ],
              [
                120.322995931,
                -1.522332234
              ],
              [
                120.323077863,
                -1.522159046
              ],
              [
                120.323186051,
                -1.521994701
              ],
              [
                120.323335072,
                -1.521850969
              ],
              [
                120.323495598,
                -1.521845295
              ],
              [
                120.323644384,
                -1.521892474
              ],
              [
                120.323804778,
                -1.521992537
              ],
              [
                120.324032357,
                -1.52204569
              ],
              [
                120.324239668,
                -1.521966647
              ],
              [
                120.324309839,
                -1.521863934
              ],
              [
                120.324316795,
                -1.521801642
              ],
              [
                120.324321644,
                -1.521758212
              ],
              [
                120.32433934,
                -1.52160844
              ],
              [
                120.324362891,
                -1.52144399
              ],
              [
                120.324433174,
                -1.521250228
              ],
              [
                120.324523869,
                -1.521071176
              ],
              [
                120.324687551,
                -1.520871655
              ],
              [
                120.324783928,
                -1.520818907
              ],
              [
                120.324891963,
                -1.520777922
              ],
              [
                120.324999966,
                -1.520763371
              ],
              [
                120.325105043,
                -1.52075469
              ],
              [
                120.325204276,
                -1.520751877
              ],
              [
                120.325329772,
                -1.520752034
              ],
              [
                120.325455268,
                -1.52075219
              ],
              [
                120.32558076,
                -1.520755283
              ],
              [
                120.325703334,
                -1.520758373
              ],
              [
                120.325814252,
                -1.520746763
              ],
              [
                120.325933987,
                -1.520685233
              ],
              [
                120.326030384,
                -1.520614862
              ],
              [
                120.326132649,
                -1.520521002
              ],
              [
                120.326211561,
                -1.520430049
              ],
              [
                120.326296323,
                -1.520327354
              ],
              [
                120.326375253,
                -1.520221717
              ],
              [
                120.326468777,
                -1.520116095
              ],
              [
                120.326576891,
                -1.520010493
              ],
              [
                120.326673304,
                -1.519928374
              ],
              [
                120.326793087,
                -1.51982866
              ],
              [
                120.32688075,
                -1.519740655
              ],
              [
                120.326971313,
                -1.51966734
              ],
              [
                120.327102763,
                -1.519573516
              ],
              [
                120.327207898,
                -1.51951784
              ],
              [
                120.327304298,
                -1.519444532
              ],
              [
                120.32737158,
                -1.519318318
              ],
              [
                120.327424258,
                -1.519200899
              ],
              [
                120.327532466,
                -1.519018931
              ],
              [
                120.327631855,
                -1.51888982
              ],
              [
                120.327742845,
                -1.518819468
              ],
              [
                120.327818792,
                -1.518766694
              ],
              [
                120.32787726,
                -1.518687463
              ],
              [
                120.327950323,
                -1.518605314
              ],
              [
                120.328017571,
                -1.518505535
              ],
              [
                120.328052752,
                -1.518376344
              ],
              [
                120.328076274,
                -1.518235391
              ],
              [
                120.328073507,
                -1.518112027
              ],
              [
                120.3280678,
                -1.518006282
              ],
              [
                120.328053333,
                -1.517903465
              ],
              [
                120.327998084,
                -1.517738917
              ],
              [
                120.327913624,
                -1.51759489
              ],
              [
                120.327884637,
                -1.517433312
              ],
              [
                120.327884814,
                -1.517289392
              ],
              [
                120.32790832,
                -1.517160187
              ],
              [
                120.327963892,
                -1.517063331
              ],
              [
                120.328031061,
                -1.517028169
              ],
              [
                120.328101109,
                -1.517025319
              ],
              [
                120.328182802,
                -1.51704598
              ],
              [
                120.328284852,
                -1.51712541
              ],
              [
                120.328383919,
                -1.517257705
              ],
              [
                120.328506313,
                -1.517407651
              ],
              [
                120.328620041,
                -1.517484158
              ],
              [
                120.328754214,
                -1.517548942
              ],
              [
                120.328888447,
                -1.517563794
              ],
              [
                120.329008099,
                -1.517569817
              ],
              [
                120.329089793,
                -1.51759048
              ],
              [
                120.329206501,
                -1.517617059
              ],
              [
                120.329366997,
                -1.517634881
              ],
              [
                120.329524618,
                -1.517617455
              ],
              [
                120.32966189,
                -1.517535386
              ],
              [
                120.329746661,
                -1.517426816
              ],
              [
                120.329843112,
                -1.517312387
              ],
              [
                120.32994825,
                -1.517253775
              ],
              [
                120.330062109,
                -1.517224544
              ],
              [
                120.330181747,
                -1.517242317
              ],
              [
                120.330272185,
                -1.517271801
              ],
              [
                120.330365502,
                -1.517333597
              ],
              [
                120.33047336,
                -1.51743653
              ],
              [
                120.330590022,
                -1.517501293
              ],
              [
                120.330692134,
                -1.517530791
              ],
              [
                120.330820549,
                -1.517530951
              ],
              [
                120.330963607,
                -1.517490008
              ],
              [
                120.331068785,
                -1.517399088
              ],
              [
                120.331159393,
                -1.517290525
              ],
              [
                120.331267493,
                -1.517196672
              ],
              [
                120.331398895,
                -1.517141028
              ],
              [
                120.331544842,
                -1.517123587
              ],
              [
                120.331655743,
                -1.517126662
              ],
              [
                120.331757845,
                -1.517164971
              ],
              [
                120.33185702,
                -1.517209152
              ],
              [
                120.331956203,
                -1.517247458
              ],
              [
                120.332072937,
                -1.517253477
              ],
              [
                120.332186759,
                -1.517253618
              ],
              [
                120.332318093,
                -1.517253782
              ],
              [
                120.332446493,
                -1.51726569
              ],
              [
                120.332598198,
                -1.517312873
              ],
              [
                120.332720716,
                -1.517362955
              ],
              [
                120.332793606,
                -1.517421789
              ],
              [
                120.332895639,
                -1.517515905
              ],
              [
                120.332997708,
                -1.517580649
              ],
              [
                120.333079413,
                -1.5175925
              ],
              [
                120.333152377,
                -1.517592591
              ],
              [
                120.333237025,
                -1.517583884
              ],
              [
                120.33329249,
                -1.517572204
              ],
              [
                120.333350879,
                -1.517557591
              ],
              [
                120.333415083,
                -1.517560607
              ],
              [
                120.333505493,
                -1.517613589
              ],
              [
                120.333683379,
                -1.517731296
              ],
              [
                120.333776645,
                -1.517834212
              ],
              [
                120.333843693,
                -1.517898912
              ],
              [
                120.333977858,
                -1.517969571
              ],
              [
                120.334088734,
                -1.517993205
              ],
              [
                120.334234663,
                -1.51799045
              ],
              [
                120.334331054,
                -1.517925952
              ],
              [
                120.334354517,
                -1.517831992
              ],
              [
                120.334363414,
                -1.517717454
              ],
              [
                120.334378162,
                -1.517591173
              ],
              [
                120.3344367,
                -1.5174532
              ],
              [
                120.334536038,
                -1.51736521
              ],
              [
                120.334679094,
                -1.517327203
              ],
              [
                120.334857138,
                -1.517315676
              ],
              [
                120.335032242,
                -1.517321767
              ],
              [
                120.33517814,
                -1.517345445
              ],
              [
                120.335326953,
                -1.517372064
              ],
              [
                120.335452431,
                -1.517386906
              ],
              [
                120.335604184,
                -1.517395905
              ],
              [
                120.335735517,
                -1.517396068
              ],
              [
                120.335831845,
                -1.517384439
              ],
              [
                120.335928206,
                -1.517343439
              ],
              [
                120.336007118,
                -1.517252484
              ],
              [
                120.336039359,
                -1.517140912
              ],
              [
                120.336077451,
                -1.517017598
              ],
              [
                120.33615646,
                -1.516847341
              ],
              [
                120.3362529,
                -1.516741723
              ],
              [
                120.336363891,
                -1.516671368
              ],
              [
                120.336474838,
                -1.51663626
              ],
              [
                120.336617853,
                -1.516630564
              ],
              [
                120.336734583,
                -1.51663952
              ],
              [
                120.336825005,
                -1.516683688
              ],
              [
                120.336906652,
                -1.516742533
              ],
              [
                120.33703207,
                -1.516807305
              ],
              [
                120.337163328,
                -1.516869148
              ],
              [
                120.337265426,
                -1.516910396
              ],
              [
                120.337367504,
                -1.516969266
              ],
              [
                120.337522074,
                -1.517060509
              ],
              [
                120.337659177,
                -1.517116485
              ],
              [
                120.337799246,
                -1.517134282
              ],
              [
                120.33793642,
                -1.517131514
              ],
              [
                120.338059028,
                -1.517108168
              ],
              [
                120.338169946,
                -1.517096558
              ],
              [
                120.338298355,
                -1.517102591
              ],
              [
                120.338447161,
                -1.517135085
              ],
              [
                120.338566742,
                -1.51719985
              ],
              [
                120.338645445,
                -1.517279251
              ],
              [
                120.338683286,
                -1.517361539
              ],
              [
                120.338697704,
                -1.517502541
              ],
              [
                120.3386975,
                -1.517669959
              ],
              [
                120.338688605,
                -1.517784498
              ],
              [
                120.3387378,
                -1.518128207
              ],
              [
                120.338749344,
                -1.518233959
              ],
              [
                120.338766705,
                -1.518357343
              ],
              [
                120.33878988,
                -1.518498356
              ],
              [
                120.338821826,
                -1.518627629
              ],
              [
                120.338882965,
                -1.518751067
              ],
              [
                120.338970373,
                -1.518871598
              ],
              [
                120.339063137,
                -1.518967312
              ],
              [
                120.339098628,
                -1.519003931
              ],
              [
                120.339218155,
                -1.519112753
              ],
              [
                120.339314391,
                -1.519174554
              ],
              [
                120.339425202,
                -1.519251058
              ],
              [
                120.339541829,
                -1.519345192
              ],
              [
                120.339684686,
                -1.519468729
              ],
              [
                120.339818785,
                -1.519595195
              ],
              [
                120.339958749,
                -1.51969817
              ],
              [
                120.340075433,
                -1.519745309
              ],
              [
                120.340195076,
                -1.519760142
              ],
              [
                120.34031181,
                -1.519766161
              ],
              [
                120.340425629,
                -1.51976924
              ],
              [
                120.340644474,
                -1.519807695
              ],
              [
                120.340746616,
                -1.519813697
              ],
              [
                120.340848758,
                -1.519819697
              ],
              [
                120.34100926,
                -1.519834582
              ],
              [
                120.341140584,
                -1.519843555
              ],
              [
                120.34131567,
                -1.519864333
              ],
              [
                120.341499479,
                -1.519914493
              ],
              [
                120.341674504,
                -1.519985202
              ],
              [
                120.341811592,
                -1.520055863
              ],
              [
                120.341925331,
                -1.520123561
              ],
              [
                120.342030296,
                -1.520208869
              ],
              [
                120.342111907,
                -1.520297084
              ],
              [
                120.342190586,
                -1.520397046
              ],
              [
                120.342277994,
                -1.520517579
              ],
              [
                120.342365408,
                -1.520635174
              ],
              [
                120.342479077,
                -1.520761614
              ],
              [
                120.342630723,
                -1.520858729
              ],
              [
                120.34279707,
                -1.520867747
              ],
              [
                120.34293134,
                -1.520853227
              ],
              [
                120.343080302,
                -1.520759422
              ],
              [
                120.343238091,
                -1.520606883
              ],
              [
                120.343384148,
                -1.520501326
              ],
              [
                120.34353602,
                -1.5204134
              ],
              [
                120.343775424,
                -1.52034614
              ],
              [
                120.343903848,
                -1.520340426
              ],
              [
                120.344038087,
                -1.520352341
              ],
              [
                120.344169394,
                -1.520376002
              ],
              [
                120.344294848,
                -1.520411402
              ],
              [
                120.344501931,
                -1.520520335
              ],
              [
                120.344618582,
                -1.520596845
              ],
              [
                120.344703101,
                -1.520693878
              ],
              [
                120.344805106,
                -1.520811492
              ],
              [
                120.344892574,
                -1.520885028
              ],
              [
                120.345003392,
                -1.52095566
              ],
              [
                120.345093845,
                -1.520973393
              ],
              [
                120.345207713,
                -1.520938289
              ],
              [
                120.345321624,
                -1.520867938
              ],
              [
                120.345426808,
                -1.520774078
              ],
              [
                120.345561166,
                -1.520689065
              ],
              [
                120.34567213,
                -1.520639271
              ],
              [
                120.345779696,
                -1.520704654
              ],
              [
                120.345870359,
                -1.520779327
              ],
              [
                120.34589433,
                -1.520865094
              ],
              [
                120.345896036,
                -1.520989986
              ],
              [
                120.345845875,
                -1.521112943
              ],
              [
                120.345806868,
                -1.521206098
              ],
              [
                120.345791958,
                -1.521282501
              ],
              [
                120.345793725,
                -1.521349606
              ],
              [
                120.345810335,
                -1.521396225
              ],
              [
                120.345843635,
                -1.521431682
              ],
              [
                120.345875104,
                -1.521444772
              ],
              [
                120.345936228,
                -1.521441115
              ],
              [
                120.346008473,
                -1.521433749
              ],
              [
                120.346062215,
                -1.521409587
              ],
              [
                120.346130812,
                -1.521351885
              ],
              [
                120.346192017,
                -1.521288589
              ],
              [
                120.346247635,
                -1.521242062
              ],
              [
                120.346310657,
                -1.521206722
              ],
              [
                120.346377373,
                -1.521175119
              ],
              [
                120.346538591,
                -1.521104483
              ],
              [
                120.346653457,
                -1.521082256
              ],
              [
                120.346731246,
                -1.521080491
              ],
              [
                120.346823807,
                -1.521121609
              ],
              [
                120.346955255,
                -1.521170239
              ],
              [
                120.347118146,
                -1.521252456
              ],
              [
                120.347216236,
                -1.521312225
              ],
              [
                120.347324165,
                -1.521416974
              ],
              [
                120.347400267,
                -1.521506801
              ],
              [
                120.347488337,
                -1.52144697
              ],
              [
                120.347628585,
                -1.521398536
              ],
              [
                120.347836523,
                -1.521340463
              ],
              [
                120.347918727,
                -1.521321122
              ],
              [
                120.348025119,
                -1.521287227
              ],
              [
                120.348092844,
                -1.521248425
              ],
              [
                120.34811385,
                -1.521227355
              ],
              [
                120.348267619,
                -1.52126214
              ],
              [
                120.348319396,
                -1.521291678
              ],
              [
                120.348362526,
                -1.521316283
              ],
              [
                120.348530466,
                -1.52141209
              ],
              [
                120.348572867,
                -1.521437447
              ],
              [
                120.348629402,
                -1.52147073
              ],
              [
                120.348711048,
                -1.521530931
              ],
              [
                120.348784829,
                -1.521597448
              ],
              [
                120.348850741,
                -1.521673444
              ],
              [
                120.348894667,
                -1.521736761
              ],
              [
                120.348915948,
                -1.521777771
              ],
              [
                120.348929159,
                -1.52180323
              ],
              [
                120.348952638,
                -1.521880756
              ],
              [
                120.348963534,
                -1.521966174
              ],
              [
                120.348964246,
                -1.522110901
              ],
              [
                120.348977334,
                -1.522247709
              ],
              [
                120.348997675,
                -1.522320486
              ],
              [
                120.349093396,
                -1.522437641
              ],
              [
                120.349167215,
                -1.522472527
              ],
              [
                120.349243772,
                -1.522465066
              ],
              [
                120.349432577,
                -1.52246858
              ],
              [
                120.349592172,
                -1.522396704
              ],
              [
                120.349901056,
                -1.522705039
              ],
              [
                120.350024627,
                -1.522813299
              ],
              [
                120.350125453,
                -1.522882227
              ],
              [
                120.350271824,
                -1.522983963
              ],
              [
                120.350366128,
                -1.523062706
              ],
              [
                120.350492894,
                -1.523223396
              ],
              [
                120.350583795,
                -1.523426627
              ],
              [
                120.350603119,
                -1.523597009
              ],
              [
                120.35059638,
                -1.523783734
              ],
              [
                120.350596203,
                -1.523927882
              ],
              [
                120.350615583,
                -1.524052398
              ],
              [
                120.350693523,
                -1.524206476
              ],
              [
                120.350813825,
                -1.524321284
              ],
              [
                120.351031769,
                -1.52445915
              ],
              [
                120.351236743,
                -1.524547864
              ],
              [
                120.351412455,
                -1.524610323
              ],
              [
                120.351584936,
                -1.524656402
              ],
              [
                120.351767187,
                -1.524695941
              ],
              [
                120.351933177,
                -1.524719084
              ],
              [
                120.352134956,
                -1.524761919
              ],
              [
                120.352369244,
                -1.524840835
              ],
              [
                120.352815086,
                -1.524959327
              ],
              [
                120.353000556,
                -1.525025079
              ],
              [
                120.353179472,
                -1.525133417
              ],
              [
                120.353338835,
                -1.525251554
              ],
              [
                120.353481894,
                -1.52539588
              ],
              [
                120.353598902,
                -1.525546726
              ],
              [
                120.353722377,
                -1.525733613
              ],
              [
                120.353793794,
                -1.525897507
              ],
              [
                120.353858689,
                -1.526071226
              ],
              [
                120.353975705,
                -1.52621552
              ],
              [
                120.354154613,
                -1.526330401
              ],
              [
                120.354343375,
                -1.526369948
              ],
              [
                120.354626582,
                -1.526373579
              ],
              [
                120.354883787,
                -1.526350961
              ],
              [
                120.355098696,
                -1.526305361
              ],
              [
                120.355241988,
                -1.526259673
              ],
              [
                120.355427646,
                -1.526171452
              ],
              [
                120.355623027,
                -1.526122548
              ],
              [
                120.355828139,
                -1.526106426
              ],
              [
                120.355974617,
                -1.526113159
              ],
              [
                120.356147131,
                -1.52613303
              ],
              [
                120.356261044,
                -1.526149547
              ],
              [
                120.382527241,
                -1.527405298
              ],
              [
                120.403421099,
                -1.529849701
              ],
              [
                120.434146073,
                -1.539328547
              ],
              [
                120.452917759,
                -1.55074513
              ],
              [
                120.455005384,
                -1.556776644
              ],
              [
                120.45815384,
                -1.565706808
              ],
              [
                120.457702127,
                -1.566045193
              ],
              [
                120.457612173,
                -1.566162581
              ],
              [
                120.457533455,
                -1.566273204
              ],
              [
                120.45743673,
                -1.566419958
              ],
              [
                120.457355714,
                -1.56657351
              ],
              [
                120.457267878,
                -1.5667971
              ],
              [
                120.457198034,
                -1.566995857
              ],
              [
                120.457139511,
                -1.567115543
              ],
              [
                120.457074275,
                -1.567217144
              ],
              [
                120.456959591,
                -1.567361616
              ],
              [
                120.456844917,
                -1.56749705
              ],
              [
                120.456736966,
                -1.567643791
              ],
              [
                120.456667192,
                -1.567783799
              ],
              [
                120.456637867,
                -1.567896742
              ],
              [
                120.456624251,
                -1.568016482
              ],
              [
                120.45661734,
                -1.568161086
              ],
              [
                120.456599181,
                -1.568323753
              ],
              [
                120.456576594,
                -1.568434445
              ],
              [
                120.456520293,
                -1.568574469
              ],
              [
                120.456470779,
                -1.56867157
              ],
              [
                120.456407761,
                -1.568795769
              ],
              [
                120.45632678,
                -1.568919947
              ],
              [
                120.456221098,
                -1.569046353
              ],
              [
                120.456151409,
                -1.569116315
              ],
              [
                120.456077208,
                -1.569204347
              ],
              [
                120.456054684,
                -1.569263068
              ],
              [
                120.456034372,
                -1.569348907
              ],
              [
                120.456025285,
                -1.569437019
              ],
              [
                120.456022952,
                -1.569509323
              ],
              [
                120.456027363,
                -1.569574856
              ],
              [
                120.456056478,
                -1.5696359
              ],
              [
                120.45609231,
                -1.569712769
              ],
              [
                120.456121417,
                -1.569780592
              ],
              [
                120.456155004,
                -1.569857458
              ],
              [
                120.456179647,
                -1.56990268
              ],
              [
                120.456262287,
                -1.57009968
              ],
              [
                120.456214077,
                -1.570143683
              ],
              [
                120.456086916,
                -1.570296274
              ],
              [
                120.456005084,
                -1.570381359
              ],
              [
                120.45590573,
                -1.570473763
              ],
              [
                120.455853148,
                -1.570508947
              ],
              [
                120.455785973,
                -1.57054265
              ],
              [
                120.455718806,
                -1.570569005
              ],
              [
                120.455658931,
                -1.570604181
              ],
              [
                120.455613643,
                -1.570637901
              ],
              [
                120.455565395,
                -1.570712751
              ],
              [
                120.455555093,
                -1.5707803
              ],
              [
                120.455553545,
                -1.570856672
              ],
              [
                120.455551996,
                -1.570927168
              ],
              [
                120.455549008,
                -1.57098444
              ],
              [
                120.45554166,
                -1.571029966
              ],
              [
                120.455527005,
                -1.571079884
              ],
              [
                120.455497747,
                -1.571137124
              ],
              [
                120.455469937,
                -1.57120025
              ],
              [
                120.455447934,
                -1.571295685
              ],
              [
                120.455437617,
                -1.571374983
              ],
              [
                120.455431684,
                -1.571454287
              ],
              [
                120.455424286,
                -1.571540937
              ],
              [
                120.455408094,
                -1.571651066
              ],
              [
                120.455370024,
                -1.57175383
              ],
              [
                120.455336394,
                -1.5718096
              ],
              [
                120.455298416,
                -1.57183599
              ],
              [
                120.455311739,
                -1.571929237
              ],
              [
                120.455313094,
                -1.572011487
              ],
              [
                120.455318809,
                -1.57211284
              ],
              [
                120.455320159,
                -1.57220684
              ],
              [
                120.455324355,
                -1.572353717
              ],
              [
                120.455330045,
                -1.572475623
              ],
              [
                120.455334288,
                -1.572591662
              ],
              [
                120.455338565,
                -1.572670978
              ],
              [
                120.455348663,
                -1.572772327
              ],
              [
                120.455361703,
                -1.572847253
              ],
              [
                120.455368942,
                -1.572898662
              ],
              [
                120.455377592,
                -1.572986796
              ],
              [
                120.455377496,
                -1.573066107
              ],
              [
                120.455358403,
                -1.573161555
              ],
              [
                120.455311605,
                -1.573240808
              ],
              [
                120.455250221,
                -1.573312695
              ],
              [
                120.455191741,
                -1.573396345
              ],
              [
                120.45513908,
                -1.573496153
              ],
              [
                120.455070308,
                -1.573647343
              ],
              [
                120.455016195,
                -1.573736872
              ],
              [
                120.454973799,
                -1.573799971
              ],
              [
                120.454908025,
                -1.573877737
              ],
              [
                120.454861262,
                -1.573927616
              ],
              [
                120.454817397,
                -1.573995123
              ],
              [
                120.454772043,
                -1.574090529
              ],
              [
                120.454733976,
                -1.574190356
              ],
              [
                120.454713508,
                -1.574260497
              ],
              [
                120.454717337,
                -1.574261614
              ],
              [
                120.45472485,
                -1.574351535
              ],
              [
                120.454982623,
                -1.574331899
              ],
              [
                120.455180722,
                -1.574471812
              ],
              [
                120.455021816,
                -1.574711051
              ],
              [
                120.454981679,
                -1.575110058
              ],
              [
                120.455020969,
                -1.575409398
              ],
              [
                120.455099912,
                -1.575708788
              ],
              [
                120.455079674,
                -1.576047961
              ],
              [
                120.45537681,
                -1.576267807
              ],
              [
                120.455594783,
                -1.576367839
              ],
              [
                120.456746097,
                -1.575251896
              ],
              [
                120.457073373,
                -1.575142557
              ],
              [
                120.457351142,
                -1.574983276
              ],
              [
                120.457510096,
                -1.574704131
              ],
              [
                120.457847442,
                -1.574465111
              ],
              [
                120.458244003,
                -1.574445645
              ],
              [
                120.458765946,
                -1.574324826
              ],
              [
                120.459117003,
                -1.57425295
              ],
              [
                120.45957221,
                -1.574606898
              ],
              [
                120.459511738,
                -1.575424892
              ],
              [
                120.459789072,
                -1.575624761
              ],
              [
                120.460047161,
                -1.575345737
              ],
              [
                120.460206429,
                -1.574807205
              ],
              [
                120.46040506,
                -1.574508155
              ],
              [
                120.460484585,
                -1.574328677
              ],
              [
                120.460603957,
                -1.573989624
              ],
              [
                120.46075734,
                -1.573559012
              ],
              [
                120.46076332,
                -1.573371279
              ],
              [
                120.461060893,
                -1.573231973
              ],
              [
                120.461378123,
                -1.573232362
              ],
              [
                120.461635583,
                -1.573472112
              ],
              [
                120.461952499,
                -1.573731888
              ],
              [
                120.462209743,
                -1.574151215
              ],
              [
                120.462586334,
                -1.574251441
              ],
              [
                120.462844011,
                -1.574311615
              ],
              [
                120.463141294,
                -1.574411745
              ],
              [
                120.46331935,
                -1.574731209
              ],
              [
                120.463417953,
                -1.575170295
              ],
              [
                120.463794545,
                -1.575270522
              ],
              [
                120.464091805,
                -1.575390604
              ],
              [
                120.464289616,
                -1.575769952
              ],
              [
                120.464368609,
                -1.576029438
              ],
              [
                120.464626021,
                -1.576309095
              ],
              [
                120.464943229,
                -1.576329436
              ],
              [
                120.46510158,
                -1.576549114
              ],
              [
                120.465080604,
                -1.576753553
              ],
              [
                120.464808005,
                -1.577081935
              ],
              [
                120.46441175,
                -1.577368628
              ],
              [
                120.464173786,
                -1.57756718
              ],
              [
                120.464222124,
                -1.577779694
              ],
              [
                120.464303156,
                -1.578135948
              ],
              [
                120.464684105,
                -1.578245988
              ],
              [
                120.46498306,
                -1.578629857
              ],
              [
                120.464819342,
                -1.578958373
              ],
              [
                120.464465281,
                -1.579122297
              ],
              [
                120.464137207,
                -1.579148844
              ],
              [
                120.464247089,
                -1.579478137
              ],
              [
                120.46432855,
                -1.579642596
              ],
              [
                120.464437064,
                -1.579944053
              ],
              [
                120.464518259,
                -1.580327655
              ],
              [
                120.464327386,
                -1.580601351
              ],
              [
                120.464000279,
                -1.580984451
              ],
              [
                120.464099026,
                -1.581354152
              ],
              [
                120.465088485,
                -1.581478864
              ],
              [
                120.465578481,
                -1.581452073
              ],
              [
                120.465959729,
                -1.581315577
              ],
              [
                120.466150071,
                -1.581480169
              ],
              [
                120.466176825,
                -1.581863705
              ],
              [
                120.466121953,
                -1.582219747
              ],
              [
                120.466039893,
                -1.582548363
              ],
              [
                120.466311596,
                -1.582959594
              ],
              [
                120.466637406,
                -1.583644821
              ],
              [
                120.466937061,
                -1.583453439
              ],
              [
                120.466992067,
                -1.582987823
              ],
              [
                120.467020485,
                -1.582001708
              ],
              [
                120.467211724,
                -1.581426687
              ],
              [
                120.467647181,
                -1.581482009
              ],
              [
                120.46794637,
                -1.581674128
              ],
              [
                120.467972992,
                -1.582167236
              ],
              [
                120.468272348,
                -1.582222391
              ],
              [
                120.468653498,
                -1.582168073
              ],
              [
                120.468952854,
                -1.582223227
              ],
              [
                120.468925301,
                -1.582497124
              ],
              [
                120.468870429,
                -1.582853167
              ],
              [
                120.469142398,
                -1.583045253
              ],
              [
                120.46930552,
                -1.583209813
              ],
              [
                120.469359462,
                -1.583620776
              ],
              [
                120.469256555,
                -1.584008733
              ],
              [
                120.469644294,
                -1.584429224
              ],
              [
                120.470134425,
                -1.58429286
              ],
              [
                120.470460869,
                -1.584457621
              ],
              [
                120.470378709,
                -1.584868418
              ],
              [
                120.470160448,
                -1.585279047
              ],
              [
                120.470023914,
                -1.585634989
              ],
              [
                120.469996328,
                -1.58593628
              ],
              [
                120.470132163,
                -1.586155593
              ],
              [
                120.470513414,
                -1.586019096
              ],
              [
                120.470922051,
                -1.585745668
              ],
              [
                120.471357975,
                -1.585417485
              ],
              [
                120.471739159,
                -1.585335774
              ],
              [
                120.472256346,
                -1.58533641
              ],
              [
                120.472610044,
                -1.585473811
              ],
              [
                120.472827508,
                -1.585720617
              ],
              [
                120.473099644,
                -1.585775738
              ],
              [
                120.473562657,
                -1.585557161
              ],
              [
                120.474025869,
                -1.585174225
              ],
              [
                120.474488881,
                -1.584955647
              ],
              [
                120.474978847,
                -1.584956249
              ],
              [
                120.475141937,
                -1.585148202
              ],
              [
                120.475223266,
                -1.585422234
              ],
              [
                120.475822116,
                -1.585422969
              ],
              [
                120.476557034,
                -1.585451265
              ],
              [
                120.477074321,
                -1.58536972
              ],
              [
                120.477373912,
                -1.585233121
              ],
              [
                120.477727944,
                -1.585096588
              ],
              [
                120.477918288,
                -1.585261181
              ],
              [
                120.478244602,
                -1.585535515
              ],
              [
                120.478544193,
                -1.585398916
              ],
              [
                120.47884395,
                -1.58512535
              ],
              [
                120.47906168,
                -1.58515301
              ],
              [
                120.478898026,
                -1.585426742
              ],
              [
                120.478761658,
                -1.585645722
              ],
              [
                120.478815669,
                -1.586001902
              ],
              [
                120.479006146,
                -1.586056922
              ],
              [
                120.479523634,
                -1.585811016
              ],
              [
                120.479959294,
                -1.585701977
              ],
              [
                120.480394689,
                -1.585812084
              ],
              [
                120.48066264,
                -1.586092531
              ],
              [
                120.48102877,
                -1.58632798
              ],
              [
                120.481234863,
                -1.586608425
              ],
              [
                120.481564012,
                -1.586772286
              ],
              [
                120.481726971,
                -1.587073813
              ],
              [
                120.481971889,
                -1.587128899
              ],
              [
                120.482271051,
                -1.587348414
              ],
              [
                120.48232526,
                -1.587540234
              ],
              [
                120.482270321,
                -1.587951068
              ],
              [
                120.482292308,
                -1.5883352
              ],
              [
                120.482296977,
                -1.588416789
              ],
              [
                120.482638653,
                -1.588679954
              ],
              [
                120.482767474,
                -1.588645776
              ],
              [
                120.482943841,
                -1.588598982
              ],
              [
                120.483792662,
                -1.588649179
              ],
              [
                120.483869147,
                -1.589153574
              ],
              [
                120.483945679,
                -1.589619178
              ],
              [
                120.484099635,
                -1.589813329
              ],
              [
                120.484716258,
                -1.589930463
              ],
              [
                120.484908809,
                -1.590085869
              ],
              [
                120.485178221,
                -1.590435332
              ],
              [
                120.485215782,
                -1.591250022
              ],
              [
                120.485215124,
                -1.591793116
              ],
              [
                120.485099104,
                -1.592103313
              ],
              [
                120.48471339,
                -1.592296802
              ],
              [
                120.484327676,
                -1.592490291
              ],
              [
                120.484250016,
                -1.592955705
              ],
              [
                120.484326641,
                -1.593343725
              ],
              [
                120.484557598,
                -1.593615556
              ],
              [
                120.484788697,
                -1.59377101
              ],
              [
                120.485174458,
                -1.593538729
              ],
              [
                120.485406027,
                -1.593306259
              ],
              [
                120.485522048,
                -1.592996061
              ],
              [
                120.485599332,
                -1.592840985
              ],
              [
                120.4857539,
                -1.592530836
              ],
              [
                120.486139661,
                -1.592298554
              ],
              [
                120.486563546,
                -1.592415452
              ],
              [
                120.486717362,
                -1.592725981
              ],
              [
                120.486601154,
                -1.593191349
              ],
              [
                120.486754687,
                -1.593734633
              ],
              [
                120.486985598,
                -1.594045258
              ],
              [
                120.487216603,
                -1.594278297
              ],
              [
                120.487447232,
                -1.594821677
              ],
              [
                120.487523763,
                -1.595287282
              ],
              [
                120.48783144,
                -1.595869548
              ],
              [
                120.488139212,
                -1.596374231
              ],
              [
                120.488601082,
                -1.596956688
              ],
              [
                120.488715642,
                -1.59784906
              ],
              [
                120.488869221,
                -1.598353553
              ],
              [
                120.489022848,
                -1.598819254
              ],
              [
                120.489407668,
                -1.599362825
              ],
              [
                120.489561011,
                -1.600061281
              ],
              [
                120.48948316,
                -1.600681867
              ],
              [
                120.489598238,
                -1.601147521
              ],
              [
                120.489867508,
                -1.601613364
              ],
              [
                120.490522496,
                -1.601885721
              ],
              [
                120.491023481,
                -1.602002716
              ],
              [
                120.491601657,
                -1.602042222
              ],
              [
                120.492256647,
                -1.602314578
              ],
              [
                120.492988639,
                -1.602664614
              ],
              [
                120.493604987,
                -1.603014509
              ],
              [
                120.493681706,
                -1.603324945
              ],
              [
                120.493449896,
                -1.603751381
              ],
              [
                120.493411017,
                -1.604022882
              ],
              [
                120.493564644,
                -1.604488584
              ],
              [
                120.49383401,
                -1.604876845
              ],
              [
                120.494103753,
                -1.604954763
              ],
              [
                120.494605213,
                -1.604683831
              ],
              [
                120.494682782,
                -1.604295999
              ],
              [
                120.494875949,
                -1.603947102
              ],
              [
                120.495223214,
                -1.60367598
              ],
              [
                120.495724343,
                -1.603676597
              ],
              [
                120.496032541,
                -1.603832149
              ],
              [
                120.496302427,
                -1.603793688
              ],
              [
                120.496610909,
                -1.603716482
              ],
              [
                120.497034942,
                -1.603717005
              ],
              [
                120.497535977,
                -1.603795207
              ],
              [
                120.498036965,
                -1.603912202
              ],
              [
                120.498537907,
                -1.604067991
              ],
              [
                120.499192853,
                -1.60437914
              ],
              [
                120.499693843,
                -1.604496135
              ],
              [
                120.500233522,
                -1.604496799
              ],
              [
                120.500965991,
                -1.604458907
              ],
              [
                120.501428762,
                -1.604304304
              ],
              [
                120.50185289,
                -1.604227239
              ],
              [
                120.502238658,
                -1.603994956
              ],
              [
                120.502508828,
                -1.603723736
              ],
              [
                120.502894502,
                -1.603569038
              ],
              [
                120.50320275,
                -1.603685796
              ],
              [
                120.503510941,
                -1.603849105
              ],
              [
                120.503695975,
                -1.603849332
              ],
              [
                120.503911997,
                -1.603725459
              ],
              [
                120.504159085,
                -1.603415418
              ],
              [
                120.504375032,
                -1.603353614
              ],
              [
                120.504652469,
                -1.603447058
              ],
              [
                120.50502216,
                -1.603757857
              ],
              [
                120.505299334,
                -1.604068542
              ],
              [
                120.505453341,
                -1.604223903
              ],
              [
                120.505638112,
                -1.604441371
              ],
              [
                120.505607047,
                -1.60462754
              ],
              [
                120.505668311,
                -1.604968995
              ],
              [
                120.505945824,
                -1.60500037
              ],
              [
                120.506346731,
                -1.605000862
              ],
              [
                120.506593593,
                -1.604877027
              ],
              [
                120.506748126,
                -1.604597906
              ],
              [
                120.50702594,
                -1.604381005
              ],
              [
                120.50718021,
                -1.604319126
              ],
              [
                120.507519327,
                -1.604412645
              ],
              [
                120.507580553,
                -1.604785135
              ],
              [
                120.507672844,
                -1.604971456
              ],
              [
                120.507950546,
                -1.604847658
              ],
              [
                120.508135956,
                -1.60453754
              ],
              [
                120.508259538,
                -1.604351484
              ],
              [
                120.508506099,
                -1.604475924
              ],
              [
                120.508721785,
                -1.604631362
              ],
              [
                120.509029949,
                -1.604817947
              ],
              [
                120.509461659,
                -1.604849511
              ],
              [
                120.509677644,
                -1.604756672
              ],
              [
                120.510109541,
                -1.604633063
              ],
              [
                120.510233085,
                -1.604478041
              ],
              [
                120.510665095,
                -1.604261328
              ],
              [
                120.510942796,
                -1.60413753
              ],
              [
                120.51115867,
                -1.604137794
              ],
              [
                120.511405307,
                -1.604200165
              ],
              [
                120.511652133,
                -1.604107364
              ],
              [
                120.511930022,
                -1.603828392
              ],
              [
                120.51217696,
                -1.603642486
              ],
              [
                120.512547292,
                -1.603425697
              ],
              [
                120.512855608,
                -1.603488143
              ],
              [
                120.512916986,
                -1.603736495
              ],
              [
                120.513256028,
                -1.603892084
              ],
              [
                120.513595147,
                -1.603985603
              ],
              [
                120.513872511,
                -1.604141115
              ],
              [
                120.51399538,
                -1.604544717
              ],
              [
                120.514118437,
                -1.604793145
              ],
              [
                120.514427091,
                -1.604576279
              ],
              [
                120.514550523,
                -1.604514361
              ],
              [
                120.515012923,
                -1.6046701
              ],
              [
                120.515351817,
                -1.604949827
              ],
              [
                120.515690785,
                -1.605167485
              ],
              [
                120.515844681,
                -1.605415951
              ],
              [
                120.515689736,
                -1.606036456
              ],
              [
                120.5155044,
                -1.606284507
              ],
              [
                120.51528815,
                -1.606594589
              ],
              [
                120.515133617,
                -1.606873713
              ],
              [
                120.515133279,
                -1.607153025
              ],
              [
                120.515194113,
                -1.607851381
              ],
              [
                120.515069968,
                -1.608502958
              ],
              [
                120.514884405,
                -1.608937217
              ],
              [
                120.514668268,
                -1.609154194
              ],
              [
                120.514359462,
                -1.609495198
              ],
              [
                120.514513357,
                -1.609743664
              ],
              [
                120.51466714,
                -1.610085234
              ],
              [
                120.514605123,
                -1.610364471
              ],
              [
                120.514697302,
                -1.610643896
              ],
              [
                120.515129165,
                -1.610551322
              ],
              [
                120.515468773,
                -1.610241392
              ],
              [
                120.515500101,
                -1.609837978
              ],
              [
                120.51571669,
                -1.609248584
              ],
              [
                120.515871261,
                -1.608938426
              ],
              [
                120.516149153,
                -1.608659454
              ],
              [
                120.516457808,
                -1.608442589
              ],
              [
                120.516766539,
                -1.608163655
              ],
              [
                120.517136872,
                -1.607946865
              ],
              [
                120.517445416,
                -1.607823103
              ],
              [
                120.518154644,
                -1.607886041
              ],
              [
                120.518247237,
                -1.607824085
              ],
              [
                120.518247462,
                -1.607637876
              ],
              [
                120.518371157,
                -1.607358715
              ],
              [
                120.518494777,
                -1.607141622
              ],
              [
                120.51877263,
                -1.606893684
              ],
              [
                120.519173315,
                -1.607080382
              ],
              [
                120.519358314,
                -1.607111644
              ],
              [
                120.519543537,
                -1.606956696
              ],
              [
                120.519667119,
                -1.606770638
              ],
              [
                120.520283793,
                -1.606864496
              ],
              [
                120.520746046,
                -1.607144374
              ],
              [
                120.520900243,
                -1.607144563
              ],
              [
                120.521054664,
                -1.606958543
              ],
              [
                120.520808212,
                -1.606740997
              ],
              [
                120.520685042,
                -1.606585673
              ],
              [
                120.520592972,
                -1.606213142
              ],
              [
                120.520624224,
                -1.605871797
              ],
              [
                120.52077872,
                -1.605623707
              ],
              [
                120.520964055,
                -1.605375654
              ],
              [
                120.520964579,
                -1.604941167
              ],
              [
                120.521180903,
                -1.604569012
              ],
              [
                120.521396927,
                -1.604445136
              ],
              [
                120.521612952,
                -1.60432126
              ],
              [
                120.52229138,
                -1.604353123
              ],
              [
                120.522722907,
                -1.604539858
              ],
              [
                120.522866258,
                -1.604576108
              ],
              [
                120.523216187,
                -1.604664598
              ],
              [
                120.523586296,
                -1.604634015
              ],
              [
                120.523894691,
                -1.604634391
              ],
              [
                120.524110976,
                -1.60429327
              ],
              [
                120.524173066,
                -1.603951962
              ],
              [
                120.524327637,
                -1.6036418
              ],
              [
                120.524759798,
                -1.603300942
              ],
              [
                120.525068527,
                -1.603022003
              ],
              [
                120.525377145,
                -1.602836169
              ],
              [
                120.525562069,
                -1.602929499
              ],
              [
                120.526024549,
                -1.603023166
              ],
              [
                120.526548819,
                -1.603023804
              ],
              [
                120.526826448,
                -1.602962071
              ],
              [
                120.527073461,
                -1.602714092
              ],
              [
                120.526919749,
                -1.60231045
              ],
              [
                120.526950811,
                -1.602124278
              ],
              [
                120.527105343,
                -1.60184515
              ],
              [
                120.527352282,
                -1.60165924
              ],
              [
                120.527753269,
                -1.601597657
              ],
              [
                120.527876813,
                -1.601442633
              ],
              [
                120.527969964,
                -1.60091515
              ],
              [
                120.528204878,
                -1.60046853
              ],
              [
                120.528501056,
                -1.600369578
              ],
              [
                120.528723219,
                -1.600270535
              ],
              [
                120.528846844,
                -1.600047232
              ],
              [
                120.529044633,
                -1.59969988
              ],
              [
                120.529217631,
                -1.599451809
              ],
              [
                120.529760732,
                -1.599179359
              ],
              [
                120.530106074,
                -1.599229433
              ],
              [
                120.530426923,
                -1.59913051
              ],
              [
                120.530649175,
                -1.598956983
              ],
              [
                120.530846874,
                -1.598684113
              ],
              [
                120.53086442,
                -1.598659895
              ],
              [
                120.531044573,
                -1.598411244
              ],
              [
                120.531242272,
                -1.598138374
              ],
              [
                120.531637373,
                -1.597840915
              ],
              [
                120.531785669,
                -1.597617641
              ],
              [
                120.532082143,
                -1.597270406
              ],
              [
                120.532427871,
                -1.596997715
              ],
              [
                120.532798004,
                -1.596948506
              ],
              [
                120.533193119,
                -1.596902212
              ],
              [
                120.53321748,
                -1.596899357
              ],
              [
                120.533612225,
                -1.596899834
              ],
              [
                120.533858882,
                -1.596949788
              ],
              [
                120.534302794,
                -1.597099293
              ],
              [
                120.534314639,
                -1.597100632
              ],
              [
                120.534746823,
                -1.597149485
              ],
              [
                120.534853159,
                -1.597256753
              ],
              [
                120.534894675,
                -1.597298633
              ],
              [
                120.535042409,
                -1.597547093
              ],
              [
                120.534943456,
                -1.597770427
              ],
              [
                120.534696443,
                -1.59801841
              ],
              [
                120.534622102,
                -1.598291429
              ],
              [
                120.534597075,
                -1.598589337
              ],
              [
                120.534349855,
                -1.599011117
              ],
              [
                120.534324857,
                -1.599284196
              ],
              [
                120.534308457,
                -1.599366207
              ],
              [
                120.534293338,
                -1.599407691
              ],
              [
                120.534203248,
                -1.599635361
              ],
              [
                120.534098782,
                -1.599866628
              ],
              [
                120.53401953,
                -1.600043693
              ],
              [
                120.533940304,
                -1.600199065
              ],
              [
                120.533868246,
                -1.600368907
              ],
              [
                120.533803382,
                -1.600531528
              ],
              [
                120.533760118,
                -1.600658019
              ],
              [
                120.533688052,
                -1.600835092
              ],
              [
                120.533612384,
                -1.601019393
              ],
              [
                120.533547537,
                -1.601167551
              ],
              [
                120.533482699,
                -1.601308478
              ],
              [
                120.533378259,
                -1.601518052
              ],
              [
                120.533288215,
                -1.60170595
              ],
              [
                120.533169356,
                -1.601955277
              ],
              [
                120.533068552,
                -1.6021287
              ],
              [
                120.532991632,
                -1.602250935
              ],
              [
                120.532938966,
                -1.602334628
              ],
              [
                120.532830989,
                -1.602497196
              ],
              [
                120.532726553,
                -1.602703154
              ],
              [
                120.532600513,
                -1.602948857
              ],
              [
                120.532499682,
                -1.603143973
              ],
              [
                120.532402453,
                -1.603331862
              ],
              [
                120.532226066,
                -1.603617275
              ],
              [
                120.53207843,
                -1.603895491
              ],
              [
                120.532013527,
                -1.60409065
              ],
              [
                120.531998861,
                -1.604336488
              ],
              [
                120.532023698,
                -1.604596836
              ],
              [
                120.532084432,
                -1.604882536
              ],
              [
                120.532206403,
                -1.605034536
              ],
              [
                120.532425461,
                -1.605117959
              ],
              [
                120.532518729,
                -1.605237385
              ],
              [
                120.532550873,
                -1.605396507
              ],
              [
                120.532529095,
                -1.605580872
              ],
              [
                120.532449868,
                -1.605736243
              ],
              [
                120.532417304,
                -1.605927827
              ],
              [
                120.53254643,
                -1.606105144
              ],
              [
                120.532743927,
                -1.606192157
              ],
              [
                120.532919759,
                -1.606369531
              ],
              [
                120.532930118,
                -1.606388349
              ],
              [
                120.533045232,
                -1.606597462
              ],
              [
                120.533073709,
                -1.606818044
              ],
              [
                120.533066185,
                -1.607100046
              ],
              [
                120.532990459,
                -1.607331347
              ],
              [
                120.532878928,
                -1.60746137
              ],
              [
                120.532763869,
                -1.607537156
              ],
              [
                120.532591347,
                -1.607594795
              ],
              [
                120.532400884,
                -1.607634334
              ],
              [
                120.532221146,
                -1.607717272
              ],
              [
                120.532062922,
                -1.607836392
              ],
              [
                120.531904693,
                -1.607959127
              ],
              [
                120.531803936,
                -1.608092779
              ],
              [
                120.531764198,
                -1.608273507
              ],
              [
                120.531756769,
                -1.608475967
              ],
              [
                120.531767282,
                -1.608696526
              ],
              [
                120.531785011,
                -1.608891786
              ],
              [
                120.531813484,
                -1.609115983
              ],
              [
                120.531885021,
                -1.609380004
              ],
              [
                120.531906234,
                -1.609665656
              ],
              [
                120.531920301,
                -1.609918759
              ],
              [
                120.531934371,
                -1.610168248
              ],
              [
                120.532016626,
                -1.610482898
              ],
              [
                120.532095388,
                -1.610714388
              ],
              [
                120.532145329,
                -1.610906946
              ],
              [
                120.532152607,
                -1.610935005
              ],
              [
                120.532199056,
                -1.611148377
              ],
              [
                120.532256335,
                -1.611318376
              ],
              [
                120.532338746,
                -1.611502869
              ],
              [
                120.532428317,
                -1.611709063
              ],
              [
                120.53248203,
                -1.611857365
              ],
              [
                120.532485426,
                -1.612020067
              ],
              [
                120.532449268,
                -1.612211646
              ],
              [
                120.532370097,
                -1.612320015
              ],
              [
                120.532240657,
                -1.612403014
              ],
              [
                120.532057392,
                -1.612431715
              ],
              [
                120.531874157,
                -1.612435107
              ],
              [
                120.531687347,
                -1.612424032
              ],
              [
                120.531607911,
                -1.612414638
              ],
              [
                120.53153288,
                -1.612405766
              ],
              [
                120.531367627,
                -1.612394718
              ],
              [
                120.531037194,
                -1.612311157
              ],
              [
                120.530897081,
                -1.612307371
              ],
              [
                120.530724633,
                -1.612303545
              ],
              [
                120.530573663,
                -1.612364824
              ],
              [
                120.530404616,
                -1.612520085
              ],
              [
                120.530303806,
                -1.612697122
              ],
              [
                120.530213812,
                -1.612841633
              ],
              [
                120.53007349,
                -1.613011391
              ],
              [
                120.529911651,
                -1.613148583
              ],
              [
                120.529685172,
                -1.613260387
              ],
              [
                120.529412005,
                -1.613357672
              ],
              [
                120.52910653,
                -1.613433224
              ],
              [
                120.528815329,
                -1.613588335
              ],
              [
                120.528682245,
                -1.613714716
              ],
              [
                120.528484369,
                -1.613942251
              ],
              [
                120.528361839,
                -1.61410732
              ],
              [
                120.528347621,
                -1.614126475
              ],
              [
                120.528214454,
                -1.614321549
              ],
              [
                120.528063344,
                -1.614498525
              ],
              [
                120.527923061,
                -1.614635742
              ],
              [
                120.52775758,
                -1.6148127
              ],
              [
                120.527617332,
                -1.614920993
              ],
              [
                120.527451904,
                -1.615054565
              ],
              [
                120.527268508,
                -1.615191729
              ],
              [
                120.527063568,
                -1.615318021
              ],
              [
                120.52688051,
                -1.615411265
              ],
              [
                120.526829895,
                -1.615437047
              ],
              [
                120.526596275,
                -1.615512686
              ],
              [
                120.526362632,
                -1.615606403
              ],
              [
                120.526164905,
                -1.61571101
              ],
              [
                120.525959904,
                -1.615887919
              ],
              [
                120.525798033,
                -1.616050418
              ],
              [
                120.525643352,
                -1.61620931
              ],
              [
                120.525445497,
                -1.616418767
              ],
              [
                120.525294379,
                -1.616602972
              ],
              [
                120.525168396,
                -1.616798055
              ],
              [
                120.525071186,
                -1.616967864
              ],
              [
                120.524991962,
                -1.617119618
              ],
              [
                120.524880328,
                -1.617332796
              ],
              [
                120.52478668,
                -1.617527918
              ],
              [
                120.524685811,
                -1.617751955
              ],
              [
                120.524577779,
                -1.617957906
              ],
              [
                120.524448155,
                -1.618192755
              ],
              [
                120.524300554,
                -1.618438427
              ],
              [
                120.524167346,
                -1.61866604
              ],
              [
                120.524041337,
                -1.618882815
              ],
              [
                120.523879453,
                -1.61905616
              ],
              [
                120.523681659,
                -1.619214999
              ],
              [
                120.523487387,
                -1.61943169
              ],
              [
                120.523379407,
                -1.619594255
              ],
              [
                120.523185118,
                -1.619825408
              ],
              [
                120.523041122,
                -1.620060238
              ],
              [
                120.523008471,
                -1.620320513
              ],
              [
                120.522998561,
                -1.620508071
              ],
              [
                120.522993762,
                -1.620598889
              ],
              [
                120.522939629,
                -1.620797674
              ],
              [
                120.52280642,
                -1.621025287
              ],
              [
                120.522705683,
                -1.621140859
              ],
              [
                120.522518671,
                -1.621296095
              ],
              [
                120.52243684,
                -1.62135571
              ],
              [
                120.522295723,
                -1.621458517
              ],
              [
                120.522144704,
                -1.621559565
              ],
              [
                120.521928999,
                -1.621674995
              ],
              [
                120.521752774,
                -1.621823013
              ],
              [
                120.521626821,
                -1.621992786
              ],
              [
                120.521551206,
                -1.622130082
              ],
              [
                120.521392835,
                -1.622368509
              ],
              [
                120.521194926,
                -1.622621349
              ],
              [
                120.521024069,
                -1.622818462
              ],
              [
                120.520953873,
                -1.622899445
              ],
              [
                120.520817216,
                -1.623007741
              ],
              [
                120.520669786,
                -1.623112408
              ],
              [
                120.520518798,
                -1.623188147
              ],
              [
                120.520299571,
                -1.623245724
              ],
              [
                120.520044429,
                -1.623292411
              ],
              [
                120.519800038,
                -1.623360803
              ],
              [
                120.519598713,
                -1.623469019
              ],
              [
                120.519490758,
                -1.62360989
              ],
              [
                120.519407892,
                -1.623801408
              ],
              [
                120.519357293,
                -1.624047199
              ],
              [
                120.519313858,
                -1.624311076
              ],
              [
                120.519227218,
                -1.624650825
              ],
              [
                120.519090195,
                -1.625000004
              ],
              [
                120.518978113,
                -1.625196401
              ],
              [
                120.518743086,
                -1.625423172
              ],
              [
                120.518369121,
                -1.62557409
              ],
              [
                120.517926818,
                -1.625699687
              ],
              [
                120.517623661,
                -1.625722252
              ],
              [
                120.517258922,
                -1.625783724
              ],
              [
                120.516866655,
                -1.625991951
              ],
              [
                120.51667426,
                -1.625950303
              ],
              [
                120.516504368,
                -1.625913526
              ],
              [
                120.516194461,
                -1.625867271
              ],
              [
                120.515907347,
                -1.625816452
              ],
              [
                120.51562246,
                -1.625809221
              ],
              [
                120.515351231,
                -1.625820355
              ],
              [
                120.515023001,
                -1.625847471
              ],
              [
                120.514637751,
                -1.625906622
              ],
              [
                120.514302638,
                -1.625972722
              ],
              [
                120.513987979,
                -1.626089301
              ],
              [
                120.513675583,
                -1.626212771
              ],
              [
                120.513420252,
                -1.6262675
              ],
              [
                120.513092023,
                -1.626294616
              ],
              [
                120.512745577,
                -1.626307943
              ],
              [
                120.512456081,
                -1.626346576
              ],
              [
                120.512161997,
                -1.62640584
              ],
              [
                120.510535405,
                -1.627432302
              ],
              [
                120.509179112,
                -1.628098552
              ],
              [
                120.508346301,
                -1.628098552
              ],
              [
                120.507168909,
                -1.627679002
              ],
              [
                120.506204786,
                -1.628146141
              ],
              [
                120.504736287,
                -1.628834688
              ],
              [
                120.503336923,
                -1.629834746
              ],
              [
                120.502683183,
                -1.630359039
              ],
              [
                120.501731399,
                -1.630406628
              ],
              [
                120.500065777,
                -1.63031145
              ],
              [
                120.498471538,
                -1.63031145
              ],
              [
                120.49709145,
                -1.630596985
              ],
              [
                120.495544801,
                -1.63119185
              ],
              [
                120.494236098,
                -1.631548769
              ],
              [
                120.492570475,
                -1.631429797
              ],
              [
                120.491214182,
                -1.631548769
              ],
              [
                120.489538517,
                -1.632196017
              ],
              [
                120.489072667,
                -1.634570685
              ],
              [
                120.488358828,
                -1.636164924
              ],
              [
                120.487121509,
                -1.637878136
              ],
              [
                120.485384502,
                -1.638829921
              ],
              [
                120.483599906,
                -1.639734116
              ],
              [
                120.481529775,
                -1.640852462
              ],
              [
                120.479983125,
                -1.64192322
              ],
              [
                120.478674422,
                -1.643779199
              ],
              [
                120.466336917,
                -1.652499924
              ],
              [
                120.462795314,
                -1.657324645
              ],
              [
                120.443465537,
                -1.669632043
              ],
              [
                120.410628976,
                -1.68055377
              ],
              [
                120.407059784,
                -1.68055377
              ],
              [
                120.404775501,
                -1.68055377
              ],
              [
                120.402419836,
                -1.681053456
              ],
              [
                120.399564482,
                -1.681410375
              ],
              [
                120.397637119,
                -1.681410375
              ],
              [
                120.395852523,
                -1.681910062
              ],
              [
                120.393354089,
                -1.682124214
              ],
              [
                120.392922452,
                -1.682157943
              ],
              [
                120.390925393,
                -1.682313998
              ],
              [
                120.383381944,
                -1.682903461
              ],
              [
                120.374159732,
                -1.684723013
              ],
              [
                120.374092385,
                -1.682946993
              ],
              [
                120.372857561,
                -1.678242867
              ],
              [
                120.369675032,
                -1.672145498
              ],
              [
                120.365663314,
                -1.667888497
              ],
              [
                120.360721968,
                -1.664101207
              ],
              [
                120.357123375,
                -1.6628656
              ],
              [
                120.354743913,
                -1.662478937
              ],
              [
                120.353618059,
                -1.660851186
              ],
              [
                120.350748981,
                -1.655623857
              ],
              [
                120.349606995,
                -1.652770079
              ],
              [
                120.349604654,
                -1.650018414
              ],
              [
                120.351472155,
                -1.645198102
              ],
              [
                120.352661885,
                -1.640796099
              ],
              [
                120.352757232,
                -1.63866924
              ],
              [
                120.351323439,
                -1.634282324
              ],
              [
                120.349845518,
                -1.633334929
              ],
              [
                120.349819654,
                -1.633197298
              ],
              [
                120.349771014,
                -1.633046533
              ],
              [
                120.349702885,
                -1.632869533
              ],
              [
                120.349625028,
                -1.63265976
              ],
              [
                120.349566695,
                -1.632456564
              ],
              [
                120.349534411,
                -1.632250132
              ],
              [
                120.349528119,
                -1.632083038
              ],
              [
                120.349528316,
                -1.631932338
              ],
              [
                120.349528574,
                -1.631735772
              ],
              [
                120.349528767,
                -1.631588352
              ],
              [
                120.349529003,
                -1.631408163
              ],
              [
                120.349529187,
                -1.631267295
              ],
              [
                120.34952615,
                -1.631096934
              ],
              [
                120.349506939,
                -1.630851197
              ],
              [
                120.349487629,
                -1.630680814
              ],
              [
                120.349448748,
                -1.630539895
              ],
              [
                120.349396857,
                -1.630389126
              ],
              [
                120.349312428,
                -1.630225209
              ],
              [
                120.349244222,
                -1.630107179
              ],
              [
                120.349133646,
                -1.630021854
              ],
              [
                120.3490133,
                -1.629936516
              ],
              [
                120.348879881,
                -1.629897026
              ],
              [
                120.348720396,
                -1.629867325
              ],
              [
                120.348564196,
                -1.629817981
              ],
              [
                120.348469929,
                -1.629713021
              ],
              [
                120.348443996,
                -1.629627808
              ],
              [
                120.348444112,
                -1.629539349
              ],
              [
                120.348444202,
                -1.629470556
              ],
              [
                120.34841181,
                -1.629346021
              ],
              [
                120.348379358,
                -1.629267352
              ],
              [
                120.348327377,
                -1.629185376
              ],
              [
                120.348275367,
                -1.629126338
              ],
              [
                120.348200567,
                -1.629063997
              ],
              [
                120.348135496,
                -1.629034422
              ],
              [
                120.348021618,
                -1.628988405
              ],
              [
                120.347924018,
                -1.628939139
              ],
              [
                120.347832937,
                -1.62888332
              ],
              [
                120.347728903,
                -1.628775076
              ],
              [
                120.347654185,
                -1.628650486
              ],
              [
                120.34764127,
                -1.628568562
              ],
              [
                120.347631667,
                -1.628447338
              ],
              [
                120.347625319,
                -1.628322838
              ],
              [
                120.347579918,
                -1.628188453
              ],
              [
                120.347537682,
                -1.628119604
              ],
              [
                120.347453142,
                -1.628040866
              ],
              [
                120.347332783,
                -1.627971904
              ],
              [
                120.347166848,
                -1.627896339
              ],
              [
                120.347056273,
                -1.627811014
              ],
              [
                120.346978295,
                -1.627692971
              ],
              [
                120.346949146,
                -1.627581545
              ],
              [
                120.346939529,
                -1.627463593
              ],
              [
                120.346920159,
                -1.627339076
              ],
              [
                120.346848753,
                -1.627175177
              ],
              [
                120.346734999,
                -1.62703415
              ],
              [
                120.346637416,
                -1.62697178
              ],
              [
                120.34652353,
                -1.626925764
              ],
              [
                120.34639012,
                -1.626879722
              ],
              [
                120.346272982,
                -1.626833701
              ],
              [
                120.346159139,
                -1.626754924
              ],
              [
                120.346081106,
                -1.626679467
              ],
              [
                120.345937514,
                -1.626519333
              ],
              [
                120.345895817,
                -1.626472832
              ],
              [
                120.345821087,
                -1.626358066
              ],
              [
                120.345739846,
                -1.626249852
              ],
              [
                120.345645565,
                -1.626148164
              ],
              [
                120.345600044,
                -1.626105519
              ],
              [
                120.345531756,
                -1.62604973
              ],
              [
                120.345427697,
                -1.625961143
              ],
              [
                120.345317152,
                -1.625852881
              ],
              [
                120.345196853,
                -1.625731511
              ],
              [
                120.34509604,
                -1.625652751
              ],
              [
                120.344972401,
                -1.62560017
              ],
              [
                120.344848727,
                -1.625573798
              ],
              [
                120.344715248,
                -1.625573621
              ],
              [
                120.344575246,
                -1.625589812
              ],
              [
                120.344448265,
                -1.625599476
              ],
              [
                120.344327817,
                -1.625599317
              ],
              [
                120.344240492,
                -1.6255835
              ],
              [
                120.344236685,
                -1.625582811
              ],
              [
                120.344093538,
                -1.625510548
              ],
              [
                120.343969933,
                -1.625431758
              ],
              [
                120.343849583,
                -1.625349701
              ],
              [
                120.343761775,
                -1.625284063
              ],
              [
                120.343677236,
                -1.625205325
              ],
              [
                120.343625217,
                -1.625152839
              ],
              [
                120.343573232,
                -1.625074144
              ],
              [
                120.343553789,
                -1.625005316
              ],
              [
                120.343551715,
                -1.625000734
              ],
              [
                120.343551384,
                -1.625000003
              ],
              [
                120.343449914,
                -1.624775853
              ],
              [
                120.343432927,
                -1.624738975
              ],
              [
                120.343384989,
                -1.6246349
              ],
              [
                120.343320029,
                -1.624520147
              ],
              [
                120.343232281,
                -1.624402092
              ],
              [
                120.343092502,
                -1.624247935
              ],
              [
                120.342988416,
                -1.624178995
              ],
              [
                120.34284853,
                -1.624100184
              ],
              [
                120.342698876,
                -1.624024641
              ],
              [
                120.342649076,
                -1.624003357
              ],
              [
                120.342614281,
                -1.623988487
              ],
              [
                120.342477633,
                -1.623926066
              ],
              [
                120.342308452,
                -1.623847216
              ],
              [
                120.342288671,
                -1.623837433
              ],
              [
                120.342149041,
                -1.623768379
              ],
              [
                120.341999379,
                -1.623699378
              ],
              [
                120.341817206,
                -1.623597583
              ],
              [
                120.341641557,
                -1.623485964
              ],
              [
                120.341482163,
                -1.623387471
              ],
              [
                120.341274006,
                -1.623239767
              ],
              [
                120.341245829,
                -1.623210323
              ],
              [
                120.340955943,
                -1.622907401
              ],
              [
                120.340837598,
                -1.622975251
              ],
              [
                120.340687866,
                -1.62304306
              ],
              [
                120.340492294,
                -1.623098661
              ],
              [
                120.340291964,
                -1.623105689
              ],
              [
                120.340147193,
                -1.623073921
              ],
              [
                120.34004109,
                -1.623003342
              ],
              [
                120.339930168,
                -1.622930335
              ],
              [
                120.339785407,
                -1.622891283
              ],
              [
                120.339643014,
                -1.622881379
              ],
              [
                120.339534377,
                -1.62290795
              ],
              [
                120.339430487,
                -1.622985534
              ],
              [
                120.339362842,
                -1.623036452
              ],
              [
                120.339319361,
                -1.623067962
              ],
              [
                120.339263833,
                -1.623082466
              ],
              [
                120.339210182,
                -1.623085233
              ],
              [
                120.339172108,
                -1.623087197
              ],
              [
                120.339070761,
                -1.623074926
              ],
              [
                120.33890433,
                -1.622994552
              ],
              [
                120.338880241,
                -1.62295566
              ],
              [
                120.338853799,
                -1.622875471
              ],
              [
                120.338824957,
                -1.622783143
              ],
              [
                120.338788881,
                -1.622688365
              ],
              [
                120.338726274,
                -1.62257413
              ],
              [
                120.338627478,
                -1.622457416
              ],
              [
                120.338528639,
                -1.622367417
              ],
              [
                120.338436984,
                -1.62231872
              ],
              [
                120.338354954,
                -1.622299181
              ],
              [
                120.338258426,
                -1.622289337
              ],
              [
                120.338144983,
                -1.62229648
              ],
              [
                120.338031493,
                -1.62233276
              ],
              [
                120.337925196,
                -1.622410341
              ],
              [
                120.337845435,
                -1.622502526
              ],
              [
                120.33778252,
                -1.622623887
              ],
              [
                120.337753463,
                -1.622696708
              ],
              [
                120.337688147,
                -1.622813205
              ],
              [
                120.337630172,
                -1.622851989
              ],
              [
                120.337531155,
                -1.622898012
              ],
              [
                120.33740561,
                -1.622929413
              ],
              [
                120.33728251,
                -1.622938965
              ],
              [
                120.337169064,
                -1.62294853
              ],
              [
                120.337074901,
                -1.622970267
              ],
              [
                120.33699762,
                -1.623006594
              ],
              [
                120.336937213,
                -1.623064805
              ],
              [
                120.336864698,
                -1.623144862
              ],
              [
                120.336816306,
                -1.623237097
              ],
              [
                120.336750994,
                -1.623351162
              ],
              [
                120.336680907,
                -1.623421507
              ],
              [
                120.336618103,
                -1.623465137
              ],
              [
                120.336558127,
                -1.623485167
              ],
              [
                120.336505778,
                -1.6234994
              ],
              [
                120.336470818,
                -1.623508665
              ],
              [
                120.3363815,
                -1.623520684
              ],
              [
                120.336309092,
                -1.62352545
              ],
              [
                120.336231863,
                -1.623522916
              ],
              [
                120.336137754,
                -1.623503361
              ],
              [
                120.336050908,
                -1.623471669
              ],
              [
                120.335968901,
                -1.623435131
              ],
              [
                120.335853109,
                -1.623391263
              ],
              [
                120.335749362,
                -1.623366833
              ],
              [
                120.335664885,
                -1.62336429
              ],
              [
                120.335573179,
                -1.623361746
              ],
              [
                120.33545971,
                -1.62338831
              ],
              [
                120.335363134,
                -1.623414896
              ],
              [
                120.335281013,
                -1.62345851
              ],
              [
                120.335148182,
                -1.623526341
              ],
              [
                120.334991218,
                -1.623589277
              ],
              [
                120.334848772,
                -1.623627949
              ],
              [
                120.334696697,
                -1.623647177
              ],
              [
                120.334556712,
                -1.62364456
              ],
              [
                120.334419145,
                -1.623639525
              ],
              [
                120.334303325,
                -1.623617509
              ],
              [
                120.334209251,
                -1.623578524
              ],
              [
                120.334115177,
                -1.623539538
              ],
              [
                120.334025931,
                -1.623495705
              ],
              [
                120.333900527,
                -1.623420239
              ],
              [
                120.33378718,
                -1.623354514
              ],
              [
                120.333683506,
                -1.623274223
              ],
              [
                120.333587089,
                -1.623179374
              ],
              [
                120.333500343,
                -1.623072392
              ],
              [
                120.333382285,
                -1.622914361
              ],
              [
                120.33325217,
                -1.622746608
              ],
              [
                120.333208805,
                -1.622690681
              ],
              [
                120.333153389,
                -1.622620179
              ],
              [
                120.333078668,
                -1.622539927
              ],
              [
                120.333034533,
                -1.622502816
              ],
              [
                120.332988344,
                -1.622472246
              ],
              [
                120.332946048,
                -1.622447453
              ],
              [
                120.332868853,
                -1.622418204
              ],
              [
                120.33262994,
                -1.622400888
              ],
              [
                120.332482713,
                -1.622400693
              ],
              [
                120.332335487,
                -1.622400497
              ],
              [
                120.332178599,
                -1.622412435
              ],
              [
                120.331995124,
                -1.622448621
              ],
              [
                120.331830919,
                -1.622513978
              ],
              [
                120.331683629,
                -1.622562359
              ],
              [
                120.33155084,
                -1.622598621
              ],
              [
                120.331406007,
                -1.622615428
              ],
              [
                120.331239463,
                -1.622622491
              ],
              [
                120.331089818,
                -1.622624723
              ],
              [
                120.33095226,
                -1.622619678
              ],
              [
                120.330812298,
                -1.622600062
              ],
              [
                120.330691716,
                -1.622531896
              ],
              [
                120.33055436,
                -1.622366555
              ],
              [
                120.330482154,
                -1.622211017
              ],
              [
                120.330475085,
                -1.622082288
              ],
              [
                120.330475247,
                -1.621958413
              ],
              [
                120.330482642,
                -1.621839419
              ],
              [
                120.330528693,
                -1.621696174
              ],
              [
                120.330574694,
                -1.621584515
              ],
              [
                120.330618263,
                -1.62148499
              ],
              [
                120.330664607,
                -1.621396068
              ],
              [
                120.330673921,
                -1.621378197
              ],
              [
                120.330761141,
                -1.621123287
              ],
              [
                120.330758834,
                -1.62104071
              ],
              [
                120.330734818,
                -1.620945957
              ],
              [
                120.330679463,
                -1.620829301
              ],
              [
                120.330619272,
                -1.620715061
              ],
              [
                120.330520456,
                -1.620615357
              ],
              [
                120.330407103,
                -1.6205472
              ],
              [
                120.330298566,
                -1.62049848
              ],
              [
                120.330173143,
                -1.620437592
              ],
              [
                120.33005253,
                -1.620386425
              ],
              [
                120.329936758,
                -1.62032798
              ],
              [
                120.329852379,
                -1.620257431
              ],
              [
                120.329746319,
                -1.620155285
              ],
              [
                120.329662001,
                -1.620038591
              ],
              [
                120.329592182,
                -1.619904917
              ],
              [
                120.329539224,
                -1.619795549
              ],
              [
                120.329479141,
                -1.619606019
              ],
              [
                120.329389979,
                -1.619499034
              ],
              [
                120.329276661,
                -1.619411447
              ],
              [
                120.329136747,
                -1.619355402
              ],
              [
                120.329013679,
                -1.61934067
              ],
              [
                120.328885768,
                -1.619335638
              ],
              [
                120.328753005,
                -1.619352461
              ],
              [
                120.328600934,
                -1.619369268
              ],
              [
                120.328458537,
                -1.619364217
              ],
              [
                120.328330689,
                -1.619317902
              ],
              [
                120.328176361,
                -1.619213262
              ],
              [
                120.328087184,
                -1.619118414
              ],
              [
                120.328046263,
                -1.619033354
              ],
              [
                120.328027089,
                -1.618931324
              ],
              [
                120.328024784,
                -1.618846307
              ],
              [
                120.328008039,
                -1.618734565
              ],
              [
                120.327955121,
                -1.618600914
              ],
              [
                120.327919042,
                -1.618501283
              ],
              [
                120.327878121,
                -1.618423508
              ],
              [
                120.327796204,
                -1.61831167
              ],
              [
                120.327613099,
                -1.618066126
              ],
              [
                120.327555252,
                -1.618007759
              ],
              [
                120.327468477,
                -1.617922629
              ],
              [
                120.327410687,
                -1.617820548
              ],
              [
                120.327328829,
                -1.61766985
              ],
              [
                120.32729841,
                -1.617623807
              ],
              [
                120.327256563,
                -1.617560466
              ],
              [
                120.327138376,
                -1.617502018
              ],
              [
                120.327010492,
                -1.617482418
              ],
              [
                120.327682792,
                -1.611206166
              ],
              [
                120.327728074,
                -1.611138065
              ],
              [
                120.327750777,
                -1.611056303
              ],
              [
                120.327769019,
                -1.610929094
              ],
              [
                120.327769203,
                -1.610788229
              ],
              [
                120.327742313,
                -1.61061552
              ],
              [
                120.327634431,
                -1.610170062
              ],
              [
                120.327562528,
                -1.609858932
              ],
              [
                120.327553644,
                -1.609740775
              ],
              [
                120.327553782,
                -1.609634975
              ],
              [
                120.327553804,
                -1.609618087
              ],
              [
                120.327603752,
                -1.609436391
              ],
              [
                120.327716615,
                -1.609109779
              ],
              [
                120.327717465,
                -1.609107321
              ],
              [
                120.327735684,
                -1.608998289
              ],
              [
                120.327744864,
                -1.608889244
              ],
              [
                120.327722428,
                -1.608766525
              ],
              [
                120.327681932,
                -1.608630151
              ],
              [
                120.327645914,
                -1.60852559
              ],
              [
                120.327618923,
                -1.60843013
              ],
              [
                120.327615517,
                -1.608403604
              ],
              [
                120.327605501,
                -1.608325599
              ],
              [
                120.327610204,
                -1.60818474
              ],
              [
                120.327641963,
                -1.608089358
              ],
              [
                120.327732484,
                -1.607984964
              ],
              [
                120.327845536,
                -1.607930585
              ],
              [
                120.328039923,
                -1.6078854
              ],
              [
                120.328706218,
                -1.607956699
              ],
              [
                120.329334324,
                -1.608012055
              ],
              [
                120.329569302,
                -1.608030541
              ],
              [
                120.3298405,
                -1.60799909
              ],
              [
                120.330076539,
                -1.607937891
              ],
              [
                120.330206684,
                -1.607904147
              ],
              [
                120.330378498,
                -1.607840756
              ],
              [
                120.330496065,
                -1.607790927
              ],
              [
                120.330595583,
                -1.607718353
              ],
              [
                120.330663484,
                -1.607632106
              ],
              [
                120.330717828,
                -1.60754584
              ],
              [
                120.330758631,
                -1.607445925
              ],
              [
                120.33078587,
                -1.607350536
              ],
              [
                120.330795027,
                -1.607259667
              ],
              [
                120.330795121,
                -1.607186962
              ],
              [
                120.330759097,
                -1.607086946
              ],
              [
                120.330375503,
                -1.606668389
              ],
              [
                120.329987169,
                -1.606297413
              ],
              [
                120.329910453,
                -1.606210975
              ],
              [
                120.329883462,
                -1.606174237
              ],
              [
                120.329757087,
                -1.605988115
              ],
              [
                120.329707511,
                -1.605883537
              ],
              [
                120.32964895,
                -1.605738051
              ],
              [
                120.329441567,
                -1.605249743
              ],
              [
                120.329382976,
                -1.605126977
              ],
              [
                120.32933786,
                -1.605067845
              ],
              [
                120.329256561,
                -1.605031386
              ],
              [
                120.329166199,
                -1.605013091
              ],
              [
                120.32909844,
                -1.604990282
              ],
              [
                120.329035235,
                -1.604940214
              ],
              [
                120.328994698,
                -1.604835648
              ],
              [
                120.328976803,
                -1.604694759
              ],
              [
                120.328976951,
                -1.604581158
              ],
              [
                120.328936485,
                -1.604424591
              ],
              [
                120.328877864,
                -1.604324545
              ],
              [
                120.328787621,
                -1.604215369
              ],
              [
                120.328674746,
                -1.604133428
              ],
              [
                120.328449078,
                -1.60390593
              ],
              [
                120.328408517,
                -1.603819539
              ],
              [
                120.328395107,
                -1.603705921
              ],
              [
                120.328395236,
                -1.603605952
              ],
              [
                120.328408918,
                -1.603510545
              ],
              [
                120.328445142,
                -1.603456064
              ],
              [
                120.328513014,
                -1.603392537
              ],
              [
                120.328567304,
                -1.603347168
              ],
              [
                120.32863514,
                -1.603310905
              ],
              [
                120.328689394,
                -1.6032928
              ],
              [
                120.328743637,
                -1.603283783
              ],
              [
                120.328852099,
                -1.603283926
              ],
              [
                120.32903281,
                -1.603329604
              ],
              [
                120.32922705,
                -1.603398019
              ],
              [
                120.329624437,
                -1.603634832
              ],
              [
                120.330044463,
                -1.603839865
              ],
              [
                120.330619898,
                -1.604081925
              ],
              [
                120.331157443,
                -1.604273481
              ],
              [
                120.331311062,
                -1.604300947
              ],
              [
                120.331469236,
                -1.604301155
              ],
              [
                120.331830778,
                -1.60430163
              ],
              [
                120.332058379,
                -1.604247416
              ],
              [
                120.332212063,
                -1.604224898
              ],
              [
                120.332338614,
                -1.604215976
              ],
              [
                120.332505827,
                -1.604216195
              ],
              [
                120.332704645,
                -1.604239177
              ],
              [
                120.332835651,
                -1.604280245
              ],
              [
                120.333057042,
                -1.604321432
              ],
              [
                120.333224243,
                -1.60433074
              ],
              [
                120.333332706,
                -1.604330882
              ],
              [
                120.33345472,
                -1.604335586
              ],
              [
                120.33351347,
                -1.604335663
              ],
              [
                120.333563212,
                -1.604313008
              ],
              [
                120.333617502,
                -1.604267639
              ],
              [
                120.333662795,
                -1.604190449
              ],
              [
                120.333699049,
                -1.604113248
              ],
              [
                120.333712707,
                -1.604036017
              ],
              [
                120.333708312,
                -1.603940586
              ],
              [
                120.333663236,
                -1.603849645
              ],
              [
                120.333248058,
                -1.603390151
              ],
              [
                120.332841858,
                -1.602964583
              ],
              [
                120.33249441,
                -1.602550619
              ],
              [
                120.332440302,
                -1.602455123
              ],
              [
                120.332399811,
                -1.602314204
              ],
              [
                120.332377326,
                -1.602227837
              ],
              [
                120.332368423,
                -1.602123312
              ],
              [
                120.332376804,
                -1.601967399
              ],
              [
                120.332392477,
                -1.601675864
              ],
              [
                120.332424394,
                -1.601457791
              ],
              [
                120.332460701,
                -1.601339693
              ],
              [
                120.332496991,
                -1.601235228
              ],
              [
                120.33254682,
                -1.601144412
              ],
              [
                120.332601145,
                -1.601071778
              ],
              [
                120.332637328,
                -1.601049105
              ],
              [
                120.332736811,
                -1.601003795
              ],
              [
                120.332831751,
                -1.600976655
              ],
              [
                120.332980916,
                -1.60095413
              ],
              [
                120.333062262,
                -1.600954237
              ],
              [
                120.33320692,
                -1.600922618
              ],
              [
                120.333288284,
                -1.600909092
              ],
              [
                120.333401266,
                -1.60090924
              ],
              [
                120.333514229,
                -1.60092302
              ],
              [
                120.333636197,
                -1.600964077
              ],
              [
                120.33372647,
                -1.601050532
              ],
              [
                120.333807706,
                -1.601136975
              ],
              [
                120.33387533,
                -1.601264297
              ],
              [
                120.333933904,
                -1.601400696
              ],
              [
                120.334010526,
                -1.601559838
              ],
              [
                120.334073643,
                -1.601678067
              ],
              [
                120.334213587,
                -1.601796395
              ],
              [
                120.334483375,
                -1.601967399
              ],
              [
                120.334529677,
                -1.601996748
              ],
              [
                120.335014948,
                -1.602261984
              ],
              [
                120.335154969,
                -1.602321241
              ],
              [
                120.335299509,
                -1.602380503
              ],
              [
                120.335394385,
                -1.602403347
              ],
              [
                120.335529939,
                -1.602421701
              ],
              [
                120.335660993,
                -1.602426417
              ],
              [
                120.335792051,
                -1.602426588
              ],
              [
                120.335936668,
                -1.602426778
              ],
              [
                120.336058688,
                -1.602426938
              ],
              [
                120.336167186,
                -1.602399815
              ],
              [
                120.336262132,
                -1.602368131
              ],
              [
                120.336320936,
                -1.602327311
              ],
              [
                120.336379757,
                -1.60227286
              ],
              [
                120.336447657,
                -1.602186611
              ],
              [
                120.336479398,
                -1.602104859
              ],
              [
                120.336488595,
                -1.601982182
              ],
              [
                120.33648784,
                -1.601967399
              ],
              [
                120.33647978,
                -1.601809495
              ],
              [
                120.336335723,
                -1.601389009
              ],
              [
                120.336308789,
                -1.601248108
              ],
              [
                120.336286398,
                -1.601089036
              ],
              [
                120.336282037,
                -1.600966341
              ],
              [
                120.336336852,
                -1.600569945
              ],
              [
                120.336364196,
                -1.600392762
              ],
              [
                120.336391528,
                -1.600224667
              ],
              [
                120.336391569,
                -1.600192924
              ],
              [
                120.336391769,
                -1.60003836
              ],
              [
                120.336401707,
                -1.5997552
              ],
              [
                120.336424473,
                -1.599623451
              ],
              [
                120.336460786,
                -1.599500809
              ],
              [
                120.336524213,
                -1.599378202
              ],
              [
                120.336569494,
                -1.5993101
              ],
              [
                120.336646416,
                -1.599237495
              ],
              [
                120.336732364,
                -1.599173991
              ],
              [
                120.336913264,
                -1.599074257
              ],
              [
                120.337415278,
                -1.598784092
              ],
              [
                120.337665415,
                -1.59862353
              ],
              [
                120.337724271,
                -1.598541814
              ],
              [
                120.337837534,
                -1.598323846
              ],
              [
                120.337887451,
                -1.598164868
              ],
              [
                120.337932825,
                -1.598024061
              ],
              [
                120.337960064,
                -1.597928671
              ],
              [
                120.337973721,
                -1.59785144
              ],
              [
                120.337978398,
                -1.597728756
              ],
              [
                120.33805154,
                -1.597426595
              ],
              [
                120.338055949,
                -1.597408383
              ],
              [
                120.338092256,
                -1.597290284
              ],
              [
                120.338155736,
                -1.59712678
              ],
              [
                120.338214656,
                -1.596995079
              ],
              [
                120.338468578,
                -1.596647987
              ],
              [
                120.338618135,
                -1.596321008
              ],
              [
                120.338668069,
                -1.596148398
              ],
              [
                120.338659416,
                -1.595848478
              ],
              [
                120.33864145,
                -1.595762117
              ],
              [
                120.338605413,
                -1.595671188
              ],
              [
                120.338555818,
                -1.595580242
              ],
              [
                120.338479142,
                -1.595461997
              ],
              [
                120.338415978,
                -1.595380121
              ],
              [
                120.338343722,
                -1.59533913
              ],
              [
                120.338266918,
                -1.595320854
              ],
              [
                120.33812233,
                -1.595297945
              ],
              [
                120.337986782,
                -1.595275048
              ],
              [
                120.337846778,
                -1.59520216
              ],
              [
                120.337467292,
                -1.5950205
              ],
              [
                120.337308419,
                -1.594933097
              ],
              [
                120.337142309,
                -1.594852952
              ],
              [
                120.337033957,
                -1.594816479
              ],
              [
                120.336838932,
                -1.594743562
              ],
              [
                120.336687257,
                -1.594677968
              ],
              [
                120.336472413,
                -1.594645654
              ],
              [
                120.336329879,
                -1.594731097
              ],
              [
                120.336193249,
                -1.594780061
              ],
              [
                120.336092979,
                -1.594803545
              ],
              [
                120.335992697,
                -1.594829171
              ],
              [
                120.335845485,
                -1.594867614
              ],
              [
                120.335674796,
                -1.594914612
              ],
              [
                120.335482774,
                -1.594965875
              ],
              [
                120.335303559,
                -1.595008569
              ],
              [
                120.3351265,
                -1.595029802
              ],
              [
                120.334915347,
                -1.59503382
              ],
              [
                120.33478097,
                -1.595035786
              ],
              [
                120.334629526,
                -1.595048467
              ],
              [
                120.334482239,
                -1.595138423
              ],
              [
                120.333970026,
                -1.595037874
              ],
              [
                120.333772045,
                -1.595009148
              ],
              [
                120.333489272,
                -1.594923375
              ],
              [
                120.333272464,
                -1.59486932
              ],
              [
                120.333124732,
                -1.59487229
              ],
              [
                120.333042986,
                -1.594891162
              ],
              [
                120.332973801,
                -1.59491954
              ],
              [
                120.332901459,
                -1.594957402
              ],
              [
                120.332838556,
                -1.594988951
              ],
              [
                120.332766235,
                -1.595010998
              ],
              [
                120.332636902,
                -1.595027442
              ],
              [
                120.332618483,
                -1.595029784
              ],
              [
                120.332473899,
                -1.595029595
              ],
              [
                120.332345062,
                -1.595004123
              ],
              [
                120.332250817,
                -1.594966043
              ],
              [
                120.332143987,
                -1.594937435
              ],
              [
                120.33206227,
                -1.594934166
              ],
              [
                120.331927086,
                -1.594956131
              ],
              [
                120.331801328,
                -1.594981271
              ],
              [
                120.331675582,
                -1.594996923
              ],
              [
                120.331534141,
                -1.594996738
              ],
              [
                120.331424159,
                -1.594974453
              ],
              [
                120.331314235,
                -1.594907885
              ],
              [
                120.331298642,
                -1.594812972
              ],
              [
                120.331311308,
                -1.594740237
              ],
              [
                120.331390001,
                -1.594651774
              ],
              [
                120.331440397,
                -1.594569599
              ],
              [
                120.3314342,
                -1.594500003
              ],
              [
                120.331399691,
                -1.594449349
              ],
              [
                120.331305401,
                -1.594446063
              ],
              [
                120.331207915,
                -1.594483893
              ],
              [
                120.331091599,
                -1.594499556
              ],
              [
                120.330915571,
                -1.594508816
              ],
              [
                120.330805602,
                -1.594477041
              ],
              [
                120.330755426,
                -1.594388409
              ],
              [
                120.330724149,
                -1.594268172
              ],
              [
                120.33071801,
                -1.594154293
              ],
              [
                120.33071814,
                -1.594053074
              ],
              [
                120.330724512,
                -1.593986658
              ],
              [
                120.330752874,
                -1.593929759
              ],
              [
                120.330800106,
                -1.593863396
              ],
              [
                120.330817404,
                -1.593833311
              ],
              [
                120.330847359,
                -1.593781218
              ],
              [
                120.330888359,
                -1.593673726
              ],
              [
                120.330888518,
                -1.593550366
              ],
              [
                120.330894922,
                -1.593458645
              ],
              [
                120.330895052,
                -1.593357427
              ],
              [
                120.33088268,
                -1.59320242
              ],
              [
                120.330820053,
                -1.593018879
              ],
              [
                120.330779327,
                -1.592914445
              ],
              [
                120.33072602,
                -1.592816319
              ],
              [
                120.330650695,
                -1.592730818
              ],
              [
                120.330559646,
                -1.592651622
              ],
              [
                120.330471736,
                -1.592575594
              ],
              [
                120.330368122,
                -1.592490055
              ],
              [
                120.330290025,
                -1.592432741
              ],
              [
                120.330264497,
                -1.592414006
              ],
              [
                120.330167162,
                -1.592334802
              ],
              [
                120.330054168,
                -1.592211295
              ],
              [
                120.329944374,
                -1.592043509
              ],
              [
                120.329881674,
                -1.591916904
              ],
              [
                120.329831547,
                -1.591790315
              ],
              [
                120.329800271,
                -1.591670077
              ],
              [
                120.329787861,
                -1.591543538
              ],
              [
                120.32978177,
                -1.591391702
              ],
              [
                120.329781941,
                -1.591258853
              ],
              [
                120.329784788,
                -1.591142141
              ],
              [
                120.329785259,
                -1.591122845
              ],
              [
                120.329782222,
                -1.591040601
              ],
              [
                120.329785504,
                -1.590933061
              ],
              [
                120.3297764,
                -1.590680002
              ],
              [
                120.329782812,
                -1.590581955
              ],
              [
                120.329795515,
                -1.590480753
              ],
              [
                120.329830203,
                -1.590392232
              ],
              [
                120.329868043,
                -1.590297389
              ],
              [
                120.32989331,
                -1.59020253
              ],
              [
                120.329896603,
                -1.5900855
              ],
              [
                120.329881014,
                -1.589987424
              ],
              [
                120.329843451,
                -1.589867178
              ],
              [
                120.329813625,
                -1.589803181
              ],
              [
                120.329793299,
                -1.589759568
              ],
              [
                120.329755667,
                -1.589693095
              ],
              [
                120.329664671,
                -1.589572779
              ],
              [
                120.329567364,
                -1.589471434
              ],
              [
                120.32947007,
                -1.589360599
              ],
              [
                120.329388507,
                -1.589237133
              ],
              [
                120.329344662,
                -1.589113716
              ],
              [
                120.329335375,
                -1.589002996
              ],
              [
                120.329294657,
                -1.588892236
              ],
              [
                120.329216217,
                -1.588784589
              ],
              [
                120.329137728,
                -1.588714899
              ],
              [
                120.32904354,
                -1.588632536
              ],
              [
                120.328990233,
                -1.588534412
              ],
              [
                120.328937003,
                -1.588376188
              ],
              [
                120.328940289,
                -1.588265485
              ],
              [
                120.328949901,
                -1.588123159
              ],
              [
                120.328946912,
                -1.588002958
              ],
              [
                120.328934454,
                -1.587914376
              ],
              [
                120.328856042,
                -1.587784588
              ],
              [
                120.328683512,
                -1.587518665
              ],
              [
                120.328623866,
                -1.587461652
              ],
              [
                120.32855479,
                -1.587404627
              ],
              [
                120.328498267,
                -1.587363433
              ],
              [
                120.328435478,
                -1.587306416
              ],
              [
                120.328391576,
                -1.587227282
              ],
              [
                120.328382292,
                -1.587113399
              ],
              [
                120.328410739,
                -1.586990076
              ],
              [
                120.328470625,
                -1.586860468
              ],
              [
                120.32851164,
                -1.586740324
              ],
              [
                120.328492911,
                -1.586639082
              ],
              [
                120.32843579,
                -1.586587853
              ],
              [
                120.328408144,
                -1.586563058
              ],
              [
                120.328335946,
                -1.586490213
              ],
              [
                120.32827323,
                -1.586376261
              ],
              [
                120.328223151,
                -1.586211716
              ],
              [
                120.328204471,
                -1.586072516
              ],
              [
                120.328195204,
                -1.585945981
              ],
              [
                120.328195354,
                -1.585828947
              ],
              [
                120.328195504,
                -1.585711914
              ],
              [
                120.32818625,
                -1.58557589
              ],
              [
                120.328164434,
                -1.58543036
              ],
              [
                120.328130043,
                -1.585287977
              ],
              [
                120.328095635,
                -1.585158246
              ],
              [
                120.328023554,
                -1.584993672
              ],
              [
                120.327948266,
                -1.584879704
              ],
              [
                120.3278478,
                -1.584791007
              ],
              [
                120.327715939,
                -1.584673802
              ],
              [
                120.327618596,
                -1.584600925
              ],
              [
                120.327505533,
                -1.584531191
              ],
              [
                120.327376739,
                -1.584474088
              ],
              [
                120.327282494,
                -1.584436009
              ],
              [
                120.327178796,
                -1.584416896
              ],
              [
                120.327071974,
                -1.584381963
              ],
              [
                120.326958896,
                -1.584324881
              ],
              [
                120.326877268,
                -1.584252024
              ],
              [
                120.326792534,
                -1.584150696
              ],
              [
                120.326720384,
                -1.584039895
              ],
              [
                120.326654549,
                -1.58390696
              ],
              [
                120.326595029,
                -1.583751892
              ],
              [
                120.326541799,
                -1.58359367
              ],
              [
                120.326501105,
                -1.583463931
              ],
              [
                120.326460431,
                -1.583318377
              ],
              [
                120.326438539,
                -1.583232945
              ],
              [
                120.326375807,
                -1.583131646
              ],
              [
                120.326259601,
                -1.583061907
              ],
              [
                120.326133913,
                -1.583033276
              ],
              [
                120.326030203,
                -1.583023653
              ],
              [
                120.325904495,
                -1.583010837
              ],
              [
                120.325722296,
                -1.582931524
              ],
              [
                120.325612425,
                -1.582823837
              ],
              [
                120.325524633,
                -1.58265608
              ],
              [
                120.325461978,
                -1.582494682
              ],
              [
                120.325411907,
                -1.582323812
              ],
              [
                120.325405877,
                -1.582124531
              ],
              [
                120.325409133,
                -1.582035969
              ],
              [
                120.325409312,
                -1.581896794
              ],
              [
                120.325406347,
                -1.581757615
              ],
              [
                120.325384523,
                -1.581618412
              ],
              [
                120.325340715,
                -1.581466528
              ],
              [
                120.325309393,
                -1.581381084
              ],
              [
                120.325240427,
                -1.581238657
              ],
              [
                120.325136855,
                -1.581121489
              ],
              [
                120.324995541,
                -1.58102325
              ],
              [
                120.324816514,
                -1.5809218
              ],
              [
                120.32465944,
                -1.580858335
              ],
              [
                120.324630937,
                -1.580851547
              ],
              [
                120.324552607,
                -1.580832892
              ],
              [
                120.324423797,
                -1.580788442
              ],
              [
                120.32424159,
                -1.580715455
              ],
              [
                120.324100276,
                -1.580617217
              ],
              [
                120.323987279,
                -1.580496874
              ],
              [
                120.323893189,
                -1.580338598
              ],
              [
                120.323855634,
                -1.580212027
              ],
              [
                120.323846378,
                -1.580076003
              ],
              [
                120.323843373,
                -1.579968455
              ],
              [
                120.323840481,
                -1.579772341
              ],
              [
                120.323843802,
                -1.579633171
              ],
              [
                120.323847148,
                -1.579475022
              ],
              [
                120.323844195,
                -1.579326354
              ],
              [
                120.323831817,
                -1.579174511
              ],
              [
                120.323784821,
                -1.579057417
              ],
              [
                120.323734624,
                -1.578984601
              ],
              [
                120.323668676,
                -1.578940233
              ],
              [
                120.323514737,
                -1.578883098
              ],
              [
                120.323329372,
                -1.57882276
              ],
              [
                120.323187949,
                -1.578809924
              ],
              [
                120.3230245,
                -1.578816038
              ],
              [
                120.322930187,
                -1.578831731
              ],
              [
                120.322807546,
                -1.578879018
              ],
              [
                120.322681741,
                -1.578942116
              ],
              [
                120.32252451,
                -1.579002011
              ],
              [
                120.322276197,
                -1.579008015
              ],
              [
                120.32204051,
                -1.578972915
              ],
              [
                120.321852038,
                -1.578884105
              ],
              [
                120.321717035,
                -1.578766897
              ],
              [
                120.321604058,
                -1.578630739
              ],
              [
                120.321459736,
                -1.578428116
              ],
              [
                120.321343636,
                -1.578276139
              ],
              [
                120.321243203,
                -1.578162138
              ],
              [
                120.321233606,
                -1.578155749
              ],
              [
                120.321095604,
                -1.578063892
              ],
              [
                120.320941673,
                -1.578000431
              ],
              [
                120.320743712,
                -1.577959055
              ],
              [
                120.32057085,
                -1.577952505
              ],
              [
                120.320347675,
                -1.577964867
              ],
              [
                120.320130754,
                -1.578002543
              ],
              [
                120.319907506,
                -1.57807184
              ],
              [
                120.319703116,
                -1.578141162
              ],
              [
                120.319539623,
                -1.57818207
              ],
              [
                120.31910236,
                -1.578348376
              ],
              [
                120.318939617,
                -1.578413116
              ],
              [
                120.318807839,
                -1.578498691
              ],
              [
                120.318663118,
                -1.578607628
              ],
              [
                120.318609535,
                -1.578657568
              ],
              [
                120.318554552,
                -1.578708813
              ],
              [
                120.318484722,
                -1.578799665
              ],
              [
                120.318432992,
                -1.578872348
              ],
              [
                120.318378708,
                -1.578926835
              ],
              [
                120.318308905,
                -1.578996901
              ],
              [
                120.318192618,
                -1.579082487
              ],
              [
                120.3180583,
                -1.579131683
              ],
              [
                120.317851722,
                -1.579157397
              ],
              [
                120.317676158,
                -1.579157169
              ],
              [
                120.317534164,
                -1.579149185
              ],
              [
                120.317366361,
                -1.579141177
              ],
              [
                120.317121094,
                -1.579133059
              ],
              [
                120.31688616,
                -1.579127557
              ],
              [
                120.316658987,
                -1.579106476
              ],
              [
                120.316457623,
                -1.579093228
              ],
              [
                120.316230483,
                -1.579046165
              ],
              [
                120.316083389,
                -1.578988813
              ],
              [
                120.315879517,
                -1.578920994
              ],
              [
                120.315662735,
                -1.578850556
              ],
              [
                120.315461387,
                -1.578824312
              ],
              [
                120.315241923,
                -1.578829223
              ],
              [
                120.315030214,
                -1.578828948
              ],
              [
                120.314697099,
                -1.578880479
              ],
              [
                120.314549875,
                -1.578924462
              ],
              [
                120.314407813,
                -1.578976241
              ],
              [
                120.314206355,
                -1.579035733
              ],
              [
                120.313963655,
                -1.579043217
              ],
              [
                120.313767472,
                -1.579016979
              ],
              [
                120.313568738,
                -1.578962154
              ],
              [
                120.313406126,
                -1.578933366
              ],
              [
                120.313266722,
                -1.578922792
              ],
              [
                120.313114434,
                -1.578888813
              ],
              [
                120.312936411,
                -1.578797648
              ],
              [
                120.312802277,
                -1.578703938
              ],
              [
                120.312714646,
                -1.5785869
              ],
              [
                120.312645097,
                -1.578459502
              ],
              [
                120.312573003,
                -1.57830611
              ],
              [
                120.312524124,
                -1.578173542
              ],
              [
                120.312490683,
                -1.578074767
              ],
              [
                120.312444374,
                -1.57794739
              ],
              [
                120.312398055,
                -1.577827812
              ],
              [
                120.312338875,
                -1.577674445
              ],
              [
                120.31222828,
                -1.577341731
              ],
              [
                120.312176781,
                -1.577235133
              ],
              [
                120.312112357,
                -1.577144117
              ],
              [
                120.312004051,
                -1.577042641
              ],
              [
                120.311913774,
                -1.576972377
              ],
              [
                120.311833813,
                -1.576917706
              ],
              [
                120.311743505,
                -1.576870821
              ],
              [
                120.311666095,
                -1.576836948
              ],
              [
                120.311588681,
                -1.576805669
              ],
              [
                120.311503529,
                -1.576771777
              ],
              [
                120.311423526,
                -1.576743097
              ],
              [
                120.311374503,
                -1.576722248
              ],
              [
                120.311322894,
                -1.576701395
              ],
              [
                120.311273872,
                -1.576672747
              ],
              [
                120.311217146,
                -1.576615512
              ],
              [
                120.311188827,
                -1.576555721
              ],
              [
                120.311168246,
                -1.576498534
              ],
              [
                120.311152835,
                -1.576436157
              ],
              [
                120.311137438,
                -1.576363387
              ],
              [
                120.31110655,
                -1.576290598
              ],
              [
                120.311073032,
                -1.576251576
              ],
              [
                120.311016266,
                -1.576225521
              ],
              [
                120.310933675,
                -1.576204628
              ],
              [
                120.310812355,
                -1.576188881
              ],
              [
                120.310732322,
                -1.57618358
              ],
              [
                120.310660048,
                -1.5761705
              ],
              [
                120.310598115,
                -1.576147031
              ],
              [
                120.310533631,
                -1.576102782
              ],
              [
                120.31048983,
                -1.576029975
              ],
              [
                120.310458968,
                -1.5759364
              ],
              [
                120.307901083,
                -1.575568286
              ],
              [
                120.303951754,
                -1.575973423
              ],
              [
                120.30381357,
                -1.575887841
              ],
              [
                120.303662745,
                -1.575856014
              ],
              [
                120.303483612,
                -1.575839966
              ],
              [
                120.303320183,
                -1.575833427
              ],
              [
                120.303169321,
                -1.575830067
              ],
              [
                120.302996462,
                -1.575823516
              ],
              [
                120.302823648,
                -1.575782171
              ],
              [
                120.302688583,
                -1.575715572
              ],
              [
                120.302581822,
                -1.575636358
              ],
              [
                120.302446798,
                -1.575538128
              ],
              [
                120.302327448,
                -1.57547155
              ],
              [
                120.302217531,
                -1.57540182
              ],
              [
                120.302135865,
                -1.575360595
              ],
              [
                120.302060469,
                -1.575332029
              ],
              [
                120.301985057,
                -1.575316116
              ],
              [
                120.301821591,
                -1.575338044
              ],
              [
                120.301607852,
                -1.575347254
              ],
              [
                120.301403551,
                -1.575350151
              ],
              [
                120.301240126,
                -1.575340449
              ],
              [
                120.301114454,
                -1.575302329
              ],
              [
                120.301001402,
                -1.575226269
              ],
              [
                120.300904103,
                -1.575121763
              ],
              [
                120.300822547,
                -1.574995137
              ],
              [
                120.300759841,
                -1.574874861
              ],
              [
                120.300706557,
                -1.574760923
              ],
              [
                120.300672114,
                -1.574659662
              ],
              [
                120.300634556,
                -1.574536256
              ],
              [
                120.300603285,
                -1.574412858
              ],
              [
                120.300584626,
                -1.574257846
              ],
              [
                120.300584829,
                -1.574099696
              ],
              [
                120.300585,
                -1.573966851
              ],
              [
                120.300585184,
                -1.573824516
              ],
              [
                120.300582232,
                -1.573675851
              ],
              [
                120.300566696,
                -1.573536658
              ],
              [
                120.30052915,
                -1.573403763
              ],
              [
                120.300475914,
                -1.57325187
              ],
              [
                120.3004541,
                -1.573106343
              ],
              [
                120.300451108,
                -1.572989308
              ],
              [
                120.300432457,
                -1.572827971
              ],
              [
                120.300410594,
                -1.5727204
              ],
              [
                120.300373049,
                -1.572587505
              ],
              [
                120.300338671,
                -1.572435636
              ],
              [
                120.300335715,
                -1.572290134
              ],
              [
                120.300361013,
                -1.572169973
              ],
              [
                120.300398925,
                -1.572018198
              ],
              [
                120.30038965,
                -1.571897992
              ],
              [
                120.300308127,
                -1.571746062
              ],
              [
                120.300081984,
                -1.571625573
              ],
              [
                120.299915367,
                -1.571653823
              ],
              [
                120.29982093,
                -1.571767568
              ],
              [
                120.299739008,
                -1.571925612
              ],
              [
                120.299657135,
                -1.572045699
              ],
              [
                120.299521827,
                -1.57216888
              ],
              [
                120.29932058,
                -1.572241367
              ],
              [
                120.299069102,
                -1.572269506
              ],
              [
                120.298867957,
                -1.572262918
              ],
              [
                120.29866373,
                -1.572208881
              ],
              [
                120.298525429,
                -1.572215027
              ],
              [
                120.298343064,
                -1.572268561
              ],
              [
                120.298144916,
                -1.572375844
              ],
              [
                120.297971875,
                -1.572511628
              ],
              [
                120.297770608,
                -1.572599929
              ],
              [
                120.297654316,
                -1.572599778
              ],
              [
                120.297459616,
                -1.572469841
              ],
              [
                120.297409572,
                -1.572279996
              ],
              [
                120.297334311,
                -1.572147052
              ],
              [
                120.297246477,
                -1.572014092
              ],
              [
                120.297180584,
                -1.571928605
              ],
              [
                120.297111495,
                -1.571884233
              ],
              [
                120.297014069,
                -1.57187778
              ],
              [
                120.296875765,
                -1.571887089
              ],
              [
                120.29674682,
                -1.571950181
              ],
              [
                120.296630447,
                -1.572013289
              ],
              [
                120.29651085,
                -1.572139653
              ],
              [
                120.296334694,
                -1.572253291
              ],
              [
                120.29621206,
                -1.572297413
              ],
              [
                120.296010874,
                -1.572322454
              ],
              [
                120.295803423,
                -1.572331673
              ],
              [
                120.295649428,
                -1.572321983
              ],
              [
                120.295508046,
                -1.57228068
              ],
              [
                120.2953761,
                -1.572233063
              ],
              [
                120.29523473,
                -1.57218227
              ],
              [
                120.295109083,
                -1.572125173
              ],
              [
                120.29497404,
                -1.572042759
              ],
              [
                120.294898721,
                -1.571954097
              ],
              [
                120.294879982,
                -1.571862346
              ],
              [
                120.294845592,
                -1.571719966
              ],
              [
                120.294760849,
                -1.571628129
              ],
              [
                120.29466037,
                -1.571552086
              ],
              [
                120.294541034,
                -1.571476019
              ],
              [
                120.294415387,
                -1.571418921
              ],
              [
                120.294270882,
                -1.571361799
              ],
              [
                120.294148333,
                -1.571339498
              ],
              [
                120.294016331,
                -1.571336163
              ],
              [
                120.293890603,
                -1.571342325
              ],
              [
                120.293736583,
                -1.571351613
              ],
              [
                120.293639158,
                -1.57134516
              ],
              [
                120.293566926,
                -1.571300784
              ],
              [
                120.293497902,
                -1.571205805
              ],
              [
                120.293369333,
                -1.570977902
              ],
              [
                120.293306635,
                -1.570851301
              ],
              [
                120.293269066,
                -1.570737384
              ],
              [
                120.29324722,
                -1.570617163
              ],
              [
                120.293237929,
                -1.570509609
              ],
              [
                120.29321921,
                -1.570402043
              ],
              [
                120.29319102,
                -1.570326095
              ],
              [
                120.293128258,
                -1.570250101
              ],
              [
                120.293005775,
                -1.570177193
              ],
              [
                120.292814125,
                -1.570120009
              ],
              [
                120.292622439,
                -1.570091293
              ],
              [
                120.29240247,
                -1.570059376
              ],
              [
                120.292223388,
                -1.570005372
              ],
              [
                120.292044355,
                -1.569913412
              ],
              [
                120.291937599,
                -1.569831035
              ],
              [
                120.291849701,
                -1.569748683
              ],
              [
                120.291749256,
                -1.569647336
              ],
              [
                120.29162369,
                -1.569526979
              ],
              [
                120.29150124,
                -1.569428767
              ],
              [
                120.291400766,
                -1.569349562
              ],
              [
                120.291265715,
                -1.569273474
              ],
              [
                120.291130652,
                -1.569206876
              ],
              [
                120.29098302,
                -1.569137098
              ],
              [
                120.290822805,
                -1.569076792
              ],
              [
                120.290693959,
                -1.569063972
              ],
              [
                120.290618507,
                -1.569079689
              ],
              [
                120.290461394,
                -1.569051017
              ],
              [
                120.290382921,
                -1.56897184
              ],
              [
                120.290361074,
                -1.568851619
              ],
              [
                120.290361225,
                -1.568734589
              ],
              [
                120.290361319,
                -1.56866184
              ],
              [
                120.290326868,
                -1.568566906
              ],
              [
                120.290176045,
                -1.56853508
              ],
              [
                120.290091176,
                -1.568541295
              ],
              [
                120.290015639,
                -1.568623434
              ],
              [
                120.28991181,
                -1.568708699
              ],
              [
                120.289786033,
                -1.568752816
              ],
              [
                120.289685494,
                -1.568724219
              ],
              [
                120.289563089,
                -1.568591214
              ],
              [
                120.289475273,
                -1.568445603
              ],
              [
                120.289390591,
                -1.568306321
              ],
              [
                120.289346699,
                -1.568220864
              ],
              [
                120.289258891,
                -1.568068926
              ],
              [
                120.28919299,
                -1.567989766
              ],
              [
                120.289051678,
                -1.567894693
              ],
              [
                120.288885234,
                -1.567790098
              ],
              [
                120.288712378,
                -1.567783546
              ],
              [
                120.288592957,
                -1.567773902
              ],
              [
                120.288489271,
                -1.567748463
              ],
              [
                120.288417104,
                -1.567653479
              ],
              [
                120.288395205,
                -1.567574376
              ],
              [
                120.288392184,
                -1.567479483
              ],
              [
                120.288392302,
                -1.567387757
              ],
              [
                120.288392412,
                -1.567302357
              ],
              [
                120.288389355,
                -1.567235931
              ],
              [
                120.288386301,
                -1.567166342
              ],
              [
                120.288380138,
                -1.567071444
              ],
              [
                120.288326857,
                -1.566954345
              ],
              [
                120.288201281,
                -1.566843477
              ],
              [
                120.288053638,
                -1.566783188
              ],
              [
                120.287893407,
                -1.566735535
              ],
              [
                120.287799154,
                -1.566706945
              ],
              [
                120.287670349,
                -1.566662496
              ],
              [
                120.287481851,
                -1.566598991
              ],
              [
                120.287321641,
                -1.566535523
              ],
              [
                120.287108032,
                -1.566446681
              ],
              [
                120.286928972,
                -1.566376862
              ],
              [
                120.286746789,
                -1.566291225
              ],
              [
                120.286561471,
                -1.566199257
              ],
              [
                120.286457822,
                -1.566145351
              ],
              [
                120.286344809,
                -1.566040826
              ],
              [
                120.286206763,
                -1.565850868
              ],
              [
                120.286122118,
                -1.565683121
              ],
              [
                120.28610335,
                -1.565613511
              ],
              [
                120.28605947,
                -1.565518565
              ],
              [
                120.285984222,
                -1.565376133
              ],
              [
                120.285934024,
                -1.565306483
              ],
              [
                120.285874426,
                -1.565214679
              ],
              [
                120.285852478,
                -1.565173532
              ],
              [
                120.285673654,
                -1.564920262
              ],
              [
                120.285573221,
                -1.564809427
              ],
              [
                120.285409937,
                -1.564692185
              ],
              [
                120.285196365,
                -1.564574877
              ],
              [
                120.28500475,
                -1.56449239
              ],
              [
                120.284787983,
                -1.564416196
              ],
              [
                120.284624589,
                -1.564384354
              ],
              [
                120.284451734,
                -1.564377803
              ],
              [
                120.284285124,
                -1.564402889
              ],
              [
                120.284030421,
                -1.564497446
              ],
              [
                120.283876359,
                -1.564541527
              ],
              [
                120.283568324,
                -1.564560103
              ],
              [
                120.283376603,
                -1.564559853
              ],
              [
                120.283203743,
                -1.564556465
              ],
              [
                120.283074943,
                -1.564508852
              ],
              [
                120.282911729,
                -1.56433784
              ],
              [
                120.282823925,
                -1.56418274
              ],
              [
                120.282776939,
                -1.564059324
              ],
              [
                120.282729954,
                -1.563935907
              ],
              [
                120.282682956,
                -1.56382198
              ],
              [
                120.282626558,
                -1.563685899
              ],
              [
                120.282579539,
                -1.563587786
              ],
              [
                120.28252937,
                -1.563495995
              ],
              [
                120.282469747,
                -1.563423169
              ],
              [
                120.28233475,
                -1.563305964
              ],
              [
                120.282155797,
                -1.563153909
              ],
              [
                120.28204905,
                -1.563065207
              ],
              [
                120.28191716,
                -1.562976472
              ],
              [
                120.281590426,
                -1.562871669
              ],
              [
                120.281467855,
                -1.562868346
              ],
              [
                120.281266624,
                -1.562931343
              ],
              [
                120.281128228,
                -1.563013399
              ],
              [
                120.28103694,
                -1.563123984
              ],
              [
                120.280885935,
                -1.56323449
              ],
              [
                120.280741306,
                -1.56327542
              ],
              [
                120.280662749,
                -1.563262666
              ],
              [
                120.280559153,
                -1.563167642
              ],
              [
                120.280496473,
                -1.563028391
              ],
              [
                120.280468341,
                -1.562908162
              ],
              [
                120.280430768,
                -1.562797409
              ],
              [
                120.280377472,
                -1.562692963
              ],
              [
                120.280267595,
                -1.562594768
              ],
              [
                120.28011995,
                -1.562537642
              ],
              [
                120.279950238,
                -1.562531095
              ],
              [
                120.27975851,
                -1.562537171
              ],
              [
                120.279601387,
                -1.562517988
              ],
              [
                120.279460047,
                -1.562445056
              ],
              [
                120.279350223,
                -1.562305743
              ],
              [
                120.279290792,
                -1.56208426
              ],
              [
                120.27929731,
                -1.56190398
              ],
              [
                120.27935094,
                -1.561749065
              ],
              [
                120.279401459,
                -1.561568843
              ],
              [
                120.279407932,
                -1.561423356
              ],
              [
                120.279398633,
                -1.56132213
              ],
              [
                120.279342199,
                -1.561214516
              ],
              [
                120.279222876,
                -1.561128961
              ],
              [
                120.279065818,
                -1.561059171
              ],
              [
                120.278905601,
                -1.561002029
              ],
              [
                120.278735918,
                -1.560973342
              ],
              [
                120.278512777,
                -1.560966725
              ],
              [
                120.278321078,
                -1.560950661
              ],
              [
                120.278148305,
                -1.560880851
              ],
              [
                120.277988218,
                -1.560722495
              ],
              [
                120.277884737,
                -1.560538909
              ],
              [
                120.27783778,
                -1.560393353
              ],
              [
                120.277825383,
                -1.56025733
              ],
              [
                120.277806786,
                -1.560054877
              ],
              [
                120.277756686,
                -1.559909316
              ],
              [
                120.277671953,
                -1.559811155
              ],
              [
                120.277527487,
                -1.559725567
              ],
              [
                120.277329595,
                -1.559636747
              ],
              [
                120.276962026,
                -1.559516076
              ],
              [
                120.276808058,
                -1.559487409
              ],
              [
                120.276616371,
                -1.559461856
              ],
              [
                120.276421537,
                -1.559439462
              ],
              [
                120.276210997,
                -1.559410721
              ],
              [
                120.276006767,
                -1.559363011
              ],
              [
                120.275824542,
                -1.559312166
              ],
              [
                120.275661182,
                -1.55925502
              ],
              [
                120.275497847,
                -1.559178897
              ],
              [
                120.275381745,
                -1.559033251
              ],
              [
                120.275303383,
                -1.558868676
              ],
              [
                120.275247018,
                -1.558707293
              ],
              [
                120.275196906,
                -1.558571221
              ],
              [
                120.275134267,
                -1.558400341
              ],
              [
                120.275071628,
                -1.558229461
              ],
              [
                120.275034108,
                -1.558077591
              ],
              [
                120.275009115,
                -1.557960529
              ],
              [
                120.274971506,
                -1.557878244
              ],
              [
                120.27489934,
                -1.557783262
              ],
              [
                120.274754887,
                -1.557688186
              ],
              [
                120.274378404,
                -1.557586861
              ],
              [
                120.27422219,
                -1.557559547
              ],
              [
                120.274071353,
                -1.557540373
              ],
              [
                120.273942076,
                -1.557515805
              ],
              [
                120.273788545,
                -1.557496627
              ],
              [
                120.273618848,
                -1.55748014
              ],
              [
                120.273457267,
                -1.557436552
              ],
              [
                120.273319925,
                -1.557398418
              ],
              [
                120.273212227,
                -1.557352189
              ],
              [
                120.273136863,
                -1.55730058
              ],
              [
                120.27307232,
                -1.557213741
              ],
              [
                120.273032054,
                -1.557102534
              ],
              [
                120.273021431,
                -1.556983233
              ],
              [
                120.273013479,
                -1.556882912
              ],
              [
                120.273005494,
                -1.556806992
              ],
              [
                120.272973293,
                -1.556709351
              ],
              [
                120.272908746,
                -1.556625223
              ],
              [
                120.272819954,
                -1.556541064
              ],
              [
                120.272723077,
                -1.556459605
              ],
              [
                120.272623506,
                -1.556378143
              ],
              [
                120.272540085,
                -1.556307546
              ],
              [
                120.272462041,
                -1.55624509
              ],
              [
                120.272365167,
                -1.55616092
              ],
              [
                120.272260218,
                -1.556071318
              ],
              [
                120.272128327,
                -1.555984391
              ],
              [
                120.272028714,
                -1.555935462
              ],
              [
                120.271896778,
                -1.55588378
              ],
              [
                120.27179176,
                -1.555848399
              ],
              [
                120.271673265,
                -1.555818423
              ],
              [
                120.271554742,
                -1.555810135
              ],
              [
                120.271433519,
                -1.555807266
              ],
              [
                120.271290744,
                -1.555804369
              ],
              [
                120.271088709,
                -1.555795973
              ],
              [
                120.270902842,
                -1.555784886
              ],
              [
                120.270746611,
                -1.555771128
              ],
              [
                120.270609262,
                -1.555738416
              ],
              [
                120.270485464,
                -1.555643367
              ],
              [
                120.270377881,
                -1.555507673
              ],
              [
                120.270291818,
                -1.555396406
              ],
              [
                120.270173463,
                -1.555257987
              ],
              [
                120.270030845,
                -1.555133092
              ],
              [
                120.269925925,
                -1.555021801
              ],
              [
                120.269858747,
                -1.554888871
              ],
              [
                120.269815812,
                -1.554758683
              ],
              [
                120.26977826,
                -1.554631214
              ],
              [
                120.269721799,
                -1.554544386
              ],
              [
                120.269611467,
                -1.554452065
              ],
              [
                120.269484932,
                -1.554389546
              ],
              [
                120.269347608,
                -1.554337857
              ],
              [
                120.269169879,
                -1.554283404
              ],
              [
                120.269062153,
                -1.554258864
              ],
              [
                120.268914116,
                -1.554158361
              ],
              [
                120.268784982,
                -1.554022639
              ],
              [
                120.268685516,
                -1.553859846
              ],
              [
                120.268634499,
                -1.553729648
              ],
              [
                120.268586147,
                -1.553621142
              ],
              [
                120.268491999,
                -1.553512576
              ],
              [
                120.268413952,
                -1.553452831
              ],
              [
                120.268263215,
                -1.553357747
              ],
              [
                120.268147529,
                -1.553238309
              ],
              [
                120.26805335,
                -1.553154143
              ],
              [
                120.267945736,
                -1.553042849
              ],
              [
                120.267856972,
                -1.552937002
              ],
              [
                120.267770847,
                -1.552874535
              ],
              [
                120.267649694,
                -1.552817445
              ],
              [
                120.267528513,
                -1.552782043
              ],
              [
                120.267383079,
                -1.552752032
              ],
              [
                120.267186468,
                -1.552716532
              ],
              [
                120.266981776,
                -1.552681022
              ],
              [
                120.266771688,
                -1.552650927
              ],
              [
                120.266553544,
                -1.552601844
              ],
              [
                120.266365018,
                -1.552563643
              ],
              [
                120.266206091,
                -1.552552592
              ],
              [
                120.266119872,
                -1.552563324
              ],
              [
                120.266047104,
                -1.552587629
              ],
              [
                120.266003981,
                -1.552603839
              ],
              [
                120.265866312,
                -1.552820545
              ],
              [
                120.265771798,
                -1.552996642
              ],
              [
                120.265712351,
                -1.55313754
              ],
              [
                120.265677177,
                -1.553256781
              ],
              [
                120.265644707,
                -1.553367892
              ],
              [
                120.265561104,
                -1.553438271
              ],
              [
                120.265434435,
                -1.553481483
              ],
              [
                120.26527549,
                -1.553483987
              ],
              [
                120.265138111,
                -1.553475675
              ],
              [
                120.265030358,
                -1.553472823
              ],
              [
                120.26490375,
                -1.553467236
              ],
              [
                120.26476098,
                -1.553461628
              ],
              [
                120.264639764,
                -1.553453337
              ],
              [
                120.2644943,
                -1.553447725
              ],
              [
                120.264375785,
                -1.553434015
              ],
              [
                120.264211491,
                -1.55340669
              ],
              [
                120.264071467,
                -1.55336042
              ],
              [
                120.263915293,
                -1.553303284
              ],
              [
                120.263745664,
                -1.553235286
              ],
              [
                120.263592195,
                -1.553170021
              ],
              [
                120.2634118,
                -1.553093876
              ],
              [
                120.263261004,
                -1.55304488
              ],
              [
                120.26311562,
                -1.552976914
              ],
              [
                120.262999904,
                -1.552881876
              ],
              [
                120.2629004,
                -1.552748904
              ],
              [
                120.262825128,
                -1.552626808
              ],
              [
                120.26278214,
                -1.552537287
              ],
              [
                120.262757962,
                -1.552485745
              ],
              [
                120.262720299,
                -1.55244503
              ],
              [
                120.262658423,
                -1.552379884
              ],
              [
                120.262572319,
                -1.552301151
              ],
              [
                120.262470076,
                -1.55220342
              ],
              [
                120.262402854,
                -1.552105734
              ],
              [
                120.262365275,
                -1.551999954
              ],
              [
                120.262346519,
                -1.551921308
              ],
              [
                120.262292767,
                -1.55182364
              ],
              [
                120.262247019,
                -1.551785626
              ],
              [
                120.262195859,
                -1.551766582
              ],
              [
                120.262093547,
                -1.551723071
              ],
              [
                120.261937345,
                -1.551687624
              ],
              [
                120.261554912,
                -1.551608505
              ],
              [
                120.26146334,
                -1.551592119
              ],
              [
                120.261409469,
                -1.551586627
              ],
              [
                120.261320598,
                -1.551564823
              ],
              [
                120.261180546,
                -1.55154024
              ],
              [
                120.261094401,
                -1.55149404
              ],
              [
                120.261037895,
                -1.551442456
              ],
              [
                120.261002947,
                -1.551385479
              ],
              [
                120.260965351,
                -1.551293254
              ],
              [
                120.260946595,
                -1.551214609
              ],
              [
                120.26093866,
                -1.551100734
              ],
              [
                120.260938796,
                -1.550995003
              ],
              [
                120.260941636,
                -1.550881142
              ],
              [
                120.260944494,
                -1.550753726
              ],
              [
                120.260941954,
                -1.550634436
              ],
              [
                120.260928627,
                -1.550523266
              ],
              [
                120.260909892,
                -1.550428354
              ],
              [
                120.260880364,
                -1.550346984
              ],
              [
                120.260840074,
                -1.550254756
              ],
              [
                120.260772806,
                -1.550192314
              ],
              [
                120.260689348,
                -1.550151539
              ],
              [
                120.260568129,
                -1.550145959
              ],
              [
                120.260503468,
                -1.550151297
              ],
              [
                120.260401076,
                -1.550170141
              ],
              [
                120.260339085,
                -1.55019446
              ],
              [
                120.260236668,
                -1.550232281
              ],
              [
                120.260128901,
                -1.550240274
              ],
              [
                120.260048119,
                -1.550213058
              ],
              [
                120.259978168,
                -1.55014248
              ],
              [
                120.259927113,
                -1.550042104
              ],
              [
                120.259905684,
                -1.549947189
              ],
              [
                120.259889667,
                -1.549833304
              ],
              [
                120.2598548,
                -1.549713972
              ],
              [
                120.259806456,
                -1.549600045
              ],
              [
                120.259723057,
                -1.549513183
              ],
              [
                120.259642285,
                -1.549477834
              ],
              [
                120.259483411,
                -1.549426117
              ],
              [
                120.259346106,
                -1.549360873
              ],
              [
                120.259219584,
                -1.54929022
              ],
              [
                120.259125395,
                -1.549214188
              ],
              [
                120.259063529,
                -1.549140909
              ],
              [
                120.259044752,
                -1.549078531
              ],
              [
                120.259036779,
                -1.548994478
              ],
              [
                120.259034196,
                -1.54890772
              ],
              [
                120.259034336,
                -1.548799279
              ],
              [
                120.259037127,
                -1.548723373
              ],
              [
                120.25905068,
                -1.548658325
              ],
              [
                120.259107346,
                -1.5485852
              ],
              [
                120.259228701,
                -1.54848505
              ],
              [
                120.259395883,
                -1.548360559
              ],
              [
                120.259525266,
                -1.548301084
              ],
              [
                120.259700418,
                -1.548263357
              ],
              [
                120.25990252,
                -1.548217532
              ],
              [
                120.260048085,
                -1.548144523
              ],
              [
                120.260129086,
                -1.548000943
              ],
              [
                120.260123914,
                -1.54783285
              ],
              [
                120.260094518,
                -1.547648461
              ],
              [
                120.260013941,
                -1.547461293
              ],
              [
                120.259949462,
                -1.547325656
              ],
              [
                120.259876901,
                -1.547190009
              ],
              [
                120.259801667,
                -1.547038092
              ],
              [
                120.259737177,
                -1.546910589
              ],
              [
                120.259669979,
                -1.546793926
              ],
              [
                120.25954361,
                -1.546603988
              ],
              [
                120.259487163,
                -1.546506317
              ],
              [
                120.25942536,
                -1.546384239
              ],
              [
                120.259347415,
                -1.546245874
              ],
              [
                120.259315203,
                -1.546156367
              ],
              [
                120.259307215,
                -1.546083158
              ],
              [
                120.259315401,
                -1.546001838
              ],
              [
                120.259359088,
                -1.545546437
              ],
              [
                120.259383475,
                -1.545435316
              ],
              [
                120.259480675,
                -1.545264646
              ],
              [
                120.259591243,
                -1.545172614
              ],
              [
                120.259742302,
                -1.545015569
              ],
              [
                120.259844896,
                -1.544839483
              ],
              [
                120.259915108,
                -1.544706733
              ],
              [
                120.259966472,
                -1.544565825
              ],
              [
                120.259990936,
                -1.54439506
              ],
              [
                120.259985774,
                -1.544218835
              ],
              [
                120.259972458,
                -1.544099531
              ],
              [
                120.259942957,
                -1.543996473
              ],
              [
                120.259840728,
                -1.543887898
              ],
              [
                120.259716931,
                -1.54379285
              ],
              [
                120.259617337,
                -1.543730367
              ],
              [
                120.259504283,
                -1.543659733
              ],
              [
                120.259342758,
                -1.54357548
              ],
              [
                120.259189307,
                -1.543496661
              ],
              [
                120.259068186,
                -1.543415172
              ],
              [
                120.258930912,
                -1.543325529
              ],
              [
                120.257603125,
                -1.53980134
              ],
              [
                120.253287846,
                -1.53763951
              ],
              [
                120.249881433,
                -1.536333647
              ],
              [
                120.246698277,
                -1.53409617
              ],
              [
                120.246452579,
                -1.531066401
              ],
              [
                120.243159481,
                -1.524979011
              ]
            ]
          ]
        ]
      }
    }
  ]
}