{
  "type": "FeatureCollection",
  "features": [
    {
      "type": "Feature",
      "properties": {
        "idx": "764",
        "nama_kewilayahan": "Kayaan \u2013 Buket Datah Diaan di Sungai Medalaam"
      },
      "geometry": {
        "type": "Polygon",
        "coordinates": [
          [
            [
              113.618838803,
              1.229951877
            ],
            [
              113.619410677,
              1.230791259
            ],
            [
              113.619800075,
              1.231362606
            ],
            [
              113.620346953,
              1.232390864
            ],
            [
              113.62074524,
              1.233215807
            ],
            [
              113.620736356,
              1.233745496
            ],
            [
              113.620663041,
              1.23461017
            ],
            [
              113.621662637,
              1.235678417
            ],
            [
              113.621756306,
              1.235787767
            ],
            [
              113.622283935,
              1.236403728
            ],
            [
              113.622678347,
              1.236864168
            ],
            [
              113.623795147,
              1.237606047
            ],
            [
              113.625311895,
              1.238275425
            ],
            [
              113.626384818,
              1.239683649
            ],
            [
              113.627584381,
              1.240924075
            ],
            [
              113.627889897,
              1.241125997
            ],
            [
              113.628088761,
              1.2414943
            ],
            [
              113.628041552,
              1.242373689
            ],
            [
              113.627756042,
              1.243587782
            ],
            [
              113.627535521,
              1.244423841
            ],
            [
              113.627550248,
              1.245472935
            ],
            [
              113.627513031,
              1.246119269
            ],
            [
              113.627084205,
              1.24727558
            ],
            [
              113.626672042,
              1.248433276
            ],
            [
              113.626556225,
              1.24888019
            ],
            [
              113.626070181,
              1.24952987
            ],
            [
              113.625954644,
              1.250113999
            ],
            [
              113.625966037,
              1.250837563
            ],
            [
              113.626022702,
              1.251264768
            ],
            [
              113.625766073,
              1.252406071
            ],
            [
              113.62515227,
              1.253150473
            ],
            [
              113.624017416,
              1.253298517
            ],
            [
              113.622876731,
              1.253909857
            ],
            [
              113.62137887,
              1.254163455
            ],
            [
              113.619674084,
              1.254477296
            ],
            [
              113.618359527,
              1.253570139
            ],
            [
              113.61708636,
              1.253870676
            ],
            [
              113.616312854,
              1.25434121
            ],
            [
              113.615923464,
              1.254590096
            ],
            [
              113.61475751,
              1.255426992
            ],
            [
              113.613620163,
              1.256183059
            ],
            [
              113.612601695,
              1.256879987
            ],
            [
              113.612004551,
              1.257479937
            ],
            [
              113.611444348,
              1.257828805
            ],
            [
              113.61076666,
              1.257881866
            ],
            [
              113.610025091,
              1.258128244
            ],
            [
              113.608969121,
              1.258382961
            ],
            [
              113.60772706,
              1.258616003
            ],
            [
              113.606684701,
              1.259411236
            ],
            [
              113.605454311,
              1.259848723
            ],
            [
              113.604683027,
              1.260430356
            ],
            [
              113.603665386,
              1.261028105
            ],
            [
              113.602588028,
              1.261531407
            ],
            [
              113.601710644,
              1.262071091
            ],
            [
              113.599963375,
              1.262105277
            ],
            [
              113.598644656,
              1.262248322
            ],
            [
              113.597244559,
              1.262793275
            ],
            [
              113.596642421,
              1.263836543
            ],
            [
              113.596780742,
              1.264675099
            ],
            [
              113.596685765,
              1.265937799
            ],
            [
              113.596646053,
              1.266575261
            ],
            [
              113.596592739,
              1.267834638
            ],
            [
              113.596040876,
              1.269197886
            ],
            [
              113.59584063,
              1.270209761
            ],
            [
              113.595818971,
              1.270947491
            ],
            [
              113.595574008,
              1.271739662
            ],
            [
              113.595604566,
              1.272984017
            ],
            [
              113.595669003,
              1.27338454
            ],
            [
              113.595672062,
              1.274906916
            ],
            [
              113.596147003,
              1.276345684
            ],
            [
              113.595928421,
              1.276771204
            ],
            [
              113.59577122,
              1.277243944
            ],
            [
              113.595628464,
              1.278625772
            ],
            [
              113.594979939,
              1.279078245
            ],
            [
              113.59338515,
              1.279870417
            ],
            [
              113.592535263,
              1.280735077
            ],
            [
              113.592190032,
              1.280933676
            ],
            [
              113.5917587,
              1.28152974
            ],
            [
              113.591677384,
              1.282494399
            ],
            [
              113.591445138,
              1.282930755
            ],
            [
              113.591205173,
              1.284058449
            ],
            [
              113.591303218,
              1.284555356
            ],
            [
              113.591897317,
              1.285660841
            ],
            [
              113.592221447,
              1.286932691
            ],
            [
              113.592811095,
              1.287454316
            ],
            [
              113.592597793,
              1.288283145
            ],
            [
              113.591670975,
              1.289029495
            ],
            [
              113.590384757,
              1.289455586
            ],
            [
              113.589250743,
              1.290475521
            ],
            [
              113.587996184,
              1.291113249
            ],
            [
              113.586966597,
              1.291483784
            ],
            [
              113.586260026,
              1.292321501
            ],
            [
              113.585655108,
              1.293100611
            ],
            [
              113.58468556,
              1.293504108
            ],
            [
              113.584543864,
              1.293563078
            ],
            [
              113.584461556,
              1.294028867
            ],
            [
              113.584348617,
              1.294668001
            ],
            [
              113.584093655,
              1.295306017
            ],
            [
              113.583959791,
              1.296251237
            ],
            [
              113.583660665,
              1.297171162
            ],
            [
              113.583636502,
              1.298386612
            ],
            [
              113.583902581,
              1.299175991
            ],
            [
              113.584008957,
              1.29996703
            ],
            [
              113.583843699,
              1.3007489
            ],
            [
              113.58373399,
              1.301306348
            ],
            [
              113.582996584,
              1.301731586
            ],
            [
              113.58313157,
              1.30255541
            ],
            [
              113.583136571,
              1.303532828
            ],
            [
              113.583032141,
              1.30440414
            ],
            [
              113.583497638,
              1.305128526
            ],
            [
              113.583440423,
              1.305901512
            ],
            [
              113.583497636,
              1.306636161
            ],
            [
              113.583467917,
              1.306875026
            ],
            [
              113.583453474,
              1.307481357
            ],
            [
              113.583448197,
              1.307560239
            ],
            [
              113.583207118,
              1.308125747
            ],
            [
              113.582886605,
              1.308483222
            ],
            [
              113.58236362,
              1.308505452
            ],
            [
              113.581527065,
              1.308807385
            ],
            [
              113.58071106,
              1.308834053
            ],
            [
              113.580169743,
              1.309063762
            ],
            [
              113.579805068,
              1.309055985
            ],
            [
              113.579506494,
              1.309021268
            ],
            [
              113.579058496,
              1.308576582
            ],
            [
              113.578816305,
              1.308446873
            ],
            [
              113.577724218,
              1.307856908
            ],
            [
              113.577257332,
              1.307253067
            ],
            [
              113.576606306,
              1.306858107
            ],
            [
              113.575710863,
              1.306490076
            ],
            [
              113.574648218,
              1.306325358
            ],
            [
              113.574398252,
              1.306449795
            ],
            [
              113.574129677,
              1.306634508
            ],
            [
              113.573560309,
              1.307043374
            ],
            [
              113.572990941,
              1.307393632
            ],
            [
              113.571833038,
              1.308054418
            ],
            [
              113.570515438,
              1.308580787
            ],
            [
              113.569860801,
              1.308725499
            ],
            [
              113.56905507,
              1.309141017
            ],
            [
              113.567745237,
              1.310250355
            ],
            [
              113.56766497,
              1.310322849
            ],
            [
              113.566913123,
              1.310021216
            ],
            [
              113.566448462,
              1.309865676
            ],
            [
              113.566004631,
              1.309725138
            ],
            [
              113.565079473,
              1.309271294
            ],
            [
              113.564165424,
              1.308721345
            ],
            [
              113.563280813,
              1.30842053
            ],
            [
              113.562977797,
              1.308394978
            ],
            [
              113.562396763,
              1.308538585
            ],
            [
              113.562128466,
              1.30860553
            ],
            [
              113.561629923,
              1.308706924
            ],
            [
              113.560000974,
              1.309115533
            ],
            [
              113.559596307,
              1.309342466
            ],
            [
              113.558762257,
              1.310398796
            ],
            [
              113.558549794,
              1.311855922
            ],
            [
              113.558128463,
              1.312397273
            ],
            [
              113.558131243,
              1.312933902
            ],
            [
              113.557574932,
              1.31350443
            ],
            [
              113.55687114,
              1.314123285
            ],
            [
              113.555741849,
              1.314546611
            ],
            [
              113.554438688,
              1.315354892
            ],
            [
              113.553727449,
              1.316106517
            ],
            [
              113.552918894,
              1.316872014
            ],
            [
              113.552558388,
              1.317463086
            ],
            [
              113.551421323,
              1.31838082
            ],
            [
              113.550266478,
              1.319177436
            ],
            [
              113.550084558,
              1.319875156
            ],
            [
              113.549269111,
              1.320248746
            ],
            [
              113.548202027,
              1.320509558
            ],
            [
              113.547680427,
              1.320442898
            ],
            [
              113.546863864,
              1.320309296
            ],
            [
              113.545888711,
              1.320195972
            ],
            [
              113.544785249,
              1.320987312
            ],
            [
              113.543915917,
              1.321141193
            ],
            [
              113.542616919,
              1.321369788
            ],
            [
              113.541988391,
              1.321876417
            ],
            [
              113.541130726,
              1.322050575
            ],
            [
              113.540462201,
              1.322163627
            ],
            [
              113.539655149,
              1.322102827
            ],
            [
              113.539392892,
              1.32208307
            ],
            [
              113.538668264,
              1.322354993
            ],
            [
              113.537832536,
              1.322582743
            ],
            [
              113.537647004,
              1.32263857
            ],
            [
              113.5374287,
              1.322592188
            ],
            [
              113.536947098,
              1.322578311
            ],
            [
              113.536752956,
              1.322517209
            ],
            [
              113.536150537,
              1.322265297
            ],
            [
              113.535662265,
              1.321822277
            ],
            [
              113.534929863,
              1.321935893
            ],
            [
              113.534479924,
              1.321718143
            ],
            [
              113.533533376,
              1.321117079
            ],
            [
              113.533255078,
              1.321076526
            ],
            [
              113.5330901,
              1.321124302
            ],
            [
              113.532570169,
              1.321305682
            ],
            [
              113.532293261,
              1.321204859
            ],
            [
              113.532184386,
              1.321112369
            ],
            [
              113.531737857,
              1.320709972
            ],
            [
              113.531203723,
              1.320549113
            ],
            [
              113.530812344,
              1.320358841
            ],
            [
              113.530232146,
              1.320461071
            ],
            [
              113.529868035,
              1.320600257
            ],
            [
              113.529370779,
              1.32063393
            ],
            [
              113.529178957,
              1.32064692
            ],
            [
              113.528234638,
              1.320646104
            ],
            [
              113.527848391,
              1.320573
            ],
            [
              113.527740479,
              1.320568681
            ],
            [
              113.527471916,
              1.320507076
            ],
            [
              113.526524585,
              1.319989512
            ],
            [
              113.526259618,
              1.319784529
            ],
            [
              113.525851892,
              1.319471222
            ],
            [
              113.52507949,
              1.318899878
            ],
            [
              113.5247187,
              1.318379637
            ],
            [
              113.524196538,
              1.318039489
            ],
            [
              113.523791317,
              1.317775518
            ],
            [
              113.523646614,
              1.317756076
            ],
            [
              113.522427053,
              1.317858863
            ],
            [
              113.52131747,
              1.317591654
            ],
            [
              113.52053257,
              1.317116414
            ],
            [
              113.51935161,
              1.316680341
            ],
            [
              113.518245083,
              1.316242595
            ],
            [
              113.517182162,
              1.315555424
            ],
            [
              113.516073411,
              1.315139058
            ],
            [
              113.515264901,
              1.314962953
            ],
            [
              113.515213783,
              1.314887556
            ],
            [
              113.514806345,
              1.31428661
            ],
            [
              113.514062,
              1.314620763
            ],
            [
              113.513422933,
              1.314791406
            ],
            [
              113.513089353,
              1.314880479
            ],
            [
              113.51257143,
              1.31535242
            ],
            [
              113.512414167,
              1.315495721
            ],
            [
              113.511800079,
              1.315541551
            ],
            [
              113.510908807,
              1.316027904
            ],
            [
              113.510324992,
              1.315560719
            ],
            [
              113.509956429,
              1.315545447
            ],
            [
              113.509279857,
              1.316734256
            ],
            [
              113.508968511,
              1.317098954
            ],
            [
              113.507768669,
              1.317196738
            ],
            [
              113.506714922,
              1.31707205
            ],
            [
              113.506001128,
              1.317035401
            ],
            [
              113.504838775,
              1.317008173
            ],
            [
              113.504015267,
              1.316276558
            ],
            [
              113.503210926,
              1.31618657
            ],
            [
              113.502419647,
              1.317113736
            ],
            [
              113.500879573,
              1.317975346
            ],
            [
              113.499828594,
              1.318089215
            ],
            [
              113.498888712,
              1.317423712
            ],
            [
              113.497620539,
              1.316985963
            ],
            [
              113.497269468,
              1.315934374
            ],
            [
              113.496800897,
              1.315097595
            ],
            [
              113.49646318,
              1.314494496
            ],
            [
              113.49547331,
              1.314238417
            ],
            [
              113.494591479,
              1.313442654
            ],
            [
              113.494200054,
              1.312893242
            ],
            [
              113.49381102,
              1.312347186
            ],
            [
              113.493577715,
              1.311881111
            ],
            [
              113.493483282,
              1.311514754
            ],
            [
              113.492536738,
              1.310755658
            ],
            [
              113.491785168,
              1.310589005
            ],
            [
              113.491470764,
              1.310486236
            ],
            [
              113.490972218,
              1.310113776
            ],
            [
              113.490267029,
              1.309546878
            ],
            [
              113.489582669,
              1.308807764
            ],
            [
              113.489019408,
              1.308364192
            ],
            [
              113.487777068,
              1.307651759
            ],
            [
              113.486294756,
              1.307483711
            ],
            [
              113.485515693,
              1.307948404
            ],
            [
              113.484894387,
              1.308625018
            ],
            [
              113.483888958,
              1.308856379
            ],
            [
              113.483731354,
              1.308849182
            ],
            [
              113.483299035,
              1.308829441
            ],
            [
              113.483116971,
              1.308524871
            ],
            [
              113.482951857,
              1.308248656
            ],
            [
              113.482373868,
              1.307111512
            ],
            [
              113.481856157,
              1.306921806
            ],
            [
              113.480916275,
              1.306649042
            ],
            [
              113.480148038,
              1.30593771
            ],
            [
              113.479544225,
              1.30559857
            ],
            [
              113.478967073,
              1.305004721
            ],
            [
              113.478131628,
              1.305372754
            ],
            [
              113.477623918,
              1.305394147
            ],
            [
              113.476083842,
              1.305380278
            ],
            [
              113.475709169,
              1.305471939
            ],
            [
              113.475448647,
              1.305444444
            ],
            [
              113.474427392,
              1.305575827
            ],
            [
              113.473889618,
              1.305617845
            ],
            [
              113.473755533,
              1.305628322
            ],
            [
              113.473424464,
              1.3057222
            ],
            [
              113.473001518,
              1.305611464
            ],
            [
              113.472677615,
              1.30552666
            ],
            [
              113.472592385,
              1.305474738
            ],
            [
              113.471914377,
              1.30506169
            ],
            [
              113.47145999,
              1.30486837
            ],
            [
              113.471240298,
              1.304910257
            ],
            [
              113.47042707,
              1.30506531
            ],
            [
              113.469730216,
              1.304904493
            ],
            [
              113.468781174,
              1.304738128
            ],
            [
              113.468004328,
              1.304398159
            ],
            [
              113.467514392,
              1.304255396
            ],
            [
              113.466599785,
              1.30396347
            ],
            [
              113.466126234,
              1.304058736
            ],
            [
              113.4659607,
              1.303951523
            ],
            [
              113.465920088,
              1.303395642
            ],
            [
              113.465911816,
              1.303282413
            ],
            [
              113.465767282,
              1.302766692
            ],
            [
              113.465736282,
              1.302656078
            ],
            [
              113.465346609,
              1.301984467
            ],
            [
              113.464626972,
              1.300725669
            ],
            [
              113.463451011,
              1.300037113
            ],
            [
              113.46228671,
              1.299163007
            ],
            [
              113.46160874,
              1.298631937
            ],
            [
              113.461424873,
              1.29821058
            ],
            [
              113.461089081,
              1.297783389
            ],
            [
              113.460190582,
              1.297123716
            ],
            [
              113.459746986,
              1.296803285
            ],
            [
              113.459641483,
              1.296727075
            ],
            [
              113.458835754,
              1.296393216
            ],
            [
              113.458448024,
              1.29593214
            ],
            [
              113.457949474,
              1.295443289
            ],
            [
              113.457525082,
              1.294746676
            ],
            [
              113.45709319,
              1.294045618
            ],
            [
              113.456672407,
              1.293510656
            ],
            [
              113.456209962,
              1.292464064
            ],
            [
              113.455787792,
              1.291654131
            ],
            [
              113.455491161,
              1.290948075
            ],
            [
              113.455089821,
              1.290292015
            ],
            [
              113.454648211,
              1.289703732
            ],
            [
              113.454397661,
              1.289167504
            ],
            [
              113.454071333,
              1.288469095
            ],
            [
              113.453734146,
              1.287503599
            ],
            [
              113.453789412,
              1.286942242
            ],
            [
              113.454300453,
              1.286290619
            ],
            [
              113.453689145,
              1.286248963
            ],
            [
              113.452846199,
              1.285743181
            ],
            [
              113.451994368,
              1.285793746
            ],
            [
              113.450848683,
              1.285951792
            ],
            [
              113.450325972,
              1.285784304
            ],
            [
              113.449518853,
              1.285289073
            ],
            [
              113.448748119,
              1.285216022
            ],
            [
              113.448119866,
              1.284878831
            ],
            [
              113.446916135,
              1.28517465
            ],
            [
              113.446114292,
              1.285381016
            ],
            [
              113.445778224,
              1.285468229
            ],
            [
              113.445167189,
              1.284621075
            ],
            [
              113.444333128,
              1.284146111
            ],
            [
              113.443274932,
              1.283969466
            ],
            [
              113.442326167,
              1.283937531
            ],
            [
              113.441955103,
              1.283578397
            ],
            [
              113.440988009,
              1.283517859
            ],
            [
              113.440099513,
              1.283598411
            ],
            [
              113.43902132,
              1.283780625
            ],
            [
              113.438447227,
              1.283922836
            ],
            [
              113.437459575,
              1.283983936
            ],
            [
              113.436491924,
              1.284311693
            ],
            [
              113.436115861,
              1.284236977
            ],
            [
              113.435117102,
              1.284104498
            ],
            [
              113.434338871,
              1.284131724
            ],
            [
              113.434151544,
              1.284151281
            ],
            [
              113.433402326,
              1.2842295
            ],
            [
              113.432679365,
              1.284249224
            ],
            [
              113.432004175,
              1.284496982
            ],
            [
              113.431363983,
              1.285114996
            ],
            [
              113.430843218,
              1.285332761
            ],
            [
              113.43010498,
              1.2855083
            ],
            [
              113.429639484,
              1.28553913
            ],
            [
              113.428397419,
              1.285672724
            ],
            [
              113.428136948,
              1.285812509
            ],
            [
              113.422920608,
              1.277553298
            ],
            [
              113.414728742,
              1.267176934
            ],
            [
              113.401075631,
              1.258438944
            ],
            [
              113.39342989,
              1.24806258
            ],
            [
              113.385784148,
              1.232771096
            ],
            [
              113.373223286,
              1.220756359
            ],
            [
              113.362300798,
              1.214748991
            ],
            [
              113.341001946,
              1.207103249
            ],
            [
              113.318610845,
              1.20109588
            ],
            [
              113.302773237,
              1.199457507
            ],
            [
              113.290212376,
              1.204918751
            ],
            [
              113.272736395,
              1.203280378
            ],
            [
              113.259083284,
              1.189627268
            ],
            [
              113.251668878,
              1.183764322
            ],
            [
              113.24631828,
              1.179190421
            ],
            [
              113.242160277,
              1.180090766
            ],
            [
              113.238005616,
              1.185176978
            ],
            [
              113.231770599,
              1.189068941
            ],
            [
              113.228697691,
              1.186992222
            ],
            [
              113.229082567,
              1.185067843
            ],
            [
              113.229005592,
              1.184682967
            ],
            [
              113.228928616,
              1.184529017
            ],
            [
              113.228774666,
              1.184067166
            ],
            [
              113.229082567,
              1.18352834
            ],
            [
              113.229698368,
              1.183143464
            ],
            [
              113.229698368,
              1.182758588
            ],
            [
              113.229544418,
              1.182296737
            ],
            [
              113.229467443,
              1.181988837
            ],
            [
              113.229621393,
              1.181603961
            ],
            [
              113.230006269,
              1.181219085
            ],
            [
              113.230160219,
              1.180680259
            ],
            [
              113.230160219,
              1.180372358
            ],
            [
              113.230160219,
              1.180064458
            ],
            [
              113.230237194,
              1.179525632
            ],
            [
              113.230160219,
              1.17890983
            ],
            [
              113.230006268,
              1.177909153
            ],
            [
              113.229852318,
              1.177524277
            ],
            [
              113.229621392,
              1.176985451
            ],
            [
              113.229621392,
              1.17636965
            ],
            [
              113.230160219,
              1.175984774
            ],
            [
              113.230160219,
              1.175445948
            ],
            [
              113.229775343,
              1.174984097
            ],
            [
              113.229698367,
              1.174676197
            ],
            [
              113.229621392,
              1.173906445
            ],
            [
              113.229544417,
              1.173521569
            ],
            [
              113.229390467,
              1.173136693
            ],
            [
              113.229159541,
              1.172828793
            ],
            [
              113.229082566,
              1.172289967
            ],
            [
              113.229467442,
              1.172136016
            ],
            [
              113.229775342,
              1.17144324
            ],
            [
              113.229467442,
              1.170981389
            ],
            [
              113.229159541,
              1.170750463
            ],
            [
              113.229082566,
              1.170442563
            ],
            [
              113.229390466,
              1.170057687
            ],
            [
              113.229775342,
              1.169518861
            ],
            [
              113.229775342,
              1.168980035
            ],
            [
              113.229390466,
              1.168749109
            ],
            [
              113.229236516,
              1.168287258
            ],
            [
              113.228928615,
              1.167979358
            ],
            [
              113.228004913,
              1.167671457
            ],
            [
              113.227466087,
              1.167363557
            ],
            [
              113.2277355,
              1.166555317
            ],
            [
              113.228197351,
              1.166324392
            ],
            [
              113.228351301,
              1.166093466
            ],
            [
              113.228351301,
              1.16555464
            ],
            [
              113.228274326,
              1.164938839
            ],
            [
              113.228582226,
              1.164476988
            ],
            [
              113.228890127,
              1.164015137
            ],
            [
              113.228813152,
              1.163245385
            ],
            [
              113.228813152,
              1.162629584
            ],
            [
              113.229198028,
              1.162013783
            ],
            [
              113.229505928,
              1.161782857
            ],
            [
              113.229890804,
              1.161551932
            ],
            [
              113.230044754,
              1.16062823
            ],
            [
              113.229967779,
              1.160397304
            ],
            [
              113.230198705,
              1.159858478
            ],
            [
              113.230583581,
              1.159704528
            ],
            [
              113.231353332,
              1.159627553
            ],
            [
              113.231661233,
              1.159242677
            ],
            [
              113.231661233,
              1.158703851
            ],
            [
              113.231353332,
              1.158242
            ],
            [
              113.231122407,
              1.157857124
            ],
            [
              113.230660556,
              1.157395273
            ],
            [
              113.23042963,
              1.157010397
            ],
            [
              113.229890804,
              1.156548546
            ],
            [
              113.229121052,
              1.156240646
            ],
            [
              113.228967102,
              1.155547869
            ],
            [
              113.228967101,
              1.155239969
            ],
            [
              113.229198027,
              1.154701143
            ],
            [
              113.229121052,
              1.154008366
            ],
            [
              113.228813151,
              1.153238615
            ],
            [
              113.228736176,
              1.152622813
            ],
            [
              113.2286592,
              1.152007012
            ],
            [
              113.228120374,
              1.151622136
            ],
            [
              113.227812473,
              1.151468186
            ],
            [
              113.227119697,
              1.15077541
            ],
            [
              113.226965746,
              1.150313559
            ],
            [
              113.226811796,
              1.149543807
            ],
            [
              113.22658087,
              1.149235907
            ],
            [
              113.226349945,
              1.148851031
            ],
            [
              113.225657168,
              1.148851031
            ],
            [
              113.224733466,
              1.149235907
            ],
            [
              113.224117665,
              1.149004981
            ],
            [
              113.223463376,
              1.148658593
            ],
            [
              113.223694301,
              1.148119767
            ],
            [
              113.223848251,
              1.147734891
            ],
            [
              113.223925226,
              1.147350015
            ],
            [
              113.223925226,
              1.146349338
            ],
            [
              113.22354035,
              1.145887487
            ],
            [
              113.223155475,
              1.145502612
            ],
            [
              113.223155474,
              1.144963785
            ],
            [
              113.223078499,
              1.144271009
            ],
            [
              113.222693623,
              1.143501257
            ],
            [
              113.221923871,
              1.143116382
            ],
            [
              113.221538996,
              1.143116382
            ],
            [
              113.221000169,
              1.143116382
            ],
            [
              113.220615293,
              1.143039407
            ],
            [
              113.220076467,
              1.142500581
            ],
            [
              113.219768566,
              1.14203873
            ],
            [
              113.219768566,
              1.141576879
            ],
            [
              113.219845541,
              1.140807127
            ],
            [
              113.219922516,
              1.140191326
            ],
            [
              113.219614616,
              1.139575525
            ],
            [
              113.218921839,
              1.139267624
            ],
            [
              113.218152087,
              1.139421574
            ],
            [
              113.217536286,
              1.139344599
            ],
            [
              113.21715141,
              1.139113674
            ],
            [
              113.21715141,
              1.138497873
            ],
            [
              113.217228385,
              1.137882071
            ],
            [
              113.217228385,
              1.136958369
            ],
            [
              113.217074434,
              1.136419543
            ],
            [
              113.216689559,
              1.135957692
            ],
            [
              113.216458633,
              1.135264916
            ],
            [
              113.216227707,
              1.13472609
            ],
            [
              113.215919807,
              1.134341214
            ],
            [
              113.215150055,
              1.134033313
            ],
            [
              113.214765179,
              1.133648438
            ],
            [
              113.214303328,
              1.133186587
            ],
            [
              113.213918452,
              1.132724736
            ],
            [
              113.213918452,
              1.13233986
            ],
            [
              113.213841477,
              1.131801034
            ],
            [
              113.213610551,
              1.131108258
            ],
            [
              113.2131487,
              1.130954307
            ],
            [
              113.212301973,
              1.130646407
            ],
            [
              113.211917097,
              1.130184556
            ],
            [
              113.211917097,
              1.12964573
            ],
            [
              113.212130048,
              1.128935892
            ],
            [
              113.212148022,
              1.128875978
            ],
            [
              113.212417435,
              1.128144714
            ],
            [
              113.212879286,
              1.127605888
            ],
            [
              113.212879286,
              1.126913111
            ],
            [
              113.212109534,
              1.12629731
            ],
            [
              113.211416758,
              1.12614336
            ],
            [
              113.210954907,
              1.12598941
            ],
            [
              113.210339105,
              1.125373608
            ],
            [
              113.210339105,
              1.124988733
            ],
            [
              113.210339105,
              1.124372931
            ],
            [
              113.210493056,
              1.123834105
            ],
            [
              113.210493055,
              1.123141329
            ],
            [
              113.210185155,
              1.122679478
            ],
            [
              113.210031204,
              1.121832751
            ],
            [
              113.209646328,
              1.121063
            ],
            [
              113.208876576,
              1.120678124
            ],
            [
              113.208260775,
              1.120524174
            ],
            [
              113.207952874,
              1.120062323
            ],
            [
              113.207414048,
              1.119754422
            ],
            [
              113.206567321,
              1.119446521
            ],
            [
              113.206567321,
              1.118753745
            ],
            [
              113.206336395,
              1.118137944
            ],
            [
              113.205951519,
              1.117599118
            ],
            [
              113.205489668,
              1.11629054
            ],
            [
              113.205489668,
              1.115520788
            ],
            [
              113.205181767,
              1.115058937
            ],
            [
              113.204488991,
              1.114751037
            ],
            [
              113.204104115,
              1.114135236
            ],
            [
              113.203873189,
              1.11359641
            ],
            [
              113.203411338,
              1.113288509
            ],
            [
              113.202949487,
              1.113134559
            ],
            [
              113.202179735,
              1.112441782
            ],
            [
              113.201871834,
              1.112210857
            ],
            [
              113.201486958,
              1.111825981
            ],
            [
              113.200871157,
              1.111441105
            ],
            [
              113.200640231,
              1.11105623
            ],
            [
              113.20002443,
              1.110671354
            ],
            [
              113.199485604,
              1.110209503
            ],
            [
              113.199716529,
              1.109670677
            ],
            [
              113.199755017,
              1.108708487
            ],
            [
              113.199524091,
              1.108323611
            ],
            [
              113.198446438,
              1.107861761
            ],
            [
              113.198292488,
              1.10755386
            ],
            [
              113.197984587,
              1.107015034
            ],
            [
              113.197522736,
              1.106630158
            ],
            [
              113.196906935,
              1.106322258
            ],
            [
              113.196368108,
              1.105783431
            ],
            [
              113.195598357,
              1.105090655
            ],
            [
              113.194366754,
              1.104551829
            ],
            [
              113.193366076,
              1.104243928
            ],
            [
              113.192442374,
              1.103397202
            ],
            [
              113.192134473,
              1.102396525
            ],
            [
              113.192365399,
              1.101703748
            ],
            [
              113.192365399,
              1.101164922
            ],
            [
              113.191749597,
              1.100549121
            ],
            [
              113.191749597,
              1.099702394
            ],
            [
              113.191133796,
              1.099009618
            ],
            [
              113.190825895,
              1.098470792
            ],
            [
              113.190825895,
              1.098008941
            ],
            [
              113.190517994,
              1.097316164
            ],
            [
              113.189825217,
              1.096854313
            ],
            [
              113.18897849,
              1.096007587
            ],
            [
              113.188670589,
              1.095237835
            ],
            [
              113.189286391,
              1.094391108
            ],
            [
              113.189286391,
              1.093698332
            ],
            [
              113.18882454,
              1.093159506
            ],
            [
              113.18882454,
              1.09262068
            ],
            [
              113.188593614,
              1.091850928
            ],
            [
              113.188131763,
              1.091466052
            ],
            [
              113.187438986,
              1.091158152
            ],
            [
              113.186823185,
              1.090465375
            ],
            [
              113.186438309,
              1.0903884
            ],
            [
              113.185668557,
              1.0900805
            ],
            [
              113.185591582,
              1.089618649
            ],
            [
              113.186053433,
              1.089079823
            ],
            [
              113.186438309,
              1.088694947
            ],
            [
              113.18690016,
              1.088156121
            ],
            [
              113.187131085,
              1.087309394
            ],
            [
              113.187131085,
              1.086539642
            ],
            [
              113.187092597,
              1.086039304
            ],
            [
              113.186707722,
              1.085885353
            ],
            [
              113.18593797,
              1.085577453
            ],
            [
              113.185168218,
              1.085115602
            ],
            [
              113.18385964,
              1.084653751
            ],
            [
              113.183012913,
              1.084345851
            ],
            [
              113.182628037,
              1.083960975
            ],
            [
              113.182628037,
              1.083422149
            ],
            [
              113.183320813,
              1.082806347
            ],
            [
              113.18385964,
              1.082729372
            ],
            [
              113.184783342,
              1.082729372
            ],
            [
              113.185630069,
              1.082421471
            ],
            [
              113.185784019,
              1.082036595
            ],
            [
              113.185630069,
              1.081574745
            ],
            [
              113.185245193,
              1.081112894
            ],
            [
              113.18401359,
              1.080266167
            ],
            [
              113.183705689,
              1.079958266
            ],
            [
              113.183705689,
              1.07926549
            ],
            [
              113.184244515,
              1.078649689
            ],
            [
              113.184629391,
              1.078110862
            ],
            [
              113.184937292,
              1.077495061
            ],
            [
              113.184880858,
              1.077043589
            ],
            [
              113.184860317,
              1.07687926
            ],
            [
              113.184860316,
              1.076263459
            ],
            [
              113.185476118,
              1.075647657
            ],
            [
              113.185860994,
              1.075031856
            ],
            [
              113.185860994,
              1.07449303
            ],
            [
              113.185553093,
              1.073954204
            ],
            [
              113.185168217,
              1.073569328
            ],
            [
              113.18432149,
              1.073492353
            ],
            [
              113.183628713,
              1.073261427
            ],
            [
              113.182858962,
              1.073261427
            ],
            [
              113.181935259,
              1.073261428
            ],
            [
              113.181550383,
              1.073030502
            ],
            [
              113.181319458,
              1.072722601
            ],
            [
              113.180703656,
              1.072568651
            ],
            [
              113.180087855,
              1.072260751
            ],
            [
              113.179933905,
              1.072029825
            ],
            [
              113.179779954,
              1.071567974
            ],
            [
              113.179318103,
              1.071337049
            ],
            [
              113.178480998,
              1.071211964
            ],
            [
              113.177422589,
              1.070249775
            ],
            [
              113.176171742,
              1.069864899
            ],
            [
              113.175594429,
              1.069576242
            ],
            [
              113.175523902,
              1.06922361
            ],
            [
              113.17549821,
              1.069095148
            ],
            [
              113.174632239,
              1.06890271
            ],
            [
              113.174151144,
              1.068614053
            ],
            [
              113.174054925,
              1.068036739
            ],
            [
              113.173862487,
              1.067555644
            ],
            [
              113.173477611,
              1.067363207
            ],
            [
              113.172804078,
              1.066785893
            ],
            [
              113.172515421,
              1.066304798
            ],
            [
              113.171841888,
              1.066016141
            ],
            [
              113.171553231,
              1.066016141
            ],
            [
              113.170879698,
              1.065535047
            ],
            [
              113.170783479,
              1.065150171
            ],
            [
              113.170494822,
              1.064669076
            ],
            [
              113.16982129,
              1.064380419
            ],
            [
              113.16881099,
              1.063851215
            ],
            [
              113.168907209,
              1.063370121
            ],
            [
              113.169388304,
              1.063081464
            ],
            [
              113.170061837,
              1.062407931
            ],
            [
              113.170061837,
              1.061926836
            ],
            [
              113.16977318,
              1.061349523
            ],
            [
              113.169388304,
              1.060868428
            ],
            [
              113.168041238,
              1.060194895
            ],
            [
              113.167367705,
              1.059713801
            ],
            [
              113.167175267,
              1.059040268
            ],
            [
              113.16702513,
              1.058589856
            ],
            [
              113.16688661,
              1.058174297
            ],
            [
              113.165828202,
              1.057693203
            ],
            [
              113.165347107,
              1.057500765
            ],
            [
              113.164866012,
              1.057885641
            ],
            [
              113.164192479,
              1.057885641
            ],
            [
              113.163711384,
              1.057212108
            ],
            [
              113.163326508,
              1.056923451
            ],
            [
              113.161787005,
              1.05701967
            ],
            [
              113.160921034,
              1.056731014
            ],
            [
              113.160632377,
              1.056249919
            ],
            [
              113.161113472,
              1.055576386
            ],
            [
              113.161498347,
              1.05519151
            ],
            [
              113.161979442,
              1.054710416
            ],
            [
              113.162185021,
              1.054299259
            ],
            [
              113.162364318,
              1.053940664
            ],
            [
              113.162720148,
              1.053406919
            ],
            [
              113.162749194,
              1.05336335
            ],
            [
              113.162652975,
              1.052689818
            ],
            [
              113.162556756,
              1.05153519
            ],
            [
              113.162749194,
              1.051150314
            ],
            [
              113.162749194,
              1.050380563
            ],
            [
              113.162364318,
              1.049995687
            ],
            [
              113.161787004,
              1.04970703
            ],
            [
              113.161498347,
              1.049322154
            ],
            [
              113.161498347,
              1.04884106
            ],
            [
              113.161883223,
              1.048456184
            ],
            [
              113.162364318,
              1.048167527
            ],
            [
              113.162845413,
              1.04787887
            ],
            [
              113.163422726,
              1.047397775
            ],
            [
              113.163422726,
              1.047109118
            ],
            [
              113.163403598,
              1.047070862
            ],
            [
              113.163134069,
              1.046531805
            ],
            [
              113.163134069,
              1.045858272
            ],
            [
              113.163326507,
              1.045473396
            ],
            [
              113.163711383,
              1.044992302
            ],
            [
              113.16400004,
              1.044414988
            ],
            [
              113.164096259,
              1.043933893
            ],
            [
              113.164096259,
              1.04326036
            ],
            [
              113.164288697,
              1.042586828
            ],
            [
              113.164288697,
              1.042440678
            ],
            [
              113.164288697,
              1.041913295
            ],
            [
              113.164113421,
              1.041757495
            ],
            [
              113.163422726,
              1.041143544
            ],
            [
              113.16303785,
              1.041047325
            ],
            [
              113.161883222,
              1.040662449
            ],
            [
              113.161594565,
              1.040277573
            ],
            [
              113.161209689,
              1.039892697
            ],
            [
              113.160728594,
              1.039700259
            ],
            [
              113.160343718,
              1.039315384
            ],
            [
              113.16015128,
              1.038641851
            ],
            [
              113.16015128,
              1.037968318
            ],
            [
              113.159670186,
              1.037583443
            ],
            [
              113.159477748,
              1.037006129
            ],
            [
              113.159525857,
              1.03599583
            ],
            [
              113.159910733,
              1.035514735
            ],
            [
              113.159910733,
              1.034841203
            ],
            [
              113.16019939,
              1.034263889
            ],
            [
              113.160488047,
              1.033686575
            ],
            [
              113.160103171,
              1.033109261
            ],
            [
              113.1592372,
              1.032916824
            ],
            [
              113.159140981,
              1.032531948
            ],
            [
              113.158948543,
              1.031569758
            ],
            [
              113.15827501,
              1.03051135
            ],
            [
              113.15827501,
              1.030030255
            ],
            [
              113.15827501,
              1.029645379
            ],
            [
              113.158464787,
              1.029313269
            ],
            [
              113.158659886,
              1.028971847
            ],
            [
              113.158756105,
              1.028394533
            ],
            [
              113.159237199,
              1.027624781
            ],
            [
              113.158948542,
              1.026662592
            ],
            [
              113.15914098,
              1.026085278
            ],
            [
              113.159525856,
              1.025700402
            ],
            [
              113.159734048,
              1.024953922
            ],
            [
              113.159336205,
              1.024688693
            ],
            [
              113.159159386,
              1.02420244
            ],
            [
              113.159247795,
              1.023539368
            ],
            [
              113.159718294,
              1.023391148
            ],
            [
              113.160295608,
              1.023391147
            ],
            [
              113.160969141,
              1.02319871
            ],
            [
              113.160969141,
              1.022525177
            ],
            [
              113.160488046,
              1.022332739
            ],
            [
              113.159814513,
              1.02223652
            ],
            [
              113.159333418,
              1.021755425
            ],
            [
              113.158852323,
              1.021466769
            ],
            [
              113.15817879,
              1.021466769
            ],
            [
              113.157793914,
              1.021081893
            ],
            [
              113.157409038,
              1.020119703
            ],
            [
              113.157409038,
              1.019253733
            ],
            [
              113.157601476,
              1.017810449
            ],
            [
              113.1572166,
              1.016848259
            ],
            [
              113.156543067,
              1.016270945
            ],
            [
              113.156158191,
              1.015982289
            ],
            [
              113.155869534,
              1.015982289
            ],
            [
              113.154907345,
              1.016078508
            ],
            [
              113.154233812,
              1.015982289
            ],
            [
              113.153945155,
              1.015693632
            ],
            [
              113.154330031,
              1.01492388
            ],
            [
              113.155003563,
              1.014154129
            ],
            [
              113.15537814,
              1.013886574
            ],
            [
              113.155677096,
              1.013673034
            ],
            [
              113.155869534,
              1.012999501
            ],
            [
              113.155580877,
              1.012518406
            ],
            [
              113.154714906,
              1.012518407
            ],
            [
              113.154137592,
              1.012614626
            ],
            [
              113.153752717,
              1.012518407
            ],
            [
              113.152982965,
              1.012037312
            ],
            [
              113.151732118,
              1.011941093
            ],
            [
              113.151154804,
              1.011652436
            ],
            [
              113.150288833,
              1.011171342
            ],
            [
              113.149037987,
              1.011171342
            ],
            [
              113.148268235,
              1.011171342
            ],
            [
              113.147883359,
              1.010882685
            ],
            [
              113.147594702,
              1.010594028
            ],
            [
              113.147498483,
              1.010112933
            ],
            [
              113.147690921,
              1.009824276
            ],
            [
              113.148556892,
              1.009824276
            ],
            [
              113.148845549,
              1.009246963
            ],
            [
              113.14882487,
              1.009190836
            ],
            [
              113.148508782,
              1.008332883
            ],
            [
              113.148123906,
              1.007755569
            ],
            [
              113.148123906,
              1.006889598
            ],
            [
              113.147835249,
              1.006023628
            ],
            [
              113.147931468,
              1.005542533
            ],
            [
              113.148027687,
              1.004869
            ],
            [
              113.147835249,
              1.004387906
            ],
            [
              113.147354154,
              1.003906811
            ],
            [
              113.146680621,
              1.003425716
            ],
            [
              113.146103307,
              1.002463527
            ],
            [
              113.145910869,
              1.001789994
            ],
            [
              113.146007088,
              1.001116462
            ],
            [
              113.146488183,
              1.000154272
            ],
            [
              113.14677684,
              0.999192083
            ],
            [
              113.146584402,
              0.998326112
            ],
            [
              113.146488183,
              0.99755636
            ],
            [
              113.146969278,
              0.996786609
            ],
            [
              113.146969278,
              0.996209295
            ],
            [
              113.14677684,
              0.995343324
            ],
            [
              113.146295745,
              0.994573573
            ],
            [
              113.14581465,
              0.99390004
            ],
            [
              113.14485246,
              0.993611384
            ],
            [
              113.144082708,
              0.993322727
            ],
            [
              113.143409175,
              0.992649194
            ],
            [
              113.143409175,
              0.99207188
            ],
            [
              113.143120518,
              0.991302129
            ],
            [
              113.142735642,
              0.991013472
            ],
            [
              113.142158328,
              0.990532377
            ],
            [
              113.141292357,
              0.990051283
            ],
            [
              113.14013773,
              0.989570188
            ],
            [
              113.139656635,
              0.988896655
            ],
            [
              113.139079321,
              0.988030685
            ],
            [
              113.138829202,
              0.987480423
            ],
            [
              113.138598226,
              0.986972276
            ],
            [
              113.138117131,
              0.986106306
            ],
            [
              113.137443598,
              0.985047898
            ],
            [
              113.137154941,
              0.983508394
            ],
            [
              113.137058722,
              0.982449986
            ],
            [
              113.137058722,
              0.981776453
            ],
            [
              113.136577627,
              0.981391577
            ],
            [
              113.136000313,
              0.981391577
            ],
            [
              113.135134342,
              0.981968891
            ],
            [
              113.134557029,
              0.981776453
            ],
            [
              113.133883496,
              0.981584016
            ],
            [
              113.133209963,
              0.981391578
            ],
            [
              113.132728868,
              0.981872672
            ],
            [
              113.132632649,
              0.982353767
            ],
            [
              113.132151554,
              0.982642424
            ],
            [
              113.13157424,
              0.982642424
            ],
            [
              113.130996926,
              0.982449986
            ],
            [
              113.130804489,
              0.982065111
            ],
            [
              113.130515832,
              0.981391578
            ],
            [
              113.130900707,
              0.98119914
            ],
            [
              113.13157424,
              0.981006702
            ],
            [
              113.132151554,
              0.980718045
            ],
            [
              113.132440211,
              0.979852075
            ],
            [
              113.132055335,
              0.97937098
            ],
            [
              113.131285583,
              0.979467199
            ],
            [
              113.130034737,
              0.979852075
            ],
            [
              113.12974608,
              0.980236951
            ],
            [
              113.128687671,
              0.980718045
            ],
            [
              113.127533043,
              0.98119914
            ],
            [
              113.12690762,
              0.980862374
            ],
            [
              113.126618963,
              0.980477498
            ],
            [
              113.126426525,
              0.979996403
            ],
            [
              113.125849211,
              0.979707747
            ],
            [
              113.12498324,
              0.979900185
            ],
            [
              113.124694583,
              0.980188841
            ],
            [
              113.124213489,
              0.980862374
            ],
            [
              113.124021051,
              0.981343469
            ],
            [
              113.123964854,
              0.981441813
            ],
            [
              113.123636175,
              0.982017002
            ],
            [
              113.122577766,
              0.982305659
            ],
            [
              113.121904233,
              0.982017002
            ],
            [
              113.121904233,
              0.981999563
            ],
            [
              113.121904233,
              0.981535907
            ],
            [
              113.122096671,
              0.980958593
            ],
            [
              113.122255733,
              0.980773021
            ],
            [
              113.122673985,
              0.980285061
            ],
            [
              113.122962642,
              0.979611528
            ],
            [
              113.122770204,
              0.978937995
            ],
            [
              113.122096671,
              0.978841776
            ],
            [
              113.121326919,
              0.977494711
            ],
            [
              113.120942043,
              0.976821178
            ],
            [
              113.120749605,
              0.976243865
            ],
            [
              113.12026851,
              0.975377894
            ],
            [
              113.120364729,
              0.974704362
            ],
            [
              113.120749605,
              0.974223267
            ],
            [
              113.121134481,
              0.973645953
            ],
            [
              113.122000452,
              0.973068639
            ],
            [
              113.122770203,
              0.97297242
            ],
            [
              113.123636174,
              0.972587544
            ],
            [
              113.124117269,
              0.971914012
            ],
            [
              113.124117269,
              0.970566946
            ],
            [
              113.123828612,
              0.969700976
            ],
            [
              113.122962641,
              0.969219881
            ],
            [
              113.12209667,
              0.968738787
            ],
            [
              113.121519356,
              0.967969035
            ],
            [
              113.121230699,
              0.967199283
            ],
            [
              113.121230699,
              0.966814408
            ],
            [
              113.121230699,
              0.965755999
            ],
            [
              113.121156206,
              0.965458029
            ],
            [
              113.120942042,
              0.964601372
            ],
            [
              113.121423137,
              0.963735401
            ],
            [
              113.12209667,
              0.963158087
            ],
            [
              113.122914531,
              0.963013759
            ],
            [
              113.123299407,
              0.962725102
            ],
            [
              113.123203188,
              0.961281818
            ],
            [
              113.122818312,
              0.959838534
            ],
            [
              113.122337217,
              0.959357439
            ],
            [
              113.121567465,
              0.959453658
            ],
            [
              113.120797713,
              0.959934753
            ],
            [
              113.120412838,
              0.960319628
            ],
            [
              113.120027962,
              0.960993161
            ],
            [
              113.119450648,
              0.961185599
            ],
            [
              113.118873334,
              0.960608285
            ],
            [
              113.118103582,
              0.960608286
            ],
            [
              113.117526268,
              0.960319629
            ],
            [
              113.11733383,
              0.959838534
            ],
            [
              113.116660297,
              0.959068782
            ],
            [
              113.115217013,
              0.957914155
            ],
            [
              113.115029369,
              0.956925462
            ],
            [
              113.115085955,
              0.956193436
            ],
            [
              113.115099784,
              0.955490142
            ],
            [
              113.115042442,
              0.954987832
            ],
            [
              113.11486,
              0.954737
            ],
            [
              113.114671778,
              0.955088531
            ],
            [
              113.114458169,
              0.955533598
            ],
            [
              113.114230189,
              0.955792089
            ],
            [
              113.113816783,
              0.955950226
            ],
            [
              113.113379438,
              0.955820924
            ],
            [
              113.112885171,
              0.955878641
            ],
            [
              113.112581196,
              0.956223296
            ],
            [
              113.112353443,
              0.956854959
            ],
            [
              113.112277807,
              0.957524803
            ],
            [
              113.111669763,
              0.958061017
            ],
            [
              113.111232766,
              0.95850144
            ],
            [
              113.111023966,
              0.959037408
            ],
            [
              113.110523,
              0.959097
            ],
            [
              113.109825975,
              0.958617136
            ],
            [
              113.109450232,
              0.958124562
            ],
            [
              113.109110481,
              0.958270855
            ],
            [
              113.108571135,
              0.958503092
            ],
            [
              113.107905668,
              0.958407819
            ],
            [
              113.107087827,
              0.957853349
            ],
            [
              113.106099079,
              0.957624316
            ],
            [
              113.105148506,
              0.957644041
            ],
            [
              113.10442598,
              0.957510528
            ],
            [
              113.103551826,
              0.958142594
            ],
            [
              113.102753637,
              0.958640653
            ],
            [
              113.101745956,
              0.95854559
            ],
            [
              113.100643088,
              0.958240077
            ],
            [
              113.099616523,
              0.958355534
            ],
            [
              113.098285838,
              0.958586001
            ],
            [
              113.097449331,
              0.958605655
            ],
            [
              113.096987613,
              0.959491364
            ],
            [
              113.096549939,
              0.959680555
            ],
            [
              113.090266799,
              0.95861232
            ],
            [
              113.085149439,
              0.956455862
            ],
            [
              113.079701304,
              0.953136719
            ],
            [
              113.074747777,
              0.948986623
            ],
            [
              113.071114834,
              0.945334076
            ],
            [
              113.06781295,
              0.943342559
            ],
            [
              113.063684617,
              0.939191894
            ],
            [
              113.059720847,
              0.934210476
            ],
            [
              113.054601552,
              0.928731327
            ],
            [
              113.050306696,
              0.921922642
            ],
            [
              113.047993252,
              0.916774047
            ],
            [
              113.045350318,
              0.912622387
            ],
            [
              113.041881562,
              0.907308287
            ],
            [
              113.039238563,
              0.902990463
            ],
            [
              113.037910592,
              0.898033645
            ],
            [
              113.03539,
              0.890477
            ],
            [
              113.027075,
              0.889039
            ],
            [
              113.027227744,
              0.884030526
            ],
            [
              113.028251,
              0.883741
            ],
            [
              113.0293083,
              0.8834277
            ],
            [
              113.030372,
              0.88209
            ],
            [
              113.070378,
              0.861629
            ],
            [
              113.076181339,
              0.860514706
            ],
            [
              113.080152637,
              0.860312915
            ],
            [
              113.083170613,
              0.859309197
            ],
            [
              113.087238735,
              0.858619573
            ],
            [
              113.092356813,
              0.858181955
            ],
            [
              113.096691799,
              0.858925918
            ],
            [
              113.100627131,
              0.858923741
            ],
            [
              113.103878049,
              0.858921941
            ],
            [
              113.106102264,
              0.858748473
            ],
            [
              113.107056,
              0.858516
            ],
            [
              113.10775,
              0.858545
            ],
            [
              113.107986,
              0.858481
            ],
            [
              113.108482,
              0.858245
            ],
            [
              113.108925,
              0.858088
            ],
            [
              113.109222,
              0.858153
            ],
            [
              113.109726,
              0.858139
            ],
            [
              113.11013,
              0.858033
            ],
            [
              113.110847,
              0.857722
            ],
            [
              113.111353,
              0.857375
            ],
            [
              113.110051322,
              0.860879115
            ],
            [
              113.110167224,
              0.863300921
            ],
            [
              113.110291732,
              0.865902462
            ],
            [
              113.108535346,
              0.869778708
            ],
            [
              113.10810983,
              0.873797738
            ],
            [
              113.105497172,
              0.876287041
            ],
            [
              113.10678212,
              0.879300409
            ],
            [
              113.108066832,
              0.881883187
            ],
            [
              113.110966074,
              0.881929375
            ],
            [
              113.115101443,
              0.882692491
            ],
            [
              113.117859906,
              0.885944196
            ],
            [
              113.120855196,
              0.88776048
            ],
            [
              113.124799947,
              0.887662515
            ],
            [
              113.127510011,
              0.889383263
            ],
            [
              113.128652542,
              0.892635863
            ],
            [
              113.13107783,
              0.89502655
            ],
            [
              113.133740704,
              0.897321404
            ],
            [
              113.137638626,
              0.898467317
            ],
            [
              113.140870712,
              0.898848145
            ],
            [
              113.142960995,
              0.897268136
            ],
            [
              113.143196963,
              0.894397497
            ],
            [
              113.141151629,
              0.891528197
            ],
            [
              113.140389096,
              0.887892671
            ],
            [
              113.141194998,
              0.884304073
            ],
            [
              113.142333596,
              0.880715286
            ],
            [
              113.143329754,
              0.877365794
            ],
            [
              113.143441764,
              0.876573293
            ],
            [
              113.143850458,
              0.873681687
            ],
            [
              113.147224297,
              0.872675075
            ],
            [
              113.147620553,
              0.872674848
            ],
            [
              113.14998085,
              0.87267349
            ],
            [
              113.152167405,
              0.873246327
            ],
            [
              113.153735622,
              0.872958375
            ],
            [
              113.154494986,
              0.871092126
            ],
            [
              113.155567772,
              0.868775991
            ],
            [
              113.157201989,
              0.867550317
            ],
            [
              113.159586938,
              0.865416188
            ],
            [
              113.1605111,
              0.864962899
            ],
            [
              113.16077173,
              0.863611239
            ],
            [
              113.161840277,
              0.862204099
            ],
            [
              113.163379811,
              0.861643479
            ],
            [
              113.164577502,
              0.861700203
            ],
            [
              113.165318221,
              0.860479835
            ],
            [
              113.166159304,
              0.860249717
            ],
            [
              113.167299403,
              0.859316168
            ],
            [
              113.169195633,
              0.859214618
            ],
            [
              113.169523223,
              0.858611637
            ],
            [
              113.170820308,
              0.857950693
            ],
            [
              113.171190614,
              0.857247222
            ],
            [
              113.172614362,
              0.857021557
            ],
            [
              113.175511865,
              0.854235576
            ],
            [
              113.177354107,
              0.853408924
            ],
            [
              113.181663077,
              0.854288097
            ],
            [
              113.185671342,
              0.857586785
            ],
            [
              113.188493338,
              0.857950007
            ],
            [
              113.19140231,
              0.856550138
            ],
            [
              113.190773877,
              0.854612974
            ],
            [
              113.187963949,
              0.852519185
            ],
            [
              113.187521478,
              0.851658314
            ],
            [
              113.187618242,
              0.851016326
            ],
            [
              113.187634754,
              0.850266098
            ],
            [
              113.188147784,
              0.849835243
            ],
            [
              113.191710131,
              0.846202144
            ],
            [
              113.192193856,
              0.844364809
            ],
            [
              113.193832537,
              0.842699045
            ],
            [
              113.194160033,
              0.841938202
            ],
            [
              113.195399728,
              0.840674523
            ],
            [
              113.196540149,
              0.840358134
            ],
            [
              113.197445947,
              0.839257922
            ],
            [
              113.197948008,
              0.837246675
            ],
            [
              113.197777811,
              0.835449057
            ],
            [
              113.197677013,
              0.833655116
            ],
            [
              113.198745611,
              0.83237719
            ],
            [
              113.198729497,
              0.829018839
            ],
            [
              113.199370319,
              0.827640692
            ],
            [
              113.200695513,
              0.826290869
            ],
            [
              113.202206817,
              0.826333081
            ],
            [
              113.203913769,
              0.825050598
            ],
            [
              113.204953618,
              0.824063665
            ],
            [
              113.205969164,
              0.823446248
            ],
            [
              113.206920513,
              0.822328656
            ],
            [
              113.208562911,
              0.821478595
            ],
            [
              113.209161417,
              0.820932891
            ],
            [
              113.2102591,
              0.82070265
            ],
            [
              113.210785886,
              0.819367635
            ],
            [
              113.210699069,
              0.817042683
            ],
            [
              113.210841226,
              0.816281956
            ],
            [
              113.21147898,
              0.815301636
            ],
            [
              113.21269414,
              0.815319357
            ],
            [
              113.214044868,
              0.815869122
            ],
            [
              113.215674744,
              0.816867701
            ],
            [
              113.21700141,
              0.818230384
            ],
            [
              113.21859939,
              0.820367909
            ],
            [
              113.22033901,
              0.820811842
            ],
            [
              113.223732631,
              0.821570584
            ],
            [
              113.225416276,
              0.823923321
            ],
            [
              113.228439517,
              0.825241973
            ],
            [
              113.231247324,
              0.823733465
            ],
            [
              113.232527744,
              0.825973528
            ],
            [
              113.233487523,
              0.827033076
            ],
            [
              113.234072829,
              0.827936559
            ],
            [
              113.235241823,
              0.828251968
            ],
            [
              113.236482193,
              0.828265615
            ],
            [
              113.238706022,
              0.827790749
            ],
            [
              113.239988516,
              0.826656246
            ],
            [
              113.242326105,
              0.825664661
            ],
            [
              113.243537038,
              0.82404225
            ],
            [
              113.245224219,
              0.823075571
            ],
            [
              113.247426687,
              0.824585183
            ],
            [
              113.249625516,
              0.826168574
            ],
            [
              113.253711866,
              0.824652794
            ],
            [
              113.254829407,
              0.83371985
            ],
            [
              113.256591551,
              0.837057312
            ],
            [
              113.256767273,
              0.837390125
            ],
            [
              113.257797241,
              0.841519833
            ],
            [
              113.259170532,
              0.847140849
            ],
            [
              113.261222839,
              0.850581586
            ],
            [
              113.262817383,
              0.853907824
            ],
            [
              113.264816284,
              0.856832266
            ],
            [
              113.268463135,
              0.860386729
            ],
            [
              113.271316528,
              0.861876547
            ],
            [
              113.275985718,
              0.862447381
            ],
            [
              113.278953552,
              0.864510715
            ],
            [
              113.283287048,
              0.866687953
            ],
            [
              113.28818512,
              0.87047106
            ],
            [
              113.292633057,
              0.874713242
            ],
            [
              113.295715332,
              0.879759431
            ],
            [
              113.298339844,
              0.884117425
            ],
            [
              113.2996521,
              0.888992548
            ],
            [
              113.301139832,
              0.894728005
            ],
            [
              113.302513123,
              0.900348783
            ],
            [
              113.303764343,
              0.906084359
            ],
            [
              113.303771973,
              0.912623823
            ],
            [
              113.303833008,
              0.918876469
            ],
            [
              113.303955078,
              0.925989509
            ],
            [
              113.304641724,
              0.934593618
            ],
            [
              113.304756165,
              0.940329909
            ],
            [
              113.304878235,
              0.945263088
            ],
            [
              113.304824829,
              0.95312196
            ],
            [
              113.304374695,
              0.960120618
            ],
            [
              113.305290222,
              0.966888905
            ],
            [
              113.306549072,
              0.971132994
            ],
            [
              113.310081482,
              0.975260735
            ],
            [
              113.313392639,
              0.978700221
            ],
            [
              113.319831848,
              0.982768536
            ],
            [
              113.326782227,
              0.985402346
            ],
            [
              113.332145691,
              0.987578332
            ],
            [
              113.338531494,
              0.989753604
            ],
            [
              113.34274292,
              0.990897834
            ],
            [
              113.349128723,
              0.992384732
            ],
            [
              113.354827881,
              0.99341315
            ],
            [
              113.358879089,
              0.99461484
            ],
            [
              113.359632082,
              0.994636919
            ],
            [
              113.366516113,
              0.994838774
            ],
            [
              113.370391846,
              0.996327341
            ],
            [
              113.373608281,
              0.997912748
            ],
            [
              113.376434326,
              0.999305725
            ],
            [
              113.382476807,
              1.003775477
            ],
            [
              113.388977051,
              1.008359432
            ],
            [
              113.394760132,
              1.013318062
            ],
            [
              113.394882202,
              1.01343244
            ],
            [
              113.399132327,
              1.017414744
            ],
            [
              113.402374268,
              1.02045238
            ],
            [
              113.406936646,
              1.02446413
            ],
            [
              113.41469574,
              1.032603264
            ],
            [
              113.419143677,
              1.038794637
            ],
            [
              113.421768188,
              1.04384017
            ],
            [
              113.423362732,
              1.048312902
            ],
            [
              113.423484802,
              1.053475142
            ],
            [
              113.423202515,
              1.0584656
            ],
            [
              113.422523499,
              1.064201951
            ],
            [
              113.422073364,
              1.070511818
            ],
            [
              113.421615601,
              1.072577119
            ],
            [
              113.420249939,
              1.07533145
            ],
            [
              113.419914246,
              1.079117298
            ],
            [
              113.419807434,
              1.083706141
            ],
            [
              113.420204163,
              1.088351846
            ],
            [
              113.421005249,
              1.092022181
            ],
            [
              113.424087524,
              1.095920086
            ],
            [
              113.425364796,
              1.097012407
            ],
            [
              113.4271698,
              1.098556042
            ],
            [
              113.431617737,
              1.101649761
            ],
            [
              113.436401367,
              1.104054928
            ],
            [
              113.439352196,
              1.104840444
            ],
            [
              113.441986084,
              1.105541587
            ],
            [
              113.448143005,
              1.106683612
            ],
            [
              113.45349884,
              1.107252717
            ],
            [
              113.457832336,
              1.110002279
            ],
            [
              113.460342407,
              1.112753391
            ],
            [
              113.463653564,
              1.115044832
            ],
            [
              113.464765316,
              1.116511505
            ],
            [
              113.466217041,
              1.118426681
            ],
            [
              113.469749451,
              1.120488524
            ],
            [
              113.473625183,
              1.122091293
            ],
            [
              113.478874207,
              1.123922229
            ],
            [
              113.480802185,
              1.123991175
            ],
            [
              113.485137939,
              1.124146223
            ],
            [
              113.491638184,
              1.124714255
            ],
            [
              113.499389648,
              1.1245929
            ],
            [
              113.507591248,
              1.124471068
            ],
            [
              113.510576066,
              1.124533796
            ],
            [
              113.512832642,
              1.124581218
            ],
            [
              113.521324158,
              1.123828292
            ],
            [
              113.528846741,
              1.123248219
            ],
            [
              113.533180237,
              1.124391437
            ],
            [
              113.538078308,
              1.127599001
            ],
            [
              113.54196167,
              1.131610274
            ],
            [
              113.546516418,
              1.134703398
            ],
            [
              113.549880981,
              1.136593103
            ],
            [
              113.555015564,
              1.137506127
            ],
            [
              113.558883667,
              1.137043834
            ],
            [
              113.56287384,
              1.137040257
            ],
            [
              113.566520691,
              1.138872266
            ],
            [
              113.569038391,
              1.143802404
            ],
            [
              113.571548462,
              1.149994135
            ],
            [
              113.571993757,
              1.156242185
            ],
            [
              113.572006226,
              1.156417131
            ],
            [
              113.57236599,
              1.157829154
            ],
            [
              113.573379517,
              1.16180706
            ],
            [
              113.574584961,
              1.16576314
            ],
            [
              113.576751709,
              1.172758102
            ],
            [
              113.578125,
              1.178721428
            ],
            [
              113.57975769,
              1.182995439
            ],
            [
              113.581294349,
              1.185627515
            ],
            [
              113.583152771,
              1.188810706
            ],
            [
              113.58731842,
              1.195975661
            ],
            [
              113.59689344,
              1.199205059
            ],
            [
              113.598741034,
              1.20192442
            ],
            [
              113.600111727,
              1.204276129
            ],
            [
              113.599087829,
              1.206859701
            ],
            [
              113.598179394,
              1.210935329
            ],
            [
              113.599209526,
              1.214894303
            ],
            [
              113.602063253,
              1.217761072
            ],
            [
              113.603719797,
              1.220858556
            ],
            [
              113.604407518,
              1.224473494
            ],
            [
              113.608058152,
              1.22590468
            ],
            [
              113.61148115,
              1.2277952
            ],
            [
              113.615416816,
              1.229168688
            ],
            [
              113.618838803,
              1.229951877
            ]
          ]
        ]
      }
    }
  ]
}